brand,name,price,price_per_unit_raw,quantity_raw,url,product_id,supermarket,searched_item,scraped_at,price_per_unit,unit
MILSANI®,Leche entera sin lactosa,1.03,,1 l unidad,https://www.aldi.es/producto/leche-entera-sin-lactosa-872200.html,872200,ALDI,leche,2026-09-23T12:58:26,1.03,LITRO
MILSANI®,Leche evaporada,0.92,kg = 2.71,340 g unidad,https://www.aldi.es/producto/leche-evaporada-828100.html,828100,ALDI,leche,2026-09-23T12:58:26,2.71,KILO
MILSANI®,Leche con calcio semidesnatada,1.05,,1 l unidad,https://www.aldi.es/producto/leche-con-calcio-semidesnatada-82000.html,82000,ALDI,leche,2026-09-23T12:58:26,1.05,LITRO
MILSANI®,Leche semidesnatada sin lactosa,0.94,,1 l unidad,https://www.aldi.es/producto/leche-semidesnatada-sin-lactosa-81900.html,81900,ALDI,leche,2026-09-23T12:58:26,0.94,LITRO
MILSANI®,Leche desnatada,0.82,,1 l unidad,https://www.aldi.es/producto/leche-desnatada-81000.html,81000,ALDI,leche,2026-09-23T12:58:26,0.82,LITRO
MILSANI®,Leche semidesnatada,0.84,l = 0.84,1 l unidad,https://www.aldi.es/producto/leche-semidesnatada-80500.html,80500,ALDI,leche,2026-09-23T12:58:26,0.84,LITRO
MILSANI®,Leche entera,0.96,,1 l unidad,https://www.aldi.es/producto/leche-entera-80000.html,80000,ALDI,leche,2026-09-23T12:58:26,0.96,LITRO
ASIA GREEN GARDEN®,Leche de coco,1.39,l = 3.48,400 ml unidad,https://www.aldi.es/producto/leche-de-coco-634603.html,634603,ALDI,leche,2026-09-23T12:58:26,3.48,LITRO
ASIA GREEN GARDEN®,Leche de coco light,1.39,l = 3.48,400 ml unidad,https://www.aldi.es/producto/leche-de-coco-light-634602.html,634602,ALDI,leche,2026-09-23T12:58:26,3.48,LITRO
LACURA NATURE®,Leche corporal con aroma a vainilla y coco,4.05,100-ml = 1.16,350 ml unidad,https://www.aldi.es/producto/leche-corporal-con-aroma-a-vainilla-y-coco-60304.html,60304,ALDI,leche,2026-09-23T12:58:26,11.6,LITRO
CHOCEUR®,Cacahuetes con chocolate con leche,1.95,kg = 7.80,250 g unidad,https://www.aldi.es/producto/cacahuetes-con-chocolate-con-leche-601901700.html,601901700,ALDI,leche,2026-09-23T12:58:26,7.8,KILO
MILSANI®,Arroz con leche proteico sabor canela,0.99,kg = 4.95,200 g unidad,https://www.aldi.es/producto/arroz-con-leche-proteico-sabor-canela-601851504.html,601851504,ALDI,leche,2026-09-23T12:58:26,4.95,KILO
MILSANI®,Arroz con leche proteico sabor vainilla,0.99,kg = 4.95,200 g unidad,https://www.aldi.es/producto/arroz-con-leche-proteico-sabor-vainilla-601851503.html,601851503,ALDI,leche,2026-09-23T12:58:26,4.95,KILO
MILSANI®,Arroz con leche proteico sabor chocolate,0.99,kg = 4.95,200 g unidad,https://www.aldi.es/producto/arroz-con-leche-proteico-sabor-chocolate-601851502.html,601851502,ALDI,leche,2026-09-23T12:58:26,4.95,KILO
MILSANI®,Arroz con leche proteico,0.99,kg = 4.95,200 g unidad,https://www.aldi.es/producto/arroz-con-leche-proteico-601851501.html,601851501,ALDI,leche,2026-09-23T12:58:26,4.95,KILO
CHOCEUR®,Barritas de chocolate con leche y cereales,2.79,kg = 13.19,211.5 g unidad,https://www.aldi.es/producto/barritas-de-chocolate-con-leche-y-cereales-601789700.html,601789700,ALDI,leche,2026-09-23T12:58:26,13.19,KILO
BISCOTTO®,Tortita de arroz recubierta con chocolate con leche,2.18,kg = 14.53,150 g unidad,https://www.aldi.es/producto/tortita-de-arroz-recubierta-con-chocolate-con-leche-601786101.html,601786101,ALDI,leche,2026-09-23T12:58:26,14.53,KILO
ALDI SPORTS®,Proteína de suero de leche sabor avellana y turrón,13.29,kg = 31.64,420 g unidad,https://www.aldi.es/producto/proteina-de-suero-de-leche-sabor-avellana-y-turron-601667203.html,601667203,ALDI,leche,2026-09-23T12:58:26,31.64,KILO
ALDI SPORTS®,Proteína de suero de leche sabor vainilla,13.29,kg = 31.64,420 g unidad,https://www.aldi.es/producto/proteina-de-suero-de-leche-sabor-vainilla-601667202.html,601667202,ALDI,leche,2026-09-23T12:58:26,31.64,KILO
ALDI SPORTS®,Proteina de suero de leche sabor galleta y crema,13.29,kg = 31.64,420 g unidad,https://www.aldi.es/producto/proteina-de-suero-de-leche-sabor-galleta-y-crema-601667201.html,601667201,ALDI,leche,2026-09-23T12:58:26,31.64,KILO
LACURA SUN®,Leche solar infantil,5.99,100-ml = 3.00,200 ml unidad,https://www.aldi.es/producto/leche-solar-infantil-601650401.html,601650401,ALDI,leche,2026-09-23T12:58:26,30.0,LITRO
LACURA SUN®,Leche solar en spray,5.99,100-ml = 3.00,200 ml unidad,https://www.aldi.es/producto/leche-solar-en-spray-601650300.html,601650300,ALDI,leche,2026-09-23T12:58:26,30.0,LITRO
LACURA SUN®,Leche solar,5.99,100-ml = 2.40,250 ml unidad,https://www.aldi.es/producto/leche-solar-601650202.html,601650202,ALDI,leche,2026-09-23T12:58:26,24.0,LITRO
EL HORNO®,Pan de leche,1.45,kg = 3.63,400 g unidad,https://www.aldi.es/producto/pan-de-leche-601649400.html,601649400,ALDI,leche,2026-09-23T12:58:26,3.63,KILO
NIVEA®,Leche corporal Q10 reafirmante,3.89,100-ml = 1.56,250 ml unidad,https://www.aldi.es/producto/leche-corporal-q10-reafirmante-601646702.html,601646702,ALDI,leche,2026-09-23T12:58:26,15.6,LITRO
BIO®,Chocolate con leche orgánico,2.99,kg = 29.90,100 g unidad,https://www.aldi.es/producto/chocolate-con-leche-organico-601558302.html,601558302,ALDI,leche,2026-09-23T12:58:26,29.9,KILO
CHOCEUR®,Tableta de chocolate con leche y avellana picada,0.99,kg = 9.90,100 g unidad,https://www.aldi.es/producto/tableta-de-chocolate-con-leche-y-avellana-picada-601544000.html,601544000,ALDI,leche,2026-09-23T12:58:26,9.9,KILO
LACURA®,Jabón de manos doypack leche y miel,1.85,100-ml = 0.19,1 l unidad,https://www.aldi.es/producto/jabon-de-manos-doypack-leche-y-miel-601475302.html,601475302,ALDI,leche,2026-09-23T12:58:26,1.9,LITRO
LACURA®,Jabón de manos Leche y miel,1.25,100-ml = 0.25,500 ml unidad,https://www.aldi.es/producto/jabon-de-manos-leche-y-miel-601475201.html,601475201,ALDI,leche,2026-09-23T12:58:26,2.5,LITRO
CHOCEUR®,Huevos de chocolate rellenos de crema de leche con avellana,2.99,kg = 14.95,200 g unidad,https://www.aldi.es/producto/huevos-de-chocolate-rellenos-de-crema-de-leche-con-avellana-601363000.html,601363000,ALDI,leche,2026-09-23T12:58:26,14.95,KILO
BISCOTTO®,Galletas con chocolate con leche y coco,1.75,kg = 5.83,300 g unidad,https://www.aldi.es/producto/galletas-con-chocolate-con-leche-y-coco-601050303.html,601050303,ALDI,leche,2026-09-23T12:58:26,5.83,KILO
BISCOTTO®,Galletas sabor vainilla decoradas con chocolate con leche,1.75,kg = 5.83,300 g unidad,https://www.aldi.es/producto/galletas-sabor-vainilla-decoradas-con-chocolate-con-leche-601050302.html,601050302,ALDI,leche,2026-09-23T12:58:26,5.83,KILO
BISCOTTO®,Galletas con chocolate con leche y crocante de almendra,1.75,kg = 5.83,300 g unidad,https://www.aldi.es/producto/galletas-con-chocolate-con-leche-y-crocante-de-almendra-601050301.html,601050301,ALDI,leche,2026-09-23T12:58:26,5.83,KILO
MILSANI®,Leche fermentada sabor fresa,1.95,kg = 1.63,pack de 12x100 g,https://www.aldi.es/producto/leche-fermentada-sabor-fresa-600908602.html,600908602,ALDI,leche,2026-09-23T12:58:26,1.63,KILO
PULEVA®,Leche omega 3,1.69,,1 l unidad,https://www.aldi.es/producto/leche-omega-3-600718000.html,600718000,ALDI,leche,2026-09-23T12:58:26,1.69,LITRO
MILSANI®,Arroz con leche,1.19,kg = 2.38,pack de 4x125 g,https://www.aldi.es/producto/arroz-con-leche-600676600.html,600676600,ALDI,leche,2026-09-23T12:58:26,2.38,KILO
KINDER®,Huevos de chocolate rellenos de crema de leche con avellana,4.49,kg = 22.45,200 g unidad,https://www.aldi.es/producto/huevos-de-chocolate-rellenos-de-crema-de-leche-con-avellana-600617900.html,600617900,ALDI,leche,2026-09-23T12:58:26,22.45,KILO
BISCOTTO®,Tortitas de maíz recubiertas con chocolate con leche,1.79,kg = 13.16,136 g unidad,https://www.aldi.es/producto/tortitas-de-maiz-recubiertas-con-chocolate-con-leche-600464202.html,600464202,ALDI,leche,2026-09-23T12:58:26,13.16,KILO
CHOCEUR®,Barritas de chocolate y leche,2.49,kg = 12.45,200 g unidad,https://www.aldi.es/producto/barritas-de-chocolate-y-leche-600353201.html,600353201,ALDI,leche,2026-09-23T12:58:26,12.45,KILO
MILSANI®,Leche fresca entera,1.15,,1 l unidad,https://www.aldi.es/producto/leche-fresca-entera-600260100.html,600260100,ALDI,leche,2026-09-23T12:58:26,1.15,LITRO
MILSANI®,Leche fresca semidesnatada,1.09,,1 l unidad,https://www.aldi.es/producto/leche-fresca-semidesnatada-600260000.html,600260000,ALDI,leche,2026-09-23T12:58:26,1.09,LITRO
EL HORNO®,Bollito con pepitas de chocolate con leche,1.3,kg = 5.42,240 g unidad,https://www.aldi.es/producto/bollito-con-pepitas-de-chocolate-con-leche-600138200.html,600138200,ALDI,leche,2026-09-23T12:58:26,5.42,KILO
PULEVA®,Leche de crecimiento Peques 3,1.89,l = 1.89,1 l unidad,https://www.aldi.es/producto/leche-de-crecimiento-peques-3-507800.html,507800,ALDI,leche,2026-09-23T12:58:26,1.89,LITRO
MOSER ROTH®,Chocolate con leche y caramelo,2.99,kg = 23.92,125 g unidad,https://www.aldi.es/producto/chocolate-con-leche-y-caramelo-479802.html,479802,ALDI,leche,2026-09-23T12:58:26,23.92,KILO
MOSER ROTH®,Chocolate extrafino con leche,2.99,kg = 23.92,125 g unidad,https://www.aldi.es/producto/chocolate-extrafino-con-leche-479801.html,479801,ALDI,leche,2026-09-23T12:58:26,23.92,KILO
CHOCEUR®,Galletas con crema de leche y chocolate,3.69,kg = 12.30,300 g unidad,https://www.aldi.es/producto/galletas-con-crema-de-leche-y-chocolate-479001.html,479001,ALDI,leche,2026-09-23T12:58:26,12.3,KILO
CHOCEUR®,Barritas de chocolate con leche y caramelo,2.39,kg = 7.97,300 g unidad,https://www.aldi.es/producto/barritas-de-chocolate-con-leche-y-caramelo-474703.html,474703,ALDI,leche,2026-09-23T12:58:26,7.97,KILO
CHOCEUR®,Tableta de chocolate con leche sin azucares añadidos,1.29,kg = 12.90,100 g unidad,https://www.aldi.es/producto/tableta-de-chocolate-con-leche-sin-azucares-anadidos-474503.html,474503,ALDI,leche,2026-09-23T12:58:26,12.9,KILO
CHOCEUR®,Tableta de chocolate con leche con avellanas troceadas sin azucares añadidos,1.29,kg = 12.90,100 g unidad,https://www.aldi.es/producto/tableta-de-chocolate-con-leche-con-avellanas-troceadas-sin-azucares-anadidos-474502.html,474502,ALDI,leche,2026-09-23T12:58:26,12.9,KILO
CHOCEUR®,Chocolate con leche con pretzels salados,2.99,kg = 14.95,200 g unidad,https://www.aldi.es/producto/chocolate-con-leche-con-pretzels-salados-473012.html,473012,ALDI,leche,2026-09-23T12:58:26,14.95,KILO
CHOCEUR®,Chocolate con leche con avellanas,0.95,kg = 9.50,100 g unidad,https://www.aldi.es/producto/chocolate-con-leche-con-avellanas-471000.html,471000,ALDI,leche,2026-09-23T12:58:26,9.5,KILO
CHOCEUR®,Tableta de chocolate con leche,0.85,kg = 8.50,100 g unidad,https://www.aldi.es/producto/tableta-de-chocolate-con-leche-470000.html,470000,ALDI,leche,2026-09-23T12:58:26,8.5,KILO
MILSANI®,Leche desnatada sin lactosa,0.91,,1 l unidad,https://www.aldi.es/producto/leche-desnatada-sin-lactosa-45700.html,45700,ALDI,leche,2026-09-23T12:58:26,0.91,LITRO
BISCOTTO®,Galletas digestive con chocolate con leche,1.29,kg = 4.30,300 g unidad,https://www.aldi.es/producto/galletas-digestive-con-chocolate-con-leche-442100.html,442100,ALDI,leche,2026-09-23T12:58:26,4.3,KILO
BISCOTTO®,Galletas de mantequilla con chocolate con leche,1.69,kg = 13.52,125 g unidad,https://www.aldi.es/producto/galletas-de-mantequilla-con-chocolate-con-leche-441805.html,441805,ALDI,leche,2026-09-23T12:58:26,13.52,KILO
BISCOTTO®,Barquillos de chocolate con leche,2.79,kg = 15.94,175 g unidad,https://www.aldi.es/producto/barquillos-de-chocolate-con-leche-441601.html,441601,ALDI,leche,2026-09-23T12:58:26,15.94,KILO
BIO®,Galletas ecológicas de avena con chocolate con leche,2.99,kg = 14.95,200 g unidad,https://www.aldi.es/producto/galletas-ecologicas-de-avena-con-chocolate-con-leche-415101.html,415101,ALDI,leche,2026-09-23T12:58:26,14.95,KILO
BARISSIMO®,Cápsulas de café con leche,3.17,capsula = 0.20,pack de 16 cápsulas,https://www.aldi.es/producto/capsulas-de-cafe-con-leche-28501.html,28501,ALDI,leche,2026-09-23T12:58:26,0.2,CAPSULA
GOLDEN BRIDGE®,Cereales rellenos de leche,2.26,kg = 4.52,500 g unidad,https://www.aldi.es/producto/cereales-rellenos-de-leche-260200.html,260200,ALDI,leche,2026-09-23T12:58:26,4.52,KILO
BARISSIMO®,Cápsulas de café con leche descafeinado,3.17,capsula = 0.20,pack de 16 cápsulas,https://www.aldi.es/producto/capsulas-de-cafe-con-leche-descafeinado-20501.html,20501,ALDI,leche,2026-09-23T12:58:26,0.2,CAPSULA
MYVAY®,Bebida de almendras,1.05,,1 l unidad,https://www.aldi.es/producto/bebida-de-almendras-970000.html,970000,ALDI,leche,2026-09-23T12:58:26,1.05,LITRO
BARISSIMO®,Bebida de café espresso,0.72,l = 2.88,250 ml unidad,https://www.aldi.es/producto/bebida-de-cafe-espresso-816800.html,816800,ALDI,leche,2026-09-23T12:58:26,2.88,LITRO
BIO®,Bebida de almendra ecológica,1.69,,1 l unidad,https://www.aldi.es/producto/bebida-de-almendra-ecologica-671000.html,671000,ALDI,leche,2026-09-23T12:58:26,1.69,LITRO
ALPRO®,Barista cinnamon roll,1.99,l = 2.65,0.75 l unidad,https://www.aldi.es/producto/barista-cinnamon-roll-601992300.html,601992300,ALDI,leche,2026-09-23T12:58:26,2.65,LITRO
BARISSIMO®,Bebida de café latte caramelo proteica,0.89,l = 3.56,250 ml unidad,https://www.aldi.es/producto/bebida-de-cafe-latte-caramelo-proteica-601659902.html,601659902,ALDI,leche,2026-09-23T12:58:26,3.56,LITRO
BARISSIMO®,Bebida de café latte proteica,0.89,l = 3.56,250 ml unidad,https://www.aldi.es/producto/bebida-de-cafe-latte-proteica-601659901.html,601659901,ALDI,leche,2026-09-23T12:58:26,3.56,LITRO
MILSANI®,Batido de chocolate,1.55,l = 1.29,pack de 6 x 200 ml,https://www.aldi.es/producto/batido-de-chocolate-601202000.html,601202000,ALDI,leche,2026-09-23T12:58:26,1.29,LITRO
BARISSIMO®,Bebida de café latte macchiato light,0.72,l = 2.88,250 ml unidad,https://www.aldi.es/producto/bebida-de-cafe-latte-macchiato-light-601141302.html,601141302,ALDI,leche,2026-09-23T12:58:26,2.88,LITRO
BARISSIMO®,Bebida de café latte macchiato,0.72,l = 2.88,250 ml unidad,https://www.aldi.es/producto/bebida-de-cafe-latte-macchiato-601141301.html,601141301,ALDI,leche,2026-09-23T12:58:26,2.88,LITRO
BARISSIMO®,Bebida de café con coco,0.72,l = 2.88,250 ml unidad,https://www.aldi.es/producto/bebida-de-cafe-con-coco-601080202.html,601080202,ALDI,leche,2026-09-23T12:58:26,2.88,LITRO
GUTBIO®,Bebida de avena ecológica,1.69,,1 l unidad,https://www.aldi.es/producto/bebida-de-avena-ecologica-381300.html,381300,ALDI,leche,2026-09-23T12:58:26,1.69,LITRO
MYVAY®,Bebida de soja,0.62,,1 l unidad,https://www.aldi.es/producto/bebida-de-soja-380700.html,380700,ALDI,leche,2026-09-23T12:58:26,0.62,LITRO
DAYLICIOUS®,Ensalada al estilo Roma,2.89,kg = 9.63,300 g unidad,https://www.aldi.es/producto/ensalada-al-estilo-roma-995400.html,995400,ALDI,leche,2026-09-23T12:58:26,9.63,KILO
,Brotes tiernos,1.69,kg = 9.66,175 g unidad,https://www.aldi.es/producto/brotes-tiernos-98700.html,98700,ALDI,leche,2026-09-23T12:58:26,9.66,KILO
DAYLICIOUS®,Ensalada al estilo Nueva York,2.59,kg = 11.02,235 g unidad,https://www.aldi.es/producto/ensalada-al-estilo-nueva-york-775300.html,775300,ALDI,leche,2026-09-23T12:58:26,11.02,KILO
DAYLICIOUS®,Ensalada al estilo Casablanca,2.99,kg = 11.96,250 g unidad,https://www.aldi.es/producto/ensalada-al-estilo-casablanca-601441800.html,601441800,ALDI,leche,2026-09-23T12:58:26,11.96,KILO
DAYLICIOUS®,Ensalada wrap al estilo Estambul,2.99,kg = 9.97,300 g unidad,https://www.aldi.es/producto/ensalada-wrap-al-estilo-estambul-601441700.html,601441700,ALDI,leche,2026-09-23T12:58:26,9.97,KILO
DAYLICIOUS®,Ensalada al estilo isla de Capri,2.89,kg = 10.14,285 g unidad,https://www.aldi.es/producto/ensalada-al-estilo-isla-de-capri-601441600.html,601441600,ALDI,leche,2026-09-23T12:58:26,10.14,KILO
DAYLICIOUS®,Ensalada al estilo Mykonos,2.99,kg = 14.24,210 g unidad,https://www.aldi.es/producto/ensalada-al-estilo-mykonos-601441500.html,601441500,ALDI,leche,2026-09-23T12:58:26,14.24,KILO
DAYLICIOUS®,Ensalada al estilo Madeira,2.99,kg = 13.00,230 g unidad,https://www.aldi.es/producto/ensalada-al-estilo-madeira-601063700.html,601063700,ALDI,leche,2026-09-23T12:58:26,13.0,KILO
,Ensalada tierna con rúcula,1.35,kg = 9.00,150 g unidad,https://www.aldi.es/producto/ensalada-tierna-con-rucula-601031100.html,601031100,ALDI,leche,2026-09-23T12:58:26,9.0,KILO
,Dúo canónigo y rúcula,1.35,kg = 13.50,100 g unidad,https://www.aldi.es/producto/duo-canonigo-y-rucula-600905500.html,600905500,ALDI,leche,2026-09-23T12:58:26,13.5,KILO
,Espinaca baby,1.19,kg = 11.90,100 g unidad,https://www.aldi.es/producto/espinaca-baby-600351400.html,600351400,ALDI,leche,2026-09-23T12:58:26,11.9,KILO
DAYLICIOUS®,Ensalada al estilo París,2.89,kg = 13.44,215 g unidad,https://www.aldi.es/producto/ensalada-al-estilo-paris-600351300.html,600351300,ALDI,leche,2026-09-23T12:58:26,13.44,KILO
,Canónigos,0.99,kg = 9.90,100 g unidad,https://www.aldi.es/producto/canonigos-600007700.html,600007700,ALDI,leche,2026-09-23T12:58:26,9.9,KILO
DAYLICIOUS®,Ensalada estilo Mediterránea,2.19,kg = 5.48,400 g unidad,https://www.aldi.es/producto/ensalada-estilo-mediterranea-450600.html,450600,ALDI,leche,2026-09-23T12:58:26,5.48,KILO
,Mix de verduras para microondas,1.69,kg = 6.15,275 g unidad,https://www.aldi.es/producto/mix-de-verduras-para-microondas-444700.html,444700,ALDI,leche,2026-09-23T12:58:26,6.15,KILO
,Brotes de espinacas,1.49,kg = 5.42,275 g unidad,https://www.aldi.es/producto/brotes-de-espinacas-316100.html,316100,ALDI,leche,2026-09-23T12:58:26,5.42,KILO
,Ensalada de brotes tiernos,1.19,kg = 11.90,100 g unidad,https://www.aldi.es/producto/ensalada-de-brotes-tiernos-315900.html,315900,ALDI,leche,2026-09-23T12:58:26,11.9,KILO
,Ensalada iceberg,0.95,kg = 3.80,250 g unidad,https://www.aldi.es/producto/ensalada-iceberg-315700.html,315700,ALDI,leche,2026-09-23T12:58:26,3.8,KILO
,Ensalada 4 estaciones,0.89,kg = 3.56,250 g unidad,https://www.aldi.es/producto/ensalada-4-estaciones-314800.html,314800,ALDI,leche,2026-09-23T12:58:26,3.56,KILO
,Ensalada gourmet,1.09,kg = 6.23,175 g unidad,https://www.aldi.es/producto/ensalada-gourmet-219900.html,219900,ALDI,leche,2026-09-23T12:58:26,6.23,KILO
,Ensalada maxi gourmet,1.79,kg = 5.59,320 g unidad,https://www.aldi.es/producto/ensalada-maxi-gourmet-133400.html,133400,ALDI,leche,2026-09-23T12:58:26,5.59,KILO
MILSANI®,Mantequilla ligera,2.15,kg = 8.60,250 g unidad,https://www.aldi.es/producto/mantequilla-ligera-731700.html,731700,ALDI,huevos,2026-09-23T12:58:37,8.6,KILO
MILSANI®,Margarina de girasol,1.45,kg = 2.90,500 g unidad,https://www.aldi.es/producto/margarina-de-girasol-113000.html,113000,ALDI,huevos,2026-09-23T12:58:37,2.9,KILO
CUCINA®,Tagliatelle al huevo,1.15,kg = 4.60,250 g unidad,https://www.aldi.es/producto/tagliatelle-al-huevo-752500.html,752500,ALDI,huevos,2026-09-23T12:58:37,4.6,KILO
MILSANI®,Flan de huevo,1.55,kg = 3.88,pack de 4 x 100 g,https://www.aldi.es/producto/flan-de-huevo-686000.html,686000,ALDI,huevos,2026-09-23T12:58:37,3.88,KILO
MUCCI®,Tarrina de helado sabor huevo de chocolate,3.65,kg = 7.23,505 g unidad,https://www.aldi.es/producto/tarrina-de-helado-sabor-huevo-de-chocolate-601665600.html,601665600,ALDI,huevos,2026-09-23T12:58:37,7.23,KILO
ROMEO®,Huesos para perro,1.29,kg = 2.58,500 g unidad,https://www.aldi.es/producto/huesos-para-perro-601563602.html,601563602,ALDI,huevos,2026-09-23T12:58:37,2.58,KILO
MILSANI®,Flan de huevo desnatado 0%,1.85,kg = 4.63,pack de 4 x 100 g,https://www.aldi.es/producto/flan-de-huevo-desnatado-0percent-361800.html,361800,ALDI,huevos,2026-09-23T12:58:37,4.63,KILO
FLETE®,Strudel de manzana,2.99,kg = 4.98,600 g unidad,https://www.aldi.es/producto/strudel-de-manzana-828301.html,828301,ALDI,manzana,2026-09-23T12:58:46,4.98,KILO
LA VILLA®,Vinagre de manzana,0.85,,1 l unidad,https://www.aldi.es/producto/vinagre-de-manzana-655400.html,655400,ALDI,manzana,2026-09-23T12:58:46,0.85,LITRO
RIO D'ORO®,Zumo de manzana,1.15,l = 0.77,"1,5 l unidad",https://www.aldi.es/producto/zumo-de-manzana-600007800.html,600007800,ALDI,manzana,2026-09-23T12:58:46,0.77,LITRO
RIO D'ORO®,"Zumo de piña, manzana y uva",1.59,l = 1.33,pack de 6 x 200 ml,https://www.aldi.es/producto/zumo-de-pina-manzana-y-uva-491100.html,491100,ALDI,manzana,2026-09-23T12:58:46,1.33,LITRO
WESTMINSTER®,Infusión de manzana,1.69,bolsita = 0.07,pack de 25 bolsitas,https://www.aldi.es/producto/infusion-de-manzana-420604.html,420604,ALDI,manzana,2026-09-23T12:58:46,0.07,BOLSITA
HERO®,"Bolsita de manzana, plátano y zanahoria ecológicos",1.59,kg = 15.90,100 g unidad,https://www.aldi.es/producto/bolsita-de-manzana-platano-y-zanahoria-ecologicos-328402.html,328402,ALDI,manzana,2026-09-23T12:58:46,15.9,KILO
ESSELT®,Friegasuelos manzana verde,0.89,l = 0.59,"1,5 l unidad",https://www.aldi.es/producto/friegasuelos-manzana-verde-302002.html,302002,ALDI,manzana,2026-09-23T12:58:46,0.59,LITRO
RIO D'ORO®,"Smoothie de manzana, piña, pera y kiwi",1.49,l = 5.96,250 ml unidad,https://www.aldi.es/producto/smoothie-de-manzana-pina-pera-y-kiwi-170221.html,170221,ALDI,manzana,2026-09-23T12:58:46,5.96,LITRO
EL CULTIVADOR®,Aceituna manzanilla sabor anchoa,2.79,kg = 5.58,500 g peso esc. unidad,https://www.aldi.es/producto/aceituna-manzanilla-sabor-anchoa-601366900.html,601366900,ALDI,manzana,2026-09-23T12:58:46,5.58,KILO
EL CULTIVADOR®,Aceituna manzanilla sin hueso,1.66,g = 7.38,pack de 3 x 75 g peso esc.,https://www.aldi.es/producto/aceituna-manzanilla-sin-hueso-600659100.html,600659100,ALDI,manzana,2026-09-23T12:58:46,22.13,KILO
WESTMINSTER®,Infusión manzanilla,0.74,bolsita = 0.03,pack de 25 bolsitas,https://www.aldi.es/producto/infusion-manzanilla-420000.html,420000,ALDI,manzana,2026-09-23T12:58:46,0.03,BOLSITA
MILSANI®,Yogur de plátano con grageas de chocolate,0.66,kg = 4.13,160 g unidad,https://www.aldi.es/producto/yogur-de-platano-con-grageas-de-chocolate-689103.html,689103,ALDI,plátano,2026-09-23T12:58:53,4.13,KILO
MILSANI®,Bebida proteica sabor plátano,1.15,l = 3.46,332 ml unidad,https://www.aldi.es/producto/bebida-proteica-sabor-platano-601833602.html,601833602,ALDI,plátano,2026-09-23T12:58:53,3.46,LITRO
HERO®,Tarrito melocotón y plátano Hero,1.29,kg = 6.79,190 g unidad,https://www.aldi.es/producto/tarrito-melocoton-y-platano-hero-600720903.html,600720903,ALDI,plátano,2026-09-23T12:58:53,6.79,KILO
HERO®,Bolsita yogur con plátano y fresa,1.0,kg = 10.00,100 g unidad,https://www.aldi.es/producto/bolsita-yogur-con-platano-y-fresa-525603.html,525603,ALDI,plátano,2026-09-23T12:58:53,10.0,KILO
HERO®,Bolsita de plátano y fresa,1.0,kg = 10.00,100 g unidad,https://www.aldi.es/producto/bolsita-de-platano-y-fresa-525602.html,525602,ALDI,plátano,2026-09-23T12:58:53,10.0,KILO
HERO®,"Bolsita de naranja, plátano y galleta",1.0,kg = 10.00,100 g unidad,https://www.aldi.es/producto/bolsita-de-naranja-platano-y-galleta-525601.html,525601,ALDI,plátano,2026-09-23T12:58:53,10.0,KILO
HERO®,"Bolsita de plátano, pera y naranja ecológicos",1.59,kg = 15.90,100 g unidad,https://www.aldi.es/producto/bolsita-de-platano-pera-y-naranja-ecologicos-328401.html,328401,ALDI,plátano,2026-09-23T12:58:53,15.9,KILO
RIO D'ORO®,"Smoothie de fresa, plátano y piña",1.49,l = 5.96,250 ml unidad,https://www.aldi.es/producto/smoothie-de-fresa-platano-y-pina-170222.html,170222,ALDI,plátano,2026-09-23T12:58:53,5.96,LITRO
RIO D'ORO®,"Smoothie de plátano, mango, naranja y maracuyá",1.49,l = 5.96,250 ml unidad,https://www.aldi.es/producto/smoothie-de-platano-mango-naranja-y-maracuya-170220.html,170220,ALDI,plátano,2026-09-23T12:58:53,5.96,LITRO
RIO D'ORO®,"Smoothie de piña, plátano y coco",1.49,l = 5.96,250 ml unidad,https://www.aldi.es/producto/smoothie-de-pina-platano-y-coco-170219.html,170219,ALDI,plátano,2026-09-23T12:58:53,5.96,LITRO
SOLDANZA®,Platanitos,1.79,kg = 25.21,71 g unidad,https://www.aldi.es/producto/platanitos-891501.html,891501,ALDI,plátano,2026-09-23T12:58:53,25.21,KILO
GOLDEN SEAFOOD®,Filetes de abadejo con tomate y mozzarella,3.99,kg = 9.98,400 g unidad,https://www.aldi.es/producto/filetes-de-abadejo-con-tomate-y-mozzarella-601829706.html,601829706,ALDI,tomate,2026-09-23T12:59:07,9.98,KILO
ALL SEASONS®,Tomate frito con aceite de oliva,1.39,kg = 2.16,pack de 3 x 215 g,https://www.aldi.es/producto/tomate-frito-con-aceite-de-oliva-601636900.html,601636900,ALDI,tomate,2026-09-23T12:59:07,2.16,KILO
,Mermelada de tomate,2.49,kg = 8.89,280 g unidad,https://www.aldi.es/producto/mermelada-de-tomate-601595402.html,601595402,ALDI,tomate,2026-09-23T12:59:07,8.89,KILO
ALL SEASONS®,Tomates enteros pelados,1.19,kg = 2.48,480 g unidad,https://www.aldi.es/producto/tomates-enteros-pelados-601491200.html,601491200,ALDI,tomate,2026-09-23T12:59:07,2.48,KILO
ALL SEASONS®,Tomate frito casero,1.82,kg = 3.31,550 g unidad,https://www.aldi.es/producto/tomate-frito-casero-601490800.html,601490800,ALDI,tomate,2026-09-23T12:59:07,3.31,KILO
ALL SEASONS®,Tomate frito en brik,1.29,kg = 1.08,pack de 3 x 400 g,https://www.aldi.es/producto/tomate-frito-en-brik-601490700.html,601490700,ALDI,tomate,2026-09-23T12:59:07,1.08,KILO
LA TABLA®,Paté de atún con tomate,1.79,kg = 22.38,pack de 3 x 80 g,https://www.aldi.es/producto/pate-de-atun-con-tomate-601439501.html,601439501,ALDI,tomate,2026-09-23T12:59:07,22.38,KILO
ALL SEASONS®,Tomate triturado,0.47,kg = 1.18,400 g unidad,https://www.aldi.es/producto/tomate-triturado-600536800.html,600536800,ALDI,tomate,2026-09-23T12:59:07,1.18,KILO
MYVAY®,Escalope vegetariano con pimiento y tomate,2.39,kg = 11.95,200 g unidad,https://www.aldi.es/producto/escalope-vegetariano-con-pimiento-y-tomate-587803.html,587803,ALDI,tomate,2026-09-23T12:59:07,11.95,KILO
,Tomate cherry,1.45,kg = 2.90,500 g unidad,https://www.aldi.es/producto/tomate-cherry-546500.html,546500,ALDI,tomate,2026-09-23T12:59:07,2.9,KILO
ALL SEASONS®,Tomate frito,0.76,kg = 1.38,550 g unidad,https://www.aldi.es/producto/tomate-frito-506400.html,506400,ALDI,tomate,2026-09-23T12:59:07,1.38,KILO
ALL SEASONS®,Tomate triturado extra,0.9,kg = 1.13,800 g peso esc. unidad,https://www.aldi.es/producto/tomate-triturado-extra-505200.html,505200,ALDI,tomate,2026-09-23T12:59:07,1.13,KILO
ALL SEASONS®,Tomate troceado,0.59,kg = 1.48,400 g unidad,https://www.aldi.es/producto/tomate-troceado-502700.html,502700,ALDI,tomate,2026-09-23T12:59:07,1.48,KILO
EL HORNO®,Pan tostado con tomate y orégano,1.35,kg = 8.44,160 g unidad,https://www.aldi.es/producto/pan-tostado-con-tomate-y-oregano-224001.html,224001,ALDI,tomate,2026-09-23T12:59:07,8.44,KILO
MAMMA MANCINI®,Salsa fresca para pasta con tomate y verduras,1.49,kg = 8.28,180 g unidad,https://www.aldi.es/producto/salsa-fresca-para-pasta-con-tomate-y-verduras-143802.html,143802,ALDI,tomate,2026-09-23T12:59:07,8.28,KILO
LA VILLA®,Mayonesa,1.32,l = 2.78,475 ml unidad,https://www.aldi.es/producto/mayonesa-765800.html,765800,ALDI,tomate,2026-09-23T12:59:07,2.78,LITRO
HEINZ®,Kétchup,3.95,kg = 5.64,700 g unidad,https://www.aldi.es/producto/ketchup-601662300.html,601662300,ALDI,tomate,2026-09-23T12:59:07,5.64,KILO
DELIKATO®,Salsa para patatas fritas,1.79,l = 5.11,350 ml unidad,https://www.aldi.es/producto/salsa-para-patatas-fritas-601641502.html,601641502,ALDI,tomate,2026-09-23T12:59:07,5.11,LITRO
DELIKATO®,Salsa para burger,1.79,l = 5.11,350 ml unidad,https://www.aldi.es/producto/salsa-para-burger-601641501.html,601641501,ALDI,tomate,2026-09-23T12:59:07,5.11,LITRO
DELIKATO®,Salsa con curry,1.45,l = 5.80,250 ml unidad,https://www.aldi.es/producto/salsa-con-curry-601640103.html,601640103,ALDI,tomate,2026-09-23T12:59:07,5.8,LITRO
DELIKATO®,Salsa con ajo,1.45,l = 5.80,250 ml unidad,https://www.aldi.es/producto/salsa-con-ajo-601640102.html,601640102,ALDI,tomate,2026-09-23T12:59:07,5.8,LITRO
DELIKATO®,Salsa cóctel,1.45,l = 5.80,250 ml unidad,https://www.aldi.es/producto/salsa-coctel-601640101.html,601640101,ALDI,tomate,2026-09-23T12:59:07,5.8,LITRO
CUCINA NOBILE®,Salsa blanca 4 quesos,1.99,kg = 4.98,400 g unidad,https://www.aldi.es/producto/salsa-blanca-4-quesos-601638602.html,601638602,ALDI,tomate,2026-09-23T12:59:07,4.98,KILO
CUCINA®,Salsa blanca para carbonara,1.99,kg = 4.98,400 g unidad,https://www.aldi.es/producto/salsa-blanca-para-carbonara-601638601.html,601638601,ALDI,tomate,2026-09-23T12:59:07,4.98,KILO
HELLMANN'S®,Mayonesa,2.89,l = 6.42,450 ml unidad,https://www.aldi.es/producto/mayonesa-601052100.html,601052100,ALDI,tomate,2026-09-23T12:59:07,6.42,LITRO
ALL SEASONS®,Pisto fritada,1.89,kg = 3.44,550 g unidad,https://www.aldi.es/producto/pisto-fritada-600554100.html,600554100,ALDI,tomate,2026-09-23T12:59:07,3.44,KILO
LA VILLA®,Mostaza,1.25,kg = 4.17,300 g unidad,https://www.aldi.es/producto/mostaza-600015400.html,600015400,ALDI,tomate,2026-09-23T12:59:07,4.17,KILO
CUCINA®,Salsa para pasta napoletana,1.29,l = 3.23,400 ml unidad,https://www.aldi.es/producto/salsa-para-pasta-napoletana-504804.html,504804,ALDI,tomate,2026-09-23T12:59:07,3.23,LITRO
CUCINA®,Salsa para pasta arrabiata,1.29,l = 3.23,400 ml unidad,https://www.aldi.es/producto/salsa-para-pasta-arrabiata-504803.html,504803,ALDI,tomate,2026-09-23T12:59:07,3.23,LITRO
CUCINA®,Salsa para pasta albahaca,1.29,l = 3.23,400 ml unidad,https://www.aldi.es/producto/salsa-para-pasta-albahaca-504802.html,504802,ALDI,tomate,2026-09-23T12:59:07,3.23,LITRO
CUCINA®,Salsa para pasta boloñesa,1.29,l = 3.23,400 ml unidad,https://www.aldi.es/producto/salsa-para-pasta-bolonesa-504801.html,504801,ALDI,tomate,2026-09-23T12:59:07,3.23,LITRO
ASIA GREEN GARDEN®,Salsa de soja,1.15,l = 4.60,250 ml unidad,https://www.aldi.es/producto/salsa-de-soja-481500.html,481500,ALDI,tomate,2026-09-23T12:59:07,4.6,LITRO
CUCINA®,Pesto alla genovese,1.85,kg = 9.74,190 g unidad,https://www.aldi.es/producto/pesto-alla-genovese-261403.html,261403,ALDI,tomate,2026-09-23T12:59:07,9.74,KILO
CUCINA®,Pesto Rosso,1.85,kg = 9.74,190 g unidad,https://www.aldi.es/producto/pesto-rosso-261402.html,261402,ALDI,tomate,2026-09-23T12:59:07,9.74,KILO
LA VILLA®,Mostaza a la antigua,1.09,kg = 5.74,190 g unidad,https://www.aldi.es/producto/mostaza-a-la-antigua-256302.html,256302,ALDI,tomate,2026-09-23T12:59:07,5.74,KILO
LA VILLA®,Mostaza de dijon,1.09,kg = 5.45,200 g unidad,https://www.aldi.es/producto/mostaza-de-dijon-256301.html,256301,ALDI,tomate,2026-09-23T12:59:07,5.45,KILO
HELLMANN'S®,Ligeresa,3.49,l = 6.02,580 ml unidad,https://www.aldi.es/producto/ligeresa-254802.html,254802,ALDI,tomate,2026-09-23T12:59:07,6.02,LITRO
HELLMANN'S®,Mayonesa,3.49,l = 8.12,430 ml unidad,https://www.aldi.es/producto/mayonesa-254801.html,254801,ALDI,tomate,2026-09-23T12:59:07,8.12,LITRO
LE GUSTO®,Kétchup,0.95,kg = 1.70,560 g unidad,https://www.aldi.es/producto/ketchup-252500.html,252500,ALDI,tomate,2026-09-23T12:59:07,1.7,KILO
BON-RI®,Arroz redondo,1.09,,1 kg unidad,https://www.aldi.es/producto/arroz-redondo-768700.html,768700,ALDI,arroz,2026-09-23T12:59:16,1.09,KILO
BON-RI®,Arroz integral,1.35,,1 kg unidad,https://www.aldi.es/producto/arroz-integral-644400.html,644400,ALDI,arroz,2026-09-23T12:59:16,1.35,KILO
BON-RI®,Arroz integral en tarrina,1.09,kg = 4.36,pack de 2 x 125 g,https://www.aldi.es/producto/arroz-integral-en-tarrina-601673800.html,601673800,ALDI,arroz,2026-09-23T12:59:16,4.36,KILO
BON-RI®,Arroz basmati en tarrina,1.15,kg = 4.60,pack de 2 x 125 g,https://www.aldi.es/producto/arroz-basmati-en-tarrina-601673700.html,601673700,ALDI,arroz,2026-09-23T12:59:16,4.6,KILO
BON-RI®,Arroz redondo en tarrina,1.09,kg = 4.36,pack de 2 x 125 g,https://www.aldi.es/producto/arroz-redondo-en-tarrina-248300.html,248300,ALDI,arroz,2026-09-23T12:59:16,4.36,KILO
BON-RI®,Arroz vaporizado,1.35,,1 kg unidad,https://www.aldi.es/producto/arroz-vaporizado-246500.html,246500,ALDI,arroz,2026-09-23T12:59:16,1.35,KILO
LA VILLA®,Arroz basmati,1.89,,1 kg unidad,https://www.aldi.es/producto/arroz-basmati-246400.html,246400,ALDI,arroz,2026-09-23T12:59:16,1.89,KILO
HERO®,Tarrito arroz con pollo,1.79,kg = 7.62,235 g unidad,https://www.aldi.es/producto/tarrito-arroz-con-pollo-959501.html,959501,ALDI,arroz,2026-09-23T12:59:16,7.62,KILO
BISCOTTO®,Tortita de arroz recubierta con chocolate negro,2.18,kg = 14.53,150 g unidad,https://www.aldi.es/producto/tortita-de-arroz-recubierta-con-chocolate-negro-601786102.html,601786102,ALDI,arroz,2026-09-23T12:59:16,14.53,KILO
ASIA GREEN GARDEN®,Fideos de arroz finos,1.57,kg = 7.85,200 g unidad,https://www.aldi.es/producto/fideos-de-arroz-finos-601745602.html,601745602,ALDI,arroz,2026-09-23T12:59:16,7.85,KILO
ASIA GREEN GARDEN®,Fideos de arroz anchos,1.57,kg = 7.85,200 g unidad,https://www.aldi.es/producto/fideos-de-arroz-anchos-601745601.html,601745601,ALDI,arroz,2026-09-23T12:59:16,7.85,KILO
GOLDEN BRIDGE®,Copos de arroz y trigo integral con chocolate,1.99,kg = 5.31,375 g unidad,https://www.aldi.es/producto/copos-de-arroz-y-trigo-integral-con-chocolate-601633300.html,601633300,ALDI,arroz,2026-09-23T12:59:16,5.31,KILO
LACURA®,Jabón de manos flor de loto y arroz,2.49,100-ml = 0.83,300 ml unidad,https://www.aldi.es/producto/jabon-de-manos-flor-de-loto-y-arroz-601618101.html,601618101,ALDI,arroz,2026-09-23T12:59:16,8.3,LITRO
GOLDEN BRIDGE®,Copos de arroz y trigo integral 0%,1.89,kg = 3.78,500 g unidad,https://www.aldi.es/producto/copos-de-arroz-y-trigo-integral-0percent-600592300.html,600592300,ALDI,arroz,2026-09-23T12:59:16,3.78,KILO
DAYLICIOUS®,Arroz de verduras,2.95,kg = 10.54,280 g unidad,https://www.aldi.es/producto/arroz-de-verduras-600308700.html,600308700,ALDI,arroz,2026-09-23T12:59:16,10.54,KILO
LA COCINA®,Arroz negro,2.99,kg = 9.97,300 g unidad,https://www.aldi.es/producto/arroz-negro-600308501.html,600308501,ALDI,arroz,2026-09-23T12:59:16,9.97,KILO
GOLDEN BRIDGE®,Copos de arroz inflado con cacao,2.15,kg = 4.30,500 g unidad,https://www.aldi.es/producto/copos-de-arroz-inflado-con-cacao-600287600.html,600287600,ALDI,arroz,2026-09-23T12:59:16,4.3,KILO
ROMEO®,Paté con pollo y arroz,0.89,kg = 2.97,300 g unidad,https://www.aldi.es/producto/pate-con-pollo-y-arroz-530211.html,530211,ALDI,arroz,2026-09-23T12:59:16,2.97,KILO
BISCOTTO®,Tortitas de arroz con sal,0.99,kg = 7.62,130 g unidad,https://www.aldi.es/producto/tortitas-de-arroz-con-sal-261100.html,261100,ALDI,arroz,2026-09-23T12:59:16,7.62,KILO
BON-RI®,Vasitos de quinoa,1.39,kg = 5.56,pack de 2 x 125 g,https://www.aldi.es/producto/vasitos-de-quinoa-601675700.html,601675700,ALDI,arroz,2026-09-23T12:59:16,5.56,KILO
CUCINA®,Pasta tiburones,0.75,kg = 1.50,500 g unidad,https://www.aldi.es/producto/pasta-tiburones-557800.html,557800,ALDI,pasta,2026-09-23T12:59:42,1.5,KILO
ROI DE TREFLE®,Queso de pasta blanda,3.39,kg = 16.95,200 g unidad,https://www.aldi.es/producto/queso-de-pasta-blanda-736400.html,736400,ALDI,pasta,2026-09-23T12:59:42,16.95,KILO
CUCINA®,Pasta rellena de espinacas y ricotta XXL,1.85,kg = 4.63,400 g unidad,https://www.aldi.es/producto/pasta-rellena-de-espinacas-y-ricotta-xxl-600578703.html,600578703,ALDI,pasta,2026-09-23T12:59:42,4.63,KILO
CUCINA®,Pasta rellena de carne XXL,1.85,kg = 4.63,400 g unidad,https://www.aldi.es/producto/pasta-rellena-de-carne-xxl-600578702.html,600578702,ALDI,pasta,2026-09-23T12:59:42,4.63,KILO
CUCINA®,Pasta rellena de queso XXL,1.85,kg = 4.63,400 g unidad,https://www.aldi.es/producto/pasta-rellena-de-queso-xxl-600578701.html,600578701,ALDI,pasta,2026-09-23T12:59:42,4.63,KILO
MAMMA MANCINI®,Pasta fresca rellena de carne,1.69,kg = 6.76,250 g unidad,https://www.aldi.es/producto/pasta-fresca-rellena-de-carne-600339402.html,600339402,ALDI,pasta,2026-09-23T12:59:42,6.76,KILO
MAMMA MANCINI®,Pasta fresca rellena de jamón,1.69,kg = 6.76,250 g unidad,https://www.aldi.es/producto/pasta-fresca-rellena-de-jamon-600339401.html,600339401,ALDI,pasta,2026-09-23T12:59:42,6.76,KILO
MILSANI®,Queso en polvo especial pasta,1.15,kg = 7.67,150 g unidad,https://www.aldi.es/producto/queso-en-polvo-especial-pasta-540500.html,540500,ALDI,pasta,2026-09-23T12:59:42,7.67,KILO
MAMMA MANCINI®,Salsa fresca de queso para pasta,1.49,kg = 9.93,150 g unidad,https://www.aldi.es/producto/salsa-fresca-de-queso-para-pasta-143804.html,143804,ALDI,pasta,2026-09-23T12:59:42,9.93,KILO
MAMMA MANCINI®,Salsa fresca de pesto para pasta,1.49,kg = 9.93,150 g unidad,https://www.aldi.es/producto/salsa-fresca-de-pesto-para-pasta-143803.html,143803,ALDI,pasta,2026-09-23T12:59:42,9.93,KILO
MAMMA MANCINI®,Salsa fresca para pasta de setas con sabor a trufa,1.49,kg = 9.93,150 g unidad,https://www.aldi.es/producto/salsa-fresca-para-pasta-de-setas-con-sabor-a-trufa-143801.html,143801,ALDI,pasta,2026-09-23T12:59:42,9.93,KILO
CUCINA®,Spaghetti,1.15,,1 kg unidad,https://www.aldi.es/producto/spaghetti-793700.html,793700,ALDI,pasta,2026-09-23T12:59:42,1.15,KILO
CUCINA®,Macarrones,0.99,,1 kg unidad,https://www.aldi.es/producto/macarrones-793500.html,793500,ALDI,pasta,2026-09-23T12:59:42,0.99,KILO
BIO®,Espaguetis de soja ecológicos,2.99,kg = 14.95,200 g unidad,https://www.aldi.es/producto/espaguetis-de-soja-ecologicos-713303.html,713303,ALDI,pasta,2026-09-23T12:59:42,14.95,KILO
BIO®,Espaguetis de edamame ecológicos,2.99,kg = 14.95,200 g unidad,https://www.aldi.es/producto/espaguetis-de-edamame-ecologicos-713302.html,713302,ALDI,pasta,2026-09-23T12:59:42,14.95,KILO
BIO®,Espaguetis de soja negra ecológicos,2.99,kg = 14.95,200 g unidad,https://www.aldi.es/producto/espaguetis-de-soja-negra-ecologicos-713301.html,713301,ALDI,pasta,2026-09-23T12:59:42,14.95,KILO
CUCINA®,Fusilli sin gluten,1.89,kg = 3.78,500 g unidad,https://www.aldi.es/producto/fusilli-sin-gluten-601622206.html,601622206,ALDI,pasta,2026-09-23T12:59:42,3.78,KILO
CUCINA®,Penne sin gluten,1.89,kg = 3.78,500 g unidad,https://www.aldi.es/producto/penne-sin-gluten-601622205.html,601622205,ALDI,pasta,2026-09-23T12:59:42,3.78,KILO
CUCINA®,Spaghetti sin gluten,1.89,kg = 3.78,500 g unidad,https://www.aldi.es/producto/spaghetti-sin-gluten-601622204.html,601622204,ALDI,pasta,2026-09-23T12:59:42,3.78,KILO
CUCINA®,Placas para lasaña,1.29,kg = 2.58,500 g unidad,https://www.aldi.es/producto/placas-para-lasana-601594500.html,601594500,ALDI,pasta,2026-09-23T12:59:42,2.58,KILO
ASIA GREEN GARDEN®,Noodles instantáneos con sabor a carne,0.89,kg = 13.28,67 g unidad,https://www.aldi.es/producto/noodles-instantaneos-con-sabor-a-carne-601413703.html,601413703,ALDI,pasta,2026-09-23T12:59:42,13.28,KILO
ASIA GREEN GARDEN®,Noodles instantáneos con sabor a pollo,0.89,kg = 13.28,67 g unidad,https://www.aldi.es/producto/noodles-instantaneos-con-sabor-a-pollo-601413702.html,601413702,ALDI,pasta,2026-09-23T12:59:42,13.28,KILO
ASIA GREEN GARDEN®,Noodles instantáneos sabor vegetal,0.89,kg = 13.28,67 g unidad,https://www.aldi.es/producto/noodles-instantaneos-sabor-vegetal-601413701.html,601413701,ALDI,pasta,2026-09-23T12:59:42,13.28,KILO
ASIA GREEN GARDEN®,Fideos instantáneos sabor verduras,0.65,kg = 7.65,85 g unidad,https://www.aldi.es/producto/fideos-instantaneos-sabor-verduras-601338603.html,601338603,ALDI,pasta,2026-09-23T12:59:42,7.65,KILO
ASIA GREEN GARDEN®,Fideos instantáneos sabor pollo,0.65,kg = 7.65,85 g unidad,https://www.aldi.es/producto/fideos-instantaneos-sabor-pollo-601338601.html,601338601,ALDI,pasta,2026-09-23T12:59:42,7.65,KILO
CUCINA®,Fideo mediano,0.75,kg = 1.50,500 g unidad,https://www.aldi.es/producto/fideo-mediano-601230300.html,601230300,ALDI,pasta,2026-09-23T12:59:42,1.5,KILO
CUCINA®,Fideuá,0.75,kg = 1.50,500 g unidad,https://www.aldi.es/producto/fideua-601116900.html,601116900,ALDI,pasta,2026-09-23T12:59:42,1.5,KILO
CUCINA®,Pajaritas vegetales,0.85,kg = 1.70,500 g unidad,https://www.aldi.es/producto/pajaritas-vegetales-601116800.html,601116800,ALDI,pasta,2026-09-23T12:59:42,1.7,KILO
CUCINA®,Fusilli tricolor,1.45,,1 kg unidad,https://www.aldi.es/producto/fusilli-tricolor-600008200.html,600008200,ALDI,pasta,2026-09-23T12:59:42,1.45,KILO
CUCINA®,Spaghetti integrales,1.09,kg = 2.18,500 g unidad,https://www.aldi.es/producto/spaghetti-integrales-600005800.html,600005800,ALDI,pasta,2026-09-23T12:59:42,2.18,KILO
CUCINA®,Tallarines,0.75,kg = 1.50,500 g unidad,https://www.aldi.es/producto/tallarines-600005700.html,600005700,ALDI,pasta,2026-09-23T12:59:42,1.5,KILO
CUCINA®,Macarrón rayado,0.75,kg = 1.50,500 g unidad,https://www.aldi.es/producto/macarron-rayado-558000.html,558000,ALDI,pasta,2026-09-23T12:59:42,1.5,KILO
GALLINA BLANCA®,Fideos orientales sabor carne,1.99,kg = 21.40,93 g unidad,https://www.aldi.es/producto/fideos-orientales-sabor-carne-439203.html,439203,ALDI,pasta,2026-09-23T12:59:42,21.4,KILO
GALLINA BLANCA®,Fideos orientales sabor pollo,1.99,kg = 21.40,93 g unidad,https://www.aldi.es/producto/fideos-orientales-sabor-pollo-439202.html,439202,ALDI,pasta,2026-09-23T12:59:42,21.4,KILO
GALLINA BLANCA®,Fideos orientales,1.99,kg = 21.40,93 g unidad,https://www.aldi.es/producto/fideos-orientales-439201.html,439201,ALDI,pasta,2026-09-23T12:59:42,21.4,KILO
CUCINA®,Girasoli de calabaza y crema de quesos,1.99,kg = 7.96,250 g unidad,https://www.aldi.es/producto/girasoli-de-calabaza-y-crema-de-quesos-601094604.html,601094604,ALDI,pasta,2026-09-23T12:59:42,7.96,KILO
CUCINA®,Mezzelune de gorgonzola DOP y pera,1.99,kg = 7.96,250 g unidad,https://www.aldi.es/producto/mezzelune-de-gorgonzola-dop-y-pera-601094603.html,601094603,ALDI,pasta,2026-09-23T12:59:42,7.96,KILO
CUCINA®,Mezzelune de queso de cabra y cebolla caramelizada,1.99,kg = 7.96,250 g unidad,https://www.aldi.es/producto/mezzelune-de-queso-de-cabra-y-cebolla-caramelizada-601094601.html,601094601,ALDI,pasta,2026-09-23T12:59:42,7.96,KILO
CUCINA NOBILE®,Tarrina helado de pistacho,3.99,kg = 11.74,340 g unidad,https://www.aldi.es/producto/tarrina-helado-de-pistacho-82801.html,82801,ALDI,pasta,2026-09-23T12:59:42,11.74,KILO
ALL SEASONS®,Patatas cocidas enteras al natural,1.89,kg = 4.73,400 g peso esc. unidad,https://www.aldi.es/producto/patatas-cocidas-enteras-al-natural-827400.html,827400,ALDI,pasta,2026-09-23T12:59:42,4.73,KILO
SUN SNACKS®,Patatas fritas al perol,1.75,kg = 5.83,pack de 2 x 150 g,https://www.aldi.es/producto/patatas-fritas-al-perol-61700.html,61700,ALDI,pasta,2026-09-23T12:59:42,5.83,KILO
UP2FASHION®,Pantalón casual,4.99,,unidad,https://www.aldi.es/producto/pantalon-casual-601959400.html,601959400,ALDI,pasta,2026-09-23T12:59:42,4.99,UNIDAD
GOLDEN BRIDGE®,Muesli crujiente proteico de chocolate y pistacho,3.49,kg = 9.97,350 g unidad,https://www.aldi.es/producto/muesli-crujiente-proteico-de-chocolate-y-pistacho-601835801.html,601835801,ALDI,pasta,2026-09-23T12:59:42,9.97,KILO
DAYLICIOUS®,Tortilla de patata con calabacín y cebolla caramelizada,2.99,kg = 4.98,600 g unidad,https://www.aldi.es/producto/tortilla-de-patata-con-calabacin-y-cebolla-caramelizada-601832200.html,601832200,ALDI,pasta,2026-09-23T12:59:42,4.98,KILO
SUN SNACKS®,Patatas fritas chic,1.39,kg = 9.27,150 g unidad,https://www.aldi.es/producto/patatas-fritas-chic-601791300.html,601791300,ALDI,pasta,2026-09-23T12:59:42,9.27,KILO
DAYLICIOUS®,Empanadas de carne al pastor,2.49,kg = 15.56,160 g unidad,https://www.aldi.es/producto/empanadas-de-carne-al-pastor-601728202.html,601728202,ALDI,pasta,2026-09-23T12:59:42,15.56,KILO
UP2FASHION®,Pantalón efecto terciopelo,6.99,,unidad,https://www.aldi.es/producto/pantalon-efecto-terciopelo-601573000.html,601573000,ALDI,pasta,2026-09-23T12:59:42,6.99,UNIDAD
FLETE®,Patatas gajo especiadas,1.49,kg = 1.99,750 g unidad,https://www.aldi.es/producto/patatas-gajo-especiadas-601569700.html,601569700,ALDI,pasta,2026-09-23T12:59:42,1.99,KILO
FLETE®,Patatas corte fino,1.79,,1 kg unidad,https://www.aldi.es/producto/patatas-corte-fino-601569600.html,601569600,ALDI,pasta,2026-09-23T12:59:42,1.79,KILO
SUN SNACKS®,Patatas fritas al perol en aceite de oliva,1.59,kg = 12.23,130 g unidad,https://www.aldi.es/producto/patatas-fritas-al-perol-en-aceite-de-oliva-601375500.html,601375500,ALDI,pasta,2026-09-23T12:59:42,12.23,KILO
SUN SNACKS®,Patatas fritas onduladas sabor jamón serrano,1.12,kg = 6.59,170 g unidad,https://www.aldi.es/producto/patatas-fritas-onduladas-sabor-jamon-serrano-601300300.html,601300300,ALDI,pasta,2026-09-23T12:59:42,6.59,KILO
TRADER JOE'S®,Pasas sultanas,1.69,kg = 6.76,250 g unidad,https://www.aldi.es/producto/pasas-sultanas-601260500.html,601260500,ALDI,pasta,2026-09-23T12:59:42,6.76,KILO
TRADER JOE'S®,Pistacho tostado sin sal,3.25,kg = 13.00,250 g unidad,https://www.aldi.es/producto/pistacho-tostado-sin-sal-601229504.html,601229504,ALDI,pasta,2026-09-23T12:59:42,13.0,KILO
TRADER JOE'S®,Pistacho tostado con sal,3.25,kg = 13.00,250 g unidad,https://www.aldi.es/producto/pistacho-tostado-con-sal-601229503.html,601229503,ALDI,pasta,2026-09-23T12:59:42,13.0,KILO
UP2FASHION®,Pantalón deportivo,7.99,,unidad,https://www.aldi.es/producto/pantalon-deportivo-601219000.html,601219000,ALDI,pasta,2026-09-23T12:59:42,7.99,UNIDAD
TRADER JOE'S®,Mix de pistachos,3.49,kg = 17.45,200 g unidad,https://www.aldi.es/producto/mix-de-pistachos-601090101.html,601090101,ALDI,pasta,2026-09-23T12:59:42,17.45,KILO
SUN SNACKS®,Patatas fritas extracrujientes,0.65,kg = 16.25,40 g unidad,https://www.aldi.es/producto/patatas-fritas-extracrujientes-601047900.html,601047900,ALDI,pasta,2026-09-23T12:59:42,16.25,KILO
CHOCEUR®,Tableta de chocolate con pasas y nueces,2.49,kg = 12.45,200 g unidad,https://www.aldi.es/producto/tableta-de-chocolate-con-pasas-y-nueces-601018505.html,601018505,ALDI,pasta,2026-09-23T12:59:42,12.45,KILO
GOLDEN BRIDGE®,Barritas de frutos secos con pistachos y chocolate,0.99,= 24.75,40 g unidad,https://www.aldi.es/producto/barritas-de-frutos-secos-con-pistachos-y-chocolate-600910504.html,600910504,ALDI,pasta,2026-09-23T12:59:42,24.75,KILO
TANDIL®,Pastillas antical,1.99,pastilla = 0.07,pack de 30 pastillas,https://www.aldi.es/producto/pastillas-antical-600543300.html,600543300,ALDI,pasta,2026-09-23T12:59:42,0.07,PASTILLA
WONNEMEYER®,Ensalada de patata con aliño suave,3.19,,1 kg unidad,https://www.aldi.es/producto/ensalada-de-patata-con-alino-suave-600341302.html,600341302,ALDI,pasta,2026-09-23T12:59:42,3.19,KILO
WONNEMEYER®,Ensalada de patata con crema fresca,3.19,,1 kg unidad,https://www.aldi.es/producto/ensalada-de-patata-con-crema-fresca-600341301.html,600341301,ALDI,pasta,2026-09-23T12:59:42,3.19,KILO
SUN SNACKS®,Patatas fritas extracrujientes,1.09,kg = 7.27,150 g unidad,https://www.aldi.es/producto/patatas-fritas-extracrujientes-600310900.html,600310900,ALDI,pasta,2026-09-23T12:59:42,7.27,KILO
SUN SNACKS®,Aperitivo de patata sabor crema agria y cebolla,1.59,kg = 9.09,175 g unidad,https://www.aldi.es/producto/aperitivo-de-patata-sabor-crema-agria-y-cebolla-450902.html,450902,ALDI,pasta,2026-09-23T12:59:42,9.09,KILO
BISCOTTO®,Caprichos crujientes con pipas y pasas,2.99,= 14.95,200,https://www.aldi.es/producto/caprichos-crujientes-con-pipas-y-pasas-443403.html,443403,ALDI,pasta,2026-09-23T12:59:42,14.95,KILO
MULTINORM®,Pastillas efervescentes de magnesio,1.85,unidad = 0.09,pack de 20 unidades,https://www.aldi.es/producto/pastillas-efervescentes-de-magnesio-380602.html,380602,ALDI,pasta,2026-09-23T12:59:42,0.09,UNIDAD
MULTINORM®,Pastillas efervescentes de calcio y vitamina D3,1.85,unidad = 0.09,pack de 20 unidades,https://www.aldi.es/producto/pastillas-efervescentes-de-calcio-y-vitamina-d3-380601.html,380601,ALDI,pasta,2026-09-23T12:59:42,0.09,UNIDAD
MULTINORM®,Pastillas efervescentes de vitamina C,1.85,unidad = 0.09,pack de 20 unidades,https://www.aldi.es/producto/pastillas-efervescentes-de-vitamina-c-380502.html,380502,ALDI,pasta,2026-09-23T12:59:42,0.09,UNIDAD
MULTINORM®,Pastillas efervescentes multivitamina,1.85,unidad = 0.09,pack de 20 unidades,https://www.aldi.es/producto/pastillas-efervescentes-multivitamina-380501.html,380501,ALDI,pasta,2026-09-23T12:59:42,0.09,UNIDAD
LA VILLA®,Edulcorante en pastillas,1.45,,pack de 1200 monodosis,https://www.aldi.es/producto/edulcorante-en-pastillas-380000.html,380000,ALDI,pasta,2026-09-23T12:59:42,0.0,MONODOSIS
,Pistacho tostado con sal,17.9,,precio kg (a granel),https://www.aldi.es/producto/pistacho-tostado-con-sal-33600.html,33600,ALDI,pasta,2026-09-23T12:59:42,17.9,KILO
LA VILLA®,Pastillas de caldo de carne,0.79,kg = 6.58,pack de 12 x 10 g,https://www.aldi.es/producto/pastillas-de-caldo-de-carne-257004.html,257004,ALDI,pasta,2026-09-23T12:59:42,6.58,KILO
LA VILLA®,Pastillas de caldo de verduras,0.79,kg = 6.58,pack de 12 x 10 g,https://www.aldi.es/producto/pastillas-de-caldo-de-verduras-257003.html,257003,ALDI,pasta,2026-09-23T12:59:42,6.58,KILO
LA VILLA®,Pastillas de caldo de pescado,0.79,kg = 6.58,12x10 g unidad,https://www.aldi.es/producto/pastillas-de-caldo-de-pescado-257002.html,257002,ALDI,pasta,2026-09-23T12:59:42,6.58,KILO
LA VILLA®,Pastillas de caldo de pollo,0.79,kg = 6.58,pack de 12 x 10 g,https://www.aldi.es/producto/pastillas-de-caldo-de-pollo-257001.html,257001,ALDI,pasta,2026-09-23T12:59:42,6.58,KILO
SAL DE PLATA®,Patas de pota en aceite de girasol,2.99,kg = 20.34,pack de 3 x 49 g peso esc.,https://www.aldi.es/producto/patas-de-pota-en-aceite-de-girasol-220300.html,220300,ALDI,pasta,2026-09-23T12:59:42,20.34,KILO
SOLDANZA®,Tostones,1.79,kg = 29.83,60 g unidad,https://www.aldi.es/producto/tostones-891503.html,891503,ALDI,pasta,2026-09-23T12:59:42,29.83,KILO
SOLDANZA®,Yuquitas,1.79,kg = 39.78,45 g unidad,https://www.aldi.es/producto/yuquitas-891502.html,891502,ALDI,pasta,2026-09-23T12:59:42,39.78,KILO
SUN SNACKS®,Conos,0.89,kg = 7.12,125 g unidad,https://www.aldi.es/producto/conos-601810700.html,601810700,ALDI,pasta,2026-09-23T12:59:42,7.12,KILO
SUN SNACKS®,Tiras de maíz frito sabor barbacoa,0.69,kg = 4.60,150 g unidad,https://www.aldi.es/producto/tiras-de-maiz-frito-sabor-barbacoa-601797000.html,601797000,ALDI,pasta,2026-09-23T12:59:42,4.6,KILO
SUN SNACKS®,Torreznos de cerdo adobado,1.25,kg = 12.50,100 g unidad,https://www.aldi.es/producto/torreznos-de-cerdo-adobado-601794600.html,601794600,ALDI,pasta,2026-09-23T12:59:42,12.5,KILO
SUN SNACKS®,Nachos tex-mex,1.69,kg = 5.63,300 g unidad,https://www.aldi.es/producto/nachos-tex-mex-601702600.html,601702600,ALDI,pasta,2026-09-23T12:59:42,5.63,KILO
SUN SNACKS®,Rolls picantes sabor chili-lima,1.19,kg = 9.52,125 g unidad,https://www.aldi.es/producto/rolls-picantes-sabor-chili-lima-601534702.html,601534702,ALDI,pasta,2026-09-23T12:59:42,9.52,KILO
SUN SNACKS®,Rolls picantes sabor queso,1.19,kg = 9.52,125 g unidad,https://www.aldi.es/producto/rolls-picantes-sabor-queso-601534701.html,601534701,ALDI,pasta,2026-09-23T12:59:42,9.52,KILO
SUN SNACKS®,Nachos redondos,2.55,kg = 5.67,450 g unidad,https://www.aldi.es/producto/nachos-redondos-455800.html,455800,ALDI,pasta,2026-09-23T12:59:42,5.67,KILO
SUN SNACKS®,Tiras de jamón,2.29,kg = 25.44,90 g unidad,https://www.aldi.es/producto/tiras-de-jamon-455102.html,455102,ALDI,pasta,2026-09-23T12:59:42,25.44,KILO
SUN SNACKS®,Morro frito de cerdo,2.29,kg = 12.72,180 g unidad,https://www.aldi.es/producto/morro-frito-de-cerdo-455101.html,455101,ALDI,pasta,2026-09-23T12:59:42,12.72,KILO
EL HORNO®,Pan de molde integral sin corteza,1.05,kg = 2.33,450 g unidad,https://www.aldi.es/producto/pan-de-molde-integral-sin-corteza-648500.html,648500,ALDI,pan,2026-09-23T13:00:11,2.33,KILO
EL HORNO®,Pan de molde integral,1.12,kg = 1.37,820 g unidad,https://www.aldi.es/producto/pan-de-molde-integral-647600.html,647600,ALDI,pan,2026-09-23T13:00:11,1.37,KILO
EL HORNO®,Pan de molde rústico,1.29,kg = 1.98,650 g unidad,https://www.aldi.es/producto/pan-de-molde-rustico-601949000.html,601949000,ALDI,pan,2026-09-23T13:00:11,1.98,KILO
EL HORNO®,Pan de molde sin gluten,1.89,kg = 6.75,280 g unidad,https://www.aldi.es/producto/pan-de-molde-sin-gluten-601941700.html,601941700,ALDI,pan,2026-09-23T13:00:11,6.75,KILO
EL HORNO®,Pan de molde de semillas y pipas,1.79,kg = 2.65,675 g unidad,https://www.aldi.es/producto/pan-de-molde-de-semillas-y-pipas-601635100.html,601635100,ALDI,pan,2026-09-23T13:00:11,2.65,KILO
MAMIA®,Pañales talla 6,4.99,unidad = 0.28,pack de 18 unidades,https://www.aldi.es/producto/panales-talla-6-601594600.html,601594600,ALDI,pan,2026-09-23T13:00:11,0.28,UNIDAD
ESSELT®,Pañuelos faciales 3 capas,1.19,unidad = 0.01,pack de 120 unidades,https://www.aldi.es/producto/panuelos-faciales-3-capas-601588404.html,601588404,ALDI,pan,2026-09-23T13:00:11,0.01,UNIDAD
ESSELT®,Pañuelos faciales 3 capas,1.19,unidad = 0.01,pack de 120 unidades,https://www.aldi.es/producto/panuelos-faciales-3-capas-601588403.html,601588403,ALDI,pan,2026-09-23T13:00:11,0.01,UNIDAD
ESSELT®,Pañuelos faciales 3 capas,1.19,unidad = 0.01,pack de 120 unidades,https://www.aldi.es/producto/panuelos-faciales-3-capas-601588402.html,601588402,ALDI,pan,2026-09-23T13:00:11,0.01,UNIDAD
ESSELT®,Pañuelos faciales 3 capas,1.19,unidad = 0.01,pack de 120 unidades,https://www.aldi.es/producto/panuelos-faciales-3-capas-601588401.html,601588401,ALDI,pan,2026-09-23T13:00:11,0.01,UNIDAD
ESSELT®,Pañuelos de 4 capas,2.95,unidad = 0.01,pack de 30 unidades,https://www.aldi.es/producto/panuelos-de-4-capas-601588300.html,601588300,ALDI,pan,2026-09-23T13:00:11,0.01,UNIDAD
GOLDEN SEAFOOD®,Filete de panga,4.49,kg = 4.99,900 g unidad,https://www.aldi.es/producto/filete-de-panga-601579800.html,601579800,ALDI,pan,2026-09-23T13:00:11,4.99,KILO
MAMIA®,Pañales talla 5,5.59,unidad = 0.28,pack de 20 unidades,https://www.aldi.es/producto/panales-talla-5-601560600.html,601560600,ALDI,pan,2026-09-23T13:00:11,0.28,UNIDAD
LA VILLA®,Pan rallado,0.78,kg = 1.04,750 g unidad,https://www.aldi.es/producto/pan-rallado-601517600.html,601517600,ALDI,pan,2026-09-23T13:00:11,1.04,KILO
DA TERRINHA®,Mezcla para pan de queso,2.49,kg = 9.96,250 g unidad,https://www.aldi.es/producto/mezcla-para-pan-de-queso-601213200.html,601213200,ALDI,pan,2026-09-23T13:00:11,9.96,KILO
EL HORNO®,Barritas de pan crujiente con queso,1.32,kg = 9.30,pack de 2 x 71 g,https://www.aldi.es/producto/barritas-de-pan-crujiente-con-queso-601168700.html,601168700,ALDI,pan,2026-09-23T13:00:11,9.3,KILO
EL HORNO®,Barrita de pan con pipas,1.09,kg = 6.57,pack de 2x83 g,https://www.aldi.es/producto/barrita-de-pan-con-pipas-601123200.html,601123200,ALDI,pan,2026-09-23T13:00:11,6.57,KILO
DODOT®,Pañales talla 5,18.95,unidad = 0.35,pack de 54 unidades,https://www.aldi.es/producto/panales-talla-5-600729200.html,600729200,ALDI,pan,2026-09-23T13:00:11,0.35,UNIDAD
DODOT®,Pañales talla 4,18.95,unidad = 0.33,pack de 58 unidades,https://www.aldi.es/producto/panales-talla-4-600729100.html,600729100,ALDI,pan,2026-09-23T13:00:11,0.33,UNIDAD
DODOT®,Pañales talla 3,18.95,unidad = 0.31,pack de 62 unidades,https://www.aldi.es/producto/panales-talla-3-600729000.html,600729000,ALDI,pan,2026-09-23T13:00:11,0.31,UNIDAD
MAMIA®,Pañales talla 6,7.89,unidad = 0.20,pack de 40 unidades,https://www.aldi.es/producto/panales-talla-6-600437000.html,600437000,ALDI,pan,2026-09-23T13:00:11,0.2,UNIDAD
MAMIA®,Pañales talla 5,7.85,unidad = 0.18,pack de 44 unidades,https://www.aldi.es/producto/panales-talla-5-600436900.html,600436900,ALDI,pan,2026-09-23T13:00:11,0.18,UNIDAD
MAMIA®,Pañales talla 4,7.59,unidad = 0.15,pack de 50 unidades,https://www.aldi.es/producto/panales-talla-4-600436800.html,600436800,ALDI,pan,2026-09-23T13:00:11,0.15,UNIDAD
MAMIA®,Pañales talla 3,7.59,unidad = 0.14,pack de 56 unidades,https://www.aldi.es/producto/panales-talla-3-600436700.html,600436700,ALDI,pan,2026-09-23T13:00:11,0.14,UNIDAD
MAMIA®,Pañales talla 2,5.99,unidad = 0.14,pack de 42 unidades,https://www.aldi.es/producto/panales-talla-2-600436600.html,600436600,ALDI,pan,2026-09-23T13:00:11,0.14,UNIDAD
EL HORNO®,Mini crackers de pan de cristal,1.15,kg = 9.58,120 g unidad,https://www.aldi.es/producto/mini-crackers-de-pan-de-cristal-600343800.html,600343800,ALDI,pan,2026-09-23T13:00:11,9.58,KILO
TRADER JOE'S®,Pan brioche para burger,1.79,kg = 5.26,340 g unidad,https://www.aldi.es/producto/pan-brioche-para-burger-600309400.html,600309400,ALDI,pan,2026-09-23T13:00:11,5.26,KILO
LA VACA QUE RÍE®,Palitos de pan con queso,2.35,kg = 16.79,pack de 4 x 35 g,https://www.aldi.es/producto/palitos-de-pan-con-queso-600171800.html,600171800,ALDI,pan,2026-09-23T13:00:11,16.79,KILO
,Panecillo redondo de Viena,0.32,kg = 4.92,65 g aprox. unidad,https://www.aldi.es/producto/panecillo-redondo-de-viena-600025700.html,600025700,ALDI,pan,2026-09-23T13:00:11,4.92,KILO
ESSELT®,Pañuelos faciales,1.25,unidad = 0.01,pack de 200 unidades,https://www.aldi.es/producto/panuelos-faciales-574402.html,574402,ALDI,pan,2026-09-23T13:00:11,0.01,UNIDAD
ESSELT®,Pañuelos faciales,1.25,panuelo = 0.01,pack de 200 pañuelos,https://www.aldi.es/producto/panuelos-faciales-574401.html,574401,ALDI,pan,2026-09-23T13:00:11,0.01,PANUELO
EL HORNO®,Pan maxi hamburguesa,0.79,kg = 2.63,pack de 4 x 75 g,https://www.aldi.es/producto/pan-maxi-hamburguesa-565400.html,565400,ALDI,pan,2026-09-23T13:00:11,2.63,KILO
,Pan 100% trigo de espelta,1.59,kg = 5.35,297 g aprox. unidad,https://www.aldi.es/producto/pan-100percent-trigo-de-espelta-514500.html,514500,ALDI,pan,2026-09-23T13:00:11,5.35,KILO
EL HORNO®,Pan de molde blanco,1.09,kg = 1.33,820 g unidad,https://www.aldi.es/producto/pan-de-molde-blanco-249200.html,249200,ALDI,pan,2026-09-23T13:00:11,1.33,KILO
EL HORNO®,Picos de pan integrales,0.69,kg = 2.76,250 g unidad,https://www.aldi.es/producto/picos-de-pan-integrales-245402.html,245402,ALDI,pan,2026-09-23T13:00:11,2.76,KILO
EL HORNO®,Picos de pan,0.69,kg = 2.76,250 g unidad,https://www.aldi.es/producto/picos-de-pan-245401.html,245401,ALDI,pan,2026-09-23T13:00:11,2.76,KILO
,Barra de pan,0.45,kg = 1.80,250 g aprox. unidad,https://www.aldi.es/producto/barra-de-pan-245300.html,245300,ALDI,pan,2026-09-23T13:00:11,1.8,KILO
EL HORNO®,Pan crujiente de centeno,0.99,kg = 3.96,250 g unidad,https://www.aldi.es/producto/pan-crujiente-de-centeno-240702.html,240702,ALDI,pan,2026-09-23T13:00:11,3.96,KILO
EL HORNO®,Pan de molde sin corteza,0.99,kg = 2.20,450 g unidad,https://www.aldi.es/producto/pan-de-molde-sin-corteza-233300.html,233300,ALDI,pan,2026-09-23T13:00:11,2.2,KILO
,Pan de hogaza gran reserva,0.99,kg = 2.48,400 g aprox. unidad,https://www.aldi.es/producto/pan-de-hogaza-gran-reserva-231400.html,231400,ALDI,pan,2026-09-23T13:00:11,2.48,KILO
EL HORNO®,Pan de molde 12 semillas y cereales,0.93,kg = 2.07,450 g unidad,https://www.aldi.es/producto/pan-de-molde-12-semillas-y-cereales-230200.html,230200,ALDI,pan,2026-09-23T13:00:11,2.07,KILO
PANTENE®,Mascarilla hydra,4.25,100-ml = 14.17,300 ml unidad,https://www.aldi.es/producto/mascarilla-hydra-601586106.html,601586106,ALDI,pan,2026-09-23T13:00:11,141.7,LITRO
PANTENE®,Acondicionador hydra,4.25,100-ml = 15.45,275 ml unidad,https://www.aldi.es/producto/acondicionador-hydra-601586105.html,601586105,ALDI,pan,2026-09-23T13:00:11,154.5,LITRO
PANTENE®,Mascarilla suave y liso,4.25,100-ml = 14.17,300 ml unidad,https://www.aldi.es/producto/mascarilla-suave-y-liso-601586104.html,601586104,ALDI,pan,2026-09-23T13:00:11,141.7,LITRO
PANTENE®,Mascarilla repara y protege,4.25,100-ml = 14.17,300 ml unidad,https://www.aldi.es/producto/mascarilla-repara-y-protege-601586103.html,601586103,ALDI,pan,2026-09-23T13:00:11,141.7,LITRO
PANTENE®,Acondicionador repara y protege,4.25,100-ml = 15.45,275 ml unidad,https://www.aldi.es/producto/acondicionador-repara-y-protege-601586101.html,601586101,ALDI,pan,2026-09-23T13:00:11,154.5,LITRO
PANTENE®,Champú hydra,3.85,100-ml = 1.18,325 ml unidad,https://www.aldi.es/producto/champu-hydra-601586004.html,601586004,ALDI,pan,2026-09-23T13:00:11,11.8,LITRO
PANTENE®,Champú cuidado clásico,3.85,100-ml = 1.18,325 ml unidad,https://www.aldi.es/producto/champu-cuidado-clasico-601586003.html,601586003,ALDI,pan,2026-09-23T13:00:11,11.8,LITRO
PANTENE®,Champú suave y liso,3.85,100-ml = 1.18,325 ml unidad,https://www.aldi.es/producto/champu-suave-y-liso-601586002.html,601586002,ALDI,pan,2026-09-23T13:00:11,11.8,LITRO
PANTENE®,Champú repara y protege,3.85,100-ml = 1.18,325 ml unidad,https://www.aldi.es/producto/champu-repara-y-protege-601586001.html,601586001,ALDI,pan,2026-09-23T13:00:11,11.8,LITRO
EL HORNO®,Ensaimadas,1.49,kg = 4.52,330 g unidad,https://www.aldi.es/producto/ensaimadas-881300.html,881300,ALDI,pan,2026-09-23T13:00:11,4.52,KILO
EL HORNO®,Picos campesinos,0.89,kg = 6.36,140 g unidad,https://www.aldi.es/producto/picos-campesinos-811500.html,811500,ALDI,pan,2026-09-23T13:00:11,6.36,KILO
,Baguetina,0.29,kg = 2.90,100 g aprox. unidad,https://www.aldi.es/producto/baguetina-79700.html,79700,ALDI,pan,2026-09-23T13:00:11,2.9,KILO
,Triángulo de carbonara,0.99,kg = 7.96,124 g unidad,https://www.aldi.es/producto/triangulo-de-carbonara-601966900.html,601966900,ALDI,pan,2026-09-23T13:00:11,7.96,KILO
,Hojaldre de frankfurt,0.99,kg = 9.34,106 g unidad,https://www.aldi.es/producto/hojaldre-de-frankfurt-601901800.html,601901800,ALDI,pan,2026-09-23T13:00:11,9.34,KILO
,Barra rústica 100% integral,0.69,kg = 3.29,210 g unidad,https://www.aldi.es/producto/barra-rustica-100percent-integral-601894800.html,601894800,ALDI,pan,2026-09-23T13:00:11,3.29,KILO
,Xuxo de crema,0.52,kg = 10.40,50 g aprox. unidad,https://www.aldi.es/producto/xuxo-de-crema-601879800.html,601879800,ALDI,pan,2026-09-23T13:00:11,10.4,KILO
,Stick de queso,0.99,kg = 14.35,69 g unidad,https://www.aldi.es/producto/stick-de-queso-601872700.html,601872700,ALDI,pan,2026-09-23T13:00:11,14.35,KILO
,Berlina con crema de avellana y cacao,0.79,kg = 11.29,70 g unidad,https://www.aldi.es/producto/berlina-con-crema-de-avellana-y-cacao-601726300.html,601726300,ALDI,pan,2026-09-23T13:00:11,11.29,KILO
EL HORNO®,Biscotes,1.62,kg = 3.00,pack de 4 x 135 g,https://www.aldi.es/producto/biscotes-601724800.html,601724800,ALDI,pan,2026-09-23T13:00:11,3.0,KILO
EL HORNO®,Magdalenas valencianas,2.39,kg = 3.41,700 g unidad,https://www.aldi.es/producto/magdalenas-valencianas-601693900.html,601693900,ALDI,pan,2026-09-23T13:00:11,3.41,KILO
EL HORNO®,Magdalenas envasadas,1.92,kg = 3.49,550 g unidad,https://www.aldi.es/producto/magdalenas-envasadas-601649500.html,601649500,ALDI,pan,2026-09-23T13:00:11,3.49,KILO
,Bocadito al cacao,2.09,kg = 4.18,500 g unidad,https://www.aldi.es/producto/bocadito-al-cacao-601649300.html,601649300,ALDI,pan,2026-09-23T13:00:11,4.18,KILO
MASSASVOUGA®,Ovos moles,3.79,kg = 15.16,250 g unidad,https://www.aldi.es/producto/ovos-moles-601595300.html,601595300,ALDI,pan,2026-09-23T13:00:11,15.16,KILO
CONFEITEIRA VALE®,Besos de Pombal,2.49,kg = 27.67,90 g unidad,https://www.aldi.es/producto/besos-de-pombal-601595100.html,601595100,ALDI,pan,2026-09-23T13:00:11,27.67,KILO
EL HORNO®,Regañás,0.69,kg = 3.83,0.18 kg unidad,https://www.aldi.es/producto/reganas-601560800.html,601560800,ALDI,pan,2026-09-23T13:00:11,3.83,KILO
BIO®,Crackers ecológicos con copos de avena y semillas de chía,2.65,kg = 13.25,200 g unidad,https://www.aldi.es/producto/crackers-ecologicos-con-copos-de-avena-y-semillas-de-chia-601468406.html,601468406,ALDI,pan,2026-09-23T13:00:11,13.25,KILO
BIO®,Crackers ecológicos de queso emmental y semillas de calabaza,2.65,kg = 13.25,200 g unidad,https://www.aldi.es/producto/crackers-ecologicos-de-queso-emmental-y-semillas-de-calabaza-601468405.html,601468405,ALDI,pan,2026-09-23T13:00:11,13.25,KILO
BIO®,Crackers ecológicos de trigo espelta y 3 semillas,2.65,kg = 13.25,200 g unidad,https://www.aldi.es/producto/crackers-ecologicos-de-trigo-espelta-y-3-semillas-601468404.html,601468404,ALDI,pan,2026-09-23T13:00:11,13.25,KILO
,Empanadilla de fajita,0.99,kg = 10.53,94 g unidad,https://www.aldi.es/producto/empanadilla-de-fajita-601316200.html,601316200,ALDI,pan,2026-09-23T13:00:11,10.53,KILO
EL HORNO®,Regañás sin gluten,1.39,kg = 13.90,100 g unidad,https://www.aldi.es/producto/reganas-sin-gluten-601189602.html,601189602,ALDI,pan,2026-09-23T13:00:11,13.9,KILO
EL HORNO®,Picos sin gluten,1.39,kg = 13.90,100 g unidad,https://www.aldi.es/producto/picos-sin-gluten-601189601.html,601189601,ALDI,pan,2026-09-23T13:00:11,13.9,KILO
EL HORNO®,Espirales con cacao,0.99,kg = 7.33,135 g unidad,https://www.aldi.es/producto/espirales-con-cacao-601042300.html,601042300,ALDI,pan,2026-09-23T13:00:11,7.33,KILO
EL HORNO®,Magdalenas supremas,2.69,kg = 8.97,300 g unidad,https://www.aldi.es/producto/magdalenas-supremas-600954300.html,600954300,ALDI,pan,2026-09-23T13:00:11,8.97,KILO
EL HORNO®,Bollitos de brioche,2.99,kg = 9.34,320 g unidad,https://www.aldi.es/producto/bollitos-de-brioche-600863000.html,600863000,ALDI,pan,2026-09-23T13:00:11,9.34,KILO
,Hogaza integral 100%,1.49,kg = 4.03,370 g aprox. unidad,https://www.aldi.es/producto/hogaza-integral-100percent-600617700.html,600617700,ALDI,pan,2026-09-23T13:00:11,4.03,KILO
EL HORNO®,Croissants con cacao y avellana,1.79,kg = 4.97,360 g unidad,https://www.aldi.es/producto/croissants-con-cacao-y-avellana-600596200.html,600596200,ALDI,pan,2026-09-23T13:00:11,4.97,KILO
,Hogaza de pueblo,1.69,kg = 3.19,530 g unidad,https://www.aldi.es/producto/hogaza-de-pueblo-600262300.html,600262300,ALDI,pan,2026-09-23T13:00:11,3.19,KILO
,Croissant relleno de crema de cacao y avellanas,0.5,kg = 5.75,87 g aprox. unidad,https://www.aldi.es/producto/croissant-relleno-de-crema-de-cacao-y-avellanas-600190700.html,600190700,ALDI,pan,2026-09-23T13:00:11,5.75,KILO
EL HORNO®,Croissants,1.45,kg = 4.14,350 g unidad,https://www.aldi.es/producto/croissants-600120200.html,600120200,ALDI,pan,2026-09-23T13:00:11,4.14,KILO
EL HORNO®,Molletes,1.19,kg = 3.54,pack de 4 x 84 g aprox.,https://www.aldi.es/producto/molletes-600098500.html,600098500,ALDI,pan,2026-09-23T13:00:11,3.54,KILO
EL HORNO®,Muffins de cacao con pepitas de chocolate,2.97,kg = 8.25,360 g unidad,https://www.aldi.es/producto/muffins-de-cacao-con-pepitas-de-chocolate-600063902.html,600063902,ALDI,pan,2026-09-23T13:00:11,8.25,KILO
EL HORNO®,Muffins de vainilla con pepitas de chocolate,2.97,kg = 8.25,360 g unidad,https://www.aldi.es/producto/muffins-de-vainilla-con-pepitas-de-chocolate-600063901.html,600063901,ALDI,pan,2026-09-23T13:00:11,8.25,KILO
,Hojaldre relleno de queso fresco y olivas,0.99,kg = 8.11,122 g aprox. unidad,https://www.aldi.es/producto/hojaldre-relleno-de-queso-fresco-y-olivas-523800.html,523800,ALDI,pan,2026-09-23T13:00:11,8.11,KILO
SUN SNACKS®,Galletas saladas,1.09,kg = 3.11,350 g unidad,https://www.aldi.es/producto/galletas-saladas-442400.html,442400,ALDI,pan,2026-09-23T13:00:11,3.11,KILO
EL HORNO®,Gofres al cacao,1.63,kg = 5.93,300 g unidad,https://www.aldi.es/producto/gofres-al-cacao-382401.html,382401,ALDI,pan,2026-09-23T13:00:11,5.93,KILO
EL HORNO®,Tortillas de trigo integrales,0.97,kg = 4.04,240 g unidad,https://www.aldi.es/producto/tortillas-de-trigo-integrales-357500.html,357500,ALDI,pan,2026-09-23T13:00:11,4.04,KILO
,Croissant de mantequilla,0.45,kg = 8.49,53 g aprox. unidad,https://www.aldi.es/producto/croissant-de-mantequilla-255300.html,255300,ALDI,pan,2026-09-23T13:00:11,8.49,KILO
,Carré de pollo,1.39,kg = 10.69,130 g unidad,https://www.aldi.es/producto/carre-de-pollo-245000.html,245000,ALDI,pan,2026-09-23T13:00:11,10.69,KILO
,Barra con cereales,0.99,kg = 3.96,250 g aprox. unidad,https://www.aldi.es/producto/barra-con-cereales-243500.html,243500,ALDI,pan,2026-09-23T13:00:11,3.96,KILO
CUCINA®,Grissotti con sésamo,1.79,kg = 8.95,200 g unidad,https://www.aldi.es/producto/grissotti-con-sesamo-237703.html,237703,ALDI,pan,2026-09-23T13:00:11,8.95,KILO
CUCINA®,Grissotti con sal marina,1.79,kg = 8.95,200 g unidad,https://www.aldi.es/producto/grissotti-con-sal-marina-237702.html,237702,ALDI,pan,2026-09-23T13:00:11,8.95,KILO
CUCINA®,"Grissotti con sésamo, lino y amapola",1.79,kg = 8.95,200 g unidad,https://www.aldi.es/producto/grissotti-con-sesamo-lino-y-amapola-237701.html,237701,ALDI,pan,2026-09-23T13:00:11,8.95,KILO
EL HORNO®,Napolitanas de chocolate,2.1,kg = 4.67,450 g unidad,https://www.aldi.es/producto/napolitanas-de-chocolate-236700.html,236700,ALDI,pan,2026-09-23T13:00:11,4.67,KILO
EL HORNO®,Bizcocho carrot cake,2.35,g = 6.71,350 kg unidad,https://www.aldi.es/producto/bizcocho-carrot-cake-236408.html,236408,ALDI,pan,2026-09-23T13:00:11,0.01,KILO
EL HORNO®,Bizcocho de cacao,2.35,kg = 6.71,350 g unidad,https://www.aldi.es/producto/bizcocho-de-cacao-236406.html,236406,ALDI,pan,2026-09-23T13:00:11,6.71,KILO
EL HORNO®,Bizcocho sabor yogur,2.35,kg = 6.71,350 g unidad,https://www.aldi.es/producto/bizcocho-sabor-yogur-236405.html,236405,ALDI,pan,2026-09-23T13:00:11,6.71,KILO
EL HORNO®,Minimagdalenas con yogur,1.99,kg = 9.95,200 g unidad,https://www.aldi.es/producto/minimagdalenas-con-yogur-233902.html,233902,ALDI,pan,2026-09-23T13:00:11,9.95,KILO
EL HORNO®,Minimagdalenas con choco chips,1.99,kg = 9.95,200 g unidad,https://www.aldi.es/producto/minimagdalenas-con-choco-chips-233901.html,233901,ALDI,pan,2026-09-23T13:00:11,9.95,KILO
EL HORNO®,Minicrackers,1.05,kg = 4.20,250 g unidad,https://www.aldi.es/producto/minicrackers-233403.html,233403,ALDI,pan,2026-09-23T13:00:11,4.2,KILO
EL HORNO®,Mini crackers con sal,1.05,kg = 4.20,250 g unidad,https://www.aldi.es/producto/mini-crackers-con-sal-233402.html,233402,ALDI,pan,2026-09-23T13:00:11,4.2,KILO
EL HORNO®,Mini crackers integrales,1.05,kg = 4.20,250 g unidad,https://www.aldi.es/producto/mini-crackers-integrales-233401.html,233401,ALDI,pan,2026-09-23T13:00:11,4.2,KILO
EL HORNO®,Tortillas de trigo,0.79,kg = 2.47,320 g unidad,https://www.aldi.es/producto/tortillas-de-trigo-231000.html,231000,ALDI,pan,2026-09-23T13:00:11,2.47,KILO
,Baguette,0.45,kg = 1.80,250 g aprox. unidad,https://www.aldi.es/producto/baguette-230700.html,230700,ALDI,pan,2026-09-23T13:00:11,1.8,KILO
LA VILLA®,Harina de maíz,1.45,kg = 3.63,400 g unidad,https://www.aldi.es/producto/harina-de-maiz-941800.html,941800,ALDI,pan,2026-09-23T13:00:11,3.63,KILO
LA VILLA®,Harina especial repostería,0.99,,1 kg unidad,https://www.aldi.es/producto/harina-especial-reposteria-941700.html,941700,ALDI,pan,2026-09-23T13:00:11,0.99,KILO
LA VILLA®,Harina de trigo de fuerza,0.91,,1 kg unidad,https://www.aldi.es/producto/harina-de-trigo-de-fuerza-941600.html,941600,ALDI,pan,2026-09-23T13:00:11,0.91,KILO
LA VILLA®,Harina de trigo,0.69,,1 kg unidad,https://www.aldi.es/producto/harina-de-trigo-70000.html,70000,ALDI,pan,2026-09-23T13:00:11,0.69,KILO
DO BRASIL®,Almidón dulce,2.79,kg = 5.58,500 g unidad,https://www.aldi.es/producto/almidon-dulce-601213300.html,601213300,ALDI,pan,2026-09-23T13:00:11,5.58,KILO
CAJUMAR®,Harina de yuca,1.99,g = 3.98,500 g unidad,https://www.aldi.es/producto/harina-de-yuca-601213100.html,601213100,ALDI,pan,2026-09-23T13:00:11,3.98,KILO
DA TERRINHA®,Tapioca hidratada,3.49,kg = 6.98,500 g unidad,https://www.aldi.es/producto/tapioca-hidratada-601212900.html,601212900,ALDI,pan,2026-09-23T13:00:11,6.98,KILO
HERO®,Tarrito verduritas con pollo y ternera,1.79,kg = 7.62,235 g unidad,https://www.aldi.es/producto/tarrito-verduritas-con-pollo-y-ternera-959502.html,959502,ALDI,pollo,2026-09-23T13:00:35,7.62,KILO
MAMMA MANCINI®,Pizza de pollo marinado,2.56,kg = 6.24,410 g unidad,https://www.aldi.es/producto/pizza-de-pollo-marinado-952800.html,952800,ALDI,pollo,2026-09-23T13:00:35,6.24,KILO
FLETE®,Escalopines de pollo rebozados,3.69,kg = 7.38,500 g unidad,https://www.aldi.es/producto/escalopines-de-pollo-rebozados-825600.html,825600,ALDI,pollo,2026-09-23T13:00:35,7.38,KILO
TRADER JOE'S®,Alitas de pollo con adobado suave,4.95,kg = 6.60,750 g unidad,https://www.aldi.es/producto/alitas-de-pollo-con-adobado-suave-825103.html,825103,ALDI,pollo,2026-09-23T13:00:35,6.6,KILO
TRADER JOE'S®,Alitas de pollo barbacoa,4.95,kg = 6.60,750 g unidad,https://www.aldi.es/producto/alitas-de-pollo-barbacoa-825101.html,825101,ALDI,pollo,2026-09-23T13:00:35,6.6,KILO
LA TABLA®,Chóped de pavo y pollo,2.99,kg = 7.48,400 g unidad,https://www.aldi.es/producto/choped-de-pavo-y-pollo-802400.html,802400,ALDI,pollo,2026-09-23T13:00:35,7.48,KILO
LA COCINA®,Pollo al curry,2.75,kg = 11.00,250 g unidad,https://www.aldi.es/producto/pollo-al-curry-779601.html,779601,ALDI,pollo,2026-09-23T13:00:35,11.0,KILO
,Cuartos traseros de pollo,3.89,kg = 2.59,"1,5 kg aprox. / unidad",https://www.aldi.es/producto/cuartos-traseros-de-pollo-743400.html,743400,ALDI,pollo,2026-09-23T13:00:35,2.59,KILO
,Chispas de pollo,3.99,kg = 9.98,400 g unidad,https://www.aldi.es/producto/chispas-de-pollo-736100.html,736100,ALDI,pollo,2026-09-23T13:00:35,9.98,KILO
FELIX®,Comida húmeda para gatos con pollo y buey,2.99,kg = 5.86,pack de 6 x 85 g,https://www.aldi.es/producto/comida-humeda-para-gatos-con-pollo-y-buey-601926102.html,601926102,ALDI,pollo,2026-09-23T13:00:35,5.86,KILO
BONCHEF®,Cubo de alitas de pollo asadas,4.78,kg = 8.69,550 g aprox. / unidad,https://www.aldi.es/producto/cubo-de-alitas-de-pollo-asadas-601917800.html,601917800,ALDI,pollo,2026-09-23T13:00:35,8.69,KILO
ROMEO®,Sticks para perros con pollo,1.95,kg = 11.08,pack de 16 x 11 g,https://www.aldi.es/producto/sticks-para-perros-con-pollo-601902402.html,601902402,ALDI,pollo,2026-09-23T13:00:35,11.08,KILO
LA TABLA®,Pechuga de pollo barbacoa,2.42,kg = 16.13,150 g unidad,https://www.aldi.es/producto/pechuga-de-pollo-barbacoa-601897703.html,601897703,ALDI,pollo,2026-09-23T13:00:35,16.13,KILO
LA TABLA®,Pechuga de pollo con finas hierbas,2.42,kg = 16.13,150 g unidad,https://www.aldi.es/producto/pechuga-de-pollo-con-finas-hierbas-601897702.html,601897702,ALDI,pollo,2026-09-23T13:00:35,16.13,KILO
LA TABLA®,Pechuga de pollo clásica,2.42,kg = 16.13,150 g unidad,https://www.aldi.es/producto/pechuga-de-pollo-clasica-601897701.html,601897701,ALDI,pollo,2026-09-23T13:00:35,16.13,KILO
,Hamburguesa de pollo y zanahoria,3.95,kg = 8.23,480 g unidad,https://www.aldi.es/producto/hamburguesa-de-pollo-y-zanahoria-601879500.html,601879500,ALDI,pollo,2026-09-23T13:00:35,8.23,KILO
FRIPOZO®,Solomillo de pollo Kentucky picante,2.99,kg = 11.96,250 g unidad,https://www.aldi.es/producto/solomillo-de-pollo-kentucky-picante-601817302.html,601817302,ALDI,pollo,2026-09-23T13:00:35,11.96,KILO
FRIPOZO®,Solomillo de pollo Kentucky,2.99,kg = 11.96,250 g unidad,https://www.aldi.es/producto/solomillo-de-pollo-kentucky-601817301.html,601817301,ALDI,pollo,2026-09-23T13:00:35,11.96,KILO
ASIA GREEN GARDEN®,Gyozas de pollo y verduras con salsa teriyaki,2.99,kg = 17.59,170 g unidad,https://www.aldi.es/producto/gyozas-de-pollo-y-verduras-con-salsa-teriyaki-601642402.html,601642402,ALDI,pollo,2026-09-23T13:00:35,17.59,KILO
ROMEO®,Snack de filete de pollo para perro,2.49,kg = 14.65,170 g unidad,https://www.aldi.es/producto/snack-de-filete-de-pollo-para-perro-601563501.html,601563501,ALDI,pollo,2026-09-23T13:00:35,14.65,KILO
ROMEO®,Pienso de pollo para perros mini,3.65,kg = 1.83,2 kg unidad,https://www.aldi.es/producto/pienso-de-pollo-para-perros-mini-601563201.html,601563201,ALDI,pollo,2026-09-23T13:00:35,1.83,KILO
JACK'S FARM®,Nuggets de pollo con salsas,2.69,kg = 8.97,300 g unidad,https://www.aldi.es/producto/nuggets-de-pollo-con-salsas-601517200.html,601517200,ALDI,pollo,2026-09-23T13:00:35,8.97,KILO
LA TABLA®,Pechuga de pollo braseada,2.39,kg = 23.90,100 g unidad,https://www.aldi.es/producto/pechuga-de-pollo-braseada-601446800.html,601446800,ALDI,pollo,2026-09-23T13:00:35,23.9,KILO
ROMEO®,Paté de pollo para perros,1.79,kg = 4.48,400 g unidad,https://www.aldi.es/producto/pate-de-pollo-para-perros-601357402.html,601357402,ALDI,pollo,2026-09-23T13:00:35,4.48,KILO
CACHET®,Pienso para gatos con pollo y aves,2.89,kg = 1.45,2 kg unidad,https://www.aldi.es/producto/pienso-para-gatos-con-pollo-y-aves-601301702.html,601301702,ALDI,pollo,2026-09-23T13:00:35,1.45,KILO
LA COCINA®,Fideos yakisoba de pollo,2.57,kg = 9.18,280 g unidad,https://www.aldi.es/producto/fideos-yakisoba-de-pollo-601095103.html,601095103,ALDI,pollo,2026-09-23T13:00:35,9.18,KILO
FLETE®,Gyozas de pollo,2.99,kg = 7.48,400 g unidad,https://www.aldi.es/producto/gyozas-de-pollo-600889102.html,600889102,ALDI,pollo,2026-09-23T13:00:35,7.48,KILO
DAYLICIOUS®,Croquetas de pollo,2.99,kg = 11.87,252 g unidad,https://www.aldi.es/producto/croquetas-de-pollo-600159201.html,600159201,ALDI,pollo,2026-09-23T13:00:35,11.87,KILO
LA TABLA®,Pechuga de pollo,2.09,kg = 13.93,150 g unidad,https://www.aldi.es/producto/pechuga-de-pollo-57702.html,57702,ALDI,pollo,2026-09-23T13:00:35,13.93,KILO
LA TABLA®,Pechuga de pollo ahumada,2.09,kg = 13.93,150 g unidad,https://www.aldi.es/producto/pechuga-de-pollo-ahumada-57701.html,57701,ALDI,pollo,2026-09-23T13:00:35,13.93,KILO
CACHET®,Trozos en salsa para gatos con pollo,0.69,kg = 1.66,415 g unidad,https://www.aldi.es/producto/trozos-en-salsa-para-gatos-con-pollo-528609.html,528609,ALDI,pollo,2026-09-23T13:00:35,1.66,KILO
CACHET®,Paté para gatos con pollo,0.31,kg = 3.10,100 g unidad,https://www.aldi.es/producto/pate-para-gatos-con-pollo-528116.html,528116,ALDI,pollo,2026-09-23T13:00:35,3.1,KILO
DAYLICIOUS®,Hamburguesas de pollo con queso,2.49,kg = 7.78,320 g pack / set,https://www.aldi.es/producto/hamburguesas-de-pollo-con-queso-520102.html,520102,ALDI,pollo,2026-09-23T13:00:35,7.78,KILO
GOURMET GOLD®,Alimento húmedo para gatos tarrina con pollo,0.75,kg = 8.82,85 g unidad,https://www.aldi.es/producto/alimento-humedo-para-gatos-tarrina-con-pollo-341804.html,341804,ALDI,pollo,2026-09-23T13:00:35,8.82,KILO
GOURMET GOLD®,Alimento húmedo para gatos tartelette con pollo y zanahoria,0.75,kg = 8.82,85 g unidad,https://www.aldi.es/producto/alimento-humedo-para-gatos-tartelette-con-pollo-y-zanahoria-341803.html,341803,ALDI,pollo,2026-09-23T13:00:35,8.82,KILO
LA TABLA®,Pechuga de pavo,3.79,kg = 9.48,400 g unidad,https://www.aldi.es/producto/pechuga-de-pavo-895700.html,895700,ALDI,pollo,2026-09-23T13:00:35,9.48,KILO
LA TABLA®,Pechuga de pavo reducida en sal,2.15,kg = 14.33,150 g unidad,https://www.aldi.es/producto/pechuga-de-pavo-reducida-en-sal-805900.html,805900,ALDI,pollo,2026-09-23T13:00:35,14.33,KILO
LA TABLA®,Jamón cocido extra,2.19,kg = 14.60,150 g unidad,https://www.aldi.es/producto/jamon-cocido-extra-802300.html,802300,ALDI,pollo,2026-09-23T13:00:35,14.6,KILO
LA TABLA®,Mortadela con aceitunas,1.19,kg = 4.76,250 g unidad,https://www.aldi.es/producto/mortadela-con-aceitunas-802202.html,802202,ALDI,pollo,2026-09-23T13:00:35,4.76,KILO
LA TABLA®,Mortadela estilo siciliana,1.19,kg = 4.76,250 g unidad,https://www.aldi.es/producto/mortadela-estilo-siciliana-802201.html,802201,ALDI,pollo,2026-09-23T13:00:35,4.76,KILO
LA TABLA®,Mortadela de pavo con olivas,1.45,kg = 7.25,200 g unidad,https://www.aldi.es/producto/mortadela-de-pavo-con-olivas-801105.html,801105,ALDI,pollo,2026-09-23T13:00:35,7.25,KILO
LA TABLA®,Mortadela de pavo,1.45,kg = 7.25,200 g unidad,https://www.aldi.es/producto/mortadela-de-pavo-801104.html,801104,ALDI,pollo,2026-09-23T13:00:35,7.25,KILO
LA TABLA®,Jamón cocido extra ahumado,2.49,kg = 16.60,150 g unidad,https://www.aldi.es/producto/jamon-cocido-extra-ahumado-800100.html,800100,ALDI,pollo,2026-09-23T13:00:35,16.6,KILO
LA TABLA®,Pechuga de pavo en pieza,2.95,kg = 7.38,400 g unidad,https://www.aldi.es/producto/pechuga-de-pavo-en-pieza-800000.html,800000,ALDI,pollo,2026-09-23T13:00:35,7.38,KILO
LA TABLA®,Mortadela de Bolonia,1.42,kg = 9.47,150 g unidad,https://www.aldi.es/producto/mortadela-de-bolonia-79800.html,79800,ALDI,pollo,2026-09-23T13:00:35,9.47,KILO
LA TABLA®,Jamón cocido extra reducido en sal,1.99,kg = 9.95,200 g unidad,https://www.aldi.es/producto/jamon-cocido-extra-reducido-en-sal-697500.html,697500,ALDI,pollo,2026-09-23T13:00:35,9.95,KILO
GUT DREI EICHEN®,Mortadela,5.99,kg = 7.49,800 g unidad,https://www.aldi.es/producto/mortadela-602074000.html,602074000,ALDI,pollo,2026-09-23T13:00:35,7.49,KILO
LA TABLA®,Paleta cocida extra finas lonchas,1.94,kg = 10.78,180 g unidad,https://www.aldi.es/producto/paleta-cocida-extra-finas-lonchas-601920200.html,601920200,ALDI,pollo,2026-09-23T13:00:35,10.78,KILO
LA TABLA®,Lomo de orza con aceite de oliva virgen extra,2.49,kg = 19.92,125 g unidad,https://www.aldi.es/producto/lomo-de-orza-con-aceite-de-oliva-virgen-extra-600621903.html,600621903,ALDI,pollo,2026-09-23T13:00:35,19.92,KILO
LA TABLA®,Lomo asado al horno,2.49,kg = 19.92,125 g unidad,https://www.aldi.es/producto/lomo-asado-al-horno-600621901.html,600621901,ALDI,pollo,2026-09-23T13:00:35,19.92,KILO
LA TABLA®,Pechuga de pavo reducida en sal,2.39,kg = 23.90,100 g unidad,https://www.aldi.es/producto/pechuga-de-pavo-reducida-en-sal-600593000.html,600593000,ALDI,pollo,2026-09-23T13:00:35,23.9,KILO
LA TABLA®,Pechuga de pavo reducida en sal,3.85,kg = 9.63,2x200 g unidad,https://www.aldi.es/producto/pechuga-de-pavo-reducida-en-sal-600290900.html,600290900,ALDI,pollo,2026-09-23T13:00:35,9.63,KILO
LA TABLA®,Pechuga de pavo,2.35,kg = 15.67,150 g unidad,https://www.aldi.es/producto/pechuga-de-pavo-57600.html,57600,ALDI,pollo,2026-09-23T13:00:35,15.67,KILO
LA TABLA®,Pechuga de pavo braseada,2.19,kg = 14.60,150 g unidad,https://www.aldi.es/producto/pechuga-de-pavo-braseada-562600.html,562600,ALDI,pollo,2026-09-23T13:00:35,14.6,KILO
LA TABLA®,Pechuga de pavo para sándwich,1.89,kg = 7.56,250 g unidad,https://www.aldi.es/producto/pechuga-de-pavo-para-sandwich-355202.html,355202,ALDI,pollo,2026-09-23T13:00:35,7.56,KILO
LA TABLA®,Jamón cocido extra para sándwich,1.89,kg = 7.56,250 g unidad,https://www.aldi.es/producto/jamon-cocido-extra-para-sandwich-355200.html,355200,ALDI,pollo,2026-09-23T13:00:35,7.56,KILO
LA TABLA®,Jamón cocido extra 50% duroc,2.59,kg = 25.90,100 g unidad,https://www.aldi.es/producto/jamon-cocido-extra-50percent-duroc-268600.html,268600,ALDI,pollo,2026-09-23T13:00:35,25.9,KILO
LA TABLA®,Choped de cerdo y pavo,2.93,kg = 4.19,700 g unidad,https://www.aldi.es/producto/choped-de-cerdo-y-pavo-178802.html,178802,ALDI,pollo,2026-09-23T13:00:35,4.19,KILO
LA TABLA®,Mortadela estilo siciliana,2.93,kg = 4.19,700 g unidad,https://www.aldi.es/producto/mortadela-estilo-siciliana-178801.html,178801,ALDI,pollo,2026-09-23T13:00:35,4.19,KILO
LA TABLA®,Jamón cocido extra,2.29,kg = 15.27,150 g unidad,https://www.aldi.es/producto/jamon-cocido-extra-178200.html,178200,ALDI,pollo,2026-09-23T13:00:35,15.27,KILO
LA TABLA®,Pechuga de pavo ahumada,2.39,kg = 23.90,100 g unidad,https://www.aldi.es/producto/pechuga-de-pavo-ahumada-147100.html,147100,ALDI,pollo,2026-09-23T13:00:35,23.9,KILO
LA TABLA®,Muslo de pavo braseado y ahumado,2.29,kg = 22.90,100 g unidad,https://www.aldi.es/producto/muslo-de-pavo-braseado-y-ahumado-146400.html,146400,ALDI,pollo,2026-09-23T13:00:35,22.9,KILO
LA TABLA®,Jamón cocido extra,3.29,kg = 7.31,pack de 2 x 225 g,https://www.aldi.es/producto/jamon-cocido-extra-133000.html,133000,ALDI,pollo,2026-09-23T13:00:35,7.31,KILO
,Solomillo de pavo,5.89,kg = 7.85,750 g aprox. / unidad,https://www.aldi.es/producto/solomillo-de-pavo-999100.html,999100,ALDI,pollo,2026-09-23T13:00:35,7.85,KILO
ASIA GREEN GARDEN®,Té matcha en polvo,2.89,bolsita = 0.29,pack de 10 bolsitas,https://www.aldi.es/producto/te-matcha-en-polvo-601712100.html,601712100,ALDI,pollo,2026-09-23T13:00:35,0.29,BOLSITA
TANDIL®,Detergente en polvo universal,5.15,lavado = 0.15,35 lavados unidad,https://www.aldi.es/producto/detergente-en-polvo-universal-601098400.html,601098400,ALDI,pollo,2026-09-23T13:00:35,0.15,LAVADO
CHOCEUR®,Cacao en polvo 100% natural,3.99,kg = 19.95,200 g unidad,https://www.aldi.es/producto/cacao-en-polvo-100percent-natural-600830600.html,600830600,ALDI,pollo,2026-09-23T13:00:35,19.95,KILO
WESTMINSTER®,Infusión menta poleo,0.85,bolsita = 0.03,pack de 25x2.25 g,https://www.aldi.es/producto/infusion-menta-poleo-420500.html,420500,ALDI,pollo,2026-09-23T13:00:35,0.03,BOLSITA
LE GUSTO®,Ajo en polvo,0.69,kg = 9.86,70 g unidad,https://www.aldi.es/producto/ajo-en-polvo-118800.html,118800,ALDI,pollo,2026-09-23T13:00:35,9.86,KILO
,Burguer meat picada de vacuno y cerdo,7.75,,1 kg unidad,https://www.aldi.es/producto/burguer-meat-picada-de-vacuno-y-cerdo-601491700.html,601491700,ALDI,carne picada,2026-09-23T13:00:40,7.75,KILO
GOLDEN SEAFOOD®,Filetes de salmón,4.39,kg = 17.56,pack de 2 x 125 g,https://www.aldi.es/producto/filetes-de-salmon-822200.html,822200,ALDI,salmón,2026-09-23T13:00:46,17.56,KILO
GOLDEN SEAFOOD®,Filetes de salmón con piel,9.99,kg = 19.98,pack de 4 x 125 g,https://www.aldi.es/producto/filetes-de-salmon-con-piel-601939900.html,601939900,ALDI,salmón,2026-09-23T13:00:46,19.98,KILO
GOLDEN SEAFOOD®,Filete de salmón sin piel,7.99,kg = 21.31,375 g unidad,https://www.aldi.es/producto/filete-de-salmon-sin-piel-601939800.html,601939800,ALDI,salmón,2026-09-23T13:00:46,21.31,KILO
FELIX®,Comida húmeda para gatos con salmón y bacalao,2.99,kg = 5.86,pack de 6 x 85 g,https://www.aldi.es/producto/comida-humeda-para-gatos-con-salmon-y-bacalao-601926101.html,601926101,ALDI,salmón,2026-09-23T13:00:46,5.86,KILO
SAL DE PLATA®,Salmón al natural,3.89,kg = 25.93,pack de 3 x 50 g,https://www.aldi.es/producto/salmon-al-natural-601831900.html,601831900,ALDI,salmón,2026-09-23T13:00:46,25.93,KILO
CACHET Y ROMEO®,Aceite de salmón para mascotas,2.99,l = 14.95,200 ml unidad,https://www.aldi.es/producto/aceite-de-salmon-para-mascotas-601665500.html,601665500,ALDI,salmón,2026-09-23T13:00:46,14.95,LITRO
GOLDEN SEAFOOD®,Filetes de salmón rosado,3.49,kg = 13.96,250 g unidad,https://www.aldi.es/producto/filetes-de-salmon-rosado-601436600.html,601436600,ALDI,salmón,2026-09-23T13:00:46,13.96,KILO
CACHET®,Barritas con salmón y trucha para gatos,1.29,kg = 0.13,pack de 10 x 5 g,https://www.aldi.es/producto/barritas-con-salmon-y-trucha-para-gatos-530707.html,530707,ALDI,salmón,2026-09-23T13:00:46,0.13,KILO
CACHET®,Comida húmeda para gatos sabor salmón,0.31,kg = 3.10,100 g unidad,https://www.aldi.es/producto/comida-humeda-para-gatos-sabor-salmon-528119.html,528119,ALDI,salmón,2026-09-23T13:00:46,3.1,KILO
DAYLICIOUS®,Salmorejo,2.09,,1 l unidad,https://www.aldi.es/producto/salmorejo-750800.html,750800,ALDI,salmón,2026-09-23T13:00:46,2.09,LITRO
DAYLICIOUS®,Gazpacho fresco,2.55,,1 l unidad,https://www.aldi.es/producto/gazpacho-fresco-92000.html,92000,ALDI,salmón,2026-09-23T13:00:46,2.55,LITRO
DAYLICIOUS®,Gazpacho suave fresco,2.65,,1 l unidad,https://www.aldi.es/producto/gazpacho-suave-fresco-601994900.html,601994900,ALDI,salmón,2026-09-23T13:00:46,2.65,LITRO
DAYLICIOUS®,Gazpacho tradicional,2.09,l = 2.11,pack de 3x330 ml,https://www.aldi.es/producto/gazpacho-tradicional-524200.html,524200,ALDI,salmón,2026-09-23T13:00:46,2.11,LITRO
DAYLICIOUS®,Gazpacho suave,1.75,,1 l unidad,https://www.aldi.es/producto/gazpacho-suave-518600.html,518600,ALDI,salmón,2026-09-23T13:00:46,1.75,LITRO
DAYLICIOUS®,Gazpacho fresco,1.09,l = 3.30,330 ml unidad,https://www.aldi.es/producto/gazpacho-fresco-336800.html,336800,ALDI,salmón,2026-09-23T13:00:46,3.3,LITRO
MILSANI®,Yogur natural,1.29,,pack de 8 x 125 g,https://www.aldi.es/producto/yogur-natural-952000.html,952000,ALDI,yogur,2026-09-23T13:01:14,10.32,KILO
MILSANI®,Yogur líquido 00% de lima-limón,1.45,,1 kg unidad,https://www.aldi.es/producto/yogur-liquido-00percent-de-lima-limon-938002.html,938002,ALDI,yogur,2026-09-23T13:01:14,1.45,KILO
MILSANI®,Yogur líquido 00% de fresa,1.45,,1 kg unidad,https://www.aldi.es/producto/yogur-liquido-00percent-de-fresa-938001.html,938001,ALDI,yogur,2026-09-23T13:01:14,1.45,KILO
MILSANI®,Yogur natural sin lactosa,1.55,kg = 3.10,pack de 4 x 125 g,https://www.aldi.es/producto/yogur-natural-sin-lactosa-881200.html,881200,ALDI,yogur,2026-09-23T13:01:14,3.1,KILO
LYTTOS®,Yogur estilo griego con azúcar de caña,1.45,kg = 1.93,pack de 6 x 125 g,https://www.aldi.es/producto/yogur-estilo-griego-con-azucar-de-cana-84300.html,84300,ALDI,yogur,2026-09-23T13:01:14,1.93,KILO
MILSANI®,Yogur al estilo griego natural,1.39,kg = 1.85,pack de 6 x 125 g,https://www.aldi.es/producto/yogur-al-estilo-griego-natural-84200.html,84200,ALDI,yogur,2026-09-23T13:01:14,1.85,KILO
CUCINA NOBILE®,Tarrina helado de yogur,3.99,kg = 11.74,340 g unidad,https://www.aldi.es/producto/tarrina-helado-de-yogur-82803.html,82803,ALDI,yogur,2026-09-23T13:01:14,11.74,KILO
LYTTOS®,Yogur al estilo griego con melocotón,1.65,kg = 3.30,pack de 4 x 125 g,https://www.aldi.es/producto/yogur-al-estilo-griego-con-melocoton-75902.html,75902,ALDI,yogur,2026-09-23T13:01:14,3.3,KILO
LYTTOS®,Yogur al estilo griego con fresa,1.65,kg = 3.30,pack de 4 x 125 g,https://www.aldi.es/producto/yogur-al-estilo-griego-con-fresa-75901.html,75901,ALDI,yogur,2026-09-23T13:01:14,3.3,KILO
MILSANI®,Yogur con albaricoque,1.19,kg = 2.38,500 g unidad,https://www.aldi.es/producto/yogur-con-albaricoque-692004.html,692004,ALDI,yogur,2026-09-23T13:01:14,2.38,KILO
MILSANI®,Yogur con frutos del bosque,1.19,kg = 2.38,500 g unidad,https://www.aldi.es/producto/yogur-con-frutos-del-bosque-692003.html,692003,ALDI,yogur,2026-09-23T13:01:14,2.38,KILO
MILSANI®,Yogur con melocotón y maracuyá,1.19,kg = 2.38,500 g unidad,https://www.aldi.es/producto/yogur-con-melocoton-y-maracuya-692002.html,692002,ALDI,yogur,2026-09-23T13:01:14,2.38,KILO
MILSANI®,Yogur con fresa,1.19,kg = 2.38,500 g unidad,https://www.aldi.es/producto/yogur-con-fresa-692001.html,692001,ALDI,yogur,2026-09-23T13:01:14,2.38,KILO
GUTBIO®,Yogur ecológico con mango,0.59,kg = 3.93,150 g unidad,https://www.aldi.es/producto/yogur-ecologico-con-mango-690504.html,690504,ALDI,yogur,2026-09-23T13:01:14,3.93,KILO
GUTBIO®,Yogur ecológico con fresas,0.59,kg = 3.93,150 g unidad,https://www.aldi.es/producto/yogur-ecologico-con-fresas-690501.html,690501,ALDI,yogur,2026-09-23T13:01:14,3.93,KILO
MILSANI®,Yogur con sabor a coco,0.72,kg = 1.44,pack de 4 x 125 g,https://www.aldi.es/producto/yogur-con-sabor-a-coco-689502.html,689502,ALDI,yogur,2026-09-23T13:01:14,1.44,KILO
MILSANI®,Yogur con sabor a fresa,0.72,kg = 1.44,pack de 4 x 125 g,https://www.aldi.es/producto/yogur-con-sabor-a-fresa-689501.html,689501,ALDI,yogur,2026-09-23T13:01:14,1.44,KILO
MILSANI®,Yogur de vainilla con grageas de chocolate,0.66,kg = 4.13,160 g unidad,https://www.aldi.es/producto/yogur-de-vainilla-con-grageas-de-chocolate-689104.html,689104,ALDI,yogur,2026-09-23T13:01:14,4.13,KILO
MILSANI®,Yogur de fresa con grageas de chocolate,0.66,kg = 4.13,160 g unidad,https://www.aldi.es/producto/yogur-de-fresa-con-grageas-de-chocolate-689102.html,689102,ALDI,yogur,2026-09-23T13:01:14,4.13,KILO
MILSANI®,Yogur natural con grageas de chocolate,0.66,kg = 4.13,160 g unidad,https://www.aldi.es/producto/yogur-natural-con-grageas-de-chocolate-689101.html,689101,ALDI,yogur,2026-09-23T13:01:14,4.13,KILO
BIO®,Yogur natural ecológico,0.49,kg = 3.27,150 g unidad,https://www.aldi.es/producto/yogur-natural-ecologico-684900.html,684900,ALDI,yogur,2026-09-23T13:01:14,3.27,KILO
MILSANI®,Yogur cremoso de stracciatella,2.35,,1 kg unidad,https://www.aldi.es/producto/yogur-cremoso-de-stracciatella-683910.html,683910,ALDI,yogur,2026-09-23T13:01:14,2.35,KILO
MILSANI®,Yogur cremoso con melocotón y maracuyá,2.35,,1 kg unidad,https://www.aldi.es/producto/yogur-cremoso-con-melocoton-y-maracuya-683909.html,683909,ALDI,yogur,2026-09-23T13:01:14,2.35,KILO
MILSANI®,Yogur cremoso con fresa,2.35,,1 kg unidad,https://www.aldi.es/producto/yogur-cremoso-con-fresa-683908.html,683908,ALDI,yogur,2026-09-23T13:01:14,2.35,KILO
MILSANI®,Yogur al estilo griego con lima-limón,1.49,kg = 2.98,pack de 4x125 g,https://www.aldi.es/producto/yogur-al-estilo-griego-con-lima-limon-683302.html,683302,ALDI,yogur,2026-09-23T13:01:14,2.98,KILO
MILSANI®,Yogur al estilo griego con nueces,1.49,kg = 2.98,pack de 4 x 125 g,https://www.aldi.es/producto/yogur-al-estilo-griego-con-nueces-683301.html,683301,ALDI,yogur,2026-09-23T13:01:14,2.98,KILO
MILSANI®,Yogur natural 0% 0%,0.89,kg = 1.19,pack de 6 x 125 g,https://www.aldi.es/producto/yogur-natural-0percent-0percent-682600.html,682600,ALDI,yogur,2026-09-23T13:01:14,1.19,KILO
MILSANI®,Yogur cremoso con frutos del bosque,0.59,kg = 3.93,150 g unidad,https://www.aldi.es/producto/yogur-cremoso-con-frutos-del-bosque-682204.html,682204,ALDI,yogur,2026-09-23T13:01:14,3.93,KILO
MILSANI®,Yogur cremoso con maracuyá y melocotón,0.59,kg = 3.93,150 g unidad,https://www.aldi.es/producto/yogur-cremoso-con-maracuya-y-melocoton-682202.html,682202,ALDI,yogur,2026-09-23T13:01:14,3.93,KILO
MILSANI®,Yogur cremoso con fresa,0.59,kg = 3.93,150 g unidad,https://www.aldi.es/producto/yogur-cremoso-con-fresa-682201.html,682201,ALDI,yogur,2026-09-23T13:01:14,3.93,KILO
MILSANI®,Yogur de sabores,1.72,kg = 1.15,pack de 12 x 125 g,https://www.aldi.es/producto/yogur-de-sabores-681500.html,681500,ALDI,yogur,2026-09-23T13:01:14,1.15,KILO
MILSANI®,Yogur bebible con sabor a vainilla,1.99,kg = 2.49,pack de 4 x 200 g,https://www.aldi.es/producto/yogur-bebible-con-sabor-a-vainilla-681403.html,681403,ALDI,yogur,2026-09-23T13:01:14,2.49,KILO
MILSANI®,Yogur bebible con albaricoque,1.99,kg = 2.49,pack de 4 x 200 g,https://www.aldi.es/producto/yogur-bebible-con-albaricoque-681402.html,681402,ALDI,yogur,2026-09-23T13:01:14,2.49,KILO
MILSANI®,Yogur bebible con fresa,1.99,kg = 2.49,pack de 4 x 200 g,https://www.aldi.es/producto/yogur-bebible-con-fresa-681401.html,681401,ALDI,yogur,2026-09-23T13:01:14,2.49,KILO
LYTTOS®,Yogur al estilo griego con frambuesa o mora,1.65,kg = 3.30,pack de 4 x 125 g,https://www.aldi.es/producto/yogur-al-estilo-griego-con-frambuesa-o-mora-680302.html,680302,ALDI,yogur,2026-09-23T13:01:14,3.3,KILO
LYTTOS®,Yogur al estilo griego con cítricos / maracuyá,1.65,kg = 3.30,pack de 4 x 125 g,https://www.aldi.es/producto/yogur-al-estilo-griego-con-citricos-maracuya-680301.html,680301,ALDI,yogur,2026-09-23T13:01:14,3.3,KILO
LYTTOS®,Yogur griego ligero,1.39,kg = 1.85,pack de 6x125 g,https://www.aldi.es/producto/yogur-griego-ligero-601640800.html,601640800,ALDI,yogur,2026-09-23T13:01:14,1.85,KILO
MILSANI®,Yogur proteico de fresa,0.99,kg = 4.95,200 g unidad,https://www.aldi.es/producto/yogur-proteico-de-fresa-601627104.html,601627104,ALDI,yogur,2026-09-23T13:01:14,4.95,KILO
MILSANI®,Yogur proteico de arándanos,0.99,kg = 4.95,200 g unidad,https://www.aldi.es/producto/yogur-proteico-de-arandanos-601627103.html,601627103,ALDI,yogur,2026-09-23T13:01:14,4.95,KILO
MILSANI®,Yogur proteico de naranja y melocotón,0.99,kg = 4.95,200 g unidad,https://www.aldi.es/producto/yogur-proteico-de-naranja-y-melocoton-601627102.html,601627102,ALDI,yogur,2026-09-23T13:01:14,4.95,KILO
MILSANI®,Yogur proteico de frambuesa y granada,0.99,kg = 4.95,200 g unidad,https://www.aldi.es/producto/yogur-proteico-de-frambuesa-y-granada-601627101.html,601627101,ALDI,yogur,2026-09-23T13:01:14,4.95,KILO
MILSANI®,Yogur 00% de sabores,1.59,,pack de 8 x 125 g,https://www.aldi.es/producto/yogur-00percent-de-sabores-601532900.html,601532900,ALDI,yogur,2026-09-23T13:01:14,12.72,KILO
MILSANI®,Yogur de frutas con trozos,1.99,,pack de 8 x 125 g,https://www.aldi.es/producto/yogur-de-frutas-con-trozos-600692002.html,600692002,ALDI,yogur,2026-09-23T13:01:14,15.92,KILO
MILSANI®,Yogur de frutas sin trozos,1.99,,pack de 8 x 125 g,https://www.aldi.es/producto/yogur-de-frutas-sin-trozos-600692001.html,600692001,ALDI,yogur,2026-09-23T13:01:14,15.92,KILO
MILSANI®,Yogur 00% con trozos de fruta,1.85,,pack de 8 x 125 g,https://www.aldi.es/producto/yogur-00percent-con-trozos-de-fruta-600612100.html,600612100,ALDI,yogur,2026-09-23T13:01:14,14.8,KILO
MILSANI®,Yogur estilo griego de vainilla,1.59,kg = 2.12,pack de 6x125 g,https://www.aldi.es/producto/yogur-estilo-griego-de-vainilla-600565402.html,600565402,ALDI,yogur,2026-09-23T13:01:14,2.12,KILO
MILSANI®,Yogur estilo griego de fresa,1.59,kg = 2.12,pack de 6x125 g,https://www.aldi.es/producto/yogur-estilo-griego-de-fresa-600565401.html,600565401,ALDI,yogur,2026-09-23T13:01:14,2.12,KILO
MILSANI®,Yogur griego con piña,1.49,kg = 2.98,pack de 4x125 g,https://www.aldi.es/producto/yogur-griego-con-pina-600558405.html,600558405,ALDI,yogur,2026-09-23T13:01:14,2.98,KILO
MILSANI®,Yogur estilo griego con mango,1.49,kg = 2.98,pack de 4 x 125 g,https://www.aldi.es/producto/yogur-estilo-griego-con-mango-600558401.html,600558401,ALDI,yogur,2026-09-23T13:01:14,2.98,KILO
LYTTOS®,Yogur estilo griego con azúcar de caña,1.89,,1 kg unidad,https://www.aldi.es/producto/yogur-estilo-griego-con-azucar-de-cana-600471700.html,600471700,ALDI,yogur,2026-09-23T13:01:14,1.89,KILO
MILSANI®,Yogur natural con azúcar moreno de caña,1.29,,pack de 8 x 125 g,https://www.aldi.es/producto/yogur-natural-con-azucar-moreno-de-cana-600027900.html,600027900,ALDI,yogur,2026-09-23T13:01:14,10.32,KILO
MILSANI®,Yogur al estilo griego de stracciatella,1.79,kg = 2.39,pack de 6 x 125 g,https://www.aldi.es/producto/yogur-al-estilo-griego-de-stracciatella-214500.html,214500,ALDI,yogur,2026-09-23T13:01:14,2.39,KILO
GUTBIO®,Kéfir ecológico con mango y maracuyá,1.69,l = 3.38,500 ml unidad,https://www.aldi.es/producto/kefir-ecologico-con-mango-y-maracuya-902703.html,902703,ALDI,yogur,2026-09-23T13:01:14,3.38,LITRO
GUTBIO®,Kéfir ecológico con limón,1.69,l = 3.38,500 ml unidad,https://www.aldi.es/producto/kefir-ecologico-con-limon-902702.html,902702,ALDI,yogur,2026-09-23T13:01:14,3.38,LITRO
GUTBIO®,Kéfir ecológico natural,1.69,l = 3.38,500 ml unidad,https://www.aldi.es/producto/kefir-ecologico-natural-902701.html,902701,ALDI,yogur,2026-09-23T13:01:14,3.38,LITRO
MILSANI®,Queso quark,1.89,kg = 3.78,500 g unidad,https://www.aldi.es/producto/queso-quark-741800.html,741800,ALDI,yogur,2026-09-23T13:01:14,3.78,KILO
MILSANI®,Flan de queso,2.05,kg = 5.13,pack de 4x100 g,https://www.aldi.es/producto/flan-de-queso-693500.html,693500,ALDI,yogur,2026-09-23T13:01:14,5.13,KILO
MILSANI®,Copa de vainilla con nata,0.59,kg = 2.95,200 g unidad,https://www.aldi.es/producto/copa-de-vainilla-con-nata-688002.html,688002,ALDI,yogur,2026-09-23T13:01:14,2.95,KILO
MILSANI®,Copa de chocolate y nata,0.59,kg = 2.95,200 g unidad,https://www.aldi.es/producto/copa-de-chocolate-y-nata-688001.html,688001,ALDI,yogur,2026-09-23T13:01:14,2.95,KILO
MILSANI®,L. casei,2.19,kg = 1.83,pack de 12 x 100 g,https://www.aldi.es/producto/l-casei-686702.html,686702,ALDI,yogur,2026-09-23T13:01:14,1.83,KILO
MILSANI®,L. casei sabor fresa,2.19,kg = 1.83,pack de 12 x 100 g,https://www.aldi.es/producto/l-casei-sabor-fresa-686701.html,686701,ALDI,yogur,2026-09-23T13:01:14,1.83,KILO
MILSANI®,Natillas con galleta,1.09,kg = 2.18,pack de 4 x 125 g,https://www.aldi.es/producto/natillas-con-galleta-685300.html,685300,ALDI,yogur,2026-09-23T13:01:14,2.18,KILO
MILSANI®,Natillas de chocolate,0.99,kg = 1.98,pack de 4 x 125 g,https://www.aldi.es/producto/natillas-de-chocolate-684700.html,684700,ALDI,yogur,2026-09-23T13:01:14,1.98,KILO
MILSANI®,Flan de vainilla,1.05,kg = 1.75,pack de 6 x 100 g,https://www.aldi.es/producto/flan-de-vainilla-684500.html,684500,ALDI,yogur,2026-09-23T13:01:14,1.75,KILO
MILSANI®,Postre gelificado multifruta,0.79,kg = 1.32,pack de 6 x 100 g,https://www.aldi.es/producto/postre-gelificado-multifruta-681206.html,681206,ALDI,yogur,2026-09-23T13:01:14,1.32,KILO
MILSANI®,Postre gelificado sabor fresa,0.79,kg = 1.32,pack de 6 x 100 g,https://www.aldi.es/producto/postre-gelificado-sabor-fresa-681205.html,681205,ALDI,yogur,2026-09-23T13:01:14,1.32,KILO
MILSANI®,L. casei de sabores,2.19,kg = 1.83,pack de 12 x 100 g,https://www.aldi.es/producto/l-casei-de-sabores-681100.html,681100,ALDI,yogur,2026-09-23T13:01:14,1.83,KILO
MILSANI®,Bífidus con cereales 0%0%,1.25,kg = 2.50,pack de 4 x 125 g,https://www.aldi.es/producto/bifidus-con-cereales-0percent0percent-646904.html,646904,ALDI,yogur,2026-09-23T13:01:14,2.5,KILO
MILSANI®,Bífidus de vainilla,1.25,kg = 2.50,pack de 4x125 g,https://www.aldi.es/producto/bifidus-de-vainilla-646903.html,646903,ALDI,yogur,2026-09-23T13:01:14,2.5,KILO
MILSANI®,Kefir 500g,0.85,kg = 1.70,500 g unidad,https://www.aldi.es/producto/kefir-500g-602057900.html,602057900,ALDI,yogur,2026-09-23T13:01:14,1.7,KILO
MILSANI®,Bebida proteica sabor fresa,1.15,l = 3.46,332 ml unidad,https://www.aldi.es/producto/bebida-proteica-sabor-fresa-601833601.html,601833601,ALDI,yogur,2026-09-23T13:01:14,3.46,LITRO
DANONE®,Natillas de chocolate,1.94,kg = 4.04,pack de 4x120 g,https://www.aldi.es/producto/natillas-de-chocolate-601539802.html,601539802,ALDI,yogur,2026-09-23T13:01:14,4.04,KILO
DANONE®,Natillas de vainilla,1.94,kg = 4.04,pack de 4x120 g,https://www.aldi.es/producto/natillas-de-vainilla-601539800.html,601539800,ALDI,yogur,2026-09-23T13:01:14,4.04,KILO
MILSANI®,Mousse con chocolate,1.15,kg = 4.79,pack de 4 x 60 g,https://www.aldi.es/producto/mousse-con-chocolate-601192800.html,601192800,ALDI,yogur,2026-09-23T13:01:14,4.79,KILO
MILSANI®,Natilla proteica de chocolate,1.75,kg = 3.50,pack de 4 x 125 g,https://www.aldi.es/producto/natilla-proteica-de-chocolate-601158400.html,601158400,ALDI,yogur,2026-09-23T13:01:14,3.5,KILO
MILSANI®,Mousse proteica sabor vainilla,1.29,kg = 6.45,200 g unidad,https://www.aldi.es/producto/mousse-proteica-sabor-vainilla-600972702.html,600972702,ALDI,yogur,2026-09-23T13:01:14,6.45,KILO
MILSANI®,Mousse proteica sabor chocolate,1.29,kg = 6.45,200 g unidad,https://www.aldi.es/producto/mousse-proteica-sabor-chocolate-600972701.html,600972701,ALDI,yogur,2026-09-23T13:01:14,6.45,KILO
MILSANI®,Pudding proteico sabor caramelo,1.09,kg = 5.45,200 g unidad,https://www.aldi.es/producto/pudding-proteico-sabor-caramelo-600698803.html,600698803,ALDI,yogur,2026-09-23T13:01:14,5.45,KILO
BIO®,Kéfir de vaca ecológico,2.99,kg = 6.64,450 g unidad,https://www.aldi.es/producto/kefir-de-vaca-ecologico-600556700.html,600556700,ALDI,yogur,2026-09-23T13:01:14,6.64,KILO
MILSANI®,Petit de sabores,1.65,kg = 2.29,pack de 12x60 g,https://www.aldi.es/producto/petit-de-sabores-600508500.html,600508500,ALDI,yogur,2026-09-23T13:01:14,2.29,KILO
MILSANI®,Skyr natural proteico,0.75,kg = 5.00,150 g unidad,https://www.aldi.es/producto/skyr-natural-proteico-600439500.html,600439500,ALDI,yogur,2026-09-23T13:01:14,5.0,KILO
MYVAY®,Postre de soja sabor vainilla,1.55,kg = 3.88,pack de 4 x 100 g,https://www.aldi.es/producto/postre-de-soja-sabor-vainilla-59002.html,59002,ALDI,yogur,2026-09-23T13:01:14,3.88,KILO
MYVAY®,Postre de soja sabor chocolate,1.55,kg = 3.88,pack de 4 x 100 g,https://www.aldi.es/producto/postre-de-soja-sabor-chocolate-59001.html,59001,ALDI,yogur,2026-09-23T13:01:14,3.88,KILO
MILSANI®,Cuajada de vaca,1.15,kg = 2.30,pack de 4 x 125 g,https://www.aldi.es/producto/cuajada-de-vaca-45400.html,45400,ALDI,yogur,2026-09-23T13:01:14,2.3,KILO
MILSANI®,Gelatina de sabores 0%,0.95,kg = 1.58,pack de 6 x 100 g,https://www.aldi.es/producto/gelatina-de-sabores-0percent-377600.html,377600,ALDI,yogur,2026-09-23T13:01:14,1.58,KILO
MILSANI®,Natillas de vainilla,0.99,kg = 1.98,pack de 4 x 125 g,https://www.aldi.es/producto/natillas-de-vainilla-209600.html,209600,ALDI,yogur,2026-09-23T13:01:14,1.98,KILO
MILSANI®,Skyr proteico 00% con fresa,0.75,kg = 5.00,150 g unidad,https://www.aldi.es/producto/skyr-proteico-00percent-con-fresa-108504.html,108504,ALDI,yogur,2026-09-23T13:01:14,5.0,KILO
MILSANI®,Skyr proteico 00% con maracuyá,0.75,kg = 5.00,150 g unidad,https://www.aldi.es/producto/skyr-proteico-00percent-con-maracuya-108503.html,108503,ALDI,yogur,2026-09-23T13:01:14,5.0,KILO
MILSANI®,Copa de chocolate y nata,1.17,kg = 2.93,pack de 4 x 100 g,https://www.aldi.es/producto/copa-de-chocolate-y-nata-104700.html,104700,ALDI,yogur,2026-09-23T13:01:14,2.93,KILO
PLENO SABOR®,Queso mezcla tierno ya cortado,3.05,kg = 12.20,250 g unidad,https://www.aldi.es/producto/queso-mezcla-tierno-ya-cortado-956400.html,956400,ALDI,queso,2026-09-23T13:01:44,12.2,KILO
MILSANI®,Lonchas de queso de vaca,1.59,kg = 7.95,200 g unidad,https://www.aldi.es/producto/lonchas-de-queso-de-vaca-953400.html,953400,ALDI,queso,2026-09-23T13:01:44,7.95,KILO
FLETE®,Pizza de masa crujiente de queso de cabra,2.69,kg = 7.58,355 g unidad,https://www.aldi.es/producto/pizza-de-masa-crujiente-de-queso-de-cabra-928401.html,928401,ALDI,queso,2026-09-23T13:01:44,7.58,KILO
FLETE®,Baguettes 4 quesos,1.99,kg = 7.96,pack 2 x 125 g unidad,https://www.aldi.es/producto/baguettes-4-quesos-827206.html,827206,ALDI,queso,2026-09-23T13:01:44,7.96,KILO
PHILADELPHIA®,Queso para untar light,3.59,kg = 10.26,350 g unidad,https://www.aldi.es/producto/queso-para-untar-light-826700.html,826700,ALDI,queso,2026-09-23T13:01:44,10.26,KILO
PHILADELPHIA®,Queso cremoso para untar,3.59,kg = 10.26,350 g unidad,https://www.aldi.es/producto/queso-cremoso-para-untar-826600.html,826600,ALDI,queso,2026-09-23T13:01:44,10.26,KILO
MILSANI®,Queso fresco burgos,1.99,kg = 3.98,pack de 2 x 250 g,https://www.aldi.es/producto/queso-fresco-burgos-826000.html,826000,ALDI,queso,2026-09-23T13:01:44,3.98,KILO
TRADER JOE'S®,Jalapeños con queso,2.49,kg = 9.96,250 g unidad,https://www.aldi.es/producto/jalapenos-con-queso-822005.html,822005,ALDI,queso,2026-09-23T13:01:44,9.96,KILO
CUCINA®,Pizza de jamón y queso,2.39,kg = 5.76,415 g unidad,https://www.aldi.es/producto/pizza-de-jamon-y-queso-756500.html,756500,ALDI,queso,2026-09-23T13:01:44,5.76,KILO
CUCINA®,Pizza cuatro quesos,2.79,kg = 6.80,410 g unidad,https://www.aldi.es/producto/pizza-cuatro-quesos-754800.html,754800,ALDI,queso,2026-09-23T13:01:44,6.8,KILO
MILSANI®,Queso rallado emmental,1.85,kg = 7.40,250 g unidad,https://www.aldi.es/producto/queso-rallado-emmental-740800.html,740800,ALDI,queso,2026-09-23T13:01:44,7.4,KILO
ROI DE TREFLE®,Queso brie,1.59,kg = 7.95,200 g unidad,https://www.aldi.es/producto/queso-brie-740400.html,740400,ALDI,queso,2026-09-23T13:01:44,7.95,KILO
DESTRIER®,Queso Camembert,1.99,kg = 7.96,250 g unidad,https://www.aldi.es/producto/queso-camembert-740000.html,740000,ALDI,queso,2026-09-23T13:01:44,7.96,KILO
LYTTOS®,Queso al estilo tradicional,2.29,kg = 9.16,250 g unidad,https://www.aldi.es/producto/queso-al-estilo-tradicional-739600.html,739600,ALDI,queso,2026-09-23T13:01:44,9.16,KILO
MILSANI®,Queso fresco cottage,1.15,kg = 5.75,200 g unidad,https://www.aldi.es/producto/queso-fresco-cottage-738100.html,738100,ALDI,queso,2026-09-23T13:01:44,5.75,KILO
MILSANI®,Queso fresco batido desnatado 0%,0.98,kg = 1.96,500 g unidad,https://www.aldi.es/producto/queso-fresco-batido-desnatado-0percent-737900.html,737900,ALDI,queso,2026-09-23T13:01:44,1.96,KILO
MILSANI®,Queso cremoso para untar,1.39,kg = 4.63,300 g unidad,https://www.aldi.es/producto/queso-cremoso-para-untar-737700.html,737700,ALDI,queso,2026-09-23T13:01:44,4.63,KILO
CUCINA NOBILE®,Queso Gorgonzola picante,2.35,kg = 11.75,200 g unidad,https://www.aldi.es/producto/queso-gorgonzola-picante-737402.html,737402,ALDI,queso,2026-09-23T13:01:44,11.75,KILO
CUCINA NOBILE®,Queso Gorgonzola dulce,2.35,kg = 11.75,200 g unidad,https://www.aldi.es/producto/queso-gorgonzola-dulce-737401.html,737401,ALDI,queso,2026-09-23T13:01:44,11.75,KILO
LA TABLA®,Queso fundido en porciones,1.19,kg = 4.76,250 g unidad,https://www.aldi.es/producto/queso-fundido-en-porciones-737000.html,737000,ALDI,queso,2026-09-23T13:01:44,4.76,KILO
LYS BLEU®,Queso azul,2.95,kg = 14.75,200 g unidad,https://www.aldi.es/producto/queso-azul-736800.html,736800,ALDI,queso,2026-09-23T13:01:44,14.75,KILO
MILSANI®,Lonchas de queso de oveja,2.89,kg = 14.45,200 g unidad,https://www.aldi.es/producto/lonchas-de-queso-de-oveja-736200.html,736200,ALDI,queso,2026-09-23T13:01:44,14.45,KILO
MILSANI®,Rulo de queso fresco con cebollino,1.39,kg = 13.90,100 g unidad,https://www.aldi.es/producto/rulo-de-queso-fresco-con-cebollino-735904.html,735904,ALDI,queso,2026-09-23T13:01:44,13.9,KILO
MILSANI®,Rulo de queso fresco con piña y almendras,1.39,kg = 13.90,100 g unidad,https://www.aldi.es/producto/rulo-de-queso-fresco-con-pina-y-almendras-735903.html,735903,ALDI,queso,2026-09-23T13:01:44,13.9,KILO
MILSANI®,Queso blanco,5.29,kg = 10.58,500 g unidad,https://www.aldi.es/producto/queso-blanco-735500.html,735500,ALDI,queso,2026-09-23T13:01:44,10.58,KILO
MILSANI®,Queso blando de los Alpes picante y cremoso,3.99,kg = 11.40,350 g unidad,https://www.aldi.es/producto/queso-blando-de-los-alpes-picante-y-cremoso-734604.html,734604,ALDI,queso,2026-09-23T13:01:44,11.4,KILO
MILSANI®,Queso blando de los Alpes suave y cremoso,3.99,kg = 11.40,350 g unidad,https://www.aldi.es/producto/queso-blando-de-los-alpes-suave-y-cremoso-734603.html,734603,ALDI,queso,2026-09-23T13:01:44,11.4,KILO
MILSANI®,Queso emmental,3.43,kg = 8.58,400 g unidad,https://www.aldi.es/producto/queso-emmental-734000.html,734000,ALDI,queso,2026-09-23T13:01:44,8.58,KILO
MILSANI®,Queso semicurado,2.29,kg = 11.45,200 g unidad,https://www.aldi.es/producto/queso-semicurado-733000.html,733000,ALDI,queso,2026-09-23T13:01:44,11.45,KILO
MILSANI®,Lonchas de queso gouda,2.49,kg = 6.23,400 g unidad,https://www.aldi.es/producto/lonchas-de-queso-gouda-732800.html,732800,ALDI,queso,2026-09-23T13:01:44,6.23,KILO
PLENO SABOR®,Queso de oveja curado,3.39,kg = 13.56,250 g unidad,https://www.aldi.es/producto/queso-de-oveja-curado-732600.html,732600,ALDI,queso,2026-09-23T13:01:44,13.56,KILO
MILSANI®,Lonchas de queso de cabra,2.89,kg = 14.45,200 g unidad,https://www.aldi.es/producto/lonchas-de-queso-de-cabra-732300.html,732300,ALDI,queso,2026-09-23T13:01:44,14.45,KILO
LA TABLA®,Queso ibérico viejo,3.49,kg = 13.96,250 g unidad,https://www.aldi.es/producto/queso-iberico-viejo-732200.html,732200,ALDI,queso,2026-09-23T13:01:44,13.96,KILO
MILSANI®,Queso de cabra,2.29,kg = 12.72,180 g unidad,https://www.aldi.es/producto/queso-de-cabra-731900.html,731900,ALDI,queso,2026-09-23T13:01:44,12.72,KILO
MILSANI®,Lonchas de queso tierno,1.95,kg = 9.75,200 g unidad,https://www.aldi.es/producto/lonchas-de-queso-tierno-731400.html,731400,ALDI,queso,2026-09-23T13:01:44,9.75,KILO
LA TABLA®,Queso curado,9.79,kg = 11.13,880 g unidad,https://www.aldi.es/producto/queso-curado-730800.html,730800,ALDI,queso,2026-09-23T13:01:44,11.13,KILO
LA TABLA®,Queso de cabra semicurado,3.29,kg = 13.16,250 g unidad,https://www.aldi.es/producto/queso-de-cabra-semicurado-730702.html,730702,ALDI,queso,2026-09-23T13:01:44,13.16,KILO
LA TABLA®,Queso de cabra tierno,3.29,kg = 13.16,250 g unidad,https://www.aldi.es/producto/queso-de-cabra-tierno-730701.html,730701,ALDI,queso,2026-09-23T13:01:44,13.16,KILO
LA TABLA®,Queso tierno,7.95,kg = 8.11,980 g unidad,https://www.aldi.es/producto/queso-tierno-730000.html,730000,ALDI,queso,2026-09-23T13:01:44,8.11,KILO
LA VACA QUE RÍE®,Queso fundido en porciones,2.99,kg = 11.96,250 g unidad,https://www.aldi.es/producto/queso-fundido-en-porciones-698800.html,698800,ALDI,queso,2026-09-23T13:01:44,11.96,KILO
MILSANI®,Queso cheddar vintage,2.28,kg = 9.12,250 g unidad,https://www.aldi.es/producto/queso-cheddar-vintage-695502.html,695502,ALDI,queso,2026-09-23T13:01:44,9.12,KILO
MILSANI®,Queso cheddar mature,2.28,kg = 9.12,250 g unidad,https://www.aldi.es/producto/queso-cheddar-mature-695501.html,695501,ALDI,queso,2026-09-23T13:01:44,9.12,KILO
MILSANI®,Lonchas de queso ahumado,2.29,kg = 11.45,200 g unidad,https://www.aldi.es/producto/lonchas-de-queso-ahumado-601942000.html,601942000,ALDI,queso,2026-09-23T13:01:44,11.45,KILO
LA TABLA®,Queso mezcla viejo intenso,3.49,kg = 13.96,250 g unidad,https://www.aldi.es/producto/queso-mezcla-viejo-intenso-601837100.html,601837100,ALDI,queso,2026-09-23T13:01:44,13.96,KILO
MILSANI®,Dados de queso,1.15,kg = 9.20,125 g unidad,https://www.aldi.es/producto/dados-de-queso-601772100.html,601772100,ALDI,queso,2026-09-23T13:01:44,9.2,KILO
LYTTOS®,Queso cremoso,2.39,kg = 6.29,300 g unidad,https://www.aldi.es/producto/queso-cremoso-601729800.html,601729800,ALDI,queso,2026-09-23T13:01:44,6.29,KILO
TRADER JOE'S®,Salsa de queso para dippear con Jalapeño,1.59,kg = 10.60,150 g unidad,https://www.aldi.es/producto/salsa-de-queso-para-dippear-con-jalapeno-601729702.html,601729702,ALDI,queso,2026-09-23T13:01:44,10.6,KILO
TRADER JOE'S®,Salsa de queso para dippear,1.59,kg = 10.60,150 g unidad,https://www.aldi.es/producto/salsa-de-queso-para-dippear-601729701.html,601729701,ALDI,queso,2026-09-23T13:01:44,10.6,KILO
LA TABLA®,Queso de oveja viejo,21.56,kg = 13.56,"1,5 kg aprox. / unidad",https://www.aldi.es/producto/queso-de-oveja-viejo-601639100.html,601639100,ALDI,queso,2026-09-23T13:01:44,13.56,KILO
LA TABLA®,Queso de oveja con trufa,4.29,kg = 21.45,200 g unidad,https://www.aldi.es/producto/queso-de-oveja-con-trufa-601637400.html,601637400,ALDI,queso,2026-09-23T13:01:44,21.45,KILO
MILSANI®,Queso cremoso azul,1.99,kg = 13.27,150 g unidad,https://www.aldi.es/producto/queso-cremoso-azul-601611005.html,601611005,ALDI,queso,2026-09-23T13:01:44,13.27,KILO
MILSANI®,Queso cremoso picante,1.99,kg = 13.27,150 g unidad,https://www.aldi.es/producto/queso-cremoso-picante-601611004.html,601611004,ALDI,queso,2026-09-23T13:01:44,13.27,KILO
MILSANI®,Queso cremoso suave,1.99,kg = 13.27,150 g unidad,https://www.aldi.es/producto/queso-cremoso-suave-601611002.html,601611002,ALDI,queso,2026-09-23T13:01:44,13.27,KILO
MILSANI®,Lonchas de queso mozzarella,1.69,kg = 8.45,200 g unidad,https://www.aldi.es/producto/lonchas-de-queso-mozzarella-601597800.html,601597800,ALDI,queso,2026-09-23T13:01:44,8.45,KILO
MILSANI®,Queso rallado mozzarella,1.95,kg = 7.80,250 g unidad,https://www.aldi.es/producto/queso-rallado-mozzarella-601593000.html,601593000,ALDI,queso,2026-09-23T13:01:44,7.8,KILO
LA TABLA®,Queso Arzúa-Ulloa DOP,5.89,kg = 10.71,550 g unidad,https://www.aldi.es/producto/queso-arzua-ulloa-dop-601581200.html,601581200,ALDI,queso,2026-09-23T13:01:44,10.71,KILO
LA TABLA®,Queso fundido en porciones light,1.49,kg = 5.96,250 g unidad,https://www.aldi.es/producto/queso-fundido-en-porciones-light-601559400.html,601559400,ALDI,queso,2026-09-23T13:01:44,5.96,KILO
MILSANI®,Queso gouda añejo,3.29,kg = 16.45,200 g unidad,https://www.aldi.es/producto/queso-gouda-anejo-601517700.html,601517700,ALDI,queso,2026-09-23T13:01:44,16.45,KILO
MILSANI®,Lonchas de queso edam,2.55,kg = 6.38,400 g unidad,https://www.aldi.es/producto/lonchas-de-queso-edam-601418600.html,601418600,ALDI,queso,2026-09-23T13:01:44,6.38,KILO
MILSANI®,Lonchas de quesos internacionales,1.99,kg = 7.96,250 g unidad,https://www.aldi.es/producto/lonchas-de-quesos-internacionales-601417900.html,601417900,ALDI,queso,2026-09-23T13:01:44,7.96,KILO
MILSANI®,Queso fresco burgos 0%,1.09,kg = 4.36,250 g unidad,https://www.aldi.es/producto/queso-fresco-burgos-0percent-601416900.html,601416900,ALDI,queso,2026-09-23T13:01:44,4.36,KILO
MILSANI®,Queso fresco burgos,1.09,kg = 4.36,250 g unidad,https://www.aldi.es/producto/queso-fresco-burgos-601416800.html,601416800,ALDI,queso,2026-09-23T13:01:44,4.36,KILO
MILSANI®,Queso rallado especial para fundir,1.9,kg = 4.75,400 g unidad,https://www.aldi.es/producto/queso-rallado-especial-para-fundir-601415200.html,601415200,ALDI,queso,2026-09-23T13:01:44,4.75,KILO
SPECIAL®,Tabla de quesos internacionales,3.99,kg = 22.80,175 g unidad,https://www.aldi.es/producto/tabla-de-quesos-internacionales-601372100.html,601372100,ALDI,queso,2026-09-23T13:01:44,22.8,KILO
BABYBEL®,Queso tierno en porciones,3.9,kg = 24.38,pack de 8 x 20 g,https://www.aldi.es/producto/queso-tierno-en-porciones-601371000.html,601371000,ALDI,queso,2026-09-23T13:01:44,24.38,KILO
MILSANI®,Lonchas de queso para sándwich,2.2,kg = 5.50,400 g unidad,https://www.aldi.es/producto/lonchas-de-queso-para-sandwich-601369800.html,601369800,ALDI,queso,2026-09-23T13:01:44,5.5,KILO
MAMMA MANCINI®,Minipizza 3 quesos,2.99,kg = 11.07,270 g unidad,https://www.aldi.es/producto/minipizza-3-quesos-601341106.html,601341106,ALDI,queso,2026-09-23T13:01:44,11.07,KILO
MAMMA MANCINI®,Minipizza jamón y queso,2.99,kg = 11.07,270 g unidad,https://www.aldi.es/producto/minipizza-jamon-y-queso-601341105.html,601341105,ALDI,queso,2026-09-23T13:01:44,11.07,KILO
MILSANI®,Queso rallado mezcla de 4 quesos,1.69,kg = 8.45,200 g unidad,https://www.aldi.es/producto/queso-rallado-mezcla-de-4-quesos-601324500.html,601324500,ALDI,queso,2026-09-23T13:01:44,8.45,KILO
LA TABLA®,Queso rallado mozzarella,1.59,kg = 7.95,200 g unidad,https://www.aldi.es/producto/queso-rallado-mozzarella-601324400.html,601324400,ALDI,queso,2026-09-23T13:01:44,7.95,KILO
MILSANI®,Lonchas de queso cremoso light,2.69,kg = 8.97,300 g unidad,https://www.aldi.es/producto/lonchas-de-queso-cremoso-light-601268202.html,601268202,ALDI,queso,2026-09-23T13:01:44,8.97,KILO
MILSANI®,Lonchas de queso cremoso,2.69,kg = 8.97,300 g unidad,https://www.aldi.es/producto/lonchas-de-queso-cremoso-601268201.html,601268201,ALDI,queso,2026-09-23T13:01:44,8.97,KILO
LA TABLA®,Queso de oveja ahumado V de Navarra,4.29,kg = 17.16,250 g unidad,https://www.aldi.es/producto/queso-de-oveja-ahumado-v-de-navarra-601233500.html,601233500,ALDI,queso,2026-09-23T13:01:44,17.16,KILO
LA TABLA®,Queso mezcla viejo tostado,2.99,kg = 11.96,250 g unidad,https://www.aldi.es/producto/queso-mezcla-viejo-tostado-601225000.html,601225000,ALDI,queso,2026-09-23T13:01:44,11.96,KILO
MILSANI®,Queso sin lactosa en lonchas,1.77,kg = 11.80,150 g unidad,https://www.aldi.es/producto/queso-sin-lactosa-en-lonchas-601224700.html,601224700,ALDI,queso,2026-09-23T13:01:44,11.8,KILO
PLENO SABOR®,Queso de oveja añejo,2.99,kg = 14.95,200 g unidad,https://www.aldi.es/producto/queso-de-oveja-anejo-601158800.html,601158800,ALDI,queso,2026-09-23T13:01:44,14.95,KILO
MILSANI®,Queso rallado mozzarella XXL,2.99,kg = 7.48,400 g unidad,https://www.aldi.es/producto/queso-rallado-mozzarella-xxl-601151700.html,601151700,ALDI,queso,2026-09-23T13:01:44,7.48,KILO
PLENO SABOR®,Queso de oveja viejo,2.89,kg = 14.45,200 g unidad,https://www.aldi.es/producto/queso-de-oveja-viejo-601144800.html,601144800,ALDI,queso,2026-09-23T13:01:44,14.45,KILO
VITALIS®,Barrita proteica tarta de queso y limón,1.25,kg = 31.25,40 g unidad,https://www.aldi.es/producto/barrita-proteica-tarta-de-queso-y-limon-601128103.html,601128103,ALDI,queso,2026-09-23T13:01:44,31.25,KILO
LA TABLA®,Queso cremoso para untar 0%,1.35,kg = 4.50,300 g unidad,https://www.aldi.es/producto/queso-cremoso-para-untar-0percent-600901100.html,600901100,ALDI,queso,2026-09-23T13:01:44,4.5,KILO
MILSANI®,Queso gouda,3.19,kg = 7.09,450 g unidad,https://www.aldi.es/producto/queso-gouda-600680400.html,600680400,ALDI,queso,2026-09-23T13:01:44,7.09,KILO
MILSANI®,Queso edam,3.39,kg = 7.45,455 g unidad,https://www.aldi.es/producto/queso-edam-600660100.html,600660100,ALDI,queso,2026-09-23T13:01:44,7.45,KILO
MILSANI®,Queso rallado 4 quesos XXL,3.29,kg = 8.23,400 g unidad,https://www.aldi.es/producto/queso-rallado-4-quesos-xxl-600582700.html,600582700,ALDI,queso,2026-09-23T13:01:44,8.23,KILO
CUCINA NOBILE®,Queso grana padano,3.09,kg = 15.45,200 g unidad,https://www.aldi.es/producto/queso-grana-padano-600471400.html,600471400,ALDI,queso,2026-09-23T13:01:44,15.45,KILO
LA TABLA®,Queso manchego DOP añejo,3.99,kg = 19.95,200 g unidad,https://www.aldi.es/producto/queso-manchego-dop-anejo-600344700.html,600344700,ALDI,queso,2026-09-23T13:01:44,19.95,KILO
MY VEGGIE DAY®,Escalope vegetariano con queso emmental,2.39,kg = 11.95,200 g unidad,https://www.aldi.es/producto/escalope-vegetariano-con-queso-emmental-587802.html,587802,ALDI,queso,2026-09-23T13:01:44,11.95,KILO
DAYLICIOUS®,Hamburguesas de vacuno con queso,2.49,kg = 7.78,320 g pack / set,https://www.aldi.es/producto/hamburguesas-de-vacuno-con-queso-520101.html,520101,ALDI,queso,2026-09-23T13:01:44,7.78,KILO
FLETE®,Pizza masa fina 4 quesos,2.49,kg = 7.32,340 g unidad,https://www.aldi.es/producto/pizza-masa-fina-4-quesos-51202.html,51202,ALDI,queso,2026-09-23T13:01:44,7.32,KILO
FLETE®,Pizza masa fina de jamón y queso,2.49,kg = 7.55,330 g unidad,https://www.aldi.es/producto/pizza-masa-fina-de-jamon-y-queso-51201.html,51201,ALDI,queso,2026-09-23T13:01:44,7.55,KILO
LA TABLA®,Lonchas de queso emmental,1.99,kg = 9.95,200 g unidad,https://www.aldi.es/producto/lonchas-de-queso-emmental-414600.html,414600,ALDI,queso,2026-09-23T13:01:44,9.95,KILO
LA TABLA®,Queso tierno,2.59,kg = 8.63,300 g unidad,https://www.aldi.es/producto/queso-tierno-305500.html,305500,ALDI,queso,2026-09-23T13:01:44,8.63,KILO
PLENO SABOR®,Queso semicurado,2.85,kg = 9.50,300 g unidad,https://www.aldi.es/producto/queso-semicurado-182700.html,182700,ALDI,queso,2026-09-23T13:01:44,9.5,KILO
LA TABLA®,Queso curado,3.35,kg = 11.17,300 g unidad,https://www.aldi.es/producto/queso-curado-181600.html,181600,ALDI,queso,2026-09-23T13:01:44,11.17,KILO
CUCINA®,Mozzarella light,0.85,kg = 6.80,125 g unidad,https://www.aldi.es/producto/mozzarella-light-730202.html,730202,ALDI,queso,2026-09-23T13:01:44,6.8,KILO
CUCINA®,Mozzarella,0.85,kg = 6.80,125 g unidad,https://www.aldi.es/producto/mozzarella-730200.html,730200,ALDI,queso,2026-09-23T13:01:44,6.8,KILO
CUCINA®,Provolone dulce,1.79,kg = 11.93,150 g unidad,https://www.aldi.es/producto/provolone-dulce-699702.html,699702,ALDI,queso,2026-09-23T13:01:44,11.93,KILO
CUCINA®,Provolone con orégano,1.79,kg = 11.93,150 g unidad,https://www.aldi.es/producto/provolone-con-oregano-699701.html,699701,ALDI,queso,2026-09-23T13:01:44,11.93,KILO
CUCINA®,Mozzarella mini,1.49,kg = 11.92,125 g unidad,https://www.aldi.es/producto/mozzarella-mini-694300.html,694300,ALDI,queso,2026-09-23T13:01:44,11.92,KILO
CUCINA®,Scamorza ahumada,2.99,kg = 11.96,250 g unidad,https://www.aldi.es/producto/scamorza-ahumada-601663600.html,601663600,ALDI,queso,2026-09-23T13:01:44,11.96,KILO
CUCINA®,Ricotta,1.65,kg = 6.60,250 g unidad,https://www.aldi.es/producto/ricotta-601404602.html,601404602,ALDI,queso,2026-09-23T13:01:44,6.6,KILO
CUCINA®,Burrata,1.65,kg = 13.75,120 g unidad,https://www.aldi.es/producto/burrata-601404601.html,601404601,ALDI,queso,2026-09-23T13:01:44,13.75,KILO
AQUA®,Agua mineral con gas,0.41,l = 0.33,"1,25 l unidad",https://www.aldi.es/producto/agua-mineral-con-gas-17400.html,17400,ALDI,agua,2026-09-23T13:01:51,0.33,LITRO
AQUA®,Agua mineral natural,0.28,l = 0.85,330 ml unidad,https://www.aldi.es/producto/agua-mineral-natural-16900.html,16900,ALDI,agua,2026-09-23T13:01:51,0.85,LITRO
,Aguacate,1.09,kg = 4.80,227 g aprox. unidad,https://www.aldi.es/producto/aguacate-896600.html,896600,ALDI,agua,2026-09-23T13:01:51,4.8,KILO
GARNIER®,Agua micelar,4.99,100-ml = 1.25,400 ml unidad,https://www.aldi.es/producto/agua-micelar-601058801.html,601058801,ALDI,agua,2026-09-23T13:01:51,12.5,LITRO
TANDIL®,Agua destilada,0.89,l = 0.45,2 l unidad,https://www.aldi.es/producto/agua-destilada-600761200.html,600761200,ALDI,agua,2026-09-23T13:01:51,0.45,LITRO
TRADER JOE'S®,Pipas gigantes aguasal,1.05,kg = 5.25,200 g unidad,https://www.aldi.es/producto/pipas-gigantes-aguasal-450200.html,450200,ALDI,agua,2026-09-23T13:01:51,5.25,KILO
LACURA®,Toallitas desmaquillantes con agua micelar,1.35,toallita = 0.05,pack de 25 toallitas,https://www.aldi.es/producto/toallitas-desmaquillantes-con-agua-micelar-379005.html,379005,ALDI,agua,2026-09-23T13:01:51,0.05,TOALLITA
LACURA NATURE®,Agua micelar,3.59,100-ml = 1.80,200 ml unidad,https://www.aldi.es/producto/agua-micelar-312400.html,312400,ALDI,agua,2026-09-23T13:01:51,18.0,LITRO
DESPERADOS®,Cerveza lager aromatizada con agave,1.25,l = 3.79,"0,33 l unidad",https://www.aldi.es/producto/cerveza-lager-aromatizada-con-agave-616700.html,616700,ALDI,agua,2026-09-23T13:01:51,3.79,LITRO
BIO®,Sirope de ágave ecológico,2.79,kg = 7.97,350 g unidad,https://www.aldi.es/producto/sirope-de-agave-ecologico-600952900.html,600952900,ALDI,agua,2026-09-23T13:01:51,7.97,KILO
AQUARIUS®,Bebida hidratante sabor limón,1.91,l = 1.27,"1,5 l unidad",https://www.aldi.es/producto/bebida-hidratante-sabor-limon-35700.html,35700,ALDI,agua,2026-09-23T13:01:51,1.27,LITRO
AQUARIUS®,Bebida hidratante sabor naranja,1.91,l = 1.27,"1,5 l unidad",https://www.aldi.es/producto/bebida-hidratante-sabor-naranja-103600.html,103600,ALDI,agua,2026-09-23T13:01:51,1.27,LITRO
RIO D'ORO®,Zumo exprimido de naranja con pulpa,1.99,,1 l unidad,https://www.aldi.es/producto/zumo-exprimido-de-naranja-con-pulpa-694400.html,694400,ALDI,zumo,2026-09-23T13:01:57,1.99,LITRO
RIO D'ORO®,Zumo de melocotón y uva,1.45,l = 0.97,"1,5 l unidad",https://www.aldi.es/producto/zumo-de-melocoton-y-uva-673600.html,673600,ALDI,zumo,2026-09-23T13:01:57,0.97,LITRO
RIO D'ORO®,Zumo de naranja concentrado,2.59,l = 1.73,1 l unidad,https://www.aldi.es/producto/zumo-de-naranja-concentrado-601678700.html,601678700,ALDI,zumo,2026-09-23T13:01:57,1.73,LITRO
LA VILLA®,Zumo de lima concentrado,0.95,l = 4.75,200 ml unidad,https://www.aldi.es/producto/zumo-de-lima-concentrado-601494604.html,601494604,ALDI,zumo,2026-09-23T13:01:57,4.75,LITRO
LA VILLA®,Zumo de limón concentrado,0.95,l = 4.75,200 ml unidad,https://www.aldi.es/producto/zumo-de-limon-concentrado-601494603.html,601494603,ALDI,zumo,2026-09-23T13:01:57,4.75,LITRO
RIO D'ORO®,Zumo exprimido de piña,2.49,,1 l unidad,https://www.aldi.es/producto/zumo-exprimido-de-pina-600904000.html,600904000,ALDI,zumo,2026-09-23T13:01:57,2.49,LITRO
RIO D'ORO®,Zumo exprimido de mandarina,1.75,,1 l unidad,https://www.aldi.es/producto/zumo-exprimido-de-mandarina-600505200.html,600505200,ALDI,zumo,2026-09-23T13:01:57,1.75,LITRO
RIO D'ORO®,Zumo exprimido de naranja sin pulpa,1.79,,1 l unidad,https://www.aldi.es/producto/zumo-exprimido-de-naranja-sin-pulpa-21600.html,21600,ALDI,zumo,2026-09-23T13:01:57,1.79,LITRO
RIO D'ORO®,Zumo de melocotón y uva,1.45,l = 1.21,pack de 6 x 200 ml,https://www.aldi.es/producto/zumo-de-melocoton-y-uva-20400.html,20400,ALDI,zumo,2026-09-23T13:01:57,1.21,LITRO
RIO D'ORO®,Zumo exprimido de naranja con pulpa,1.79,,1 l unidad,https://www.aldi.es/producto/zumo-exprimido-de-naranja-con-pulpa-18100.html,18100,ALDI,zumo,2026-09-23T13:01:57,1.79,LITRO
RIO D'ORO®,Bebida de piña,1.05,,1 l unidad,https://www.aldi.es/producto/bebida-de-pina-95000.html,95000,ALDI,zumo,2026-09-23T13:01:57,1.05,LITRO
RIO D'ORO®,Bebida Bahamas,1.19,l = 0.60,2 l unidad,https://www.aldi.es/producto/bebida-bahamas-600004300.html,600004300,ALDI,zumo,2026-09-23T13:01:57,0.6,LITRO
,Suprema de atún,3.98,kg = 18.49,215 g aprox. / unidad,https://www.aldi.es/producto/suprema-de-atun-840500.html,840500,ALDI,atún,2026-09-23T13:02:04,18.49,KILO
FLETE®,Empanadillas de atún y bonito,0.89,kg = 3.56,250 g unidad,https://www.aldi.es/producto/empanadillas-de-atun-y-bonito-821900.html,821900,ALDI,atún,2026-09-23T13:02:04,3.56,KILO
GOLDEN SEAFOOD®,Filetes de atún,5.99,kg = 16.64,360 g unidad,https://www.aldi.es/producto/filetes-de-atun-819400.html,819400,ALDI,atún,2026-09-23T13:02:04,16.64,KILO
FLETE®,Pizza de masa fina con atún,2.59,kg = 7.30,355 g unidad,https://www.aldi.es/producto/pizza-de-masa-fina-con-atun-699301.html,699301,ALDI,atún,2026-09-23T13:02:04,7.3,KILO
SAL DE PLATA®,Atún claro con aceite de oliva bajo en sal,2.99,kg = 16.61,pack 3 x 60 g peso esc. unidad,https://www.aldi.es/producto/atun-claro-con-aceite-de-oliva-bajo-en-sal-644000.html,644000,ALDI,atún,2026-09-23T13:02:04,16.61,KILO
SAL DE PLATA®,Atún al natural,1.95,kg = 12.50,pack de 3 x 52 g peso esc.,https://www.aldi.es/producto/atun-al-natural-601617100.html,601617100,ALDI,atún,2026-09-23T13:02:04,12.5,KILO
TESOUROS®,Paté de atún,1.69,kg = 19.20,pack de 4 x 22 g,https://www.aldi.es/producto/pate-de-atun-601595902.html,601595902,ALDI,atún,2026-09-23T13:02:04,19.2,KILO
SAL DE PLATA®,Atún en aceite de oliva,2.45,kg = 15.71,pack de 3 x 52 g peso esc.,https://www.aldi.es/producto/atun-en-aceite-de-oliva-601579900.html,601579900,ALDI,atún,2026-09-23T13:02:04,15.71,KILO
LA COCINA®,Ensalada de atún a la italiana,1.99,kg = 12.44,160 g unidad,https://www.aldi.es/producto/ensalada-de-atun-a-la-italiana-601468103.html,601468103,ALDI,atún,2026-09-23T13:02:04,12.44,KILO
LA COCINA®,Ensalada de atún a la mexicana,1.99,kg = 12.44,160 g unidad,https://www.aldi.es/producto/ensalada-de-atun-a-la-mexicana-601468102.html,601468102,ALDI,atún,2026-09-23T13:02:04,12.44,KILO
LA COCINA®,Ensalada de espelta y quinoa picante con atún,1.99,kg = 12.44,160 g unidad,https://www.aldi.es/producto/ensalada-de-espelta-y-quinoa-picante-con-atun-601468101.html,601468101,ALDI,atún,2026-09-23T13:02:04,12.44,KILO
LA TABLA®,Paté de atún con aceite de oliva,1.79,kg = 22.38,pack de 3 x 80 g,https://www.aldi.es/producto/pate-de-atun-con-aceite-de-oliva-601439502.html,601439502,ALDI,atún,2026-09-23T13:02:04,22.38,KILO
SAL DE PLATA®,Atún en aceite de oliva,7.69,kg = 11.83,650 g peso esc. unidad,https://www.aldi.es/producto/atun-en-aceite-de-oliva-600840800.html,600840800,ALDI,atún,2026-09-23T13:02:04,11.83,KILO
SAL DE PLATA®,Atún claro en aceite de girasol,2.19,kg = 14.04,pack de 3x52 g peso esc.,https://www.aldi.es/producto/atun-claro-en-aceite-de-girasol-600772200.html,600772200,ALDI,atún,2026-09-23T13:02:04,14.04,KILO
SAL DE PLATA®,Atún claro al natural,4.02,kg = 11.17,pack de 6 x 60 g peso esc.,https://www.aldi.es/producto/atun-claro-al-natural-547100.html,547100,ALDI,atún,2026-09-23T13:02:04,11.17,KILO
SAL DE PLATA®,Atún en aceite de girasol,6.49,kg = 9.98,650 g peso esc. unidad,https://www.aldi.es/producto/atun-en-aceite-de-girasol-522200.html,522200,ALDI,atún,2026-09-23T13:02:04,9.98,KILO
SAL DE PLATA®,Atún claro en aceite de oliva,4.82,kg = 13.39,pack de 6 x 60 g peso esc.,https://www.aldi.es/producto/atun-claro-en-aceite-de-oliva-48800.html,48800,ALDI,atún,2026-09-23T13:02:04,13.39,KILO
SPECIAL®,Canelones con atún,1.99,kg = 6.63,300 g unidad,https://www.aldi.es/producto/canelones-con-atun-464002.html,464002,ALDI,atún,2026-09-23T13:02:04,6.63,KILO
BIO®,Garbanzos cocidos ecológicos,1.99,kg = 4.98,400 g peso esc. unidad,https://www.aldi.es/producto/garbanzos-cocidos-ecologicos-601261900.html,601261900,ALDI,garbanzos,2026-09-23T13:02:08,4.98,KILO
ALL SEASONS®,Garbanzos cocidos extra,0.75,kg = 1.88,400 g peso esc. unidad,https://www.aldi.es/producto/garbanzos-cocidos-extra-501000.html,501000,ALDI,garbanzos,2026-09-23T13:02:08,1.88,KILO
EL CULTIVADOR®,Garbanzo extra,2.09,,1 kg unidad,https://www.aldi.es/producto/garbanzo-extra-500000.html,500000,ALDI,garbanzos,2026-09-23T13:02:08,2.09,KILO
OLEARIA DEL OLIVAR®,Aceite de oliva virgen extra,12.8,l = 4.27,3 l unidad,https://www.aldi.es/producto/aceite-de-oliva-virgen-extra-662500.html,662500,ALDI,aceite,2026-09-23T13:02:26,4.27,LITRO
COOSUR®,Aceite de oliva virgen extra,4.99,= 4.99,1 l unidad,https://www.aldi.es/producto/aceite-de-oliva-virgen-extra-602031000.html,602031000,ALDI,aceite,2026-09-23T13:02:26,4.99,LITRO
CARBONELL®,Aceite de oliva suave,5.75,,1 l unidad,https://www.aldi.es/producto/aceite-de-oliva-suave-602030900.html,602030900,ALDI,aceite,2026-09-23T13:02:26,5.75,LITRO
SAL DE PLATA®,Sardinas en aceite de oliva,2.75,kg = 16.37,pack de 2 x 84 g peso esc.,https://www.aldi.es/producto/sardinas-en-aceite-de-oliva-601874700.html,601874700,ALDI,aceite,2026-09-23T13:02:26,16.37,KILO
OLEARIA DEL OLIVAR®,Aceite de oliva suave,11.25,l = 3.75,3 l unidad,https://www.aldi.es/producto/aceite-de-oliva-suave-601186400.html,601186400,ALDI,aceite,2026-09-23T13:02:26,3.75,LITRO
JOHNSON'S BABY®,Aceite dulces sueños Johnson's Baby,3.99,100-ml = 1.33,300 ml unidad,https://www.aldi.es/producto/aceite-dulces-suenos-johnsons-baby-601096802.html,601096802,ALDI,aceite,2026-09-23T13:02:26,13.3,LITRO
GARNIER®,Aceite micelar,4.99,100-ml = 1.25,400 ml unidad,https://www.aldi.es/producto/aceite-micelar-601058802.html,601058802,ALDI,aceite,2026-09-23T13:02:26,12.5,LITRO
SAL DE PLATA®,Sardinillas en aceite de girasol,1.99,kg = 15.31,pack de 2x65 g peso esc.,https://www.aldi.es/producto/sardinillas-en-aceite-de-girasol-600536900.html,600536900,ALDI,aceite,2026-09-23T13:02:26,15.31,KILO
LACURA®,Aceite corporal de almendras,2.79,100-ml = 1.40,200 ml unidad,https://www.aldi.es/producto/aceite-corporal-de-almendras-600383200.html,600383200,ALDI,aceite,2026-09-23T13:02:26,14.0,LITRO
SAL DE PLATA®,Bonito del norte en aceite de oliva,1.47,kg = 20.42,72 g peso esc. unidad,https://www.aldi.es/producto/bonito-del-norte-en-aceite-de-oliva-600003500.html,600003500,ALDI,aceite,2026-09-23T13:02:26,20.42,KILO
SAL DE PLATA®,Caballa del sur en aceite de oliva,1.99,kg = 24.88,80 g unidad,https://www.aldi.es/producto/caballa-del-sur-en-aceite-de-oliva-212800.html,212800,ALDI,aceite,2026-09-23T13:02:26,24.88,KILO
OLEARIA DEL OLIVAR®,Aceite de oliva virgen,12.0,l = 4.00,3 l unidad,https://www.aldi.es/producto/aceite-de-oliva-virgen-156500.html,156500,ALDI,aceite,2026-09-23T13:02:26,4.0,LITRO
LACURA®,Aceite esencial de lavanda,4.89,,30 ml unidad,https://www.aldi.es/producto/aceite-esencial-de-lavanda-139203.html,139203,ALDI,aceite,2026-09-23T13:02:26,163.0,LITRO
LACURA®,Aceite esencial de árbol de té,4.89,,30 ml unidad,https://www.aldi.es/producto/aceite-esencial-de-arbol-de-te-139202.html,139202,ALDI,aceite,2026-09-23T13:02:26,163.0,LITRO
LACURA®,Aceite esencial de menta,4.89,,30 ml unidad,https://www.aldi.es/producto/aceite-esencial-de-menta-139201.html,139201,ALDI,aceite,2026-09-23T13:02:26,163.0,LITRO
OLEARIA DE SEMILLAS®,Aceite refinado de girasol,8.55,l = 1.71,5 l unidad,https://www.aldi.es/producto/aceite-refinado-de-girasol-112000.html,112000,ALDI,aceite,2026-09-23T13:02:26,1.71,LITRO
OLEARIA DE SEMILLAS®,Aceite de girasol,1.84,,1 l unidad,https://www.aldi.es/producto/aceite-de-girasol-111500.html,111500,ALDI,aceite,2026-09-23T13:02:26,1.84,LITRO
OLEARIA DEL OLIVAR®,Aceite de oliva intenso,3.99,,1 l unidad,https://www.aldi.es/producto/aceite-de-oliva-intenso-111000.html,111000,ALDI,aceite,2026-09-23T13:02:26,3.99,LITRO
OLEARIA DEL OLIVAR®,Aceite de oliva intenso,10.65,l = 3.55,3 l unidad,https://www.aldi.es/producto/aceite-de-oliva-intenso-110700.html,110700,ALDI,aceite,2026-09-23T13:02:26,3.55,LITRO
OLEARIA DEL OLIVAR®,Aceite de oliva suave,3.7,,1 l unidad,https://www.aldi.es/producto/aceite-de-oliva-suave-110500.html,110500,ALDI,aceite,2026-09-23T13:02:26,3.7,LITRO
OLEARIA DEL OLIVAR®,Aceite de oliva virgen,4.1,,1 l unidad,https://www.aldi.es/producto/aceite-de-oliva-virgen-110400.html,110400,ALDI,aceite,2026-09-23T13:02:26,4.1,LITRO
OLEARIA DEL OLIVAR®,Aceite de oliva virgen extra,4.45,,1 l unidad,https://www.aldi.es/producto/aceite-de-oliva-virgen-extra-110100.html,110100,ALDI,aceite,2026-09-23T13:02:26,4.45,LITRO
OLEARIA DEL OLIVAR®,AOVE en spray,2.49,l = 12.45,200 ml unidad,https://www.aldi.es/producto/aove-en-spray-601570500.html,601570500,ALDI,aceite,2026-09-23T13:02:26,12.45,LITRO
CUCINA NOBILE®,Crema con aceto balsámico,1.99,l = 7.96,250 ml unidad,https://www.aldi.es/producto/crema-con-aceto-balsamico-250101.html,250101,ALDI,aceite,2026-09-23T13:02:26,7.96,LITRO
LA VILLA®,Vinagre de vino blanco,0.62,,1 l unidad,https://www.aldi.es/producto/vinagre-de-vino-blanco-250000.html,250000,ALDI,aceite,2026-09-23T13:02:26,0.62,LITRO
EL CULTIVADOR®,Aceitunas rellenas de anchoas,2.89,kg = 6.42,pack de 3 x 150 g peso esc.,https://www.aldi.es/producto/aceitunas-rellenas-de-anchoas-98800.html,98800,ALDI,aceite,2026-09-23T13:02:26,6.42,KILO
EL CULTIVADOR®,Aceitunas verdes sin hueso,2.57,kg = 6.43,400 g peso esc. unidad,https://www.aldi.es/producto/aceitunas-verdes-sin-hueso-611700.html,611700,ALDI,aceite,2026-09-23T13:02:26,6.43,KILO
CUCINA®,Focaccia con aceitunas,1.99,kg = 6.03,330 g unidad,https://www.aldi.es/producto/focaccia-con-aceitunas-601972202.html,601972202,ALDI,aceite,2026-09-23T13:02:26,6.03,KILO
EL CULTIVADOR®,Aceitunas de gran calibre rellenas de anchoa,1.59,kg = 10.60,150 g peso esc. unidad,https://www.aldi.es/producto/aceitunas-de-gran-calibre-rellenas-de-anchoa-601432800.html,601432800,ALDI,aceite,2026-09-23T13:02:26,10.6,KILO
EL CULTIVADOR®,Aceitunas rellenas con jalapeño,1.59,kg = 10.60,150 g peso esc. unidad,https://www.aldi.es/producto/aceitunas-rellenas-con-jalapeno-601411402.html,601411402,ALDI,aceite,2026-09-23T13:02:26,10.6,KILO
EL CULTIVADOR®,Aceitunas rellenas con pimiento del piquillo,1.59,kg = 10.60,150 g peso esc. unidad,https://www.aldi.es/producto/aceitunas-rellenas-con-pimiento-del-piquillo-601411401.html,601411401,ALDI,aceite,2026-09-23T13:02:26,10.6,KILO
EL CULTIVADOR®,Aceitunas gordal,3.39,g = 9.97,340 g peso esc. unidad,https://www.aldi.es/producto/aceitunas-gordal-601366800.html,601366800,ALDI,aceite,2026-09-23T13:02:26,9.97,KILO
EL CULTIVADOR®,Aceitunas aliñadas pampa,2.09,kg = 13.93,150 g unidad,https://www.aldi.es/producto/aceitunas-alinadas-pampa-601365000.html,601365000,ALDI,aceite,2026-09-23T13:02:26,13.93,KILO
DAYLICIOUS®,Hummus con aceitunas kalamata,1.15,kg = 5.75,200 g unidad,https://www.aldi.es/producto/hummus-con-aceitunas-kalamata-601350404.html,601350404,ALDI,aceite,2026-09-23T13:02:26,5.75,KILO
EL CULTIVADOR®,Aceitunas embrujos,1.95,kg = 10.54,185 g peso esc. unidad,https://www.aldi.es/producto/aceitunas-embrujos-601178600.html,601178600,ALDI,aceite,2026-09-23T13:02:26,10.54,KILO
TRADER JOE'S®,Mix de aceitunas,3.49,kg = 17.45,200 g unidad,https://www.aldi.es/producto/mix-de-aceitunas-601090103.html,601090103,ALDI,aceite,2026-09-23T13:02:26,17.45,KILO
EL CULTIVADOR®,Aceitunas chupadedos,2.39,kg = 5.98,400 g peso esc. unidad,https://www.aldi.es/producto/aceitunas-chupadedos-600361900.html,600361900,ALDI,aceite,2026-09-23T13:02:26,5.98,KILO
EL CULTIVADOR®,Aceitunas rellenas de anchoa reducidas en sal,1.49,kg = 9.93,150 g peso esc. unidad,https://www.aldi.es/producto/aceitunas-rellenas-de-anchoa-reducidas-en-sal-515600.html,515600,ALDI,aceite,2026-09-23T13:02:26,9.93,KILO
EL CULTIVADOR®,Aceitunas rellenas de anchoa,1.65,kg = 11.00,pack de 3 x 50 g peso esc.,https://www.aldi.es/producto/aceitunas-rellenas-de-anchoa-510300.html,510300,ALDI,aceite,2026-09-23T13:02:26,11.0,KILO
EL CULTIVADOR®,Aceitunas gazpachas,2.29,kg = 4.58,500 g peso esc. unidad,https://www.aldi.es/producto/aceitunas-gazpachas-362400.html,362400,ALDI,aceite,2026-09-23T13:02:26,4.58,KILO
EL CULTIVADOR®,Pepinillos sabor anchoa,1.09,kg = 6.41,170 g peso esc. unidad,https://www.aldi.es/producto/pepinillos-sabor-anchoa-950700.html,950700,ALDI,aceite,2026-09-23T13:02:26,6.41,KILO
EL CULTIVADOR®,Guindillas en vinagre,1.29,kg = 9.92,130 g peso esc. unidad,https://www.aldi.es/producto/guindillas-en-vinagre-601414202.html,601414202,ALDI,aceite,2026-09-23T13:02:26,9.92,KILO
EL CULTIVADOR®,Cóctel encurtidos sabor anchoa,2.65,kg = 6.63,400 g peso esc. unidad,https://www.aldi.es/producto/coctel-encurtidos-sabor-anchoa-601414000.html,601414000,ALDI,aceite,2026-09-23T13:02:26,6.63,KILO
ALL SEASONS®,Alcaparras,1.35,100-g = 16.88,80 g peso esc. unidad,https://www.aldi.es/producto/alcaparras-600607100.html,600607100,ALDI,aceite,2026-09-23T13:02:26,168.8,KILO
EL CULTIVADOR®,Banderillas picantes,1.49,kg = 9.93,150 g peso esc. unidad,https://www.aldi.es/producto/banderillas-picantes-516402.html,516402,ALDI,aceite,2026-09-23T13:02:26,9.93,KILO
EL CULTIVADOR®,Banderillas dulces,1.49,kg = 9.93,150 g peso esc. unidad,https://www.aldi.es/producto/banderillas-dulces-516401.html,516401,ALDI,aceite,2026-09-23T13:02:26,9.93,KILO
EL CULTIVADOR®,Altramuces,1.45,kg = 3.82,380 g peso esc. unidad,https://www.aldi.es/producto/altramuces-513700.html,513700,ALDI,aceite,2026-09-23T13:02:26,3.82,KILO
ALL SEASONS®,Pepinillos agridulces,1.59,kg = 4.42,360 g peso esc. unidad,https://www.aldi.es/producto/pepinillos-agridulces-510000.html,510000,ALDI,aceite,2026-09-23T13:02:26,4.42,KILO
TANDIL®,Cápsulas de detergente tricámara,3.29,lavado = 0.16,pack de 20 lavados,https://www.aldi.es/producto/capsulas-de-detergente-tricamara-846800.html,846800,ALDI,detergente,2026-09-23T13:02:31,0.16,LAVADO
COLON®,Detergente líquido jabón de Marsella,9.99,lavado = 0.08,120 lavados unidad,https://www.aldi.es/producto/detergente-liquido-jabon-de-marsella-602047000.html,602047000,ALDI,detergente,2026-09-23T13:02:31,0.08,LAVADO
ARIEL®,Detergente líquido universal,7.95,lavado = 0.27,30 lavados unidad,https://www.aldi.es/producto/detergente-liquido-universal-602046100.html,602046100,ALDI,detergente,2026-09-23T13:02:31,0.27,LAVADO
TANDIL®,Detergente universal en tiras,4.99,lavado = 0.12,40 lavados unidad,https://www.aldi.es/producto/detergente-universal-en-tiras-601678900.html,601678900,ALDI,detergente,2026-09-23T13:02:31,0.12,LAVADO
TANDIL®,Detergente ropa blanca,3.99,lavado = 0.10,30 lavados unidad,https://www.aldi.es/producto/detergente-ropa-blanca-601667901.html,601667901,ALDI,detergente,2026-09-23T13:02:31,0.1,LAVADO
ESSELT®,Detergente lejía limón,1.09,l = 0.55,2 l unidad,https://www.aldi.es/producto/detergente-lejia-limon-601662100.html,601662100,ALDI,detergente,2026-09-23T13:02:31,0.55,LITRO
TANDIL®,Detergente para pieles sensibles,4.79,lavado = 0.07,66 lavados unidad,https://www.aldi.es/producto/detergente-para-pieles-sensibles-601366000.html,601366000,ALDI,detergente,2026-09-23T13:02:31,0.07,LAVADO
TANDIL®,Detergente líquido colonia,3.39,lavado = 0.07,46 lavados unidad,https://www.aldi.es/producto/detergente-liquido-colonia-601365900.html,601365900,ALDI,detergente,2026-09-23T13:02:31,0.07,LAVADO
TANDIL®,Detergente para prendas delicadas,2.39,lavado = 0.04,66 lavados unidad,https://www.aldi.es/producto/detergente-para-prendas-delicadas-601190500.html,601190500,ALDI,detergente,2026-09-23T13:02:31,0.04,LAVADO
TANDIL®,Detergente en cápsulas,3.59,unidad = 0.18,pack de 20 unidades,https://www.aldi.es/producto/detergente-en-capsulas-601168400.html,601168400,ALDI,detergente,2026-09-23T13:02:31,0.18,UNIDAD
TANDIL®,Detergente líquido buganvilla y coco,4.29,lavado = 0.09,46 lavados unidad,https://www.aldi.es/producto/detergente-liquido-buganvilla-y-coco-601046800.html,601046800,ALDI,detergente,2026-09-23T13:02:31,0.09,LAVADO
TANDIL®,Detergente eco,5.99,lavado = 0.15,40 lavados unidad,https://www.aldi.es/producto/detergente-eco-600540700.html,600540700,ALDI,detergente,2026-09-23T13:02:31,0.15,LAVADO
TANDIL®,Detergente líquido azul mediterráneo,3.39,lavado = 0.07,46 lavados unidad,https://www.aldi.es/producto/detergente-liquido-azul-mediterraneo-600195400.html,600195400,ALDI,detergente,2026-09-23T13:02:31,0.07,LAVADO
TANDIL®,Detergente líquido universal,6.99,lavado = 0.12,60 lavados unidad,https://www.aldi.es/producto/detergente-liquido-universal-600165200.html,600165200,ALDI,detergente,2026-09-23T13:02:31,0.12,LAVADO
ESSELT®,Lejía con detergente,1.09,l = 0.55,2 l unidad,https://www.aldi.es/producto/lejia-con-detergente-316500.html,316500,ALDI,detergente,2026-09-23T13:02:31,0.55,LITRO
ESSELT®,Papel higiénico reciclado,4.49,m-(metro) = 0.37,pack de 240 metros,https://www.aldi.es/producto/papel-higienico-reciclado-908700.html,908700,ALDI,papel higiénico,2026-09-23T13:02:38,0.37,METRO
ESSELT®,Papel higiénico húmedo sensitive,1.19,unidad = 0.01,pack de 80 unidades,https://www.aldi.es/producto/papel-higienico-humedo-sensitive-601299702.html,601299702,ALDI,papel higiénico,2026-09-23T13:02:38,0.01,UNIDAD
ESSELT®,Papel higiénico húmedo aloe vera,1.19,unidad = 0.01,pack de 80 unidades,https://www.aldi.es/producto/papel-higienico-humedo-aloe-vera-601299701.html,601299701,ALDI,papel higiénico,2026-09-23T13:02:38,0.01,UNIDAD
ESSELT®,Papel higiénico doble capa,1.99,m-(metro) = 0.01,"pack de 158,08 metros",https://www.aldi.es/producto/papel-higienico-doble-capa-601119900.html,601119900,ALDI,papel higiénico,2026-09-23T13:02:38,0.01,METRO
ESSELT®,Papel higiénico compacto,2.25,m-(metro) = 0.01,"pack de 240,6 metros",https://www.aldi.es/producto/papel-higienico-compacto-600486100.html,600486100,ALDI,papel higiénico,2026-09-23T13:02:38,0.01,METRO
ESSELT®,Papel higiénico,3.39,m-(metro) = 0.02,"pack de 167,2 metros",https://www.aldi.es/producto/papel-higienico-349900.html,349900,ALDI,papel higiénico,2026-09-23T13:02:38,0.02,METRO
ESSELT®,Papel higiénico compacto,4.39,m-(metro) = 0.01,"pack de 481,2 metros",https://www.aldi.es/producto/papel-higienico-compacto-312200.html,312200,ALDI,papel higiénico,2026-09-23T13:02:38,0.01,METRO
ESSELT®,Papel de cocina compacto,2.12,m-(metro) = 0.03,pack de 72 metros,https://www.aldi.es/producto/papel-de-cocina-compacto-601537900.html,601537900,ALDI,papel higiénico,2026-09-23T13:02:38,0.03,METRO
ESSELT®,Papel superabsorbente,2.79,m-(metro) = 0.03,90 metros unidad,https://www.aldi.es/producto/papel-superabsorbente-601113400.html,601113400,ALDI,papel higiénico,2026-09-23T13:02:38,0.03,METRO
ESSELT®,Servilletas,1.55,unidad = 0.02,pack de 100 unidades,https://www.aldi.es/producto/servilletas-410700.html,410700,ALDI,papel higiénico,2026-09-23T13:02:38,0.02,UNIDAD
ESSELT®,Papel de cocina,2.49,m-(metro) = 0.05,"48,8 metros unidad",https://www.aldi.es/producto/papel-de-cocina-331500.html,331500,ALDI,papel higiénico,2026-09-23T13:02:38,0.05,METRO
