searched_item,supermarket,product_id,ean,brand,name,category,price,regular_price,offer_price,on_offer,price_per_unit,unit,unit_price_unit_type,available,url,image_url,scraped_at
leche,Consum,7080604,8414807514219,CONSUM,Leche Semidesnatada Brik,Semidesnatada,0.83,0.83,,False,0.83,LITRO,1 L,False,https://tienda.consum.es/es/p/leche-semidesnatada-brik/7080604,https://cdn-consum.aktiosdigitalservices.com/tol/consum/media/product/img/300x300/7080604.jpg?t=20260812080202,2026-10-08T22:05:23
leche,Consum,7080596,8414807514202,CONSUM,Leche Entera Brik,Entera,0.96,0.96,,False,0.96,LITRO,1 L,False,https://tienda.consum.es/es/p/leche-entera-brik/7080596,https://cdn-consum.aktiosdigitalservices.com/tol/consum/media/product/img/300x300/7080596.jpg?t=20260812080202,2026-10-08T22:05:23
leche,Consum,7046597,8414807300089,CONSUM,Leche Calcio Semidesnatada Brik,Leche con calcio,1.05,1.05,,False,1.05,LITRO,1 L,False,https://tienda.consum.es/es/p/leche-calcio-semidesnatada-brik/7046597,https://cdn-consum.aktiosdigitalservices.com/tol/consum/media/product/img/300x300/7046597.jpg?t=20260812080154,2026-10-08T22:05:23
leche,Consum,7461007,8410285311364,PULEVA,Leche Calcio Colágeno Desnatada,Leche con calcio,1.29,1.69,1.29,True,1.29,LITRO,1 L,False,https://tienda.consum.es/es/p/leche-calcio-colageno-desnatada/7461007,https://cdn-consum.aktiosdigitalservices.com/tol/consum/media/product/img/300x300/7461007.jpg?t=20260827104903,2026-10-08T22:05:23
leche,Consum,7260409,8414807538956,CONSUM,Leche sin Lactosa Entera Brik,Leches especiales,1.03,1.03,,False,1.03,LITRO,1 L,False,https://tienda.consum.es/es/p/leche-sin-lactosa-entera-brik/7260409,https://cdn-consum.aktiosdigitalservices.com/tol/consum/media/product/img/300x300/7260409.jpg?t=20260812080249,2026-10-08T22:05:23
leche,Consum,7046600,8414807300096,CONSUM,Leche Calcio Desnatada Brik,Leche con calcio,1.02,1.02,,False,1.02,LITRO,1 L,False,https://tienda.consum.es/es/p/leche-calcio-desnatada-brik/7046600,https://cdn-consum.aktiosdigitalservices.com/tol/consum/media/product/img/300x300/7046600.jpg?t=20260812080154,2026-10-08T22:05:23
leche,Consum,7046592,8414807300072,CONSUM,Leche Calcio Entera Brik,Leche con calcio,1.17,1.17,,False,1.17,LITRO,1 L,False,https://tienda.consum.es/es/p/leche-calcio-entera-brik/7046592,https://cdn-consum.aktiosdigitalservices.com/tol/consum/media/product/img/300x300/7046592.jpg?t=20260812080154,2026-10-08T22:05:23
leche,Consum,7299766,8411700002485,PULEVA,Leche Calcio sin Lactosa Semidesnatada Brik,Leches especiales,1.29,1.59,1.29,True,1.29,LITRO,1 L,False,https://tienda.consum.es/es/p/leche-calcio-sin-lactosa-semidesnatada-brik/7299766,https://cdn-consum.aktiosdigitalservices.com/tol/consum/media/product/img/300x300/7299766.jpg?t=20260827101736,2026-10-08T22:05:23
leche,Consum,7161685,8414807522146,CONSUM,Leche sin Lactosa Semidesnatada Brik,Leches especiales,0.94,0.94,,False,0.94,LITRO,1 L,False,https://tienda.consum.es/es/p/leche-sin-lactosa-semidesnatada-brik/7161685,https://cdn-consum.aktiosdigitalservices.com/tol/consum/media/product/img/300x300/7161685.jpg?t=20260812080215,2026-10-08T22:05:23
leche,Consum,7080612,8414807514233,CONSUM,Leche Desnatada Brik,Desnatada,0.81,0.81,,False,0.81,LITRO,1 L,False,https://tienda.consum.es/es/p/leche-desnatada-brik/7080612,https://cdn-consum.aktiosdigitalservices.com/tol/consum/media/product/img/300x300/7080612.jpg?t=20260812080202,2026-10-08T22:05:23
leche,Consum,7208874,8414807531964,CONSUM,Leche sin Lactosa Desnatada Brik,Leches especiales,0.91,0.91,,False,0.91,LITRO,1 L,False,https://tienda.consum.es/es/p/leche-sin-lactosa-desnatada-brik/7208874,https://cdn-consum.aktiosdigitalservices.com/tol/consum/media/product/img/300x300/7208874.jpg?t=20260812080230,2026-10-08T22:05:23
leche,Consum,735399,8410297012150,ASTURIANA,Leche Semidesnatada Brik,Semidesnatada,1.17,1.17,,False,1.17,LITRO,1 L,False,https://tienda.consum.es/es/p/leche-semidesnatada-brik/735399,https://cdn-consum.aktiosdigitalservices.com/tol/consum/media/product/img/300x300/735399.jpg?t=20260826075650,2026-10-08T22:05:23
leche,Consum,735423,8410297112041,ASTURIANA,Leche Entera Brik,Entera,1.29,1.29,,False,1.29,LITRO,1 L,False,https://tienda.consum.es/es/p/leche-entera-brik/735423,https://cdn-consum.aktiosdigitalservices.com/tol/consum/media/product/img/300x300/735423.jpg?t=20260826075651,2026-10-08T22:05:23
leche,Consum,176974,8411700004250,PULEVA,Leche Semidesnatada Brik,Semidesnatada,1.13,1.13,,False,1.13,LITRO,1 L,False,https://tienda.consum.es/es/p/leche-semidesnatada-brik/176974,https://cdn-consum.aktiosdigitalservices.com/tol/consum/media/product/img/300x300/176974.jpg?t=20260827095225,2026-10-08T22:05:23
leche,Consum,7164643,8411700603781,PULEVA,"Leche Semidesnatada Ecólogica, Brik",Despensa,1.55,1.55,,False,1.55,LITRO,1 L,False,https://tienda.consum.es/es/p/leche-semidesnatada-ecologica-brik/7164643,https://cdn-consum.aktiosdigitalservices.com/tol/consum/media/product/img/300x300/7164643.jpg?t=20260826075759,2026-10-08T22:05:23
leche,Consum,157388,8411700026139,PULEVA,Leche Entera Brik,Entera,1.19,1.19,,False,1.19,LITRO,1 L,False,https://tienda.consum.es/es/p/leche-entera-brik/157388,https://cdn-consum.aktiosdigitalservices.com/tol/consum/media/product/img/300x300/157388.jpg?t=20260827095216,2026-10-08T22:05:23
leche,Consum,7241011,8411700603774,PULEVA,Leche Entera Ecológica Brik,Despensa,1.55,1.55,,False,1.55,LITRO,1 L,False,https://tienda.consum.es/es/p/leche-entera-ecologica-brik/7241011,https://cdn-consum.aktiosdigitalservices.com/tol/consum/media/product/img/300x300/7241011.jpg?t=20260826075827,2026-10-08T22:05:23
leche,Consum,7290914,8414807541840,CONSUM ECO,Leche Ecológica Semidesntada Brik,Despensa,1.3,1.3,,False,1.3,LITRO,1 L,False,https://tienda.consum.es/es/p/leche-ecologica-semidesntada-brik/7290914,https://cdn-consum.aktiosdigitalservices.com/tol/consum/media/product/img/300x300/7290914.jpg?t=20260812080301,2026-10-08T22:05:23
leche,Consum,12542,8410128010119,PASCUAL,Leche Semidesnatada Brik,Semidesnatada,1.22,1.35,1.22,True,1.22,LITRO,1 L,False,https://tienda.consum.es/es/p/leche-semidesnatada-brik/12542,https://cdn-consum.aktiosdigitalservices.com/tol/consum/media/product/img/300x300/12542.jpg?t=20260827095114,2026-10-08T22:05:23
leche,Consum,7290901,8414807541826,CONSUM ECO,Leche Ecológica Entera Brik,Despensa,1.3,1.3,,False,1.3,LITRO,1 L,False,https://tienda.consum.es/es/p/leche-ecologica-entera-brik/7290901,https://cdn-consum.aktiosdigitalservices.com/tol/consum/media/product/img/300x300/7290901.jpg?t=20260812080301,2026-10-08T22:05:23
leche,Consum,12559,8410128010096,PASCUAL,Leche Entera Brik,Entera,1.31,1.39,1.31,True,1.31,LITRO,1 L,False,https://tienda.consum.es/es/p/leche-entera-brik/12559,https://cdn-consum.aktiosdigitalservices.com/tol/consum/media/product/img/300x300/12559.jpg?t=20260827095115,2026-10-08T22:05:23
leche,Consum,7411648,8412779150152,RIO,Leche Semidesnatada Brik,Semidesnatada,1.59,1.59,,False,1.06,LITRO,1 L,False,https://tienda.consum.es/es/p/leche-semidesnatada-brik/7411648,https://cdn-consum.aktiosdigitalservices.com/tol/consum/media/product/img/300x300/7411648.jpg?t=20260812080409,2026-10-08T22:05:23
leche,Consum,7411643,8412779100157,RIO,Leche Entera Brik,Entera,1.69,1.69,,False,1.13,LITRO,1 L,False,https://tienda.consum.es/es/p/leche-entera-brik/7411643,https://cdn-consum.aktiosdigitalservices.com/tol/consum/media/product/img/300x300/7411643.jpg?t=20260812080409,2026-10-08T22:05:23
leche,Consum,7181720,8410297115318,ASTURIANA,Leche sin Lactosa Semidesnatada Brik,Leches especiales,1.23,1.34,1.23,True,1.23,LITRO,1 L,False,https://tienda.consum.es/es/p/leche-sin-lactosa-semidesnatada-brik/7181720,https://cdn-consum.aktiosdigitalservices.com/tol/consum/media/product/img/300x300/7181720.jpg?t=20260812080220,2026-10-08T22:05:23
leche,Consum,7309854,8410297114830,ASTURIANA,Leche Calcio Sin Lactosa Desnatada Suprema Brik,Leches especiales,1.45,1.45,,False,1.45,LITRO,1 L,False,https://tienda.consum.es/es/p/leche-calcio-sin-lactosa-desnatada-suprema-brik/7309854,https://cdn-consum.aktiosdigitalservices.com/tol/consum/media/product/img/300x300/7309854.jpg?t=20260826075914,2026-10-08T22:05:23
leche,Consum,735340,8410297012105,ASTURIANA,Leche Desnatada Brik,Desnatada,1.13,1.13,,False,1.13,LITRO,1 L,False,https://tienda.consum.es/es/p/leche-desnatada-brik/735340,https://cdn-consum.aktiosdigitalservices.com/tol/consum/media/product/img/300x300/735340.jpg?t=20260826075649,2026-10-08T22:05:23
leche,Consum,7277338,8410297115349,ASTURIANA,Leche sin Lactosa Desnatada Brik,Leches especiales,1.17,1.28,1.17,True,1.17,LITRO,1 L,False,https://tienda.consum.es/es/p/leche-sin-lactosa-desnatada-brik/7277338,https://cdn-consum.aktiosdigitalservices.com/tol/consum/media/product/img/300x300/7277338.jpg?t=20260812080255,2026-10-08T22:05:23
leche,Consum,7309842,8410297115448,ASTURIANA,Leche sin Lactosa Entera Brik,Leches especiales,1.29,1.38,1.29,True,1.29,LITRO,1 L,False,https://tienda.consum.es/es/p/leche-sin-lactosa-entera-brik/7309842,https://cdn-consum.aktiosdigitalservices.com/tol/consum/media/product/img/300x300/7309842.jpg?t=20260812080311,2026-10-08T22:05:23
leche,Consum,7405103,8410297115905,ASTURIANA,Leche Semi sin Lactosa Minibrik Pack de 3,Leches especiales,1.45,1.45,,False,2.42,LITRO,1 L,False,https://tienda.consum.es/es/p/leche-semi-sin-lactosa-minibrik-pack-de-3/7405103,https://cdn-consum.aktiosdigitalservices.com/tol/consum/media/product/img/300x300/7405103.jpg?t=20260812080405,2026-10-08T22:05:23
leche,Consum,289512,8411700004663,PULEVA,Leche Calcio Desnatada Brik,Leche con calcio,1.29,1.59,1.29,True,1.29,LITRO,1 L,False,https://tienda.consum.es/es/p/leche-calcio-desnatada-brik/289512,https://cdn-consum.aktiosdigitalservices.com/tol/consum/media/product/img/300x300/289512.jpg?t=20260827095255,2026-10-08T22:05:23
leche,Consum,584482,8411700004762,PULEVA,Leche Calcio Semidesnatada Brik,Leche con calcio,1.29,1.59,1.29,True,1.29,LITRO,1 L,False,https://tienda.consum.es/es/p/leche-calcio-semidesnatada-brik/584482,https://cdn-consum.aktiosdigitalservices.com/tol/consum/media/product/img/300x300/584482.jpg?t=20260827095541,2026-10-08T22:05:23
leche,Consum,172023,8411700004359,PULEVA,Leche Desnatada Brik,Desnatada,1.1,1.1,,False,1.1,LITRO,1 L,False,https://tienda.consum.es/es/p/leche-desnatada-brik/172023,https://cdn-consum.aktiosdigitalservices.com/tol/consum/media/product/img/300x300/172023.jpg?t=20260827095223,2026-10-08T22:05:23
leche,Consum,303370,8411700026665,PULEVA,Leche Calcio Entera Brik,Leche con calcio,1.29,1.59,1.29,True,1.29,LITRO,1 L,False,https://tienda.consum.es/es/p/leche-calcio-entera-brik/303370,https://cdn-consum.aktiosdigitalservices.com/tol/consum/media/product/img/300x300/303370.jpg?t=20260827095305,2026-10-08T22:05:23
leche,Consum,17525,8410128010225,PASCUAL,Leche Desnatada Brik,Desnatada,1.18,1.29,1.18,True,1.18,LITRO,1 L,False,https://tienda.consum.es/es/p/leche-desnatada-brik/17525,https://cdn-consum.aktiosdigitalservices.com/tol/consum/media/product/img/300x300/17525.jpg?t=20260827095120,2026-10-08T22:05:23
leche,Consum,7116627,8410128750008,PASCUAL,Leche sin Lactosa Semidesnatada Brik,Leches especiales,1.55,1.55,,False,1.55,LITRO,1 L,False,https://tienda.consum.es/es/p/leche-sin-lactosa-semidesnatada-brik/7116627,https://cdn-consum.aktiosdigitalservices.com/tol/consum/media/product/img/300x300/7116627.jpg?t=20260812080209,2026-10-08T22:05:23
leche,Consum,7169688,8410128750145,PASCUAL,Leche sin Lactosa Entera Brik,Leches especiales,1.59,1.59,,False,1.59,LITRO,1 L,False,https://tienda.consum.es/es/p/leche-sin-lactosa-entera-brik/7169688,https://cdn-consum.aktiosdigitalservices.com/tol/consum/media/product/img/300x300/7169688.jpg?t=20260812080217,2026-10-08T22:05:23
leche,Consum,7116630,8410128750046,PASCUAL,Leche sin Lactosa Desnatada Brik,Leches especiales,1.49,1.49,,False,1.49,LITRO,1 L,False,https://tienda.consum.es/es/p/leche-sin-lactosa-desnatada-brik/7116630,https://cdn-consum.aktiosdigitalservices.com/tol/consum/media/product/img/300x300/7116630.jpg?t=20260812080209,2026-10-08T22:05:23
leche,Consum,7344781,8414807548498,CONSUM,Leche Semidesnatada Botella,Semidesnatada,1.45,1.45,,False,0.97,LITRO,1 L,False,https://tienda.consum.es/es/p/leche-semidesnatada-botella/7344781,https://cdn-consum.aktiosdigitalservices.com/tol/consum/media/product/img/300x300/7344781.jpg?t=20260812080327,2026-10-08T22:05:23
leche,Consum,7344773,8414807548474,CONSUM,Leche Entera Botella,Entera,1.56,1.56,,False,1.04,LITRO,1 L,False,https://tienda.consum.es/es/p/leche-entera-botella/7344773,https://cdn-consum.aktiosdigitalservices.com/tol/consum/media/product/img/300x300/7344773.jpg?t=20260812080327,2026-10-08T22:05:23
leche,Consum,7411635,8412779200154,RIO,Leche Desnatada Brik,Desnatada,1.51,1.51,,False,1.01,LITRO,1 L,False,https://tienda.consum.es/es/p/leche-desnatada-brik/7411635,https://cdn-consum.aktiosdigitalservices.com/tol/consum/media/product/img/300x300/7411635.jpg?t=20260812080409,2026-10-08T22:05:23
leche,Consum,7184497,7613033831317,IDEAL,Leche Evaporada Brik,Evaporada,2.55,2.55,,False,4.86,KILO,1 Kg,False,https://tienda.consum.es/es/p/leche-evaporada-brik/7184497,https://cdn-consum.aktiosdigitalservices.com/tol/consum/media/product/img/300x300/7184497.jpg?t=20260826075806,2026-10-08T22:05:23
leche,Consum,7080620,8414807514257,CONSUM,Bebida Láctea con Omega 3 Brik,Preparados lácteos,1.17,1.17,,False,1.17,LITRO,1 L,False,https://tienda.consum.es/es/p/bebida-lactea-con-omega-3-brik/7080620,https://cdn-consum.aktiosdigitalservices.com/tol/consum/media/product/img/300x300/7080620.jpg?t=20260812080202,2026-10-08T22:05:23
leche,Consum,7274900,8414807540287,CONSUM,Leche Condensada Entera Sirvefácil,Condensada,2.35,2.35,,False,5.22,KILO,1 Kg,False,https://tienda.consum.es/es/p/leche-condensada-entera-sirvefacil/7274900,https://cdn-consum.aktiosdigitalservices.com/tol/consum/media/product/img/300x300/7274900.jpg?t=20260812080254,2026-10-08T22:05:23
leche,Consum,7435753,8414807559333,CONSUM,Leche Pasteurizada Entera Botella,Leche fresca,1.15,1.15,,False,1.15,LITRO,1 L,False,https://tienda.consum.es/es/p/leche-pasteurizada-entera-botella/7435753,https://cdn-consum.aktiosdigitalservices.com/tol/consum/media/product/img/300x300/7435753.jpg?t=20260812080433,2026-10-08T22:05:23
leche,Consum,7435758,8414807559340,CONSUM,Leche Pasteurizada Semi Botella,Leche fresca,1.09,1.09,,False,1.09,LITRO,1 L,False,https://tienda.consum.es/es/p/leche-pasteurizada-semi-botella/7435758,https://cdn-consum.aktiosdigitalservices.com/tol/consum/media/product/img/300x300/7435758.jpg?t=20260812080433,2026-10-08T22:05:23
leche,Consum,7274905,8414807540294,CONSUM,Leche Condensada Desnatada Sirvefácil,Condensada,2.35,2.35,,False,5.22,KILO,1 Kg,False,https://tienda.consum.es/es/p/leche-condensada-desnatada-sirvefacil/7274905,https://cdn-consum.aktiosdigitalservices.com/tol/consum/media/product/img/300x300/7274905.jpg?t=20260812080254,2026-10-08T22:05:23
leche,Consum,7344778,8414807548511,CONSUM,Leche Desnatada Botella,Desnatada,1.42,1.42,,False,0.95,LITRO,1 L,False,https://tienda.consum.es/es/p/leche-desnatada-botella/7344778,https://cdn-consum.aktiosdigitalservices.com/tol/consum/media/product/img/300x300/7344778.jpg?t=20260812080327,2026-10-08T22:05:23
leche,Consum,7274913,8414807540300,CONSUM,Leche Condensada Entera Lata,Condensada,2.1,2.1,,False,5.68,KILO,1 Kg,False,https://tienda.consum.es/es/p/leche-condensada-entera-lata/7274913,https://cdn-consum.aktiosdigitalservices.com/tol/consum/media/product/img/300x300/7274913.jpg?t=20260812080254,2026-10-08T22:05:23
leche,Consum,7188675,8414807529053,CONSUM,Leche Condensada Entera Lata,Condensada,3.35,3.35,,False,3.35,KILO,1 Kg,False,https://tienda.consum.es/es/p/leche-condensada-entera-lata/7188675,https://cdn-consum.aktiosdigitalservices.com/tol/consum/media/product/img/300x300/7188675.jpg?t=20260812080223,2026-10-08T22:05:23
leche,Consum,203745,8410297111150,ASTURIANA,Leche Semidesnatada Botella,Semidesnatada,1.79,1.79,,False,1.19,LITRO,1 L,False,https://tienda.consum.es/es/p/leche-semidesnatada-botella/203745,https://cdn-consum.aktiosdigitalservices.com/tol/consum/media/product/img/300x300/203745.jpg?t=20260827095233,2026-10-08T22:05:23
leche,Consum,7353290,8410297110986,ASTURIANA,Leche Semidesnatada Botella,Semidesnatada,2.38,2.38,,False,1.08,LITRO,1 L,False,https://tienda.consum.es/es/p/leche-semidesnatada-botella/7353290,https://cdn-consum.aktiosdigitalservices.com/tol/consum/media/product/img/300x300/7353290.jpg?t=20260826075930,2026-10-08T22:05:23
leche,Consum,203562,8410297010200,ASTURIANA,Leche Entera Botella,Entera,1.97,1.97,,False,1.31,LITRO,1 L,False,https://tienda.consum.es/es/p/leche-entera-botella/203562,https://cdn-consum.aktiosdigitalservices.com/tol/consum/media/product/img/300x300/203562.jpg?t=20260827095232,2026-10-08T22:05:23
leche,Consum,7396476,8410297110979,ASTURIANA,Leche Entera Botella,Entera,2.69,2.69,,False,1.22,LITRO,1 L,False,https://tienda.consum.es/es/p/leche-entera-botella/7396476,https://cdn-consum.aktiosdigitalservices.com/tol/consum/media/product/img/300x300/7396476.jpg?t=20260827103026,2026-10-08T22:05:23
leche,Consum,7444784,8410297114342,ASTURIANA,Leche Entera Minibrik,Entera,2.45,2.45,,False,2.04,LITRO,1 L,False,https://tienda.consum.es/es/p/leche-entera-minibrik/7444784,https://cdn-consum.aktiosdigitalservices.com/tol/consum/media/product/img/300x300/7444784.jpg?t=20260812080443,2026-10-08T22:05:23
leche,Consum,7149818,8410297112386,ASTURIANA,Preparado Lácteo con Fibra Brik,Preparados lácteos,1.65,1.65,,False,1.65,LITRO,1 L,False,https://tienda.consum.es/es/p/preparado-lacteo-con-fibra-brik/7149818,https://cdn-consum.aktiosdigitalservices.com/tol/consum/media/product/img/300x300/7149818.jpg?t=20260826075748,2026-10-08T22:05:23
leche,Consum,1509256,8411700011111,PULEVA,Bebida Láctea Desnatada Omega 3 Brik,Preparados lácteos,1.69,1.89,1.69,True,1.69,LITRO,1 L,False,https://tienda.consum.es/es/p/bebida-lactea-desnatada-omega-3-brik/1509256,https://cdn-consum.aktiosdigitalservices.com/tol/consum/media/product/img/300x300/1509256.jpg?t=20260827095651,2026-10-08T22:05:23
leche,Consum,7116986,8411700011302,PULEVA,Bebida Láctea c/Nueces Desnatada Omega 3 Brik,Preparados lácteos,1.69,1.95,1.69,True,1.69,LITRO,1 L,False,https://tienda.consum.es/es/p/bebida-lactea-c-nueces-desnatada-omega-3-brik/7116986,https://cdn-consum.aktiosdigitalservices.com/tol/consum/media/product/img/300x300/7116986.jpg?t=20260827100321,2026-10-08T22:05:23
leche,Consum,7267842,8411700002201,PULEVA,Prep. Lácteo Omega 3 Sin Lactosa Brik,Preparados lácteos,1.69,1.95,1.69,True,1.69,LITRO,1 L,False,https://tienda.consum.es/es/p/prep-lacteo-omega-3-sin-lactosa-brik/7267842,https://cdn-consum.aktiosdigitalservices.com/tol/consum/media/product/img/300x300/7267842.jpg?t=20260827101352,2026-10-08T22:05:23
leche,Consum,7297351,8411700001907,PULEVA,Preparado Lácteo con Fibra Brik,Preparados lácteos,1.19,1.55,1.19,True,1.19,LITRO,1 L,False,https://tienda.consum.es/es/p/preparado-lacteo-con-fibra-brik/7297351,https://cdn-consum.aktiosdigitalservices.com/tol/consum/media/product/img/300x300/7297351.jpg?t=20260827101723,2026-10-08T22:05:23
leche,Consum,4296901,8410132603499,RAM,Leche Merengada Canela y Limón Brik,Horchatas,1.89,1.89,,False,1.89,LITRO,1 L,False,https://tienda.consum.es/es/p/leche-merengada-canela-y-limon-brik/4296901,https://cdn-consum.aktiosdigitalservices.com/tol/consum/media/product/img/300x300/4296901.jpg?t=20260812080146,2026-10-08T22:05:23
leche,Consum,203927,8410297011108,ASTURIANA,Leche Desnatada Botella,Desnatada,1.73,1.73,,False,1.15,LITRO,1 L,False,https://tienda.consum.es/es/p/leche-desnatada-botella/203927,https://cdn-consum.aktiosdigitalservices.com/tol/consum/media/product/img/300x300/203927.jpg?t=20260827095235,2026-10-08T22:05:23
leche,Consum,7104987,8410297051005,ASTURIANA,Leche en Polvo Desnatada,Leche en polvo y deshidratada,9.15,9.15,,False,9.15,KILO,1 Kg,False,https://tienda.consum.es/es/p/leche-en-polvo-desnatada/7104987,https://cdn-consum.aktiosdigitalservices.com/tol/consum/media/product/img/300x300/7104987.jpg?t=20260812080207,2026-10-08T22:05:23
leche,Consum,1463843,8414700023047,PULEVA,Leche Fresca Entera Botella,Leche fresca,2.55,2.55,,False,1.7,LITRO,1 L,False,https://tienda.consum.es/es/p/leche-fresca-entera-botella/1463843,https://cdn-consum.aktiosdigitalservices.com/tol/consum/media/product/img/300x300/1463843.jpg?t=20260812080143,2026-10-08T22:05:23
leche,Consum,7291300,8411700001600,PULEVA,Leche sin Lactosa Semidesnatada Botella,Leches especiales,1.29,1.29,,False,1.29,LITRO,1 L,False,https://tienda.consum.es/es/p/leche-sin-lactosa-semidesnatada-botella/7291300,https://cdn-consum.aktiosdigitalservices.com/tol/consum/media/product/img/300x300/7291300.jpg?t=20260827101619,2026-10-08T22:05:23
leche,Consum,7291297,8411700001624,PULEVA,Leche sin Lactosa Desnatada Botella,Leches especiales,1.25,1.25,,False,1.25,LITRO,1 L,False,https://tienda.consum.es/es/p/leche-sin-lactosa-desnatada-botella/7291297,https://cdn-consum.aktiosdigitalservices.com/tol/consum/media/product/img/300x300/7291297.jpg?t=20260827101618,2026-10-08T22:05:23
leche,Consum,7188261,8411700003987,PULEVA,Leche de Cabra Semidesnatada Botella,Leches especiales,2.29,2.29,,False,2.29,LITRO,1 L,False,https://tienda.consum.es/es/p/leche-de-cabra-semidesnatada-botella/7188261,https://cdn-consum.aktiosdigitalservices.com/tol/consum/media/product/img/300x300/7188261.jpg?t=20260812080223,2026-10-08T22:05:23
leche,Consum,7425957,8411700605051,PULEVA,Leche Desnatada Sin Lactosa Proteína,Leches especiales,1.49,1.49,,False,1.49,LITRO,1 L,False,https://tienda.consum.es/es/p/leche-desnatada-sin-lactosa-proteina/7425957,https://cdn-consum.aktiosdigitalservices.com/tol/consum/media/product/img/300x300/7425957.jpg?t=20260827103731,2026-10-08T22:05:23
leche,Consum,7308971,8411700001587,PULEVA,Leche sin Lactosa Entera Botella,Leches especiales,1.38,1.38,,False,1.38,LITRO,1 L,False,https://tienda.consum.es/es/p/leche-sin-lactosa-entera-botella/7308971,https://cdn-consum.aktiosdigitalservices.com/tol/consum/media/product/img/300x300/7308971.jpg?t=20260827101838,2026-10-08T22:05:23
leche,Consum,7381064,8411700606126,PULEVA,Leche Fresca Semidesnatada,Leche fresca,1.85,1.85,,False,1.85,LITRO,1 L,False,https://tienda.consum.es/es/p/leche-fresca-semidesnatada/7381064,https://cdn-consum.aktiosdigitalservices.com/tol/consum/media/product/img/300x300/7381064.jpg?t=20260812080347,2026-10-08T22:05:23
leche,Consum,7451032,8410285103259,PULEVA,Leche con Proteína Sabor Chocolate,Leches especiales,1.89,1.89,,False,1.89,LITRO,1 L,False,https://tienda.consum.es/es/p/leche-con-proteina-sabor-chocolate/7451032,https://cdn-consum.aktiosdigitalservices.com/tol/consum/media/product/img/300x300/7451032.jpg?t=20260827104524,2026-10-08T22:05:23
leche,Consum,7443278,8410128795542,PASCUAL,Leche Dinamic Protein Con Proteína Sin Lactosa,Leches especiales,1.35,1.59,1.35,True,1.35,LITRO,1 L,False,https://tienda.consum.es/es/p/leche-dinamic-protein-con-proteina-sin-lactosa/7443278,https://cdn-consum.aktiosdigitalservices.com/tol/consum/media/product/img/300x300/7443278.jpg?t=20260827104305,2026-10-08T22:05:23
leche,Consum,7181493,8414807527943,CONSUM,Arroz con Leche Pack de 4 Unidades,Arroz con leche,1.3,1.3,,False,2.6,KILO,1 Kg,False,https://tienda.consum.es/es/p/arroz-con-leche-pack-de-4-unidades/7181493,https://cdn-consum.aktiosdigitalservices.com/tol/consum/media/product/img/300x300/7181493.jpg?t=20260812080220,2026-10-08T22:05:23
leche,Consum,7193717,4040600088912,CAMPINA,Crema para Café Pack de 20,Preparados lácteos,1.4,1.4,,False,7.0,KILO,1 Kg,False,https://tienda.consum.es/es/p/crema-para-cafe-pack-de-20/7193717,https://cdn-consum.aktiosdigitalservices.com/tol/consum/media/product/img/300x300/7193717.jpg?t=20260825075750,2026-10-08T22:05:23
leche,Consum,1686070,8410128784348,FLORA,Bebida Láctea Folic-B Desnatada Brik,Preparados lácteos,1.99,1.99,,False,1.99,LITRO,1 L,False,https://tienda.consum.es/es/p/bebida-lactea-folic-b-desnatada-brik/1686070,https://cdn-consum.aktiosdigitalservices.com/tol/consum/media/product/img/300x300/1686070.jpg?t=20260827095656,2026-10-08T22:05:23
leche,Consum,346106,8410100000152,LA LECHERA,Leche Condensada Entera Lata,Condensada,3.15,3.6,3.15,True,4.25,KILO,1 Kg,False,https://tienda.consum.es/es/p/leche-condensada-entera-lata/346106,https://cdn-consum.aktiosdigitalservices.com/tol/consum/media/product/img/300x300/346106.jpg?t=20260901075752,2026-10-08T22:05:23
leche,Consum,972844,8410128010171,MOVIT,Leche Calcio Semidesnatada Pascual,Leche con calcio,1.79,1.79,,False,1.79,LITRO,1 L,False,https://tienda.consum.es/es/p/leche-calcio-semidesnatada-pascual/972844,https://cdn-consum.aktiosdigitalservices.com/tol/consum/media/product/img/300x300/972844.jpg?t=20260826075658,2026-10-08T22:05:23
leche,Consum,972869,8410128010195,MOVIT,Leche Calcio Desnatada Pascual,Leche con calcio,1.79,1.79,,False,1.79,LITRO,1 L,False,https://tienda.consum.es/es/p/leche-calcio-desnatada-pascual/972869,https://cdn-consum.aktiosdigitalservices.com/tol/consum/media/product/img/300x300/972869.jpg?t=20260826075659,2026-10-08T22:05:23
leche,Consum,5743596,8410100002026,LA LECHERA,Leche Condensada Desnatada Sirvefácil,Condensada,2.75,3.25,2.75,True,6.11,KILO,1 Kg,False,https://tienda.consum.es/es/p/leche-condensada-desnatada-sirvefacil/5743596,https://cdn-consum.aktiosdigitalservices.com/tol/consum/media/product/img/300x300/5743596.jpg?t=20260901075847,2026-10-08T22:05:23
leche,Consum,3434826,8410100002002,LA LECHERA,Leche Condensada Entera Sirvefácil,Condensada,2.75,3.25,2.75,True,6.11,KILO,1 Kg,False,https://tienda.consum.es/es/p/leche-condensada-entera-sirvefacil/3434826,https://cdn-consum.aktiosdigitalservices.com/tol/consum/media/product/img/300x300/3434826.jpg?t=20260901075839,2026-10-08T22:05:23
leche,Consum,7484756,7613036079068,LA LECHERA,Leche Condensada Sin Lactosa Sirvefácil,Condensada,3.99,3.99,,False,8.87,KILO,1 Kg,False,https://tienda.consum.es/es/p/leche-condensada-sin-lactosa-sirvefacil/7484756,https://cdn-consum.aktiosdigitalservices.com/tol/consum/media/product/img/300x300/7484756.jpg?t=20260901080945,2026-10-08T22:05:23
leche,Consum,7473218,8410100000220,LA LECHERA,Leche Condensada Entera Tubo,Condensada,1.95,1.95,,False,11.47,KILO,1 Kg,False,https://tienda.consum.es/es/p/leche-condensada-entera-tubo/7473218,https://cdn-consum.aktiosdigitalservices.com/tol/consum/media/product/img/300x300/7473218.jpg?t=20260827105353,2026-10-08T22:05:23
leche,Consum,7101793,8411700010121,PULEVA,Preparado Lácteo Max con Cereales,Preparados lácteos,1.89,1.89,,False,1.89,LITRO,1 L,False,https://tienda.consum.es/es/p/preparado-lacteo-max-con-cereales/7101793,https://cdn-consum.aktiosdigitalservices.com/tol/consum/media/product/img/300x300/7101793.jpg?t=20260827100218,2026-10-08T22:05:23
leche,Consum,7005507,8411700010015,PULEVA,Preparado Lácteo Max Crecimiento y Desarrollo,Preparados lácteos,1.79,1.79,,False,1.79,LITRO,1 L,False,https://tienda.consum.es/es/p/preparado-lacteo-max-crecimiento-y-desarrollo/7005507,https://cdn-consum.aktiosdigitalservices.com/tol/consum/media/product/img/300x300/7005507.jpg?t=20260827095822,2026-10-08T22:05:23
leche,Consum,7248946,8411700001778,PULEVA,Preparado Lácteo Max sin Lactosa,Preparados lácteos,1.89,1.89,,False,1.89,LITRO,1 L,False,https://tienda.consum.es/es/p/preparado-lacteo-max-sin-lactosa/7248946,https://cdn-consum.aktiosdigitalservices.com/tol/consum/media/product/img/300x300/7248946.jpg?t=20260827101214,2026-10-08T22:05:23
leche,Consum,7280407,8411700002287,PULEVA,Preparado Lácteo Max con Cacao y Cereales P3,Preparados lácteos,1.79,1.79,,False,2.98,LITRO,1 L,False,https://tienda.consum.es/es/p/preparado-lacteo-max-con-cacao-y-cereales-p3/7280407,https://cdn-consum.aktiosdigitalservices.com/tol/consum/media/product/img/300x300/7280407.jpg?t=20260827101450,2026-10-08T22:05:23
leche,Consum,7301133,7613033355561,LA LECHERA,Dulce de Leche Lata,Condensada,3.85,3.85,,False,9.7,KILO,1 Kg,False,https://tienda.consum.es/es/p/dulce-de-leche-lata/7301133,https://cdn-consum.aktiosdigitalservices.com/tol/consum/media/product/img/300x300/7301133.jpg?t=20260812080307,2026-10-08T22:05:23
leche,Consum,7051600,8411700012057,PULEVA,Leche Continuación Brik Peques 2,Leches infantiles,1.99,1.99,,False,1.99,LITRO,1 L,False,https://tienda.consum.es/es/p/leche-continuacion-brik-peques-2/7051600,https://cdn-consum.aktiosdigitalservices.com/tol/consum/media/product/img/300x300/7051600.jpg?t=20260827095932,2026-10-08T22:05:23
leche,Consum,7153448,8410478006015,MONZO,Leche Merengada Pack de 2 Unidades,Horchatas y granizados,1.95,1.95,,False,4.88,LITRO,1 L,False,https://tienda.consum.es/es/p/leche-merengada-pack-de-2-unidades/7153448,https://cdn-consum.aktiosdigitalservices.com/tol/consum/media/product/img/300x300/7153448.jpg?t=20260812080213,2026-10-08T22:05:23
leche,Consum,7104073,7613031274857,NESTLE,Leche y Cereales con Miel Pack 2,Papillas,2.69,2.69,,False,5.38,LITRO,1 L,False,https://tienda.consum.es/es/p/leche-y-cereales-con-miel-pack-2/7104073,https://cdn-consum.aktiosdigitalservices.com/tol/consum/media/product/img/300x300/7104073.jpg?t=20260827100230,2026-10-08T22:05:23
leche,Consum,7082451,7613031274727,NESTLE,Leche y Cereales con Galleta Pack 2,Papillas,2.69,2.69,,False,5.38,LITRO,1 L,False,https://tienda.consum.es/es/p/leche-y-cereales-con-galleta-pack-2/7082451,https://cdn-consum.aktiosdigitalservices.com/tol/consum/media/product/img/300x300/7082451.jpg?t=20260827100116,2026-10-08T22:05:23
leche,Consum,7247950,7613035265271,NESTLE,Chocolate con Leche Extrafino Pack,Chocolate con Leche,4.25,4.25,,False,11.33,KILO,1 Kg,False,https://tienda.consum.es/es/p/chocolate-con-leche-extrafino-pack/7247950,https://cdn-consum.aktiosdigitalservices.com/tol/consum/media/product/img/300x300/7247950.jpg?t=20260826075832,2026-10-08T22:05:23
leche,Consum,7345494,8414807548542,CONSUM,Batido de Chocolate 90% Leche Pack de 6,Batidos,1.75,1.75,,False,1.46,LITRO,1 L,False,https://tienda.consum.es/es/p/batido-de-chocolate-90-leche-pack-de-6/7345494,https://cdn-consum.aktiosdigitalservices.com/tol/consum/media/product/img/300x300/7345494.jpg?t=20260812080328,2026-10-08T22:05:23
leche,Consum,7295566,8411700002645,PULEVA,Café con Leche Botella,Café con Leche,2.29,2.29,,False,2.29,LITRO,1 L,False,https://tienda.consum.es/es/p/cafe-con-leche-botella/7295566,https://cdn-consum.aktiosdigitalservices.com/tol/consum/media/product/img/300x300/7295566.jpg?t=20260827101706,2026-10-08T22:05:23
leche,Consum,7333032,8411700003130,PULEVA,Café Cappuccino Botella,Café con Leche,2.29,2.29,,False,2.29,LITRO,1 L,False,https://tienda.consum.es/es/p/cafe-cappuccino-botella/7333032,https://cdn-consum.aktiosdigitalservices.com/tol/consum/media/product/img/300x300/7333032.jpg?t=20260827102147,2026-10-08T22:05:23
leche,Consum,7476703,8410285103877,PULEVA,Café con Leche Deliss Capuccino,Café con Leche,1.0,1.0,,False,4.17,LITRO,1 L,False,https://tienda.consum.es/es/p/cafe-con-leche-deliss-capuccino/7476703,https://cdn-consum.aktiosdigitalservices.com/tol/consum/media/product/img/300x300/7476703.jpg?t=20260812080526,2026-10-08T22:05:23
leche,Consum,7476708,8410285103891,PULEVA,Café con Leche Deliss Original,Café con Leche,1.0,1.0,,False,4.17,LITRO,1 L,False,https://tienda.consum.es/es/p/cafe-con-leche-deliss-original/7476708,https://cdn-consum.aktiosdigitalservices.com/tol/consum/media/product/img/300x300/7476708.jpg?t=20260812080526,2026-10-08T22:05:23
leche,Consum,7460483,8410128798840,PASCUAL,Bebida Láctea Cremosa Sabor Café Lateado,Café con Leche,1.49,1.49,,False,6.48,KILO,1 Kg,False,https://tienda.consum.es/es/p/bebida-lactea-cremosa-sabor-cafe-lateado/7460483,https://cdn-consum.aktiosdigitalservices.com/tol/consum/media/product/img/300x300/7460483.jpg?t=20260827104854,2026-10-08T22:05:23
leche,Consum,7064020,8414807503985,CONSUM,Chocolate con Leche con Almendras,Chocolate con Leche,1.65,1.65,,False,11.0,KILO,1 Kg,False,https://tienda.consum.es/es/p/chocolate-con-leche-con-almendras/7064020,https://cdn-consum.aktiosdigitalservices.com/tol/consum/media/product/img/300x300/7064020.jpg?t=20260812080158,2026-10-08T22:05:23
leche,Consum,7064025,8414807503992,CONSUM,Chocolate con Avellanas,Chocolate con Leche,1.65,1.65,,False,11.0,KILO,1 Kg,False,https://tienda.consum.es/es/p/chocolate-con-avellanas/7064025,https://cdn-consum.aktiosdigitalservices.com/tol/consum/media/product/img/300x300/7064025.jpg?t=20260812080158,2026-10-08T22:05:23
leche,Consum,7431997,8414807558756,CONSUM,Chocolate con Leche Almendras sin Azúcar,Chocolate con Leche,2.95,2.95,,False,16.86,KILO,1 Kg,False,https://tienda.consum.es/es/p/chocolate-con-leche-almendras-sin-azucar/7431997,https://cdn-consum.aktiosdigitalservices.com/tol/consum/media/product/img/300x300/7431997.jpg?t=20260812080428,2026-10-08T22:05:23
leche,Consum,7431992,8414807558749,CONSUM,Chocolate con Leche sin Azúcar,Chocolate con Leche,1.69,1.69,,False,13.52,KILO,1 Kg,False,https://tienda.consum.es/es/p/chocolate-con-leche-sin-azucar/7431992,https://cdn-consum.aktiosdigitalservices.com/tol/consum/media/product/img/300x300/7431992.jpg?t=20260812080428,2026-10-08T22:05:23
leche,Consum,7108509,8414807518163,CONSUM,Chocolate Crujiente,Chocolate con Leche,1.39,1.39,,False,13.9,KILO,1 Kg,False,https://tienda.consum.es/es/p/chocolate-crujiente/7108509,https://cdn-consum.aktiosdigitalservices.com/tol/consum/media/product/img/300x300/7108509.jpg?t=20260812080208,2026-10-08T22:05:23
leche,Consum,7392652,8414807553959,CONSUM,Chocolate con Leche sin Lactosa,Chocolate con Leche,1.79,1.79,,False,17.9,KILO,1 Kg,False,https://tienda.consum.es/es/p/chocolate-con-leche-sin-lactosa/7392652,https://cdn-consum.aktiosdigitalservices.com/tol/consum/media/product/img/300x300/7392652.jpg?t=20260812080354,2026-10-08T22:05:23
leche,Consum,7064004,8414807504005,CONSUM,Chocolate con Leche,Chocolate con Leche,1.35,1.35,,False,9.0,KILO,1 Kg,False,https://tienda.consum.es/es/p/chocolate-con-leche/7064004,https://cdn-consum.aktiosdigitalservices.com/tol/consum/media/product/img/300x300/7064004.jpg?t=20260812080158,2026-10-08T22:05:23
leche,Consum,7317324,8414807544797,CONSUM,Mousse de Chocolate con Leche,Mousse,1.15,1.15,,False,4.79,KILO,1 Kg,False,https://tienda.consum.es/es/p/mousse-de-chocolate-con-leche/7317324,https://cdn-consum.aktiosdigitalservices.com/tol/consum/media/product/img/300x300/7317324.jpg?t=20260812080315,2026-10-08T22:05:23
leche,Consum,7393739,8414807554093,KYREY,Leche Solar FP 30,Solares,6.0,6.0,,False,24.0,LITRO,100 ml,False,https://tienda.consum.es/es/p/leche-solar-fp-30/7393739,https://cdn-consum.aktiosdigitalservices.com/tol/consum/media/product/img/300x300/7393739.jpg?t=20260812080355,2026-10-08T22:05:23
leche,Consum,7046030,8410100014289,NESTLE,Leche Crecimiento Original Nativa,Leches infantiles,1.95,1.95,,False,1.95,LITRO,1 L,False,https://tienda.consum.es/es/p/leche-crecimiento-original-nativa/7046030,https://cdn-consum.aktiosdigitalservices.com/tol/consum/media/product/img/300x300/7046030.jpg?t=20260827095915,2026-10-08T22:05:23
leche,Consum,7176233,7613033640513,NESTLE,Leche Crecimiento Junior Galleta,Leches infantiles,2.35,2.35,,False,2.35,LITRO,1 L,False,https://tienda.consum.es/es/p/leche-crecimiento-junior-galleta/7176233,https://cdn-consum.aktiosdigitalservices.com/tol/consum/media/product/img/300x300/7176233.jpg?t=20260812080218,2026-10-08T22:05:23
leche,Consum,874222,7613032378240,NIDINA,Leche Continuación 2 Premium Polvo,Leches infantiles,17.95,17.95,,False,22.44,KILO,1 Kg,False,https://tienda.consum.es/es/p/leche-continuacion-2-premium-polvo/874222,https://cdn-consum.aktiosdigitalservices.com/tol/consum/media/product/img/300x300/874222.jpg?t=20260827095613,2026-10-08T22:05:23
leche,Consum,7120462,7613032403720,NIDINA,Leche Infantil de Inicio 1 Premium Polvo,Leches infantiles,14.95,14.95,,False,18.69,KILO,1 Kg,False,https://tienda.consum.es/es/p/leche-infantil-de-inicio-1-premium-polvo/7120462,https://cdn-consum.aktiosdigitalservices.com/tol/consum/media/product/img/300x300/7120462.jpg?t=20260812080210,2026-10-08T22:05:23
leche,Consum,874206,7613032377625,NATIVA,Leche Continuación 2 Polvo,Leches infantiles,12.95,12.95,,False,16.19,KILO,1 Kg,False,https://tienda.consum.es/es/p/leche-continuacion-2-polvo/874206,https://cdn-consum.aktiosdigitalservices.com/tol/consum/media/product/img/300x300/874206.jpg?t=20260812080140,2026-10-08T22:05:23
leche,Consum,7163538,7613032376840,NIDINA,Leche de Crecimiento Premium Polvo 3,Leches infantiles,15.95,15.95,,False,19.94,KILO,1 Kg,False,https://tienda.consum.es/es/p/leche-de-crecimiento-premium-polvo-3/7163538,https://cdn-consum.aktiosdigitalservices.com/tol/consum/media/product/img/300x300/7163538.jpg?t=20260827100522,2026-10-08T22:05:23
leche,Consum,7201882,7613032405601,NATIVA,Leche Inicio 1 Bote Polvo,Leches infantiles,12.95,12.95,,False,16.19,KILO,1 Kg,False,https://tienda.consum.es/es/p/leche-inicio-1-bote-polvo/7201882,https://cdn-consum.aktiosdigitalservices.com/tol/consum/media/product/img/300x300/7201882.jpg?t=20260812080229,2026-10-08T22:05:23
leche,Consum,7339682,7613033636530,NATIVA,Leche Infantil Polvo de Crecimiento 3,Leches infantiles,11.95,11.95,,False,14.94,KILO,1 Kg,False,https://tienda.consum.es/es/p/leche-infantil-polvo-de-crecimiento-3/7339682,https://cdn-consum.aktiosdigitalservices.com/tol/consum/media/product/img/300x300/7339682.jpg?t=20260812080325,2026-10-08T22:05:23
leche,Consum,7453249,8414807561138,CONSUM,Fruta+Leche Mediterráne Sin Azúcares Añadidos,Zumos con leche,1.0,1.0,,False,1.01,LITRO,1 L,False,https://tienda.consum.es/es/p/frutaleche-mediterrane-sin-azucares-anadidos/7453249,https://cdn-consum.aktiosdigitalservices.com/tol/consum/media/product/img/300x300/7453249.jpg?t=20260812080451,2026-10-08T22:05:23
leche,Consum,7301414,8436568905709,FEEL FREE,Leche Facial Limpiadora Ecológica,Limpieza y desmaquilladores,3.99,3.99,,False,20.0,LITRO,100 ml,False,https://tienda.consum.es/es/p/leche-facial-limpiadora-ecologica/7301414,https://cdn-consum.aktiosdigitalservices.com/tol/consum/media/product/img/300x300/7301414.jpg?t=20260812080307,2026-10-08T22:05:23
leche,Consum,7432755,8425850039659,NATTÚRU PHAR,Leche Corporal Piel Sensible/Atópica,Body-lociones,3.99,3.99,,False,10.0,LITRO,100 ml,False,https://tienda.consum.es/es/p/leche-corporal-piel-sensible-atopica/7432755,https://cdn-consum.aktiosdigitalservices.com/tol/consum/media/product/img/300x300/7432755.jpg?t=20260827103934,2026-10-08T22:05:23
leche,Consum,7432763,8425850039666,NATTÚRU PHAR,Leche Corporal Piel Seca. Urea,Body-lociones,3.99,3.99,,False,10.0,LITRO,100 ml,False,https://tienda.consum.es/es/p/leche-corporal-piel-seca-urea/7432763,https://cdn-consum.aktiosdigitalservices.com/tol/consum/media/product/img/300x300/7432763.jpg?t=20260827103936,2026-10-08T22:05:23
leche,Consum,7417991,8428076006665,NENUCO,Leche Hidratante,"Cremas, lociones y colonia",3.19,4.25,3.19,True,6.4,LITRO,100 ml,False,https://tienda.consum.es/es/p/leche-hidratante/7417991,https://cdn-consum.aktiosdigitalservices.com/tol/consum/media/product/img/300x300/7417991.jpg?t=20260812080415,2026-10-08T22:05:23
leche,Consum,7430879,8411135374607,DENENES,Leche Hidratante Atopic,"Cremas, lociones y colonia",3.99,3.99,,False,10.0,LITRO,100 ml,False,https://tienda.consum.es/es/p/leche-hidratante-atopic/7430879,https://cdn-consum.aktiosdigitalservices.com/tol/consum/media/product/img/300x300/7430879.jpg?t=20260827103852,2026-10-08T22:05:23
leche,Consum,7442536,8425850040525,NATTURU PHAR,Leche Facial Limpiadora Línea Agua Termal,Limpieza y desmaquilladores,3.99,3.99,,False,16.0,LITRO,100 ml,False,https://tienda.consum.es/es/p/leche-facial-limpiadora-linea-agua-termal/7442536,https://cdn-consum.aktiosdigitalservices.com/tol/consum/media/product/img/300x300/7442536.jpg?t=20260812080440,2026-10-08T22:05:23
leche,Consum,7453236,8414807561114,CONSUM,Fruta+Leche Mediterráne Sin Azúcares Añadidos,Zumos con leche,1.2,1.2,,False,1.0,LITRO,1 L,False,https://tienda.consum.es/es/p/frutaleche-mediterrane-sin-azucares-anadidos/7453236,https://cdn-consum.aktiosdigitalservices.com/tol/consum/media/product/img/300x300/7453236.jpg?t=20260812080451,2026-10-08T22:05:23
leche,Consum,7163413,8414807522672,KYREY,Leche Limpiadora Con Aloe,Limpieza y desmaquilladores,1.2,1.2,,False,6.0,LITRO,100 ml,False,https://tienda.consum.es/es/p/leche-limpiadora-con-aloe/7163413,https://cdn-consum.aktiosdigitalservices.com/tol/consum/media/product/img/300x300/7163413.jpg?t=20260812080215,2026-10-08T22:05:23
leche,Consum,7247810,7613035268388,NESTLE,Chocolate con Leche Extrafino,Chocolate con Leche,1.49,1.49,,False,11.92,KILO,1 Kg,False,https://tienda.consum.es/es/p/chocolate-con-leche-extrafino/7247810,https://cdn-consum.aktiosdigitalservices.com/tol/consum/media/product/img/300x300/7247810.jpg?t=20260901080052,2026-10-08T22:05:23
leche,Consum,7154537,8414807520531,CONSUM,Tartaleta Chocolate con Leche,Galletas de chocolate,1.45,1.45,,False,6.15,KILO,1 Kg,False,https://tienda.consum.es/es/p/tartaleta-chocolate-con-leche/7154537,https://cdn-consum.aktiosdigitalservices.com/tol/consum/media/product/img/300x300/7154537.jpg?t=20260818075801,2026-10-08T22:05:23
leche,Consum,7435118,8414807559203,CONSUM,Cereales Rellenos Crema con Leche,Cereales,2.4,2.4,,False,4.8,KILO,1 Kg,False,https://tienda.consum.es/es/p/cereales-rellenos-crema-con-leche/7435118,https://cdn-consum.aktiosdigitalservices.com/tol/consum/media/product/img/300x300/7435118.jpg?t=20260812080432,2026-10-08T22:05:23
leche,Consum,825307,8410109000078,VALOR,Chocolate con Leche y Almendras,Chocolate con Leche,4.95,4.95,,False,19.8,KILO,1 Kg,False,https://tienda.consum.es/es/p/chocolate-con-leche-y-almendras/825307,https://cdn-consum.aktiosdigitalservices.com/tol/consum/media/product/img/300x300/825307.jpg?t=20260812080140,2026-10-08T22:05:23
leche,Consum,7444789,3046920021807,LINDT,Chocolate con Leche,Chocolate con Leche,1.99,1.99,,False,19.9,KILO,1 Kg,False,https://tienda.consum.es/es/p/chocolate-con-leche/7444789,https://cdn-consum.aktiosdigitalservices.com/tol/consum/media/product/img/300x300/7444789.jpg?t=20260827104331,2026-10-08T22:05:23
leche,Consum,7404457,8414807550033,CONSUM,Café con Leche 16 Cápsulas,Cápsulas sistema Dolce Gusto,3.25,3.25,,False,0.2,UNIDAD,1 U,False,https://tienda.consum.es/es/p/cafe-con-leche-16-capsulas/7404457,https://cdn-consum.aktiosdigitalservices.com/tol/consum/media/product/img/300x300/7404457.jpg?t=20260812080404,2026-10-08T22:05:23
leche,Consum,7453244,8414807561121,CONSUM,Fruta + Leche Tropical Sin Azúcares Añadidos,Zumos con leche,1.0,1.0,,False,1.01,LITRO,1 L,False,https://tienda.consum.es/es/p/fruta-leche-tropical-sin-azucares-anadidos/7453244,https://cdn-consum.aktiosdigitalservices.com/tol/consum/media/product/img/300x300/7453244.jpg?t=20260812080451,2026-10-08T22:05:23
leche,Consum,7460004,8437027509643,EUROCHOC,Chocolate con Leche Crema Pistacho y Kadafi,Chocolate con Leche,3.99,3.99,,False,39.9,KILO,1 Kg,False,https://tienda.consum.es/es/p/chocolate-con-leche-crema-pistacho-y-kadafi/7460004,https://cdn-consum.aktiosdigitalservices.com/tol/consum/media/product/img/300x300/7460004.jpg?t=20260812080500,2026-10-08T22:05:23
leche,Consum,7475056,8445292293426,NESTLE,Chocolate con Leche Extrafino Edición La Roja,Chocolate con Leche,1.5,1.95,1.5,True,16.67,KILO,1 Kg,False,https://tienda.consum.es/es/p/chocolate-con-leche-extrafino-edicion-la-roja/7475056,https://cdn-consum.aktiosdigitalservices.com/tol/consum/media/product/img/300x300/7475056.jpg?t=20260827105452,2026-10-08T22:05:23
leche,Consum,7473804,7622202261565,MILKA,Chocolate Avellanas Enteras,Chocolate con Leche,1.99,1.99,,False,20.95,KILO,1 Kg,False,https://tienda.consum.es/es/p/chocolate-avellanas-enteras/7473804,https://cdn-consum.aktiosdigitalservices.com/tol/consum/media/product/img/300x300/7473804.jpg?t=20260827105419,2026-10-08T22:05:23
leche,Consum,7247963,7613035314016,NESTLE,Chocolate Extrafino con Almendras,Chocolate con Leche,2.49,2.49,,False,20.24,KILO,1 Kg,False,https://tienda.consum.es/es/p/chocolate-extrafino-con-almendras/7247963,https://cdn-consum.aktiosdigitalservices.com/tol/consum/media/product/img/300x300/7247963.jpg?t=20260827101211,2026-10-08T22:05:23
leche,Consum,7392657,8414807553966,CONSUM,Chocolate con Leche Relleno Sabor Fresa,Tabletas,1.19,1.19,,False,11.9,KILO,1 Kg,False,https://tienda.consum.es/es/p/chocolate-con-leche-relleno-sabor-fresa/7392657,https://cdn-consum.aktiosdigitalservices.com/tol/consum/media/product/img/300x300/7392657.jpg?t=20260812080354,2026-10-08T22:05:23
leche,Consum,7462182,8414807561695,CONSUM,Barritas Muesli Choco Leche,Barritas y galletas,2.29,2.29,,False,11.45,KILO,1 Kg,False,https://tienda.consum.es/es/p/barritas-muesli-choco-leche/7462182,https://cdn-consum.aktiosdigitalservices.com/tol/consum/media/product/img/300x300/7462182.jpg?t=20260827104937,2026-10-08T22:05:23
leche,Consum,7458008,3800020491539,KIT KAT,Chocolate Salted Caramel,Chocolate con Leche,1.85,1.85,,False,18.69,KILO,1 Kg,False,https://tienda.consum.es/es/p/chocolate-salted-caramel/7458008,https://cdn-consum.aktiosdigitalservices.com/tol/consum/media/product/img/300x300/7458008.jpg?t=20260812080458,2026-10-08T22:05:23
leche,Consum,364786,8000300264388,CRUNCH,Chocolate Crujiente,Chocolate con Leche,1.99,1.99,,False,19.9,KILO,1 Kg,False,https://tienda.consum.es/es/p/chocolate-crujiente/364786,https://cdn-consum.aktiosdigitalservices.com/tol/consum/media/product/img/300x300/364786.jpg?t=20260826075642,2026-10-08T22:05:23
leche,Consum,7109036,7622300086404,MILKA,Chocolate Relleno Caramelo,Chocolate con Leche,1.99,1.99,,False,19.9,KILO,1 Kg,False,https://tienda.consum.es/es/p/chocolate-relleno-caramelo/7109036,https://cdn-consum.aktiosdigitalservices.com/tol/consum/media/product/img/300x300/7109036.jpg?t=20260827100251,2026-10-08T22:05:23
leche,Consum,7114635,8410109003208,VALOR,Chocolate con leche y Almendras sin Azúcar,Chocolate con Leche,4.25,4.25,,False,28.33,KILO,1 Kg,False,https://tienda.consum.es/es/p/chocolate-con-leche-y-almendras-sin-azucar/7114635,https://cdn-consum.aktiosdigitalservices.com/tol/consum/media/product/img/300x300/7114635.jpg?t=20260827100314,2026-10-08T22:05:23
leche,Consum,7250822,8414807537010,CONSUM,Galletas Desayuno con Leche y 5 Cereales,Desayuno y maría,1.75,1.75,,False,4.38,KILO,1 Kg,False,https://tienda.consum.es/es/p/galletas-desayuno-con-leche-y-5-cereales/7250822,https://cdn-consum.aktiosdigitalservices.com/tol/consum/media/product/img/300x300/7250822.jpg?t=20260818075848,2026-10-08T22:05:23
leche,Consum,7398055,8414807554789,CONSUM,Chocolata Leche Postres,Chocolate para postres,2.25,2.25,,False,11.25,KILO,1 Kg,False,https://tienda.consum.es/es/p/chocolata-leche-postres/7398055,https://cdn-consum.aktiosdigitalservices.com/tol/consum/media/product/img/300x300/7398055.jpg?t=20260812080400,2026-10-08T22:05:23
leche,Consum,7440415,8445291050228,NESTLE,Chocolate Extrafino Relleno de Leche,Chocolate con Leche,1.85,1.85,,False,18.5,KILO,1 Kg,False,https://tienda.consum.es/es/p/chocolate-extrafino-relleno-de-leche/7440415,https://cdn-consum.aktiosdigitalservices.com/tol/consum/media/product/img/300x300/7440415.jpg?t=20260602085058,2026-10-08T22:05:23
leche,Consum,7453231,8414807561107,CONSUM,Fruta + Leche Tropical Sin Azúcares Añadidos,Zumos con leche,1.2,1.2,,False,1.0,LITRO,1 L,False,https://tienda.consum.es/es/p/fruta-leche-tropical-sin-azucares-anadidos/7453231,https://cdn-consum.aktiosdigitalservices.com/tol/consum/media/product/img/300x300/7453231.jpg?t=20260812080451,2026-10-08T22:05:23
leche,Consum,7470615,8445291823914,NESTLE,Chocolate con Leche Relleno de Trocitos Maiz,Chocolate con Leche,1.49,1.75,1.49,True,17.74,KILO,1 Kg,False,https://tienda.consum.es/es/p/chocolate-con-leche-relleno-de-trocitos-maiz/7470615,https://cdn-consum.aktiosdigitalservices.com/tol/consum/media/product/img/300x300/7470615.jpg?t=20260827105249,2026-10-08T22:05:23
leche,Consum,791368,9012200872739,MILKA,Chocoswing Galleta,Chocolate con Leche,2.95,2.95,,False,9.83,KILO,1 Kg,False,https://tienda.consum.es/es/p/chocoswing-galleta/791368,https://cdn-consum.aktiosdigitalservices.com/tol/consum/media/product/img/300x300/791368.jpg?t=20260812080140,2026-10-08T22:05:23
leche,Consum,4796793,8410740012324,LACASA,Chocolate Extrafino Lacasitos,Chocolate con Leche,1.49,1.99,1.49,True,14.9,KILO,1 Kg,False,https://tienda.consum.es/es/p/chocolate-extrafino-lacasitos/4796793,https://cdn-consum.aktiosdigitalservices.com/tol/consum/media/product/img/300x300/4796793.jpg?t=20260812080146,2026-10-08T22:05:23
leche,Consum,7161904,7622300631574,MILKA,Chocolate con Oreo,Chocolate con Leche,1.99,1.99,,False,19.9,KILO,1 Kg,False,https://tienda.consum.es/es/p/chocolate-con-oreo/7161904,https://cdn-consum.aktiosdigitalservices.com/tol/consum/media/product/img/300x300/7161904.jpg?t=20260827100517,2026-10-08T22:05:23
leche,Consum,7247955,7613035268364,NESTLE,Chocolate Extrafino Avellanas,Chocolate con Leche,2.49,2.49,,False,20.24,KILO,1 Kg,False,https://tienda.consum.es/es/p/chocolate-extrafino-avellanas/7247955,https://cdn-consum.aktiosdigitalservices.com/tol/consum/media/product/img/300x300/7247955.jpg?t=20260827101209,2026-10-08T22:05:23
leche,Consum,7076821,8414807513557,CONSUM,Chococream Bañada Chocolate leche,Galletas de chocolate,1.95,1.95,,False,7.74,KILO,1 Kg,False,https://tienda.consum.es/es/p/chococream-banada-chocolate-leche/7076821,https://cdn-consum.aktiosdigitalservices.com/tol/consum/media/product/img/300x300/7076821.jpg?t=20260818075740,2026-10-08T22:05:23
leche,Consum,7403827,7622210293381,MILKA,Chocolate con Oreo,Chocolate con Leche,3.95,3.95,,False,13.17,KILO,1 Kg,False,https://tienda.consum.es/es/p/chocolate-con-oreo/7403827,https://cdn-consum.aktiosdigitalservices.com/tol/consum/media/product/img/300x300/7403827.jpg?t=20260812080404,2026-10-08T22:05:23
leche,Consum,7453665,8410109129519,VALOR,Chocolate con Leche Macadamia y Sal,Chocolate con Leche,3.99,4.95,3.99,True,19.95,KILO,1 Kg,False,https://tienda.consum.es/es/p/chocolate-con-leche-macadamia-y-sal/7453665,https://cdn-consum.aktiosdigitalservices.com/tol/consum/media/product/img/300x300/7453665.jpg?t=20260812080452,2026-10-08T22:05:23
leche,Consum,7423163,8445290771490,NESTLE,Chocolate con Galleta Dinosaurus,Chocolate con Leche,1.49,1.75,1.49,True,17.74,KILO,1 Kg,False,https://tienda.consum.es/es/p/chocolate-con-galleta-dinosaurus/7423163,https://cdn-consum.aktiosdigitalservices.com/tol/consum/media/product/img/300x300/7423163.jpg?t=20260812080419,2026-10-08T22:05:23
leche,Consum,7428998,8445290771858,NESTLE,Chocolate Extrafino Dulce de Leche,Chocolate con Leche,1.49,1.75,1.49,True,17.95,KILO,1 Kg,False,https://tienda.consum.es/es/p/chocolate-extrafino-dulce-de-leche/7428998,https://cdn-consum.aktiosdigitalservices.com/tol/consum/media/product/img/300x300/7428998.jpg?t=20260812080425,2026-10-08T22:05:23
leche,Consum,7462158,8445291295810,JUNGLY,Chocolate con Leche y Galleta,Chocolate con Leche,1.75,1.75,,False,19.44,KILO,1 Kg,False,https://tienda.consum.es/es/p/chocolate-con-leche-y-galleta/7462158,https://cdn-consum.aktiosdigitalservices.com/tol/consum/media/product/img/300x300/7462158.jpg?t=20260827104933,2026-10-08T22:05:23
leche,Consum,7216489,7622210269249,MILKA,Chocolate con Chips Ahoy,Chocolate con Leche,1.99,1.99,,False,19.9,KILO,1 Kg,False,https://tienda.consum.es/es/p/chocolate-con-chips-ahoy/7216489,https://cdn-consum.aktiosdigitalservices.com/tol/consum/media/product/img/300x300/7216489.jpg?t=20260827100928,2026-10-08T22:05:23
leche,Consum,7429004,8445290926029,NESTLE,Chocolate con Galleta Filipinos Blanco,Chocolate con Leche,1.49,1.75,1.49,True,17.74,KILO,1 Kg,False,https://tienda.consum.es/es/p/chocolate-con-galleta-filipinos-blanco/7429004,https://cdn-consum.aktiosdigitalservices.com/tol/consum/media/product/img/300x300/7429004.jpg?t=20260812080425,2026-10-08T22:05:23
leche,Consum,7458037,7622202294525,MILKA,Chocolate Con Galleta Biscoff,Chocolate con Leche,1.69,1.99,1.69,True,18.78,KILO,1 Kg,False,https://tienda.consum.es/es/p/chocolate-con-galleta-biscoff/7458037,https://cdn-consum.aktiosdigitalservices.com/tol/consum/media/product/img/300x300/7458037.jpg?t=20260827104749,2026-10-08T22:05:23
leche,Consum,7467830,8437029475137,EUROCHOC,Chocolate Blanco Stylo Dubai,Chocolate con Leche,3.99,3.99,,False,39.9,KILO,1 Kg,False,https://tienda.consum.es/es/p/chocolate-blanco-stylo-dubai/7467830,https://cdn-consum.aktiosdigitalservices.com/tol/consum/media/product/img/300x300/7467830.jpg?t=20260812080511,2026-10-08T22:05:23
leche,Consum,7484850,8445292526340,NESTLE,Choco Trio Sabor Cookies&Cream,Chocolate con Leche,1.49,1.85,1.49,True,16.56,KILO,1 Kg,False,https://tienda.consum.es/es/p/choco-trio-sabor-cookiescream/7484850,https://cdn-consum.aktiosdigitalservices.com/tol/consum/media/product/img/300x300/7484850.jpg?t=20260901080946,2026-10-08T22:05:23
leche,Consum,7484855,8445292526401,NESTLE,Choco Trio Sabor Avellana,Chocolate con Leche,1.49,1.85,1.49,True,16.56,KILO,1 Kg,False,https://tienda.consum.es/es/p/choco-trio-sabor-avellana/7484855,https://cdn-consum.aktiosdigitalservices.com/tol/consum/media/product/img/300x300/7484855.jpg?t=20260901080947,2026-10-08T22:05:23
leche,Consum,7458016,3800020491522,KIT KAT,Chocolate Doble Chocolate,Chocolate con Leche,1.85,1.85,,False,18.69,KILO,1 Kg,False,https://tienda.consum.es/es/p/chocolate-doble-chocolate/7458016,https://cdn-consum.aktiosdigitalservices.com/tol/consum/media/product/img/300x300/7458016.jpg?t=20260812080458,2026-10-08T22:05:23
leche,Consum,7469112,8410740927789,DARLET,Tableta Chocolate Leche Relleno Pistacho Crujiente,Chocolate con Leche,2.5,2.5,,False,25.0,KILO,1 Kg,False,https://tienda.consum.es/es/p/tableta-chocolate-leche-relleno-pistacho-crujiente/7469112,https://cdn-consum.aktiosdigitalservices.com/tol/consum/media/product/img/300x300/7469112.jpg?t=20260812080513,2026-10-08T22:05:23
leche,Consum,7470623,8445291913868,DOLCA,Chocolate con Leche Extrafino,Chocolate con Leche,3.49,3.49,,False,11.63,KILO,1 Kg,False,https://tienda.consum.es/es/p/chocolate-con-leche-extrafino/7470623,https://cdn-consum.aktiosdigitalservices.com/tol/consum/media/product/img/300x300/7470623.jpg?t=20260812080516,2026-10-08T22:05:23
leche,Consum,7476646,8445292293181,NESTLE,Chocolate Extrafino Almendras Enteras,Chocolate con Leche,2.15,2.15,,False,21.5,KILO,1 Kg,False,https://tienda.consum.es/es/p/chocolate-extrafino-almendras-enteras/7476646,https://cdn-consum.aktiosdigitalservices.com/tol/consum/media/product/img/300x300/7476646.jpg?t=20260901080757,2026-10-08T22:05:23
leche,Consum,7477255,7622202305047,MILKA,Chocolate con Galleta Extra Biscoff,Chocolate con Leche,3.49,3.49,,False,18.37,KILO,1 Kg,False,https://tienda.consum.es/es/p/chocolate-con-galleta-extra-biscoff/7477255,https://cdn-consum.aktiosdigitalservices.com/tol/consum/media/product/img/300x300/7477255.jpg?t=20260827105612,2026-10-08T22:05:23
leche,Consum,7075401,8414807513113,CONSUM,Pan de Leche 8 Unidades,Bollería,1.25,1.25,,False,3.91,KILO,1 Kg,False,https://tienda.consum.es/es/p/pan-de-leche-8-unidades/7075401,https://cdn-consum.aktiosdigitalservices.com/tol/consum/media/product/img/300x300/7075401.jpg?t=20260812080200,2026-10-08T22:05:23
leche,Consum,7141104,7613039959992,NESTLE,Chocolate con Leche Extrafino,Chocolate con Leche,3.75,3.75,,False,15.0,KILO,1 Kg,False,https://tienda.consum.es/es/p/chocolate-con-leche-extrafino/7141104,https://cdn-consum.aktiosdigitalservices.com/tol/consum/media/product/img/300x300/7141104.jpg?t=20260827100407,2026-10-08T22:05:23
leche,Consum,7283039,8414807541079,CONSUM,Galleta Digestive Chocolate con Leche,Galletas saludables,1.35,1.35,,False,4.5,KILO,1 Kg,False,https://tienda.consum.es/es/p/galleta-digestive-chocolate-con-leche/7283039,https://cdn-consum.aktiosdigitalservices.com/tol/consum/media/product/img/300x300/7283039.jpg?t=20260818075858,2026-10-08T22:05:23
leche,Consum,7323827,7613036723701,DOLCA,Chocolate con Leche Extrafino,Chocolate con Leche,1.25,1.25,,False,12.5,KILO,1 Kg,False,https://tienda.consum.es/es/p/chocolate-con-leche-extrafino/7323827,https://cdn-consum.aktiosdigitalservices.com/tol/consum/media/product/img/300x300/7323827.jpg?t=20260812080317,2026-10-08T22:05:23
leche,Consum,7453736,8410172652525,MILKA,Chocolate con Leche,Chocolate con Leche,1.79,1.79,,False,14.32,KILO,1 Kg,False,https://tienda.consum.es/es/p/chocolate-con-leche/7453736,https://cdn-consum.aktiosdigitalservices.com/tol/consum/media/product/img/300x300/7453736.jpg?t=20260827104612,2026-10-08T22:05:23
leche,Consum,7383172,8414807552990,CONSUM,Galleta con Tableta de Chocolate con Leche,Galletas de chocolate,1.35,1.35,,False,9.0,KILO,1 Kg,False,https://tienda.consum.es/es/p/galleta-con-tableta-de-chocolate-con-leche/7383172,https://cdn-consum.aktiosdigitalservices.com/tol/consum/media/product/img/300x300/7383172.jpg?t=20260818075932,2026-10-08T22:05:23
leche,Consum,7456833,7622202257759,MILKA,Chocolate con Leche,Chocolate con Leche,3.79,3.79,,False,15.16,KILO,1 Kg,False,https://tienda.consum.es/es/p/chocolate-con-leche/7456833,https://cdn-consum.aktiosdigitalservices.com/tol/consum/media/product/img/300x300/7456833.jpg?t=20260827104727,2026-10-08T22:05:23
leche,Consum,7359425,8424790111074,PASTORET,Kéfir Desnatado 0% Leche de Vaca,Yogur especial salud,2.35,2.35,,False,4.7,KILO,1 Kg,False,https://tienda.consum.es/es/p/kefir-desnatado-0-leche-de-vaca/7359425,https://cdn-consum.aktiosdigitalservices.com/tol/consum/media/product/img/300x300/7359425.jpg?t=20260812080335,2026-10-08T22:05:23
leche,Consum,7376283,8410175003430,CORNY,Barritas Cereales con Choco-Leche 0% Pack 6,Barritas y galletas,2.99,2.99,,False,24.92,KILO,1 Kg,False,https://tienda.consum.es/es/p/barritas-cereales-con-choco-leche-0-pack-6/7376283,https://cdn-consum.aktiosdigitalservices.com/tol/consum/media/product/img/300x300/7376283.jpg?t=20260827102654,2026-10-08T22:05:23
leche,Consum,7376291,8410175062161,CORNY,Barritas Cereales con Chocolate Leche Pack 6,Barritas y galletas,2.99,2.99,,False,19.93,KILO,1 Kg,False,https://tienda.consum.es/es/p/barritas-cereales-con-chocolate-leche-pack-6/7376291,https://cdn-consum.aktiosdigitalservices.com/tol/consum/media/product/img/300x300/7376291.jpg?t=20260827102656,2026-10-08T22:05:23
leche,Consum,48710,8435257023205,LA LECHERA,Postre Sabor Trufa Pack de 2 Unidades,Otros postres,1.45,1.69,1.45,True,5.8,KILO,1 Kg,False,https://tienda.consum.es/es/p/postre-sabor-trufa-pack-de-2-unidades/48710,https://cdn-consum.aktiosdigitalservices.com/tol/consum/media/product/img/300x300/48710.jpg?t=20260812080128,2026-10-08T22:05:23
leche,Consum,7449267,8435257072272,LA LECHERA,Panna Cotta Natural pack de 4,Otros postres,1.99,1.99,,False,4.98,KILO,1 Kg,False,https://tienda.consum.es/es/p/panna-cotta-natural-pack-de-4/7449267,https://cdn-consum.aktiosdigitalservices.com/tol/consum/media/product/img/300x300/7449267.jpg?t=20260812080447,2026-10-08T22:05:23
leche,Consum,48637,3023290455487,LA LECHERA,Mousse de Café Pack de 4 Unidades,Mousse,2.19,2.19,,False,9.28,KILO,1 Kg,False,https://tienda.consum.es/es/p/mousse-de-cafe-pack-de-4-unidades/48637,https://cdn-consum.aktiosdigitalservices.com/tol/consum/media/product/img/300x300/48637.jpg?t=20260827095136,2026-10-08T22:05:23
leche,Consum,7208697,3023290084151,LA LECHERA,Mousse de Chocolate Crujiente Pack de 4,Mousse,2.49,2.99,2.49,True,10.92,KILO,1 Kg,False,https://tienda.consum.es/es/p/mousse-de-chocolate-crujiente-pack-de-4/7208697,https://cdn-consum.aktiosdigitalservices.com/tol/consum/media/product/img/300x300/7208697.jpg?t=20260827100845,2026-10-08T22:05:23
leche,Consum,7043276,8435257023144,LA LECHERA,Postre Sabor Galleta Pack de 2 Unidades,Otros postres,1.45,1.69,1.45,True,5.8,KILO,1 Kg,False,https://tienda.consum.es/es/p/postre-sabor-galleta-pack-de-2-unidades/7043276,https://cdn-consum.aktiosdigitalservices.com/tol/consum/media/product/img/300x300/7043276.jpg?t=20260812080153,2026-10-08T22:05:23
leche,Consum,7462810,3023290101902,LA LECHERA,Mousse de Limón pack de 4,Mousse,2.19,2.19,,False,9.28,KILO,1 Kg,False,https://tienda.consum.es/es/p/mousse-de-limon-pack-de-4/7462810,https://cdn-consum.aktiosdigitalservices.com/tol/consum/media/product/img/300x300/7462810.jpg?t=20260901080528,2026-10-08T22:05:23
leche,Consum,7167463,8414807525468,CONSUM,Tarrina Dulce de Leche,Tarrinas,3.99,3.99,,False,4.43,LITRO,1 L,False,https://tienda.consum.es/es/p/tarrina-dulce-de-leche/7167463,https://cdn-consum.aktiosdigitalservices.com/tol/consum/media/product/img/300x300/7167463.jpg?t=20260812080216,2026-10-08T22:05:23
leche,Consum,7093107,8410128276003,BIFRUTAS,Zumo de Frutas y Leche Sabor Tropical P-6,Zumos con leche,2.59,2.59,,False,2.16,LITRO,1 L,False,https://tienda.consum.es/es/p/zumo-de-frutas-y-leche-sabor-tropical-p-6/7093107,https://cdn-consum.aktiosdigitalservices.com/tol/consum/media/product/img/300x300/7093107.jpg?t=20260827100149,2026-10-08T22:05:23
leche,Consum,7152010,7613033174667,DOLCE GUSTO,Café Con Leche Cápsulas,Cápsulas sistema Dolce Gusto,4.95,4.95,,False,0.31,UNIDAD,1 U,False,https://tienda.consum.es/es/p/cafe-con-leche-capsulas/7152010,https://cdn-consum.aktiosdigitalservices.com/tol/consum/media/product/img/300x300/7152010.jpg?t=20260827100445,2026-10-08T22:05:23
leche,Consum,7348352,8437023584156,LALY,Bizcochos Naranja sin az. añadidos y Sin Leche,Tartas y bizcochos,3.25,3.25,,False,7.22,KILO,1 Kg,False,https://tienda.consum.es/es/p/bizcochos-naranja-sin-az-anadidos-y-sin-leche/7348352,https://cdn-consum.aktiosdigitalservices.com/tol/consum/media/product/img/300x300/7348352.jpg?t=20260812080329,2026-10-08T22:05:23
leche,Consum,7351005,8437014376609,CERIDÉS,Cereales Rellenos Leche sin Gluten,Cereales,2.85,2.85,,False,5.7,KILO,1 Kg,False,https://tienda.consum.es/es/p/cereales-rellenos-leche-sin-gluten/7351005,https://cdn-consum.aktiosdigitalservices.com/tol/consum/media/product/img/300x300/7351005.jpg?t=20260812080331,2026-10-08T22:05:23
leche,Consum,7437010,8001943666591,WALCOR,Monedas de Chocolate con Leche Red,Chocolatinas,1.4,1.4,,False,19.44,KILO,1 Kg,False,https://tienda.consum.es/es/p/monedas-de-chocolate-con-leche-red/7437010,https://cdn-consum.aktiosdigitalservices.com/tol/consum/media/product/img/300x300/7437010.jpg?t=20260602085051,2026-10-08T22:05:23
leche,Consum,7397250,7613034365774,DOLCE GUSTO,Café con Leche 30 Cápsulas,Cápsulas sistema Dolce Gusto,8.55,8.55,,False,0.29,UNIDAD,1 U,False,https://tienda.consum.es/es/p/cafe-con-leche-30-capsulas/7397250,https://cdn-consum.aktiosdigitalservices.com/tol/consum/media/product/img/300x300/7397250.jpg?t=20260812080359,2026-10-08T22:05:23
leche,Consum,4534566,8410128891169,BIFRUTAS,Zumo de Frutas y Leche Sabor Tropical P-3,Zumos con leche,2.19,2.59,2.19,True,2.22,LITRO,1 L,False,https://tienda.consum.es/es/p/zumo-de-frutas-y-leche-sabor-tropical-p-3/4534566,https://cdn-consum.aktiosdigitalservices.com/tol/consum/media/product/img/300x300/4534566.jpg?t=20260827095752,2026-10-08T22:05:23
leche,Consum,7222003,3179142787104,VAHINÉ,Pepitas Chocolate con Leche,Decoración postres,3.99,3.99,,False,39.9,KILO,1 Kg,False,https://tienda.consum.es/es/p/pepitas-chocolate-con-leche/7222003,https://cdn-consum.aktiosdigitalservices.com/tol/consum/media/product/img/300x300/7222003.jpg?t=20260812080235,2026-10-08T22:05:23
leche,Consum,7348340,8437023584149,LALY,Magdalena sin Azúcares Añadidos y Sin Leche,Magdalenas,2.75,3.25,2.75,True,6.11,KILO,1 Kg,False,https://tienda.consum.es/es/p/magdalena-sin-azucares-anadidos-y-sin-leche/7348340,https://cdn-consum.aktiosdigitalservices.com/tol/consum/media/product/img/300x300/7348340.jpg?t=20260812080329,2026-10-08T22:05:23
leche,Consum,7384170,8410099571794,BELLA EASO,Weikis con Pepitas Choco Leche,Bollería,2.79,2.79,,False,11.63,KILO,1 Kg,False,https://tienda.consum.es/es/p/weikis-con-pepitas-choco-leche/7384170,https://cdn-consum.aktiosdigitalservices.com/tol/consum/media/product/img/300x300/7384170.jpg?t=20260827102809,2026-10-08T22:05:23
leche,Consum,7436988,5900238581317,HIBBI,Barritas de Chocolate Rellenas de Leche,Chocolatinas,1.55,1.55,,False,15.5,KILO,1 Kg,False,https://tienda.consum.es/es/p/barritas-de-chocolate-rellenas-de-leche/7436988,https://cdn-consum.aktiosdigitalservices.com/tol/consum/media/product/img/300x300/7436988.jpg?t=20260812080435,2026-10-08T22:05:23
leche,Consum,7026482,8410014478436,NOCILLA,Crema de Leche y Avellanas Vaso Cristal,Cremas de desayuno,2.79,2.79,,False,15.5,KILO,1 Kg,False,https://tienda.consum.es/es/p/crema-de-leche-y-avellanas-vaso-cristal/7026482,https://cdn-consum.aktiosdigitalservices.com/tol/consum/media/product/img/300x300/7026482.jpg?t=20260812080151,2026-10-08T22:05:23
leche,Consum,7277309,8711000502518,MARCILLA,Café con Leche Tassimo Cápsulas,Cápsulas otros sistemas,4.99,5.89,4.99,True,0.31,UNIDAD,1 U,False,https://tienda.consum.es/es/p/cafe-con-leche-tassimo-capsulas/7277309,https://cdn-consum.aktiosdigitalservices.com/tol/consum/media/product/img/300x300/7277309.jpg?t=20260812080255,2026-10-08T22:05:23
leche,Consum,7443950,8410740923224,DULCINEA,Cacahuete Chocolate con Leche Doypack,Chocolatinas,2.25,2.25,,False,9.0,KILO,1 Kg,False,https://tienda.consum.es/es/p/cacahuete-chocolate-con-leche-doypack/7443950,https://cdn-consum.aktiosdigitalservices.com/tol/consum/media/product/img/300x300/7443950.jpg?t=20260812080442,2026-10-08T22:05:23
leche,Consum,7424166,8436048963861,ARTIACH,Galleta Dinosaurus Chocolate con Leche,Galletas de chocolate,3.55,3.55,,False,13.92,KILO,1 Kg,False,https://tienda.consum.es/es/p/galleta-dinosaurus-chocolate-con-leche/7424166,https://cdn-consum.aktiosdigitalservices.com/tol/consum/media/product/img/300x300/7424166.jpg?t=20260812080421,2026-10-08T22:05:23
leche,Consum,7461577,8437019616946,CERIDÉS,Cereales Mini Rellenos Crema de Leche,Cereales,1.95,1.95,,False,11.14,KILO,1 Kg,False,https://tienda.consum.es/es/p/cereales-mini-rellenos-crema-de-leche/7461577,https://cdn-consum.aktiosdigitalservices.com/tol/consum/media/product/img/300x300/7461577.jpg?t=20260827104913,2026-10-08T22:05:23
leche,Consum,7450406,8414807560742,CONSUM,Queso Oveja Leche Cruda,Quesos de Oveja,4.63,4.63,,False,18.51,KILO,1 Kg,False,https://tienda.consum.es/es/p/queso-oveja-leche-cruda/7450406,https://cdn-consum.aktiosdigitalservices.com/tol/consum/media/product/img/300x300/7450406.jpg?t=20260828075900,2026-10-08T22:05:23
leche,Consum,7110401,8410128270070,BIFRUTAS,Bifrutas Tropical,Zumos con leche,2.39,2.39,,False,2.39,LITRO,1 L,False,https://tienda.consum.es/es/p/bifrutas-tropical/7110401,https://cdn-consum.aktiosdigitalservices.com/tol/consum/media/product/img/300x300/7110401.jpg?t=20260827100258,2026-10-08T22:05:23
leche,Consum,7197663,8410261640242,DON SIMON,Zumo de Frutas y Leche Sabor Tropical Zero P-6,Zumos con leche,1.5,1.5,,False,1.25,LITRO,1 L,False,https://tienda.consum.es/es/p/zumo-de-frutas-y-leche-sabor-tropical-zero-p-6/7197663,https://cdn-consum.aktiosdigitalservices.com/tol/consum/media/product/img/300x300/7197663.jpg?t=20260812080227,2026-10-08T22:05:23
leche,Consum,7225196,8410261640167,DON SIMON,Zumo de Frutas y Leche Sabor Tropical Zero,Zumos con leche,1.0,1.0,,False,1.0,LITRO,1 L,False,https://tienda.consum.es/es/p/zumo-de-frutas-y-leche-sabor-tropical-zero/7225196,https://cdn-consum.aktiosdigitalservices.com/tol/consum/media/product/img/300x300/7225196.jpg?t=20260812080237,2026-10-08T22:05:23
leche,Consum,7266091,7613035397934,DOLCE GUSTO,Café con Leche Descafeinado Cápsulas,Cápsulas sistema Dolce Gusto,4.95,4.95,,False,0.31,UNIDAD,1 U,False,https://tienda.consum.es/es/p/cafe-con-leche-descafeinado-capsulas/7266091,https://cdn-consum.aktiosdigitalservices.com/tol/consum/media/product/img/300x300/7266091.jpg?t=20260827101345,2026-10-08T22:05:23
leche,Consum,7288652,8423207208529,BICENTURY,Snack Sarialis Chocolate con Leche,Barritas y galletas,3.49,3.49,,False,29.08,KILO,1 Kg,False,https://tienda.consum.es/es/p/snack-sarialis-chocolate-con-leche/7288652,https://cdn-consum.aktiosdigitalservices.com/tol/consum/media/product/img/300x300/7288652.jpg?t=20260827101600,2026-10-08T22:05:23
leche,Consum,7348613,8410223907871,EL ALMENDRO,Barritas Almendra Chocolate con Leche,Barritas y galletas,2.95,2.95,,False,29.5,KILO,1 Kg,False,https://tienda.consum.es/es/p/barritas-almendra-chocolate-con-leche/7348613,https://cdn-consum.aktiosdigitalservices.com/tol/consum/media/product/img/300x300/7348613.jpg?t=20260827102315,2026-10-08T22:05:23
leche,Consum,7436996,5908234812169,HAPPY TIME,Barrita de Chocolate Rellena Avellana y Leche,Chocolatinas,1.49,1.49,,False,17.53,KILO,1 Kg,False,https://tienda.consum.es/es/p/barrita-de-chocolate-rellena-avellana-y-leche/7436996,https://cdn-consum.aktiosdigitalservices.com/tol/consum/media/product/img/300x300/7436996.jpg?t=20260815075851,2026-10-08T22:05:23
leche,Consum,7471423,8410706010043,PASQUIER,Pan de Leche Con Mantequilla,Bollería,2.99,2.99,,False,0.3,UNIDAD,1 U,False,https://tienda.consum.es/es/p/pan-de-leche-con-mantequilla/7471423,https://cdn-consum.aktiosdigitalservices.com/tol/consum/media/product/img/300x300/7471423.jpg?t=20260827105257,2026-10-08T22:05:23
leche,Consum,7177512,8410261640228,DON SIMON,Zumo de Frutas y Leche Sabor Caribe Zero P-6,Zumos con leche,1.5,1.5,,False,1.25,LITRO,1 L,False,https://tienda.consum.es/es/p/zumo-de-frutas-y-leche-sabor-caribe-zero-p-6/7177512,https://cdn-consum.aktiosdigitalservices.com/tol/consum/media/product/img/300x300/7177512.jpg?t=20260812080219,2026-10-08T22:05:23
leche,Consum,7260347,8410261646053,DON SIMON,Zumo de Frutas y Leche Sandía Melón Zero P-6,Zumos con leche,1.5,1.5,,False,1.25,LITRO,1 L,False,https://tienda.consum.es/es/p/zumo-de-frutas-y-leche-sandia-melon-zero-p-6/7260347,https://cdn-consum.aktiosdigitalservices.com/tol/consum/media/product/img/300x300/7260347.jpg?t=20260812080249,2026-10-08T22:05:23
leche,Consum,7255099,8410128786014,BIFRUTAS,Zumo de Frutas y Leche Tropical s/azúcar P-6,Zumos con leche,2.59,2.59,,False,2.16,LITRO,1 L,False,https://tienda.consum.es/es/p/zumo-de-frutas-y-leche-tropical-s-azucar-p-6/7255099,https://cdn-consum.aktiosdigitalservices.com/tol/consum/media/product/img/300x300/7255099.jpg?t=20260827101227,2026-10-08T22:05:23
leche,Consum,7076412,8003340073545,LINDT,Bombón Lindor Leche,Bombones,9.99,9.99,,False,49.95,KILO,1 Kg,False,https://tienda.consum.es/es/p/bombon-lindor-leche/7076412,https://cdn-consum.aktiosdigitalservices.com/tol/consum/media/product/img/300x300/7076412.jpg?t=20260812080201,2026-10-08T22:05:23
leche,Consum,7285062,8423207209410,BICENTURY,Tortitas de Arroz Chocolate con Leche,Tortitas,2.75,2.75,,False,21.15,KILO,1 Kg,False,https://tienda.consum.es/es/p/tortitas-de-arroz-chocolate-con-leche/7285062,https://cdn-consum.aktiosdigitalservices.com/tol/consum/media/product/img/300x300/7285062.jpg?t=20260812080258,2026-10-08T22:05:23
leche,Consum,7302859,7613034650443,NESTLE,Chocolate con Leche para Postres,Chocolate para postres,3.79,3.79,,False,22.29,KILO,1 Kg,False,https://tienda.consum.es/es/p/chocolate-con-leche-para-postres/7302859,https://cdn-consum.aktiosdigitalservices.com/tol/consum/media/product/img/300x300/7302859.jpg?t=20260826075907,2026-10-08T22:05:23
leche,Consum,7326754,8410261644028,DON SIMON,Zumo de Frutas y Leche Sabor Caribe P-6,Zumos con leche,1.5,1.5,,False,1.25,LITRO,1 L,False,https://tienda.consum.es/es/p/zumo-de-frutas-y-leche-sabor-caribe-p-6/7326754,https://cdn-consum.aktiosdigitalservices.com/tol/consum/media/product/img/300x300/7326754.jpg?t=20260812080318,2026-10-08T22:05:23
leche,Consum,7333594,7622210608765,FONTANEDA,Galleta Digestive Finas Chocolate con Leche,Galletas saludables,2.95,2.95,,False,17.35,KILO,1 Kg,False,https://tienda.consum.es/es/p/galleta-digestive-finas-chocolate-con-leche/7333594,https://cdn-consum.aktiosdigitalservices.com/tol/consum/media/product/img/300x300/7333594.jpg?t=20260827102153,2026-10-08T22:05:23
leche,Consum,7326762,8410261644035,DON SIMON,Zumo de Frutas y Leche Sabor Tropical P-6,Zumos con leche,1.5,1.5,,False,1.25,LITRO,1 L,False,https://tienda.consum.es/es/p/zumo-de-frutas-y-leche-sabor-tropical-p-6/7326762,https://cdn-consum.aktiosdigitalservices.com/tol/consum/media/product/img/300x300/7326762.jpg?t=20260812080318,2026-10-08T22:05:23
leche,Consum,7371503,8410014482365,NOCILLA,Cookies Nocilla Crema Leche,Galletas de chocolate,2.29,2.29,,False,19.08,KILO,1 Kg,False,https://tienda.consum.es/es/p/cookies-nocilla-crema-leche/7371503,https://cdn-consum.aktiosdigitalservices.com/tol/consum/media/product/img/300x300/7371503.jpg?t=20260826075935,2026-10-08T22:05:23
leche,Consum,7450430,8445291384569,DOLCE GUSTO,Café Con Leche Génova Cápsulas,Cápsulas sistema Dolce Gusto,3.99,3.99,,False,0.29,UNIDAD,1 U,False,https://tienda.consum.es/es/p/cafe-con-leche-genova-capsulas/7450430,https://cdn-consum.aktiosdigitalservices.com/tol/consum/media/product/img/300x300/7450430.jpg?t=20260812080448,2026-10-08T22:05:23
leche,Consum,7434392,8410376013443,GULLON,Galleta Choco Bom Bañada Chocolate Leche,Galletas de chocolate,1.19,1.19,,False,11.9,KILO,1 Kg,False,https://tienda.consum.es/es/p/galleta-choco-bom-banada-chocolate-leche/7434392,https://cdn-consum.aktiosdigitalservices.com/tol/consum/media/product/img/300x300/7434392.jpg?t=20260818080022,2026-10-08T22:05:23
leche,Consum,7438638,8436048966633,ARTIACH,Mini Galletas Dinosaurus Chocolate con Leche,Galletas de chocolate,1.99,1.99,,False,19.9,KILO,1 Kg,False,https://tienda.consum.es/es/p/mini-galletas-dinosaurus-chocolate-con-leche/7438638,https://cdn-consum.aktiosdigitalservices.com/tol/consum/media/product/img/300x300/7438638.jpg?t=20260827104131,2026-10-08T22:05:23
leche,Consum,7449890,3760381261786,MOUSLINE,Puré Patata Con Leche,Purés,2.55,2.55,,False,11.09,KILO,1 Kg,False,https://tienda.consum.es/es/p/pure-patata-con-leche/7449890,https://cdn-consum.aktiosdigitalservices.com/tol/consum/media/product/img/300x300/7449890.jpg?t=20260812080447,2026-10-08T22:05:23
leche,Consum,7450120,8437023582978,DDL,Dulce Leche Tarro,Cremas de desayuno,2.71,2.71,,False,6.3,KILO,1 Kg,False,https://tienda.consum.es/es/p/dulce-leche-tarro/7450120,https://cdn-consum.aktiosdigitalservices.com/tol/consum/media/product/img/300x300/7450120.jpg?t=20260812080447,2026-10-08T22:05:23
leche,Consum,7456866,8410376076288,GULLON,Chocobom Crunchy Hoop Chocolate con Leche,Galletas de chocolate,1.25,1.25,,False,9.77,KILO,1 Kg,False,https://tienda.consum.es/es/p/chocobom-crunchy-hoop-chocolate-con-leche/7456866,https://cdn-consum.aktiosdigitalservices.com/tol/consum/media/product/img/300x300/7456866.jpg?t=20260827104730,2026-10-08T22:05:23
leche,Consum,7458045,7614500010013,TOBLERONE,Barrita Chocolate Leche Con Miel  y Almendras,Chocolatinas,3.75,3.75,,False,37.5,KILO,1 Kg,False,https://tienda.consum.es/es/p/barrita-chocolate-leche-con-miel-y-almendras/7458045,https://cdn-consum.aktiosdigitalservices.com/tol/consum/media/product/img/300x300/7458045.jpg?t=20260812080458,2026-10-08T22:05:23
leche,Consum,7465685,8410740912501,LA CASA,Bombones Choco Leche Surtido,Bombones,1.79,1.79,,False,24.86,KILO,1 Kg,False,https://tienda.consum.es/es/p/bombones-choco-leche-surtido/7465685,https://cdn-consum.aktiosdigitalservices.com/tol/consum/media/product/img/300x300/7465685.jpg?t=20251220080403,2026-10-08T22:05:23
leche,Consum,7470552,8436048967425,ARTIACH,Fino Filipino Chocolate con Leche,Galletas de chocolate,1.99,1.99,,False,22.87,KILO,1 Kg,False,https://tienda.consum.es/es/p/fino-filipino-chocolate-con-leche/7470552,https://cdn-consum.aktiosdigitalservices.com/tol/consum/media/product/img/300x300/7470552.jpg?t=20260812080515,2026-10-08T22:05:23
leche,Consum,7479629,8410175062260,CORNY,Barritas Cereales con Choco Leche y Coco,Barritas y galletas,2.99,2.99,,False,19.93,KILO,1 Kg,False,https://tienda.consum.es/es/p/barritas-cereales-con-choco-leche-y-coco/7479629,https://cdn-consum.aktiosdigitalservices.com/tol/consum/media/product/img/300x300/7479629.jpg?t=20260827105710,2026-10-08T22:05:23
leche,Consum,7465698,4770179998670,PERGALÉ,Surtido Bombones Chocolate con Leche,Bombones,3.09,3.09,,False,18.07,KILO,1 Kg,False,https://tienda.consum.es/es/p/surtido-bombones-chocolate-con-leche/7465698,https://cdn-consum.aktiosdigitalservices.com/tol/consum/media/product/img/300x300/7465698.jpg?t=20251220080409,2026-10-08T22:05:23
leche,Consum,7467389,8434165676442,CUETARA,Galleta Flakes La Leche,Desayuno y merienda infantil,3.29,3.89,3.29,True,6.85,KILO,1 Kg,False,https://tienda.consum.es/es/p/galleta-flakes-la-leche/7467389,https://cdn-consum.aktiosdigitalservices.com/tol/consum/media/product/img/300x300/7467389.jpg?t=20260812080510,2026-10-08T22:05:23
leche,Consum,7469013,8410740927802,DARLET,Bombón de Choco Leche Relleno Pistacho Crujiente,Bombones,3.99,3.99,,False,23.75,KILO,1 Kg,False,https://tienda.consum.es/es/p/bombon-de-choco-leche-relleno-pistacho-crujiente/7469013,https://cdn-consum.aktiosdigitalservices.com/tol/consum/media/product/img/300x300/7469013.jpg?t=20251220080421,2026-10-08T22:05:23
leche,Consum,7474245,8410261640082,DON SIMON,Zumo de Frutas y Leches Tropical S/Azúcar P-3,Zumos con leche,1.4,1.4,,False,1.41,LITRO,1 L,False,https://tienda.consum.es/es/p/zumo-de-frutas-y-leches-tropical-s-azucar-p-3/7474245,https://cdn-consum.aktiosdigitalservices.com/tol/consum/media/product/img/300x300/7474245.jpg?t=20260812080522,2026-10-08T22:05:23
leche,Consum,7474257,8410261640044,DON SIMON,Zumo de Frutas y Leche Caribe s/Azúcar P-3,Zumos con leche,1.4,1.4,,False,4.24,LITRO,1 L,False,https://tienda.consum.es/es/p/zumo-de-frutas-y-leche-caribe-s-azucar-p-3/7474257,https://cdn-consum.aktiosdigitalservices.com/tol/consum/media/product/img/300x300/7474257.jpg?t=20260812080522,2026-10-08T22:05:23
leche,Consum,7487473,8410261644240,DON SIMON,Zumo de Frutas y Leche con Proteina,Zumos con leche,1.25,1.25,,False,3.79,LITRO,1 L,False,https://tienda.consum.es/es/p/zumo-de-frutas-y-leche-con-proteina/7487473,https://cdn-consum.aktiosdigitalservices.com/tol/consum/media/product/img/300x300/7487473.jpg?t=20260929080848,2026-10-08T22:05:23
leche,Consum,7025190,8414807100108,CONSUM,Tarrina Leche Merengada,Tarrinas,2.6,3.0,2.6,True,2.6,LITRO,1 L,False,https://tienda.consum.es/es/p/tarrina-leche-merengada/7025190,https://cdn-consum.aktiosdigitalservices.com/tol/consum/media/product/img/300x300/7025190.jpg?t=20260812080150,2026-10-08T22:05:23
leche,Consum,7159416,8000500071083,KINDER,Barritas de Chocolate con Leche,Chocolatinas,3.29,3.29,,False,16.45,KILO,1 Kg,False,https://tienda.consum.es/es/p/barritas-de-chocolate-con-leche/7159416,https://cdn-consum.aktiosdigitalservices.com/tol/consum/media/product/img/300x300/7159416.jpg?t=20260818080120,2026-10-08T22:05:23
leche,Consum,7411184,8412779577102,RIO,Batido Optipro Café con Leche,Nutrición deportiva,1.59,1.59,,False,4.82,LITRO,1 L,False,https://tienda.consum.es/es/p/batido-optipro-cafe-con-leche/7411184,https://cdn-consum.aktiosdigitalservices.com/tol/consum/media/product/img/300x300/7411184.jpg?t=20260827103300,2026-10-08T22:05:23
leche,Consum,7440568,8410285102047,PULEVA,Puleva Peques 3 Buenas Noches,Leches infantiles,1.79,1.99,1.79,True,1.79,LITRO,1 L,False,https://tienda.consum.es/es/p/puleva-peques-3-buenas-noches/7440568,https://cdn-consum.aktiosdigitalservices.com/tol/consum/media/product/img/300x300/7440568.jpg?t=20260812080438,2026-10-08T22:05:23
leche,Consum,7183585,8411700412314,PULEVA,Peques3 Preparado Lácteo Cereales y Cacao,Leches infantiles,1.79,1.99,1.79,True,2.99,LITRO,1 L,False,https://tienda.consum.es/es/p/peques3-preparado-lacteo-cereales-y-cacao/7183585,https://cdn-consum.aktiosdigitalservices.com/tol/consum/media/product/img/300x300/7183585.jpg?t=20260812080221,2026-10-08T22:05:23
leche,Consum,7459472,8410285103495,PULEVA,Peques 3 Crecimiento Preparado Lácteo,Leches infantiles,1.79,1.99,1.79,True,2.99,LITRO,1 L,False,https://tienda.consum.es/es/p/peques-3-crecimiento-preparado-lacteo/7459472,https://cdn-consum.aktiosdigitalservices.com/tol/consum/media/product/img/300x300/7459472.jpg?t=20260812080459,2026-10-08T22:05:23
leche,Consum,7069508,8411700012415,PULEVA,Peques3 Crecimiento con Cereales,Leches infantiles,1.99,1.99,,False,1.99,LITRO,1 L,False,https://tienda.consum.es/es/p/peques3-crecimiento-con-cereales/7069508,https://cdn-consum.aktiosdigitalservices.com/tol/consum/media/product/img/300x300/7069508.jpg?t=20260827100022,2026-10-08T22:05:23
leche,Consum,7051597,8411700012217,PULEVA,Peques3 Crecimiento Preparado Lácteo,Leches infantiles,1.99,1.99,,False,1.99,LITRO,1 L,False,https://tienda.consum.es/es/p/peques3-crecimiento-preparado-lacteo/7051597,https://cdn-consum.aktiosdigitalservices.com/tol/consum/media/product/img/300x300/7051597.jpg?t=20260827095931,2026-10-08T22:05:23
leche,Consum,7243918,8411700412321,PULEVA,Peques3 Preparado Lácteo Cereales y Fruta,Leches infantiles,1.79,1.99,1.79,True,2.99,LITRO,1 L,False,https://tienda.consum.es/es/p/peques3-preparado-lacteo-cereales-y-fruta/7243918,https://cdn-consum.aktiosdigitalservices.com/tol/consum/media/product/img/300x300/7243918.jpg?t=20260812080243,2026-10-08T22:05:23
leche,Consum,7466394,8436542120425,,Cookie Chocolate con Leche,Magdalenas,1.19,1.19,,False,16.53,KILO,1 Kg,False,https://tienda.consum.es/es/p/cookie-chocolate-con-leche/7466394,https://cdn-consum.aktiosdigitalservices.com/tol/consum/media/product/img/300x300/7466394.jpg?t=20260714080318,2026-10-08T22:05:23
leche,Consum,7274298,8436591110705,GRANJA RINYA,Q.Tradicional Cassoleta Leche Vaca Pasteurizada,Frescos y para ensaladas,12.9,12.9,,False,12.9,KILO,1 Kg,False,https://tienda.consum.es/es/p/qtradicional-cassoleta-leche-vaca-pasteurizada/7274298,https://cdn-consum.aktiosdigitalservices.com/tol/consum/media/product/img/300x300/7274298.jpg?t=20260901080653,2026-10-08T22:05:23
leche,Consum,220681,8410100057859,FLOR ESGUEVA,Queso Oveja Curado Leche Cruda,Quesos de Oveja,23.95,28.9,23.95,True,23.95,KILO,1 Kg,False,https://tienda.consum.es/es/p/queso-oveja-curado-leche-cruda/220681,https://cdn-consum.aktiosdigitalservices.com/tol/consum/media/product/img/300x300/220681.jpg?t=20260901080634,2026-10-08T22:05:23
leche,Consum,7141927,8437017857211,CARMEN,Queso Oveja Semicurado Leche Pasteurizada,Quesos de Oveja,18.2,18.2,,False,18.2,KILO,1 Kg,False,https://tienda.consum.es/es/p/queso-oveja-semicurado-leche-pasteurizada/7141927,https://cdn-consum.aktiosdigitalservices.com/tol/consum/media/product/img/300x300/7141927.jpg?t=20260901080640,2026-10-08T22:05:23
leche,Consum,7134315,8412289001746,G.BAQUERO,Queso Cabra Tierno Leche Pasteurizada,Quesos de Cabra,22.9,22.9,,False,22.9,KILO,1 Kg,False,https://tienda.consum.es/es/p/queso-cabra-tierno-leche-pasteurizada/7134315,https://cdn-consum.aktiosdigitalservices.com/tol/consum/media/product/img/300x300/7134315.jpg?t=20260901080640,2026-10-08T22:05:23
leche,Consum,7135213,8413100018004,BOFFARD,Queso Oveja Reserva Leche Cruda 8 Meses,Quesos de Oveja,23.75,26.95,23.75,True,23.75,KILO,1 Kg,False,https://tienda.consum.es/es/p/queso-oveja-reserva-leche-cruda-8-meses/7135213,https://cdn-consum.aktiosdigitalservices.com/tol/consum/media/product/img/300x300/7135213.jpg?t=20260901080640,2026-10-08T22:05:23
leche,Consum,7199367,8437001391011,V.SOTUELAMOS,Queso Oveja Tierno Leche Pasteurizada,Quesos de Oveja,17.16,17.16,,False,17.16,KILO,1 Kg,False,https://tienda.consum.es/es/p/queso-oveja-tierno-leche-pasteurizada/7199367,https://cdn-consum.aktiosdigitalservices.com/tol/consum/media/product/img/300x300/7199367.jpg?t=20260901080645,2026-10-08T22:05:23
leche,Consum,7198716,8437003499012,CATI,Queso Pell Florida Leche Cabra Pasteurizad,Quesos de Cabra,29.9,29.9,,False,29.9,KILO,1 Kg,False,https://tienda.consum.es/es/p/queso-pell-florida-leche-cabra-pasteurizad/7198716,https://cdn-consum.aktiosdigitalservices.com/tol/consum/media/product/img/300x300/7198716.jpg?t=20260901080645,2026-10-08T22:05:23
leche,Consum,7119774,8710422811765,S.DE COPA,Q.Bola Semicurado Holan Leche Vaca Pasteurizada,Otros quesos importación,14.5,14.5,,False,14.5,KILO,1 Kg,False,https://tienda.consum.es/es/p/qbola-semicurado-holan-leche-vaca-pasteurizada/7119774,https://cdn-consum.aktiosdigitalservices.com/tol/consum/media/product/img/300x300/7119774.jpg?t=20260901080640,2026-10-08T22:05:23
leche,Consum,7003965,8437001300396,CARMEN,Queso Cabra Semicurado Leche Pasteurizada,Quesos de Cabra,23.9,23.9,,False,23.9,KILO,1 Kg,False,https://tienda.consum.es/es/p/queso-cabra-semicurado-leche-pasteurizada/7003965,https://cdn-consum.aktiosdigitalservices.com/tol/consum/media/product/img/300x300/7003965.jpg?t=20260901080637,2026-10-08T22:05:23
leche,Consum,7190416,8413376015301,EL PASTOR,Queso Delicias de Cabra Leche Pasteurizada,Quesos de Cabra,25.9,25.9,,False,25.9,KILO,1 Kg,False,https://tienda.consum.es/es/p/queso-delicias-de-cabra-leche-pasteurizada/7190416,https://cdn-consum.aktiosdigitalservices.com/tol/consum/media/product/img/300x300/7190416.jpg?t=20260901080643,2026-10-08T22:05:23
leche,Consum,7402092,8436010213482,ORO HOLANDA,Queso Maasdam Tierno Leche Mezcla Pasteurzad,Otros quesos importación,11.9,11.9,,False,11.9,KILO,1 Kg,False,https://tienda.consum.es/es/p/queso-maasdam-tierno-leche-mezcla-pasteurzad/7402092,https://cdn-consum.aktiosdigitalservices.com/tol/consum/media/product/img/300x300/7402092.jpg?t=20260901080727,2026-10-08T22:05:23
leche,Consum,219113,4006402025036,BERGADER,Queso Bavaria Blue Leche Vaca Pasteurizada,Roquefort y azules,20.29,20.29,,False,20.29,KILO,1 Kg,False,https://tienda.consum.es/es/p/queso-bavaria-blue-leche-vaca-pasteurizada/219113,https://cdn-consum.aktiosdigitalservices.com/tol/consum/media/product/img/300x300/219113.jpg?t=20260901080634,2026-10-08T22:05:23
leche,Consum,234633,8411049000227,GRAN CAPITAN,Queso Mezcla Curado Leche Pasteurizada,Quesos Nacionales,23.4,23.4,,False,23.4,KILO,1 Kg,False,https://tienda.consum.es/es/p/queso-mezcla-curado-leche-pasteurizada/234633,https://cdn-consum.aktiosdigitalservices.com/tol/consum/media/product/img/300x300/234633.jpg?t=20260901080634,2026-10-08T22:05:23
leche,Consum,7208424,8421957000028,G.BAQUERO,Queso Oveja Añejo Leche Cruda 9 Meses,Quesos de Oveja,26.9,26.9,,False,26.9,KILO,1 Kg,False,https://tienda.consum.es/es/p/queso-oveja-anejo-leche-cruda-9-meses/7208424,https://cdn-consum.aktiosdigitalservices.com/tol/consum/media/product/img/300x300/7208424.jpg?t=20260901080646,2026-10-08T22:05:23
leche,Consum,7421584,8412289060057,G.BAQUERO,Rulo de Cabra Leche Pasteurizada,Quesos Para untar,17.8,17.8,,False,17.8,KILO,1 Kg,False,https://tienda.consum.es/es/p/rulo-de-cabra-leche-pasteurizada/7421584,https://cdn-consum.aktiosdigitalservices.com/tol/consum/media/product/img/300x300/7421584.jpg?t=20260901080731,2026-10-08T22:05:23
leche,Consum,7443661,8412289000039,G.BAQUERO,Queso Mezcla Curado Leche Pasteurizada,Quesos Nacionales,17.9,17.9,,False,17.9,KILO,1 Kg,False,https://tienda.consum.es/es/p/queso-mezcla-curado-leche-pasteurizada/7443661,https://cdn-consum.aktiosdigitalservices.com/tol/consum/media/product/img/300x300/7443661.jpg?t=20260901080739,2026-10-08T22:05:23
leche,Consum,7072460,3123932501067,ENTREMONT,Queso Brie Francés Leche Vaca Pasteurizada,Quesos Para untar,15.3,15.3,,False,15.3,KILO,1 Kg,False,https://tienda.consum.es/es/p/queso-brie-frances-leche-vaca-pasteurizada/7072460,https://cdn-consum.aktiosdigitalservices.com/tol/consum/media/product/img/300x300/7072460.jpg?t=20260901080638,2026-10-08T22:05:23
leche,Consum,7289077,8437001300044,GRANJA RINYA,Queso Homenaje Leche oveja pasteurizada,Quesos Para untar,18.62,18.62,,False,18.62,KILO,1 Kg,False,https://tienda.consum.es/es/p/queso-homenaje-leche-oveja-pasteurizada/7289077,https://cdn-consum.aktiosdigitalservices.com/tol/consum/media/product/img/300x300/7289077.jpg?t=20260901080656,2026-10-08T22:05:23
leche,Consum,7291722,8410320274852,CAMPOFRÍO,Salchicha Doble Leche,Salchichas,1.05,1.05,,False,7.5,KILO,1 Kg,False,https://tienda.consum.es/es/p/salchicha-doble-leche/7291722,https://cdn-consum.aktiosdigitalservices.com/tol/consum/media/product/img/300x300/7291722.jpg?t=20260812080302,2026-10-08T22:05:23
leche,Consum,7337801,8437001558377,LA CABRITA,Queso Servilleta Artesano Leche de Cabra,Pasta blanda cabra,5.85,5.85,,False,16.71,KILO,1 Kg,False,https://tienda.consum.es/es/p/queso-servilleta-artesano-leche-de-cabra/7337801,https://cdn-consum.aktiosdigitalservices.com/tol/consum/media/product/img/300x300/7337801.jpg?t=20260812080324,2026-10-08T22:05:23
leche,Consum,7360597,8436559632652,CARMEN,Queso Artesano Reserva Leche Cruda Mezcla,Cuña curado,3.89,3.89,,False,19.45,KILO,1 Kg,False,https://tienda.consum.es/es/p/queso-artesano-reserva-leche-cruda-mezcla/7360597,https://cdn-consum.aktiosdigitalservices.com/tol/consum/media/product/img/300x300/7360597.jpg?t=20260812080336,2026-10-08T22:05:23
leche,Consum,7424807,8718951603349,PALMOLIVE,Gel de Baño Leche y Miel,Gel de baño,2.99,2.99,,False,5.0,LITRO,100 ml,False,https://tienda.consum.es/es/p/gel-de-bano-leche-y-miel/7424807,https://cdn-consum.aktiosdigitalservices.com/tol/consum/media/product/img/300x300/7424807.jpg?t=20260829075946,2026-10-08T22:05:23
leche,Consum,811240,8437001300167,GRANJA RINYA,Queso Fresco Servilleta Leche Vaca Pasteurizada,Frescos y para ensaladas,13.0,13.0,,False,13.0,KILO,1 Kg,False,https://tienda.consum.es/es/p/queso-fresco-servilleta-leche-vaca-pasteurizada/811240,https://cdn-consum.aktiosdigitalservices.com/tol/consum/media/product/img/300x300/811240.jpg?t=20260901080635,2026-10-08T22:05:23
leche,Consum,7402089,8436579754778,ORO HOLANDA,Queso Edam Barra Leche Vaca Pasteurizada,Quesos de Barra,10.5,10.5,,False,10.5,KILO,1 Kg,False,https://tienda.consum.es/es/p/queso-edam-barra-leche-vaca-pasteurizada/7402089,https://cdn-consum.aktiosdigitalservices.com/tol/consum/media/product/img/300x300/7402089.jpg?t=20260901080727,2026-10-08T22:05:23
leche,Consum,7445380,8412289006888,G.BAQUERO,Queso Cabra Celes Leche Pasteurizada,Quesos de Cabra,24.5,24.5,,False,24.5,KILO,1 Kg,False,https://tienda.consum.es/es/p/queso-cabra-celes-leche-pasteurizada/7445380,https://cdn-consum.aktiosdigitalservices.com/tol/consum/media/product/img/300x300/7445380.jpg?t=20260901080739,2026-10-08T22:05:23
leche,Consum,7369106,3492840540025,SAINT-FLOUR,Queso Azul Leche Vaca Pasteurizada,Roquefort y azules,16.7,16.7,,False,16.7,KILO,1 Kg,False,https://tienda.consum.es/es/p/queso-azul-leche-vaca-pasteurizada/7369106,https://cdn-consum.aktiosdigitalservices.com/tol/consum/media/product/img/300x300/7369106.jpg?t=20260901080715,2026-10-08T22:05:23
leche,Consum,7480085,8421392028014,LOS CAMEROS,Queso Semicurado Mezcl Leche Pasteurizada,Quesos Nacionales,17.9,17.9,,False,17.9,KILO,1 Kg,False,https://tienda.consum.es/es/p/queso-semicurado-mezcl-leche-pasteurizada/7480085,https://cdn-consum.aktiosdigitalservices.com/tol/consum/media/product/img/300x300/7480085.jpg?t=20260901080605,2026-10-08T22:05:23
leche,Consum,7336626,8436018961842,,Bizcocho Casero de Chocolate con Leche,Cocas y bizcochos,2.69,2.99,2.69,True,6.73,KILO,1 Kg,False,https://tienda.consum.es/es/p/bizcocho-casero-de-chocolate-con-leche/7336626,https://cdn-consum.aktiosdigitalservices.com/tol/consum/media/product/img/300x300/7336626.jpg?t=20260812080323,2026-10-08T22:05:23
leche,Consum,7455806,8425514012288,,Pan de Leche 3% 4 Unidades,Pan común,1.29,1.29,,False,3.23,KILO,1 Kg,False,https://tienda.consum.es/es/p/pan-de-leche-3-4-unidades/7455806,https://cdn-consum.aktiosdigitalservices.com/tol/consum/media/product/img/300x300/7455806.jpg?t=20260812080454,2026-10-08T22:05:23
leche,Consum,7458367,8436591110606,GRANJA RINYA,Queso Fresco Tradicional Leche Pasteurizada Vaca,Frescos y para ensaladas,2.15,2.15,,False,10.75,KILO,1 Kg,False,https://tienda.consum.es/es/p/queso-fresco-tradicional-leche-pasteurizada-vaca/7458367,https://cdn-consum.aktiosdigitalservices.com/tol/consum/media/product/img/300x300/7458367.jpg?t=20260812080459,2026-10-08T22:05:23
leche,Consum,7434975,3492840561136,PASTOURELLE,Roquefort DOP Leche Oveja Cruda,Roquefort y azules,23.9,23.9,,False,23.9,KILO,1 Kg,False,https://tienda.consum.es/es/p/roquefort-dop-leche-oveja-cruda/7434975,https://cdn-consum.aktiosdigitalservices.com/tol/consum/media/product/img/300x300/7434975.jpg?t=20260901080735,2026-10-08T22:05:23
leche,Consum,7449176,3177890932395,PAPILLON,Queso Tomme Brebis Leche Oveja Pasteurizad,Quesos de Oveja,26.9,31.5,26.9,True,26.9,KILO,1 Kg,False,https://tienda.consum.es/es/p/queso-tomme-brebis-leche-oveja-pasteurizad/7449176,https://cdn-consum.aktiosdigitalservices.com/tol/consum/media/product/img/300x300/7449176.jpg?t=20260901080740,2026-10-08T22:05:23
leche,Consum,7452134,3222110000115,CHAUMES,Queso Chaumes Leche Pasteurizada Vaca,Quesos Para untar,26.3,26.3,,False,26.3,KILO,1 Kg,False,https://tienda.consum.es/es/p/queso-chaumes-leche-pasteurizada-vaca/7452134,https://cdn-consum.aktiosdigitalservices.com/tol/consum/media/product/img/300x300/7452134.jpg?t=20260901080740,2026-10-08T22:05:23
leche,Consum,7097715,8436039025776,SUIZA,Q. Gruyère Suizo D.O.P Leche Cruda de Vaca,Otros quesos importación,31.1,31.1,,False,31.1,KILO,1 Kg,False,https://tienda.consum.es/es/p/q-gruyere-suizo-dop-leche-cruda-de-vaca/7097715,https://cdn-consum.aktiosdigitalservices.com/tol/consum/media/product/img/300x300/7097715.jpg?t=20260901080639,2026-10-08T22:05:23
leche,Consum,7405475,8436034677932,DON JULIÁN,Q. Oveja Manchego DOP Leche Pasteurizada,Quesos Nacionales,26.5,26.5,,False,26.5,KILO,1 Kg,False,https://tienda.consum.es/es/p/q-oveja-manchego-dop-leche-pasteurizada/7405475,https://cdn-consum.aktiosdigitalservices.com/tol/consum/media/product/img/300x300/7405475.jpg?t=20260901080727,2026-10-08T22:05:23
leche,Consum,7214393,8437001391042,V.SOTUELAMOS,Queso Oveja Semicurado Leche Oveja Pasteurizad,Quesos de Oveja,20.7,20.7,,False,20.7,KILO,1 Kg,False,https://tienda.consum.es/es/p/queso-oveja-semicurado-leche-oveja-pasteurizad/7214393,https://cdn-consum.aktiosdigitalservices.com/tol/consum/media/product/img/300x300/7214393.jpg?t=20260901080648,2026-10-08T22:05:23
leche,Consum,7302052,8436559632232,CARMEN,Queso de Oveja Añejo Leche Cruda,Quesos de Oveja,4.45,4.45,,False,22.25,KILO,1 Kg,False,https://tienda.consum.es/es/p/queso-de-oveja-anejo-leche-cruda/7302052,https://cdn-consum.aktiosdigitalservices.com/tol/consum/media/product/img/300x300/7302052.jpg?t=20260812080307,2026-10-08T22:05:23
leche,Consum,7479934,8437027607080,FROOZZ,Banana Choco Leche,Fruta helada,3.99,3.99,,False,39.9,KILO,1 Kg,False,https://tienda.consum.es/es/p/banana-choco-leche/7479934,https://cdn-consum.aktiosdigitalservices.com/tol/consum/media/product/img/300x300/7479934.jpg?t=20260827105714,2026-10-08T22:05:23
leche,Consum,7482487,8410175091444,HERO,Pouch Mango y Manzana Leche Coco y Avena,Pouches,1.25,1.25,,False,12.5,KILO,1 Kg,False,https://tienda.consum.es/es/p/pouch-mango-y-manzana-leche-coco-y-avena/7482487,https://cdn-consum.aktiosdigitalservices.com/tol/consum/media/product/img/300x300/7482487.jpg?t=20260827105805,2026-10-08T22:05:23
leche,Consum,7482966,8410740926072,LA CASA,Turrón Chocolate Leche Estilo Dubai Pistacho,Turrones  ,6.99,6.99,,False,31.07,KILO,1 Kg,False,https://tienda.consum.es/es/p/turron-chocolate-leche-estilo-dubai-pistacho/7482966,https://cdn-consum.aktiosdigitalservices.com/tol/consum/media/product/img/300x300/7482966.jpg?t=20261002110041,2026-10-08T22:05:23
leche,Consum,7299444,8437018116164,V.SOTUELAMOS,Queso Oveja c/Ajo Negro Leche Pasteurizada,Quesos Nacionales,25.9,25.9,,False,25.9,KILO,1 Kg,False,https://tienda.consum.es/es/p/queso-oveja-c-ajo-negro-leche-pasteurizada/7299444,https://cdn-consum.aktiosdigitalservices.com/tol/consum/media/product/img/300x300/7299444.jpg?t=20260901080656,2026-10-08T22:05:23
leche,Consum,7284359,8437017857228,CARMEN,Queso Oveja-Cabra Añejo Leche  Cruda 12 Meses,Quesos Nacionales,23.5,23.5,,False,23.5,KILO,1 Kg,False,https://tienda.consum.es/es/p/queso-oveja-cabra-anejo-leche-cruda-12-meses/7284359,https://cdn-consum.aktiosdigitalservices.com/tol/consum/media/product/img/300x300/7284359.jpg?t=20260901080656,2026-10-08T22:05:23
leche,Consum,7317964,8437016988152,BELAI,Queso Idiazabal DOP Leche Cruda de Oveja,Quesos de Oveja,26.5,26.5,,False,26.5,KILO,1 Kg,False,https://tienda.consum.es/es/p/queso-idiazabal-dop-leche-cruda-de-oveja/7317964,https://cdn-consum.aktiosdigitalservices.com/tol/consum/media/product/img/300x300/7317964.jpg?t=20260901080705,2026-10-08T22:05:23
leche,Consum,7482300,8718951827271,PALMOLIVE,Jabón de Manos Pastilla Almendras y Leche,Jabón en pastillas,2.69,2.69,,False,0.9,UNIDAD,1 U,False,https://tienda.consum.es/es/p/jabon-de-manos-pastilla-almendras-y-leche/7482300,https://cdn-consum.aktiosdigitalservices.com/tol/consum/media/product/img/300x300/7482300.jpg?t=20260812080124,2026-10-08T22:05:23
leche,Consum,7222685,8710243039850,O. AMSTERDAM,Queso Gouda Curado Leche Pasteurizada GI04,Quesos Nacionales,21.9,21.9,,False,21.9,KILO,1 Kg,False,https://tienda.consum.es/es/p/queso-gouda-curado-leche-pasteurizada-gi04/7222685,https://cdn-consum.aktiosdigitalservices.com/tol/consum/media/product/img/300x300/7222685.jpg?t=20260901080648,2026-10-08T22:05:23
leche,Consum,7199516,8437001391127,VEGA SOTUELA,Queso Oveja Romero Leche Pasteurizada,Quesos Nacionales,24.5,24.5,,False,24.5,KILO,1 Kg,False,https://tienda.consum.es/es/p/queso-oveja-romero-leche-pasteurizada/7199516,https://cdn-consum.aktiosdigitalservices.com/tol/consum/media/product/img/300x300/7199516.jpg?t=20260901080645,2026-10-08T22:05:23
leche,Consum,7462369,8437026522865,V.SOTUELAMOS,Queso Oveja Pesto 3% Leche Pasteurizada,Quesos Nacionales,25.9,25.9,,False,25.9,KILO,1 Kg,False,https://tienda.consum.es/es/p/queso-oveja-pesto-3-leche-pasteurizada/7462369,https://cdn-consum.aktiosdigitalservices.com/tol/consum/media/product/img/300x300/7462369.jpg?t=20260901080743,2026-10-08T22:05:23
leche,Consum,7468775,8420402100009,COINGA,Queso Mahón Semi DOP Leche Pasteurizada Vaca,Quesos Nacionales,14.5,14.5,,False,14.5,KILO,1 Kg,False,https://tienda.consum.es/es/p/queso-mahon-semi-dop-leche-pasteurizada-vaca/7468775,https://cdn-consum.aktiosdigitalservices.com/tol/consum/media/product/img/300x300/7468775.jpg?t=20260901080752,2026-10-08T22:05:23
leche,Consum,7349546,8414807549228,KYREY,Gel de Baño Leche y Avena,Gel de baño,1.6,1.6,,False,2.1,LITRO,100 ml,False,https://tienda.consum.es/es/p/gel-de-bano-leche-y-avena/7349546,https://cdn-consum.aktiosdigitalservices.com/tol/consum/media/product/img/300x300/7349546.jpg?t=20260812080330,2026-10-08T22:05:23
leche,Consum,7353761,8414807549815,VITALITY,Tarrina Paté Perro Júnior Rico en Pollo y Leche,Comida Húmeda,0.95,0.95,,False,3.17,KILO,1 Kg,False,https://tienda.consum.es/es/p/tarrina-pate-perro-junior-rico-en-pollo-y-leche/7353761,https://cdn-consum.aktiosdigitalservices.com/tol/consum/media/product/img/300x300/7353761.jpg?t=20260812080333,2026-10-08T22:05:23
leche,Consum,7150576,8437001300228,GRANJA RINYA,Queso Fresco Tradicional Leche Cabra pasteurizad,Frescos y para ensaladas,16.9,16.9,,False,16.9,KILO,1 Kg,False,https://tienda.consum.es/es/p/queso-fresco-tradicional-leche-cabra-pasteurizad/7150576,https://cdn-consum.aktiosdigitalservices.com/tol/consum/media/product/img/300x300/7150576.jpg?t=20260901080642,2026-10-08T22:05:23
leche,Consum,7282270,8421957000073,ARTEPOK,Queso Mezcla Semi Leche Pasteurizada,Quesos Nacionales,14.9,14.9,,False,14.9,KILO,1 Kg,False,https://tienda.consum.es/es/p/queso-mezcla-semi-leche-pasteurizada/7282270,https://cdn-consum.aktiosdigitalservices.com/tol/consum/media/product/img/300x300/7282270.jpg?t=20260901080654,2026-10-08T22:05:23
leche,Consum,7429793,5760466767460,ARLA,Queso Havarti Barra Leche Vaca Pasteurizada,Quesos de Barra,15.9,15.9,,False,15.9,KILO,1 Kg,False,https://tienda.consum.es/es/p/queso-havarti-barra-leche-vaca-pasteurizada/7429793,https://cdn-consum.aktiosdigitalservices.com/tol/consum/media/product/img/300x300/7429793.jpg?t=20260901080733,2026-10-08T22:05:23
leche,Consum,232710,8412289000022,G.BAQUERO,Queso Mezcla Semi Leche Pasteurizada,Quesos Nacionales,17.0,17.0,,False,17.0,KILO,1 Kg,False,https://tienda.consum.es/es/p/queso-mezcla-semi-leche-pasteurizada/232710,https://cdn-consum.aktiosdigitalservices.com/tol/consum/media/product/img/300x300/232710.jpg?t=20260901080634,2026-10-08T22:05:23
leche,Consum,7230550,8412289006826,G.BAQUERO,Queso La Cava Artés Leche Mezcla Pasteuriza,Quesos Nacionales,22.6,22.6,,False,22.6,KILO,1 Kg,False,https://tienda.consum.es/es/p/queso-la-cava-artes-leche-mezcla-pasteuriza/7230550,https://cdn-consum.aktiosdigitalservices.com/tol/consum/media/product/img/300x300/7230550.jpg?t=20260901080648,2026-10-08T22:05:23
huevos,Consum,7369262,8437004036032,MONTERDE,Huevo Ecológico L-XL 1/2 Docena,Despensa,3.69,3.69,,False,7.38,DOCENA,1 Dc,False,https://tienda.consum.es/es/p/huevo-ecologico-l-xl-1-2-docena/7369262,https://cdn-consum.aktiosdigitalservices.com/tol/consum/media/product/img/300x300/7369262.jpg?t=20260812080340,2026-10-08T22:05:30
huevos,Consum,7429392,8437004036162,MONTERDE,Huevo Ecológico Decena Diferentes Calibres,Huevos frescos,4.99,4.99,,False,6.01,DOCENA,1 Dc,False,https://tienda.consum.es/es/p/huevo-ecologico-decena-diferentes-calibres/7429392,https://cdn-consum.aktiosdigitalservices.com/tol/consum/media/product/img/300x300/7429392.jpg?t=20260812080425,2026-10-08T22:05:30
huevos,Consum,7098382,8437004036544,MONTERDE,Huevos M Medianos Docena,Huevos frescos,2.85,2.85,,False,2.85,DOCENA,1 Dc,False,https://tienda.consum.es/es/p/huevos-m-medianos-docena/7098382,https://cdn-consum.aktiosdigitalservices.com/tol/consum/media/product/img/300x300/7098382.jpg?t=20260812080205,2026-10-08T22:05:30
huevos,Consum,7359040,8437004036131,MONTERDE,Huevo Campero M Decena,Huevos frescos,2.9,2.9,,False,3.49,DOCENA,1 Dc,False,https://tienda.consum.es/es/p/huevo-campero-m-decena/7359040,https://cdn-consum.aktiosdigitalservices.com/tol/consum/media/product/img/300x300/7359040.jpg?t=20260812080335,2026-10-08T22:05:30
huevos,Consum,7359052,8437004036148,MONTERDE,Huevo Campero L Decena,Huevos frescos,3.7,3.7,,False,4.46,DOCENA,1 Dc,False,https://tienda.consum.es/es/p/huevo-campero-l-decena/7359052,https://cdn-consum.aktiosdigitalservices.com/tol/consum/media/product/img/300x300/7359052.jpg?t=20260812080335,2026-10-08T22:05:30
huevos,Consum,7279917,8437004036995,MONTERDE,Huevo XL Jumbo 1/2 Docena,Huevos frescos,2.65,2.65,,False,5.3,DOCENA,1 Dc,False,https://tienda.consum.es/es/p/huevo-xl-jumbo-1-2-docena/7279917,https://cdn-consum.aktiosdigitalservices.com/tol/consum/media/product/img/300x300/7279917.jpg?t=20260812080256,2026-10-08T22:05:30
huevos,Consum,7300853,8437004036803,MONTERDE,Huevo Codorniz Cartón 18 Unidades,Huevos frescos,1.85,1.85,,False,1.23,DOCENA,1 Dc,False,https://tienda.consum.es/es/p/huevo-codorniz-carton-18-unidades/7300853,https://cdn-consum.aktiosdigitalservices.com/tol/consum/media/product/img/300x300/7300853.jpg?t=20260812080306,2026-10-08T22:05:30
huevos,Consum,7480531,8437004036827,MONTERDE,Huevo Campero L/XL,Huevos frescos,2.85,2.85,,False,5.7,DOCENA,1 Dc,False,https://tienda.consum.es/es/p/huevo-campero-l-xl/7480531,https://cdn-consum.aktiosdigitalservices.com/tol/consum/media/product/img/300x300/7480531.jpg?t=20260901080926,2026-10-08T22:05:30
huevos,Consum,7405038,8437004036599,MONTERDE,Huevo L/XL Docena,Huevos frescos,4.19,4.19,,False,4.19,DOCENA,1 Dc,False,https://tienda.consum.es/es/p/huevo-l-xl-docena/7405038,https://cdn-consum.aktiosdigitalservices.com/tol/consum/media/product/img/300x300/7405038.jpg?t=20260812080405,2026-10-08T22:05:30
huevos,Consum,7098411,8437004036537,MONTERDE,Huevos L Grandes 1/2 Docena,Huevos frescos,1.8,1.8,,False,3.6,DOCENA,1 Dc,False,https://tienda.consum.es/es/p/huevos-l-grandes-1-2-docena/7098411,https://cdn-consum.aktiosdigitalservices.com/tol/consum/media/product/img/300x300/7098411.jpg?t=20260812080205,2026-10-08T22:05:30
huevos,Consum,7114932,8437004036568,MONTERDE,Huevos Camperos M/L 1/2 Docena,Huevos frescos,2.1,2.1,,False,4.2,DOCENA,1 Dc,False,https://tienda.consum.es/es/p/huevos-camperos-m-l-1-2-docena/7114932,https://cdn-consum.aktiosdigitalservices.com/tol/consum/media/product/img/300x300/7114932.jpg?t=20260813075826,2026-10-08T22:05:30
huevos,Consum,7385631,8437004036773,MONTERDE,Huevos S/M Medianos 24 Unidades,Huevos frescos,5.25,5.25,,False,2.63,DOCENA,1 Dc,False,https://tienda.consum.es/es/p/huevos-s-m-medianos-24-unidades/7385631,https://cdn-consum.aktiosdigitalservices.com/tol/consum/media/product/img/300x300/7385631.jpg?t=20260812080350,2026-10-08T22:05:30
huevos,Consum,7098395,8437004036520,MONTERDE,Huevos L Grandes Docena,Huevos frescos,3.05,3.05,,False,3.05,DOCENA,1 Dc,False,https://tienda.consum.es/es/p/huevos-l-grandes-docena/7098395,https://cdn-consum.aktiosdigitalservices.com/tol/consum/media/product/img/300x300/7098395.jpg?t=20260812080205,2026-10-08T22:05:30
huevos,Consum,7324080,8437004036841,MONTERDE,Huevo Campero Cocido 1/2 Docena,Otros huevos y claras de huevo,2.59,2.59,,False,5.18,DOCENA,1 Dc,False,https://tienda.consum.es/es/p/huevo-campero-cocido-1-2-docena/7324080,https://cdn-consum.aktiosdigitalservices.com/tol/consum/media/product/img/300x300/7324080.jpg?t=20260812080317,2026-10-08T22:05:30
huevos,Consum,7385719,8437004009753,MONTERDE,Clara de Huevo Botella,Otros huevos y claras de huevo,1.7,1.7,,False,5.67,LITRO,1 L,False,https://tienda.consum.es/es/p/clara-de-huevo-botella/7385719,https://cdn-consum.aktiosdigitalservices.com/tol/consum/media/product/img/300x300/7385719.jpg?t=20260818080130,2026-10-08T22:05:30
huevos,Consum,7385722,8437004009647,MONTERDE,Clara de Huevo Botella,Otros huevos y claras de huevo,2.85,2.85,,False,2.85,LITRO,1 L,False,https://tienda.consum.es/es/p/clara-de-huevo-botella/7385722,https://cdn-consum.aktiosdigitalservices.com/tol/consum/media/product/img/300x300/7385722.jpg?t=20260812080350,2026-10-08T22:05:30
huevos,Consum,7312648,8437000140054,EL CANTERO,Kéfir Cabra Ecológico Natural,Frescos y refrigerados,3.75,3.75,,False,8.93,KILO,1 Kg,False,https://tienda.consum.es/es/p/kefir-cabra-ecologico-natural/7312648,https://cdn-consum.aktiosdigitalservices.com/tol/consum/media/product/img/300x300/7312648.jpg?t=20260812080312,2026-10-08T22:05:30
huevos,Consum,7057748,8414807531520,CONSUM,Flan Huevo Baño María Pack de 4 Unidades,Flanes,1.6,1.6,,False,4.0,KILO,1 Kg,False,https://tienda.consum.es/es/p/flan-huevo-bano-maria-pack-de-4-unidades/7057748,https://cdn-consum.aktiosdigitalservices.com/tol/consum/media/product/img/300x300/7057748.jpg?t=20260812080156,2026-10-08T22:05:30
huevos,Consum,7197424,8420756000086,REINA,Flan de Huevo al Baño María,Flanes,2.49,2.49,,False,5.66,KILO,1 Kg,False,https://tienda.consum.es/es/p/flan-de-huevo-al-bano-maria/7197424,https://cdn-consum.aktiosdigitalservices.com/tol/consum/media/product/img/300x300/7197424.jpg?t=20260812080227,2026-10-08T22:05:30
huevos,Consum,7166312,8420756001946,REINA,Flan de Huevo Ekilibrio Sin azúcares añadidos,Flanes,2.45,2.45,,False,6.13,KILO,1 Kg,False,https://tienda.consum.es/es/p/flan-de-huevo-ekilibrio-sin-azucares-anadidos/7166312,https://cdn-consum.aktiosdigitalservices.com/tol/consum/media/product/img/300x300/7166312.jpg?t=20260812080216,2026-10-08T22:05:30
huevos,Consum,7428865,8420756004886,REINA,Flan de Clara de Huevo Rico en Proteínas 0%0%,Flanes,2.19,2.19,,False,6.84,KILO,1 Kg,False,https://tienda.consum.es/es/p/flan-de-clara-de-huevo-rico-en-proteinas-00/7428865,https://cdn-consum.aktiosdigitalservices.com/tol/consum/media/product/img/300x300/7428865.jpg?t=20260812080425,2026-10-08T22:05:30
huevos,Consum,7199771,8414807530929,CONSUM,Yogur 00% con Frutas Pack de 12 Unidades,Yogur desnatado,2.85,2.85,,False,1.9,KILO,1 Kg,False,https://tienda.consum.es/es/p/yogur-00-con-frutas-pack-de-12-unidades/7199771,https://cdn-consum.aktiosdigitalservices.com/tol/consum/media/product/img/300x300/7199771.jpg?t=20260812080228,2026-10-08T22:05:30
huevos,Consum,7042695,8414807300157,CONSUM,Batido de Cacao Botella,Batidos,1.29,1.29,,False,1.29,LITRO,1 L,False,https://tienda.consum.es/es/p/batido-de-cacao-botella/7042695,https://cdn-consum.aktiosdigitalservices.com/tol/consum/media/product/img/300x300/7042695.jpg?t=20260812080152,2026-10-08T22:05:30
huevos,Consum,7200061,8414807531117,CONSUM,Cuajada Natural Pack de 4 Unidades,Cuajada,1.2,1.2,,False,2.4,KILO,1 Kg,False,https://tienda.consum.es/es/p/cuajada-natural-pack-de-4-unidades/7200061,https://cdn-consum.aktiosdigitalservices.com/tol/consum/media/product/img/300x300/7200061.jpg?t=20260812080228,2026-10-08T22:05:30
huevos,Consum,7264104,8414807539373,CONSUM,Nata para Montar Minibrik Pack de 3,Nata para montar,2.25,2.25,,False,3.75,LITRO,1 L,False,https://tienda.consum.es/es/p/nata-para-montar-minibrik-pack-de-3/7264104,https://cdn-consum.aktiosdigitalservices.com/tol/consum/media/product/img/300x300/7264104.jpg?t=20260812080250,2026-10-08T22:05:30
huevos,Consum,7321776,8414807545541,CONSUM,Tiramisú Pack de 2 Unidades,Otros postres,1.25,1.25,,False,7.81,KILO,1 Kg,False,https://tienda.consum.es/es/p/tiramisu-pack-de-2-unidades/7321776,https://cdn-consum.aktiosdigitalservices.com/tol/consum/media/product/img/300x300/7321776.jpg?t=20260812080316,2026-10-08T22:05:30
huevos,Consum,7340888,8414807547873,CONSUM,Yogur Natural Pack de 4 Unidades,Yogur natural y azucarado,0.75,0.75,,False,1.5,KILO,1 Kg,False,https://tienda.consum.es/es/p/yogur-natural-pack-de-4-unidades/7340888,https://cdn-consum.aktiosdigitalservices.com/tol/consum/media/product/img/300x300/7340888.jpg?t=20260812080325,2026-10-08T22:05:30
huevos,Consum,7354590,8414807549891,CONSUM,Flan de Queso,Flanes,2.15,2.15,,False,5.38,KILO,1 Kg,False,https://tienda.consum.es/es/p/flan-de-queso/7354590,https://cdn-consum.aktiosdigitalservices.com/tol/consum/media/product/img/300x300/7354590.jpg?t=20260812080333,2026-10-08T22:05:30
huevos,Consum,7368918,8414807551566,CONSUM,Postre Gelificado 00% Sabor Fresa,Gelatina,0.65,0.65,,False,1.63,KILO,1 Kg,False,https://tienda.consum.es/es/p/postre-gelificado-00-sabor-fresa/7368918,https://cdn-consum.aktiosdigitalservices.com/tol/consum/media/product/img/300x300/7368918.jpg?t=20260812080340,2026-10-08T22:05:30
huevos,Consum,7406437,8414807555632,CONSUM,Yogur Griego con Nueces Azucarado,Yogur griego,1.49,1.49,,False,2.98,KILO,1 Kg,False,https://tienda.consum.es/es/p/yogur-griego-con-nueces-azucarado/7406437,https://cdn-consum.aktiosdigitalservices.com/tol/consum/media/product/img/300x300/7406437.jpg?t=20260812080406,2026-10-08T22:05:30
huevos,Consum,7450039,8414807560865,CONSUM,Bebida de Chufa 0% Azúcar,Horchatas,1.5,1.5,,False,1.5,LITRO,1 L,False,https://tienda.consum.es/es/p/bebida-de-chufa-0-azucar/7450039,https://cdn-consum.aktiosdigitalservices.com/tol/consum/media/product/img/300x300/7450039.jpg?t=20260812080447,2026-10-08T22:05:30
huevos,Consum,7463904,8414807562067,CONSUM,Yogur Griego Natural,Yogur griego,2.1,2.1,,False,2.1,KILO,1 Kg,False,https://tienda.consum.es/es/p/yogur-griego-natural/7463904,https://cdn-consum.aktiosdigitalservices.com/tol/consum/media/product/img/300x300/7463904.jpg?t=20260812080507,2026-10-08T22:05:30
huevos,Consum,7157860,8414807521774,CONSUM,L Casei Fresa Pack de 12 Unidades,L-casei,2.25,2.25,,False,1.88,KILO,1 Kg,False,https://tienda.consum.es/es/p/l-casei-fresa-pack-de-12-unidades/7157860,https://cdn-consum.aktiosdigitalservices.com/tol/consum/media/product/img/300x300/7157860.jpg?t=20260812080215,2026-10-08T22:05:30
huevos,Consum,7191968,8414807530042,CONSUM,Natillas de Chocolate Pack de 4 Unidades,Natillas,1.05,1.05,,False,2.1,KILO,1 Kg,False,https://tienda.consum.es/es/p/natillas-de-chocolate-pack-de-4-unidades/7191968,https://cdn-consum.aktiosdigitalservices.com/tol/consum/media/product/img/300x300/7191968.jpg?t=20260812080224,2026-10-08T22:05:30
huevos,Consum,7199623,8414807530714,CONSUM,Yogur Natural Azucarado Pack de 12 Unidades,Yogur natural y azucarado,2.15,2.15,,False,1.43,KILO,1 Kg,False,https://tienda.consum.es/es/p/yogur-natural-azucarado-pack-de-12-unidades/7199623,https://cdn-consum.aktiosdigitalservices.com/tol/consum/media/product/img/300x300/7199623.jpg?t=20260812080228,2026-10-08T22:05:30
huevos,Consum,7167067,8414807525437,CONSUM,Postre Gelificado Sabor Multifrutas Pack 6,Gelatina,1.0,1.0,,False,1.67,KILO,1 Kg,False,https://tienda.consum.es/es/p/postre-gelificado-sabor-multifrutas-pack-6/7167067,https://cdn-consum.aktiosdigitalservices.com/tol/consum/media/product/img/300x300/7167067.jpg?t=20260812080216,2026-10-08T22:05:30
huevos,Consum,7260834,8414807539137,CONSUM,Yogur Griego con Capa Mora - Frambuesa,Yogur griego,1.7,1.7,,False,3.4,KILO,1 Kg,False,https://tienda.consum.es/es/p/yogur-griego-con-capa-mora---frambuesa/7260834,https://cdn-consum.aktiosdigitalservices.com/tol/consum/media/product/img/300x300/7260834.jpg?t=20260812080249,2026-10-08T22:05:30
huevos,Consum,7340875,8414807547859,CONSUM,Yogur 00% Sabor Fresa Pack de 4 Unidades,Yogur desnatado,0.9,0.9,,False,1.8,KILO,1 Kg,False,https://tienda.consum.es/es/p/yogur-00-sabor-fresa-pack-de-4-unidades/7340875,https://cdn-consum.aktiosdigitalservices.com/tol/consum/media/product/img/300x300/7340875.jpg?t=20260812080325,2026-10-08T22:05:30
huevos,Consum,7357460,8414807550149,CONSUM,Kéfir Natural Líquido,Yogur especial salud,1.5,1.5,,False,3.0,KILO,1 Kg,False,https://tienda.consum.es/es/p/kefir-natural-liquido/7357460,https://cdn-consum.aktiosdigitalservices.com/tol/consum/media/product/img/300x300/7357460.jpg?t=20260812080334,2026-10-08T22:05:30
huevos,Consum,7198328,8414807530561,CONSUM,Postre de Soja Sabor Chocolate,Yogur vegetal,1.55,1.55,,False,3.88,KILO,1 Kg,False,https://tienda.consum.es/es/p/postre-de-soja-sabor-chocolate/7198328,https://cdn-consum.aktiosdigitalservices.com/tol/consum/media/product/img/300x300/7198328.jpg?t=20260812080227,2026-10-08T22:05:30
huevos,Consum,7288280,8414807541611,CONSUM,Postre de Soja con Fruta Panaché de frutas,Yogur vegetal,1.79,1.79,,False,4.48,KILO,1 Kg,False,https://tienda.consum.es/es/p/postre-de-soja-con-fruta-panache-de-frutas/7288280,https://cdn-consum.aktiosdigitalservices.com/tol/consum/media/product/img/300x300/7288280.jpg?t=20260812080300,2026-10-08T22:05:30
huevos,Consum,7362973,8414807550705,CONSUM,Yogucol 0% Sabor Fresa,Yogur especial salud,2.5,2.5,,False,3.13,KILO,1 Kg,False,https://tienda.consum.es/es/p/yogucol-0-sabor-fresa/7362973,https://cdn-consum.aktiosdigitalservices.com/tol/consum/media/product/img/300x300/7362973.jpg?t=20260812080337,2026-10-08T22:05:30
huevos,Consum,7340867,8414807547835,CONSUM,Yogur 00% Natural Edulcorado 4 Unidades,Yogur desnatado,0.75,0.75,,False,1.5,KILO,1 Kg,False,https://tienda.consum.es/es/p/yogur-00-natural-edulcorado-4-unidades/7340867,https://cdn-consum.aktiosdigitalservices.com/tol/consum/media/product/img/300x300/7340867.jpg?t=20260812080325,2026-10-08T22:05:30
huevos,Consum,7415461,8414807556936,CONSUM,Yogur con Frutas Pack de 8 unidades,Yogur enriquecido,2.0,2.0,,False,2.0,KILO,1 Kg,False,https://tienda.consum.es/es/p/yogur-con-frutas-pack-de-8-unidades/7415461,https://cdn-consum.aktiosdigitalservices.com/tol/consum/media/product/img/300x300/7415461.jpg?t=20260812080412,2026-10-08T22:05:30
huevos,Consum,7199839,8414807531001,CONSUM,L Casei Fresa-Plátano y Galleta Pack 12 ud.,L-casei,2.25,2.25,,False,1.88,KILO,1 Kg,False,https://tienda.consum.es/es/p/l-casei-fresa-platano-y-galleta-pack-12-ud/7199839,https://cdn-consum.aktiosdigitalservices.com/tol/consum/media/product/img/300x300/7199839.jpg?t=20260812080228,2026-10-08T22:05:30
huevos,Consum,7113764,8414807518637,CONSUM,Bebida de Soja con Calcio Brik,Bebidas vegetales,0.65,0.65,,False,0.65,LITRO,1 L,False,https://tienda.consum.es/es/p/bebida-de-soja-con-calcio-brik/7113764,https://cdn-consum.aktiosdigitalservices.com/tol/consum/media/product/img/300x300/7113764.jpg?t=20260812080209,2026-10-08T22:05:30
huevos,Consum,7333073,8414807547132,CONSUM,Margarina Ligera Tarrina,Margarina,1.45,1.45,,False,2.9,KILO,1 Kg,False,https://tienda.consum.es/es/p/margarina-ligera-tarrina/7333073,https://cdn-consum.aktiosdigitalservices.com/tol/consum/media/product/img/300x300/7333073.jpg?t=20260812080322,2026-10-08T22:05:30
huevos,Consum,7333065,8414807547125,CONSUM,Margarina Vegetal Tarrina,Mantequilla,1.5,1.5,,False,3.0,KILO,1 Kg,False,https://tienda.consum.es/es/p/margarina-vegetal-tarrina/7333065,https://cdn-consum.aktiosdigitalservices.com/tol/consum/media/product/img/300x300/7333065.jpg?t=20260812080322,2026-10-08T22:05:30
huevos,Consum,7340870,8414807547842,CONSUM,Yogur 00% Natural Pack de 4 Unidades,Yogur desnatado,0.75,0.75,,False,1.5,KILO,1 Kg,False,https://tienda.consum.es/es/p/yogur-00-natural-pack-de-4-unidades/7340870,https://cdn-consum.aktiosdigitalservices.com/tol/consum/media/product/img/300x300/7340870.jpg?t=20260812080325,2026-10-08T22:05:30
huevos,Consum,7358646,8414807550316,CONSUM,Yogur Natural 00% sin Lactosa,Yogur especial salud,1.35,1.35,,False,2.7,KILO,1 Kg,False,https://tienda.consum.es/es/p/yogur-natural-00-sin-lactosa/7358646,https://cdn-consum.aktiosdigitalservices.com/tol/consum/media/product/img/300x300/7358646.jpg?t=20260812080335,2026-10-08T22:05:30
huevos,Consum,7288272,8414807541598,CONSUM,Yogur Cremoso 00% Natural Edulcorado,Yogur desnatado,0.99,0.99,,False,1.98,KILO,1 Kg,False,https://tienda.consum.es/es/p/yogur-cremoso-00-natural-edulcorado/7288272,https://cdn-consum.aktiosdigitalservices.com/tol/consum/media/product/img/300x300/7288272.jpg?t=20260812080300,2026-10-08T22:05:30
huevos,Consum,7288405,8414807541666,CONSUM,Bebida de Almendras 0% Azúcar Brik,Bebidas vegetales,1.1,1.1,,False,1.1,LITRO,1 L,False,https://tienda.consum.es/es/p/bebida-de-almendras-0-azucar-brik/7288405,https://cdn-consum.aktiosdigitalservices.com/tol/consum/media/product/img/300x300/7288405.jpg?t=20260826075852,2026-10-08T22:05:30
huevos,Consum,7294713,8414807542489,CONSUM,Yogur Bífidus 00% Natural Pack 4 Unidades,Bífidus,0.8,0.8,,False,1.6,KILO,1 Kg,False,https://tienda.consum.es/es/p/yogur-bifidus-00-natural-pack-4-unidades/7294713,https://cdn-consum.aktiosdigitalservices.com/tol/consum/media/product/img/300x300/7294713.jpg?t=20260812080304,2026-10-08T22:05:30
huevos,Consum,7371037,8414807551825,CONSUM,Yogur con Fresa Pack 2 Unidades,Yogur enriquecido,1.29,1.29,,False,5.16,KILO,1 Kg,False,https://tienda.consum.es/es/p/yogur-con-fresa-pack-2-unidades/7371037,https://cdn-consum.aktiosdigitalservices.com/tol/consum/media/product/img/300x300/7371037.jpg?t=20260812080341,2026-10-08T22:05:30
huevos,Consum,7360761,8414807550576,CONSUM,Yogur Sabor Vainilla con Bolitas de Chocolate,Petit e infantiles,1.15,1.15,,False,4.71,KILO,1 Kg,False,https://tienda.consum.es/es/p/yogur-sabor-vainilla-con-bolitas-de-chocolate/7360761,https://cdn-consum.aktiosdigitalservices.com/tol/consum/media/product/img/300x300/7360761.jpg?t=20260812080336,2026-10-08T22:05:30
huevos,Consum,7397094,8414807554574,CONSUM,Bebida Láctea con Fresa,Yogur líquido,2.0,2.0,,False,1.67,KILO,1 Kg,False,https://tienda.consum.es/es/p/bebida-lactea-con-fresa/7397094,https://cdn-consum.aktiosdigitalservices.com/tol/consum/media/product/img/300x300/7397094.jpg?t=20260812080359,2026-10-08T22:05:30
huevos,Consum,7391063,8414807553591,CONSUM,Yogur Líquido con Fresa-Plátano,Yogur líquido,1.5,1.5,,False,1.5,KILO,1 Kg,False,https://tienda.consum.es/es/p/yogur-liquido-con-fresa-platano/7391063,https://cdn-consum.aktiosdigitalservices.com/tol/consum/media/product/img/300x300/7391063.jpg?t=20260812080353,2026-10-08T22:05:30
huevos,Consum,7391043,8414807553553,CONSUM,Yogur Líquido Natural Azucarado,Yogur líquido,1.5,1.5,,False,1.5,KILO,1 Kg,False,https://tienda.consum.es/es/p/yogur-liquido-natural-azucarado/7391043,https://cdn-consum.aktiosdigitalservices.com/tol/consum/media/product/img/300x300/7391043.jpg?t=20260812080353,2026-10-08T22:05:30
huevos,Consum,7397529,8414807554604,CONSUM,Bebida Láctea 0%0% Proteína Sabor Vainilla,Yogur proteinas,1.75,1.75,,False,5.3,LITRO,1 L,False,https://tienda.consum.es/es/p/bebida-lactea-00-proteina-sabor-vainilla/7397529,https://cdn-consum.aktiosdigitalservices.com/tol/consum/media/product/img/300x300/7397529.jpg?t=20260812080359,2026-10-08T22:05:30
huevos,Consum,7453590,8414807561145,CONSUM,Yogur Griego Ligero,Yogur griego,1.02,1.02,,False,2.04,KILO,1 Kg,False,https://tienda.consum.es/es/p/yogur-griego-ligero/7453590,https://cdn-consum.aktiosdigitalservices.com/tol/consum/media/product/img/300x300/7453590.jpg?t=20260812080451,2026-10-08T22:05:30
huevos,Consum,7164770,8414807523259,CONSUM,Bebida de Soja con Chocolate,Batidos,1.09,1.09,,False,1.09,LITRO,1 L,False,https://tienda.consum.es/es/p/bebida-de-soja-con-chocolate/7164770,https://cdn-consum.aktiosdigitalservices.com/tol/consum/media/product/img/300x300/7164770.jpg?t=20260812080216,2026-10-08T22:05:30
huevos,Consum,7157865,8414807521781,CONSUM,L Casei Natural Azucarado Pack 12 Ud.,L-casei,2.25,2.25,,False,1.88,KILO,1 Kg,False,https://tienda.consum.es/es/p/l-casei-natural-azucarado-pack-12-ud/7157865,https://cdn-consum.aktiosdigitalservices.com/tol/consum/media/product/img/300x300/7157865.jpg?t=20260812080215,2026-10-08T22:05:30
huevos,Consum,7164767,8414807523242,CONSUM,Bebida de Soja sabor Vainilla,Batidos,1.09,1.09,,False,1.09,LITRO,1 L,False,https://tienda.consum.es/es/p/bebida-de-soja-sabor-vainilla/7164767,https://cdn-consum.aktiosdigitalservices.com/tol/consum/media/product/img/300x300/7164767.jpg?t=20260812080216,2026-10-08T22:05:30
huevos,Consum,7260417,8414807538970,CONSUM,Nata para Montar Brik,Nata para montar,1.95,1.95,,False,3.9,LITRO,1 L,False,https://tienda.consum.es/es/p/nata-para-montar-brik/7260417,https://cdn-consum.aktiosdigitalservices.com/tol/consum/media/product/img/300x300/7260417.jpg?t=20260812080249,2026-10-08T22:05:30
huevos,Consum,7340904,8414807547903,CONSUM,Yogur Sabor Macedonia Pack de 4 Unidades,Yogur sabores,0.75,0.75,,False,1.5,KILO,1 Kg,False,https://tienda.consum.es/es/p/yogur-sabor-macedonia-pack-de-4-unidades/7340904,https://cdn-consum.aktiosdigitalservices.com/tol/consum/media/product/img/300x300/7340904.jpg?t=20260812080325,2026-10-08T22:05:30
huevos,Consum,7337876,8414807547392,CONSUM,Yogur Sabor Fresa sin Lactosa P-4 unidades,Yogur especial salud,1.45,1.45,,False,2.9,KILO,1 Kg,False,https://tienda.consum.es/es/p/yogur-sabor-fresa-sin-lactosa-p-4-unidades/7337876,https://cdn-consum.aktiosdigitalservices.com/tol/consum/media/product/img/300x300/7337876.jpg?t=20260812080324,2026-10-08T22:05:30
huevos,Consum,7361426,8414807550606,CONSUM,Postre de Soja Natural,Yogur vegetal,1.2,1.2,,False,3.0,KILO,1 Kg,False,https://tienda.consum.es/es/p/postre-de-soja-natural/7361426,https://cdn-consum.aktiosdigitalservices.com/tol/consum/media/product/img/300x300/7361426.jpg?t=20260812080337,2026-10-08T22:05:30
huevos,Consum,7369460,8414807551634,CONSUM,Bebida Láctea 0%0% Proteína Sabor Chocolate,Yogur proteinas,1.75,1.75,,False,5.3,LITRO,1 L,False,https://tienda.consum.es/es/p/bebida-lactea-00-proteina-sabor-chocolate/7369460,https://cdn-consum.aktiosdigitalservices.com/tol/consum/media/product/img/300x300/7369460.jpg?t=20260812080340,2026-10-08T22:05:30
huevos,Consum,7369168,8414807551597,CONSUM,Flan Vainilla 00% Pack de 4 Unidades,Flanes,1.15,1.15,,False,2.88,KILO,1 Kg,False,https://tienda.consum.es/es/p/flan-vainilla-00-pack-de-4-unidades/7369168,https://cdn-consum.aktiosdigitalservices.com/tol/consum/media/product/img/300x300/7369168.jpg?t=20260812080340,2026-10-08T22:05:30
huevos,Consum,7391050,8414807553577,CONSUM,Yogur Líquido con Fresa,Yogur líquido,1.5,1.5,,False,1.5,KILO,1 Kg,False,https://tienda.consum.es/es/p/yogur-liquido-con-fresa/7391050,https://cdn-consum.aktiosdigitalservices.com/tol/consum/media/product/img/300x300/7391050.jpg?t=20260812080353,2026-10-08T22:05:30
huevos,Consum,7394851,8414807554192,CONSUM,Yogur Líquido con Frutas del Bosque,Yogur líquido,1.99,1.99,,False,1.33,KILO,1 Kg,False,https://tienda.consum.es/es/p/yogur-liquido-con-frutas-del-bosque/7394851,https://cdn-consum.aktiosdigitalservices.com/tol/consum/media/product/img/300x300/7394851.jpg?t=20260812080356,2026-10-08T22:05:30
huevos,Consum,7452647,8414807561046,CONSUM,Horchata Sabor Intenso,Horchatas,1.65,1.65,,False,1.65,LITRO,1 L,False,https://tienda.consum.es/es/p/horchata-sabor-intenso/7452647,https://cdn-consum.aktiosdigitalservices.com/tol/consum/media/product/img/300x300/7452647.jpg?t=20260812080450,2026-10-08T22:05:30
huevos,Consum,7113756,8414807518620,CONSUM,Bebida de Soja sin Azúcares Añadidos Brik,Bebidas vegetales,0.75,0.75,,False,0.75,LITRO,1 L,False,https://tienda.consum.es/es/p/bebida-de-soja-sin-azucares-anadidos-brik/7113756,https://cdn-consum.aktiosdigitalservices.com/tol/consum/media/product/img/300x300/7113756.jpg?t=20260812080209,2026-10-08T22:05:30
huevos,Consum,7295145,8414807542571,CONSUM,Batido Sabor Vainilla Botella,Batidos,1.29,1.29,,False,1.29,LITRO,1 L,False,https://tienda.consum.es/es/p/batido-sabor-vainilla-botella/7295145,https://cdn-consum.aktiosdigitalservices.com/tol/consum/media/product/img/300x300/7295145.jpg?t=20260812080304,2026-10-08T22:05:30
huevos,Consum,7340896,8414807547897,CONSUM,Yogur Sabor Fresa Pack 4 Unidades,Yogur sabores,0.75,0.75,,False,1.5,KILO,1 Kg,False,https://tienda.consum.es/es/p/yogur-sabor-fresa-pack-4-unidades/7340896,https://cdn-consum.aktiosdigitalservices.com/tol/consum/media/product/img/300x300/7340896.jpg?t=20260812080325,2026-10-08T22:05:30
huevos,Consum,7340909,8414807547910,CONSUM,Yogur Sabor Coco Pack de 4 Unidades,Yogur sabores,0.75,0.75,,False,1.5,KILO,1 Kg,False,https://tienda.consum.es/es/p/yogur-sabor-coco-pack-de-4-unidades/7340909,https://cdn-consum.aktiosdigitalservices.com/tol/consum/media/product/img/300x300/7340909.jpg?t=20260812080326,2026-10-08T22:05:30
huevos,Consum,7355985,8414807549969,CONSUM,Bebida de Arroz Con Calcio Brik,Bebidas vegetales,1.05,1.05,,False,1.05,LITRO,1 L,False,https://tienda.consum.es/es/p/bebida-de-arroz-con-calcio-brik/7355985,https://cdn-consum.aktiosdigitalservices.com/tol/consum/media/product/img/300x300/7355985.jpg?t=20260812080334,2026-10-08T22:05:30
huevos,Consum,7371032,8414807551818,CONSUM,Yogur Natural  Azucarado,Yogur natural y azucarado,1.19,1.19,,False,4.76,KILO,1 Kg,False,https://tienda.consum.es/es/p/yogur-natural-azucarado/7371032,https://cdn-consum.aktiosdigitalservices.com/tol/consum/media/product/img/300x300/7371032.jpg?t=20260812080341,2026-10-08T22:05:30
huevos,Consum,7294705,8414807542472,CONSUM,Yogur Bífidus 00% Natural Edulcorado,Bífidus,0.9,0.9,,False,1.8,KILO,1 Kg,False,https://tienda.consum.es/es/p/yogur-bifidus-00-natural-edulcorado/7294705,https://cdn-consum.aktiosdigitalservices.com/tol/consum/media/product/img/300x300/7294705.jpg?t=20260812080304,2026-10-08T22:05:30
huevos,Consum,7294721,8414807542502,CONSUM,Yogur Bífidus con Cereales y Muesli,Bífidus,1.3,1.3,,False,2.6,KILO,1 Kg,False,https://tienda.consum.es/es/p/yogur-bifidus-con-cereales-y-muesli/7294721,https://cdn-consum.aktiosdigitalservices.com/tol/consum/media/product/img/300x300/7294721.jpg?t=20260812080304,2026-10-08T22:05:30
huevos,Consum,7310089,8414807544148,CONSUM,Fácil de Untar con Mantequilla,Mantequilla,2.15,2.15,,False,8.6,KILO,1 Kg,False,https://tienda.consum.es/es/p/facil-de-untar-con-mantequilla/7310089,https://cdn-consum.aktiosdigitalservices.com/tol/consum/media/product/img/300x300/7310089.jpg?t=20260812080311,2026-10-08T22:05:30
huevos,Consum,7340883,8414807547866,CONSUM,Yogur 00% Sabor Limón Pack de 4 Unidades,Yogur desnatado,0.9,0.9,,False,1.8,KILO,1 Kg,False,https://tienda.consum.es/es/p/yogur-00-sabor-limon-pack-de-4-unidades/7340883,https://cdn-consum.aktiosdigitalservices.com/tol/consum/media/product/img/300x300/7340883.jpg?t=20260812080325,2026-10-08T22:05:30
huevos,Consum,7391048,8414807553560,CONSUM,Yogur Líquido con Piña-Coco,Yogur líquido,1.5,1.5,,False,1.5,KILO,1 Kg,False,https://tienda.consum.es/es/p/yogur-liquido-con-pina-coco/7391048,https://cdn-consum.aktiosdigitalservices.com/tol/consum/media/product/img/300x300/7391048.jpg?t=20260812080353,2026-10-08T22:05:30
huevos,Consum,7394872,8414807554239,CONSUM,Yogur Líquido con Fresa-Plátano,Yogur líquido,1.99,1.99,,False,1.33,KILO,1 Kg,False,https://tienda.consum.es/es/p/yogur-liquido-con-fresa-platano/7394872,https://cdn-consum.aktiosdigitalservices.com/tol/consum/media/product/img/300x300/7394872.jpg?t=20260812080356,2026-10-08T22:05:30
huevos,Consum,7462559,8414807561831,CONSUM,Gelatina 0% 10g Proteína Sabor Frutos Rojos,Gelatina,1.55,1.55,,False,3.88,KILO,1 Kg,False,https://tienda.consum.es/es/p/gelatina-0-10g-proteina-sabor-frutos-rojos/7462559,https://cdn-consum.aktiosdigitalservices.com/tol/consum/media/product/img/300x300/7462559.jpg?t=20260812080504,2026-10-08T22:05:30
huevos,Consum,7294627,8414807542311,CONSUM,Yogur Bífidus 00% con Melocotón P-4 ud.,Bífidus,1.3,1.3,,False,2.6,KILO,1 Kg,False,https://tienda.consum.es/es/p/yogur-bifidus-00-con-melocoton-p-4-ud/7294627,https://cdn-consum.aktiosdigitalservices.com/tol/consum/media/product/img/300x300/7294627.jpg?t=20260812080304,2026-10-08T22:05:30
huevos,Consum,7294692,8414807542441,CONSUM,Yogur Bífidus 00% con Frutas del Bosque,Bífidus,1.3,1.3,,False,2.6,KILO,1 Kg,False,https://tienda.consum.es/es/p/yogur-bifidus-00-con-frutas-del-bosque/7294692,https://cdn-consum.aktiosdigitalservices.com/tol/consum/media/product/img/300x300/7294692.jpg?t=20260812080304,2026-10-08T22:05:30
huevos,Consum,7340912,8414807547927,CONSUM,Yogur Sabor Limón Pack de 4 Unidades,Yogur sabores,0.75,0.75,,False,1.5,KILO,1 Kg,False,https://tienda.consum.es/es/p/yogur-sabor-limon-pack-de-4-unidades/7340912,https://cdn-consum.aktiosdigitalservices.com/tol/consum/media/product/img/300x300/7340912.jpg?t=20260812080326,2026-10-08T22:05:30
huevos,Consum,7371029,8414807551801,CONSUM,Yogur Natural  Pack 2 Unidades,Yogur natural y azucarado,1.19,1.19,,False,4.76,KILO,1 Kg,False,https://tienda.consum.es/es/p/yogur-natural-pack-2-unidades/7371029,https://cdn-consum.aktiosdigitalservices.com/tol/consum/media/product/img/300x300/7371029.jpg?t=20260812080341,2026-10-08T22:05:30
huevos,Consum,7371040,8414807551832,CONSUM,Yogur con Melocotón Pack 2 Unidad,Yogur enriquecido,1.29,1.29,,False,5.16,KILO,1 Kg,False,https://tienda.consum.es/es/p/yogur-con-melocoton-pack-2-unidad/7371040,https://cdn-consum.aktiosdigitalservices.com/tol/consum/media/product/img/300x300/7371040.jpg?t=20260812080341,2026-10-08T22:05:30
huevos,Consum,7391030,8414807553539,CONSUM,Yogur Líquido 00% Mango-Maracuyá,Yogur líquido,1.5,1.5,,False,1.5,KILO,1 Kg,False,https://tienda.consum.es/es/p/yogur-liquido-00-mango-maracuya/7391030,https://cdn-consum.aktiosdigitalservices.com/tol/consum/media/product/img/300x300/7391030.jpg?t=20260812080353,2026-10-08T22:05:30
huevos,Consum,7397669,8414807554659,CONSUM,Yogur Líquido 00% con Fresa,Yogur líquido,1.5,1.5,,False,1.5,KILO,1 Kg,False,https://tienda.consum.es/es/p/yogur-liquido-00-con-fresa/7397669,https://cdn-consum.aktiosdigitalservices.com/tol/consum/media/product/img/300x300/7397669.jpg?t=20260812080359,2026-10-08T22:05:30
huevos,Consum,7417004,8414807557162,CONSUM,Bebida de Almendra con Calcio Brik,Bebidas vegetales,1.1,1.1,,False,1.1,LITRO,1 L,False,https://tienda.consum.es/es/p/bebida-de-almendra-con-calcio-brik/7417004,https://cdn-consum.aktiosdigitalservices.com/tol/consum/media/product/img/300x300/7417004.jpg?t=20260812080414,2026-10-08T22:05:30
huevos,Consum,7417012,8414807557186,CONSUM,Bebida de Avellanas con Calcio Brik,Bebidas vegetales,1.25,1.25,,False,1.25,LITRO,1 L,False,https://tienda.consum.es/es/p/bebida-de-avellanas-con-calcio-brik/7417012,https://cdn-consum.aktiosdigitalservices.com/tol/consum/media/product/img/300x300/7417012.jpg?t=20260827103431,2026-10-08T22:05:30
huevos,Consum,7391055,8414807553584,CONSUM,Yogur Líquido Melocotón-Maracuyá,Yogur líquido,1.5,1.5,,False,1.5,KILO,1 Kg,False,https://tienda.consum.es/es/p/yogur-liquido-melocoton-maracuya/7391055,https://cdn-consum.aktiosdigitalservices.com/tol/consum/media/product/img/300x300/7391055.jpg?t=20260812080353,2026-10-08T22:05:30
huevos,Consum,7458235,8414807561411,CONSUM,Yogur Líquido 0%0% Proteína sabor Coco,Yogur proteinas,2.49,2.49,,False,3.89,KILO,1 Kg,False,https://tienda.consum.es/es/p/yogur-liquido-00-proteina-sabor-coco/7458235,https://cdn-consum.aktiosdigitalservices.com/tol/consum/media/product/img/300x300/7458235.jpg?t=20260827104757,2026-10-08T22:05:30
huevos,Consum,7458243,8414807561428,CONSUM,Yogur Líquido 0%0% Proteína sabor Tropical,Yogur proteinas,2.49,2.49,,False,3.89,KILO,1 Kg,False,https://tienda.consum.es/es/p/yogur-liquido-00-proteina-sabor-tropical/7458243,https://cdn-consum.aktiosdigitalservices.com/tol/consum/media/product/img/300x300/7458243.jpg?t=20260827104758,2026-10-08T22:05:30
huevos,Consum,7338452,8414807547439,CONSUM,Yogur Griego con Azúcar de Caña,Yogur griego,1.05,1.05,,False,2.1,KILO,1 Kg,False,https://tienda.consum.es/es/p/yogur-griego-con-azucar-de-cana/7338452,https://cdn-consum.aktiosdigitalservices.com/tol/consum/media/product/img/300x300/7338452.jpg?t=20260922080501,2026-10-08T22:05:30
huevos,Consum,7104599,8414807517869,CONSUM,Mantequilla Pastilla,Mantequilla,2.05,2.05,,False,8.2,KILO,1 Kg,False,https://tienda.consum.es/es/p/mantequilla-pastilla/7104599,https://cdn-consum.aktiosdigitalservices.com/tol/consum/media/product/img/300x300/7104599.jpg?t=20260812080207,2026-10-08T22:05:30
huevos,Consum,7181485,8414807527936,CONSUM,Natillas de Vainilla con Galleta Pack de 4 U.,Natillas,1.15,1.15,,False,2.3,KILO,1 Kg,False,https://tienda.consum.es/es/p/natillas-de-vainilla-con-galleta-pack-de-4-u/7181485,https://cdn-consum.aktiosdigitalservices.com/tol/consum/media/product/img/300x300/7181485.jpg?t=20260812080220,2026-10-08T22:05:30
huevos,Consum,7191963,8414807530035,CONSUM,Natillas de Vainilla Pack de 4 Unidades,Natillas,1.05,1.05,,False,2.1,KILO,1 Kg,False,https://tienda.consum.es/es/p/natillas-de-vainilla-pack-de-4-unidades/7191963,https://cdn-consum.aktiosdigitalservices.com/tol/consum/media/product/img/300x300/7191963.jpg?t=20260812080224,2026-10-08T22:05:30
huevos,Consum,7192037,8414807530059,CONSUM,Flan de Vainilla Pack de 6 Unidades,Flanes,1.1,1.1,,False,1.83,KILO,1 Kg,False,https://tienda.consum.es/es/p/flan-de-vainilla-pack-de-6-unidades/7192037,https://cdn-consum.aktiosdigitalservices.com/tol/consum/media/product/img/300x300/7192037.jpg?t=20260827100735,2026-10-08T22:05:30
huevos,Consum,7219954,8414807533357,CONSUM,Nata para Cocinar Brik,Nata para cocinar,1.55,1.55,,False,3.1,LITRO,1 L,False,https://tienda.consum.es/es/p/nata-para-cocinar-brik/7219954,https://cdn-consum.aktiosdigitalservices.com/tol/consum/media/product/img/300x300/7219954.jpg?t=20260812080234,2026-10-08T22:05:30
huevos,Consum,7264096,8414807539366,CONSUM,Nata para Cocinar Minibrik Pack de 3,Nata para cocinar,1.85,1.85,,False,3.08,LITRO,1 L,False,https://tienda.consum.es/es/p/nata-para-cocinar-minibrik-pack-de-3/7264096,https://cdn-consum.aktiosdigitalservices.com/tol/consum/media/product/img/300x300/7264096.jpg?t=20260812080250,2026-10-08T22:05:30
huevos,Consum,7103208,8414807517685,CONSUM,Batido de Chocolate Minibrik Pack de 6,Batidos,1.55,1.55,,False,1.29,LITRO,1 L,False,https://tienda.consum.es/es/p/batido-de-chocolate-minibrik-pack-de-6/7103208,https://cdn-consum.aktiosdigitalservices.com/tol/consum/media/product/img/300x300/7103208.jpg?t=20260827100226,2026-10-08T22:05:30
huevos,Consum,7167062,8414807525420,CONSUM,Postre Gelificado Sabor Fresa Pack de 6 U,Gelatina,1.0,1.0,,False,1.67,KILO,1 Kg,False,https://tienda.consum.es/es/p/postre-gelificado-sabor-fresa-pack-de-6-u/7167062,https://cdn-consum.aktiosdigitalservices.com/tol/consum/media/product/img/300x300/7167062.jpg?t=20260812080216,2026-10-08T22:05:30
huevos,Consum,7199636,8414807530721,CONSUM,Yogur Natural Pack de 12 Unidades,Yogur natural y azucarado,2.15,2.15,,False,1.43,KILO,1 Kg,False,https://tienda.consum.es/es/p/yogur-natural-pack-de-12-unidades/7199636,https://cdn-consum.aktiosdigitalservices.com/tol/consum/media/product/img/300x300/7199636.jpg?t=20260812080228,2026-10-08T22:05:30
huevos,Consum,7199776,8414807530936,CONSUM,Yogur Sabores Pack de 12 Unidades,Yogur sabores,1.95,1.95,,False,1.3,KILO,1 Kg,False,https://tienda.consum.es/es/p/yogur-sabores-pack-de-12-unidades/7199776,https://cdn-consum.aktiosdigitalservices.com/tol/consum/media/product/img/300x300/7199776.jpg?t=20260812080228,2026-10-08T22:05:30
huevos,Consum,7305477,8414807543486,CONSUM,Café Refrigerado Macchiato,Cafés refrigerados,0.89,0.89,,False,3.56,LITRO,1 L,False,https://tienda.consum.es/es/p/cafe-refrigerado-macchiato/7305477,https://cdn-consum.aktiosdigitalservices.com/tol/consum/media/product/img/300x300/7305477.jpg?t=20260812080309,2026-10-08T22:05:30
huevos,Consum,7331242,8414807546852,CONSUM,Café Espresso Refrigerado,Cafés refrigerados,0.85,0.85,,False,3.4,LITRO,1 L,False,https://tienda.consum.es/es/p/cafe-espresso-refrigerado/7331242,https://cdn-consum.aktiosdigitalservices.com/tol/consum/media/product/img/300x300/7331242.jpg?t=20260812080321,2026-10-08T22:05:30
huevos,Consum,7340792,8414807547811,CONSUM,Yogur Griego con Fresa Pack de 4 Unidades,Yogur griego,1.15,1.15,,False,2.3,KILO,1 Kg,False,https://tienda.consum.es/es/p/yogur-griego-con-fresa-pack-de-4-unidades/7340792,https://cdn-consum.aktiosdigitalservices.com/tol/consum/media/product/img/300x300/7340792.jpg?t=20260812080325,2026-10-08T22:05:30
huevos,Consum,7305469,8414807543462,CONSUM,Café Refrigerado Cappuccino,Cafés refrigerados,0.85,0.85,,False,3.4,LITRO,1 L,False,https://tienda.consum.es/es/p/cafe-refrigerado-cappuccino/7305469,https://cdn-consum.aktiosdigitalservices.com/tol/consum/media/product/img/300x300/7305469.jpg?t=20260812080309,2026-10-08T22:05:30
huevos,Consum,7305472,8414807543479,CONSUM,Café Refrigerado Light,Cafés refrigerados,0.85,0.85,,False,3.4,LITRO,1 L,False,https://tienda.consum.es/es/p/cafe-refrigerado-light/7305472,https://cdn-consum.aktiosdigitalservices.com/tol/consum/media/product/img/300x300/7305472.jpg?t=20260812080309,2026-10-08T22:05:30
huevos,Consum,7340784,8414807547798,CONSUM,Yogur Griego Natural Pack de 4 Unidades,Yogur griego,1.02,1.02,,False,2.04,KILO,1 Kg,False,https://tienda.consum.es/es/p/yogur-griego-natural-pack-de-4-unidades/7340784,https://cdn-consum.aktiosdigitalservices.com/tol/consum/media/product/img/300x300/7340784.jpg?t=20260812080325,2026-10-08T22:05:30
huevos,Consum,7340789,8414807547804,CONSUM,Yogur Griego Stracciatella  P-4 ud,Yogur griego,1.29,1.29,,False,2.58,KILO,1 Kg,False,https://tienda.consum.es/es/p/yogur-griego-stracciatella-p-4-ud/7340789,https://cdn-consum.aktiosdigitalservices.com/tol/consum/media/product/img/300x300/7340789.jpg?t=20260812080325,2026-10-08T22:05:30
huevos,Consum,7354876,8414807549945,CONSUM,Yogur Natural con Azúcar de Caña,Yogur natural y azucarado,0.75,0.75,,False,1.5,KILO,1 Kg,False,https://tienda.consum.es/es/p/yogur-natural-con-azucar-de-cana/7354876,https://cdn-consum.aktiosdigitalservices.com/tol/consum/media/product/img/300x300/7354876.jpg?t=20260812080333,2026-10-08T22:05:30
huevos,Consum,7355980,8414807549952,CONSUM,Bebida de Avena con Calcio Brik,Bebidas vegetales,1.2,1.2,,False,1.2,LITRO,1 L,False,https://tienda.consum.es/es/p/bebida-de-avena-con-calcio-brik/7355980,https://cdn-consum.aktiosdigitalservices.com/tol/consum/media/product/img/300x300/7355980.jpg?t=20260812080334,2026-10-08T22:05:30
huevos,Consum,7414167,8414807555489,CONSUM,Proteico Natural 0%0% Plus,Yogur especial salud,1.59,1.59,,False,3.18,KILO,1 Kg,False,https://tienda.consum.es/es/p/proteico-natural-00-plus/7414167,https://cdn-consum.aktiosdigitalservices.com/tol/consum/media/product/img/300x300/7414167.jpg?t=20260812080411,2026-10-08T22:05:30
huevos,Consum,7406440,8414807555649,CONSUM,Yogur Griego con Limón Azucarado,Yogur griego,1.15,1.15,,False,2.3,KILO,1 Kg,False,https://tienda.consum.es/es/p/yogur-griego-con-limon-azucarado/7406440,https://cdn-consum.aktiosdigitalservices.com/tol/consum/media/product/img/300x300/7406440.jpg?t=20260812080406,2026-10-08T22:05:30
huevos,Consum,7423036,8414807557650,CONSUM,Copa Cacao y Nata Pack 4 Unidades,Copa,1.4,1.4,,False,3.04,KILO,1 Kg,False,https://tienda.consum.es/es/p/copa-cacao-y-nata-pack-4-unidades/7423036,https://cdn-consum.aktiosdigitalservices.com/tol/consum/media/product/img/300x300/7423036.jpg?t=20260812080419,2026-10-08T22:05:30
huevos,Consum,7432735,8414807558909,CONSUM,Kéfir Natural Sólido,Yogur especial salud,1.09,1.09,,False,2.18,KILO,1 Kg,False,https://tienda.consum.es/es/p/kefir-natural-solido/7432735,https://cdn-consum.aktiosdigitalservices.com/tol/consum/media/product/img/300x300/7432735.jpg?t=20260827103928,2026-10-08T22:05:30
huevos,Consum,7450034,8414807560858,CONSUM,Horchata De Chufa Brik,Horchatas,1.15,1.15,,False,1.15,LITRO,1 L,False,https://tienda.consum.es/es/p/horchata-de-chufa-brik/7450034,https://cdn-consum.aktiosdigitalservices.com/tol/consum/media/product/img/300x300/7450034.jpg?t=20260827104447,2026-10-08T22:05:30
huevos,Consum,204420,8410500006105,DANONE,Yogur Sabor Fresa Pack de 4 Unidades,Yogur sabores,1.0,1.0,,False,2.08,KILO,1 Kg,False,https://tienda.consum.es/es/p/yogur-sabor-fresa-pack-de-4-unidades/204420,https://cdn-consum.aktiosdigitalservices.com/tol/consum/media/product/img/300x300/204420.jpg?t=20260812080130,2026-10-08T22:05:30
huevos,Consum,7303522,8410500021870,DANONE,Yogur Griego Oikos Natural Pack 4 Unidades,Yogur griego,2.99,2.99,,False,6.8,KILO,1 Kg,False,https://tienda.consum.es/es/p/yogur-griego-oikos-natural-pack-4-unidades/7303522,https://cdn-consum.aktiosdigitalservices.com/tol/consum/media/product/img/300x300/7303522.jpg?t=20260827101758,2026-10-08T22:05:30
huevos,Consum,937151,8410500006143,DANONE,Yogur Sabor Macedonia Pack de 4 Unidades,Yogur sabores,1.0,1.0,,False,2.08,KILO,1 Kg,False,https://tienda.consum.es/es/p/yogur-sabor-macedonia-pack-de-4-unidades/937151,https://cdn-consum.aktiosdigitalservices.com/tol/consum/media/product/img/300x300/937151.jpg?t=20260812080141,2026-10-08T22:05:30
huevos,Consum,7037109,8410500010614,DANONE,Danet de Vainilla. Natillas Pack de 4 Und.,Natillas,1.99,1.99,,False,4.15,KILO,1 Kg,False,https://tienda.consum.es/es/p/danet-de-vainilla-natillas-pack-de-4-und/7037109,https://cdn-consum.aktiosdigitalservices.com/tol/consum/media/product/img/300x300/7037109.jpg?t=20260826075723,2026-10-08T22:05:30
huevos,Consum,7443968,8410500028787,DANONE,Yogur Griego Stracciatell,Yogur griego,1.49,1.79,1.49,True,3.39,KILO,1 Kg,False,https://tienda.consum.es/es/p/yogur-griego-stracciatell/7443968,https://cdn-consum.aktiosdigitalservices.com/tol/consum/media/product/img/300x300/7443968.jpg?t=20260812080442,2026-10-08T22:05:30
huevos,Consum,204230,8410500006112,DANONE,Yogur Sabor Limón Pack de 4 Unidades,Yogur sabores,1.0,1.0,,False,2.08,KILO,1 Kg,False,https://tienda.consum.es/es/p/yogur-sabor-limon-pack-de-4-unidades/204230,https://cdn-consum.aktiosdigitalservices.com/tol/consum/media/product/img/300x300/204230.jpg?t=20260812080130,2026-10-08T22:05:30
huevos,Consum,7119451,8410500012861,DANONE,Actimel Líquido 0%0% Natural pack de 12,L-casei,4.95,5.99,4.95,True,4.12,KILO,1 Kg,False,https://tienda.consum.es/es/p/actimel-liquido-00-natural-pack-de-12/7119451,https://cdn-consum.aktiosdigitalservices.com/tol/consum/media/product/img/300x300/7119451.jpg?t=20260827100339,2026-10-08T22:05:30
huevos,Consum,7263353,8410500020071,DANONE,Activia Avena Nueces Bifidus P4,Bífidus,2.99,2.99,,False,6.5,KILO,1 Kg,False,https://tienda.consum.es/es/p/activia-avena-nueces-bifidus-p4/7263353,https://cdn-consum.aktiosdigitalservices.com/tol/consum/media/product/img/300x300/7263353.jpg?t=20260827101318,2026-10-08T22:05:30
huevos,Consum,7213742,8410500017712,DANONE,Activia Cremoso Sabor Lima Limón,Bífidus,2.89,2.89,,False,6.28,KILO,1 Kg,False,https://tienda.consum.es/es/p/activia-cremoso-sabor-lima-limon/7213742,https://cdn-consum.aktiosdigitalservices.com/tol/consum/media/product/img/300x300/7213742.jpg?t=20260812080232,2026-10-08T22:05:30
huevos,Consum,227645,8410500006150,DANONE,Yogur Sabor Coco Pack de 4 Unidades,Yogur sabores,1.0,1.0,,False,2.08,KILO,1 Kg,False,https://tienda.consum.es/es/p/yogur-sabor-coco-pack-de-4-unidades/227645,https://cdn-consum.aktiosdigitalservices.com/tol/consum/media/product/img/300x300/227645.jpg?t=20260812080131,2026-10-08T22:05:30
huevos,Consum,7282150,8410500012878,DANONE,Danacol Natural 0% Azúcares Añadidos,Yogur especial salud,6.99,6.99,,False,5.83,KILO,1 Kg,False,https://tienda.consum.es/es/p/danacol-natural-0-azucares-anadidos/7282150,https://cdn-consum.aktiosdigitalservices.com/tol/consum/media/product/img/300x300/7282150.jpg?t=20260827101505,2026-10-08T22:05:30
huevos,Consum,7443963,8410500028794,DANONE,Yogur Griego Natural,Yogur griego,1.25,1.49,1.25,True,2.84,KILO,1 Kg,False,https://tienda.consum.es/es/p/yogur-griego-natural/7443963,https://cdn-consum.aktiosdigitalservices.com/tol/consum/media/product/img/300x300/7443963.jpg?t=20260812080442,2026-10-08T22:05:30
huevos,Consum,236141,8410500001575,DANONE,Activia Frutas Bosque Yogur Bífidus P-4 ud.,Bífidus,2.99,2.99,,False,6.23,KILO,1 Kg,False,https://tienda.consum.es/es/p/activia-frutas-bosque-yogur-bifidus-p-4-ud/236141,https://cdn-consum.aktiosdigitalservices.com/tol/consum/media/product/img/300x300/236141.jpg?t=20260827095248,2026-10-08T22:05:30
huevos,Consum,7031974,8410500008970,DANONE,Activia Soja Mango y Papaya P-4 ud.,Bífidus,2.99,2.99,,False,6.23,KILO,1 Kg,False,https://tienda.consum.es/es/p/activia-soja-mango-y-papaya-p-4-ud/7031974,https://cdn-consum.aktiosdigitalservices.com/tol/consum/media/product/img/300x300/7031974.jpg?t=20260827095859,2026-10-08T22:05:30
huevos,Consum,7076284,8410500010539,DANONE,Actimel Actikids Sabor Fresa Pack 12 ud.,L-casei,4.95,5.99,4.95,True,4.12,KILO,1 Kg,False,https://tienda.consum.es/es/p/actimel-actikids-sabor-fresa-pack-12-ud/7076284,https://cdn-consum.aktiosdigitalservices.com/tol/consum/media/product/img/300x300/7076284.jpg?t=20260827100054,2026-10-08T22:05:30
huevos,Consum,7037112,8410500010621,DANONE,Danet de Chocolate Natillas Pack de 4 Und.,Natillas,1.99,1.99,,False,4.15,KILO,1 Kg,False,https://tienda.consum.es/es/p/danet-de-chocolate-natillas-pack-de-4-und/7037112,https://cdn-consum.aktiosdigitalservices.com/tol/consum/media/product/img/300x300/7037112.jpg?t=20260826075724,2026-10-08T22:05:30
huevos,Consum,230920,8410500001377,DANONE,Yogur Natural Azucarado Pack de 8 Unidades,Yogur natural y azucarado,1.99,1.99,,False,2.07,KILO,1 Kg,False,https://tienda.consum.es/es/p/yogur-natural-azucarado-pack-de-8-unidades/230920,https://cdn-consum.aktiosdigitalservices.com/tol/consum/media/product/img/300x300/230920.jpg?t=20260812080131,2026-10-08T22:05:30
huevos,Consum,7046514,8410500008376,DANONE,Activia con Pera Yogur Bífidus P-4 ud.,Bífidus,2.99,2.99,,False,6.23,KILO,1 Kg,False,https://tienda.consum.es/es/p/activia-con-pera-yogur-bifidus-p-4-ud/7046514,https://cdn-consum.aktiosdigitalservices.com/tol/consum/media/product/img/300x300/7046514.jpg?t=20260827095916,2026-10-08T22:05:30
huevos,Consum,7282155,8410500012915,DANONE,Danacol Sabor Fresa 0% Azúcares Añadidos,Yogur especial salud,6.99,6.99,,False,5.83,KILO,1 Kg,False,https://tienda.consum.es/es/p/danacol-sabor-fresa-0-azucares-anadidos/7282155,https://cdn-consum.aktiosdigitalservices.com/tol/consum/media/product/img/300x300/7282155.jpg?t=20260827101507,2026-10-08T22:05:30
huevos,Consum,7294387,8410500001063,DANONE,Yogur Original Natural Pack de 2 Unidades,Yogur natural y azucarado,1.99,1.99,,False,7.65,KILO,1 Kg,False,https://tienda.consum.es/es/p/yogur-original-natural-pack-de-2-unidades/7294387,https://cdn-consum.aktiosdigitalservices.com/tol/consum/media/product/img/300x300/7294387.jpg?t=20260812080304,2026-10-08T22:05:30
huevos,Consum,7375004,8410500001001,DANONE,Activia con Fresas Pack de 4 Unidades,Bífidus,2.99,2.99,,False,6.23,KILO,1 Kg,False,https://tienda.consum.es/es/p/activia-con-fresas-pack-de-4-unidades/7375004,https://cdn-consum.aktiosdigitalservices.com/tol/consum/media/product/img/300x300/7375004.jpg?t=20260827102635,2026-10-08T22:05:30
huevos,Consum,7194285,8410500015787,DANONE,Danonino Petit Suisse Sabor Fresa Pack de 6 U,Yogures,1.69,1.69,,False,5.63,KILO,1 Kg,False,https://tienda.consum.es/es/p/danonino-petit-suisse-sabor-fresa-pack-de-6-u/7194285,https://cdn-consum.aktiosdigitalservices.com/tol/consum/media/product/img/300x300/7194285.jpg?t=20260827100743,2026-10-08T22:05:30
huevos,Consum,7159705,8410500014117,DANONE,Yogur Fresa Macedonia Plátano y Tarta de Queso,Yogur sabores,1.99,1.99,,False,2.07,KILO,1 Kg,False,https://tienda.consum.es/es/p/yogur-fresa-macedonia-platano-y-tarta-de-queso/7159705,https://cdn-consum.aktiosdigitalservices.com/tol/consum/media/product/img/300x300/7159705.jpg?t=20260812080215,2026-10-08T22:05:30
huevos,Consum,7195340,8410500016470,DANONE,Copa de Chocolate Nata Pack de 2 Unidades,Copa,2.09,2.09,,False,10.45,KILO,1 Kg,False,https://tienda.consum.es/es/p/copa-de-chocolate-nata-pack-de-2-unidades/7195340,https://cdn-consum.aktiosdigitalservices.com/tol/consum/media/product/img/300x300/7195340.jpg?t=20260812080226,2026-10-08T22:05:30
huevos,Consum,7076271,8410500010546,DANONE,Activia 00% Melocotón Bífidus Desnatado P-4,Bífidus,2.99,2.99,,False,6.23,KILO,1 Kg,False,https://tienda.consum.es/es/p/activia-00-melocoton-bifidus-desnatado-p-4/7076271,https://cdn-consum.aktiosdigitalservices.com/tol/consum/media/product/img/300x300/7076271.jpg?t=20260827100051,2026-10-08T22:05:30
huevos,Consum,7076276,8410500010485,DANONE,Actimel Líquido Natural Pack 12 Ud.,L-casei,4.95,5.99,4.95,True,4.12,KILO,1 Kg,False,https://tienda.consum.es/es/p/actimel-liquido-natural-pack-12-ud/7076276,https://cdn-consum.aktiosdigitalservices.com/tol/consum/media/product/img/300x300/7076276.jpg?t=20260827100053,2026-10-08T22:05:30
huevos,Consum,7303527,8410500021863,DANONE,Yogur Griego Oikos Natural Azucarado,Yogur griego,2.99,2.99,,False,6.8,KILO,1 Kg,False,https://tienda.consum.es/es/p/yogur-griego-oikos-natural-azucarado/7303527,https://cdn-consum.aktiosdigitalservices.com/tol/consum/media/product/img/300x300/7303527.jpg?t=20260827101759,2026-10-08T22:05:30
huevos,Consum,7441715,8410500029951,DANONE,Natillas Vainilla+Proteína,Natillas,1.99,1.99,,False,4.15,KILO,1 Kg,False,https://tienda.consum.es/es/p/natillas-vainillaproteina/7441715,https://cdn-consum.aktiosdigitalservices.com/tol/consum/media/product/img/300x300/7441715.jpg?t=20260827104238,2026-10-08T22:05:30
huevos,Consum,7441723,8410500029968,DANONE,Natillas + Proteína Sabor Chocolate,Natillas,1.99,1.99,,False,4.15,KILO,1 Kg,False,https://tienda.consum.es/es/p/natillas-proteina-sabor-chocolate/7441723,https://cdn-consum.aktiosdigitalservices.com/tol/consum/media/product/img/300x300/7441723.jpg?t=20260827104239,2026-10-08T22:05:30
huevos,Consum,7443971,8410500029531,DANONE,Yogur Griego Fresa,Yogur griego,1.49,1.79,1.49,True,3.39,KILO,1 Kg,False,https://tienda.consum.es/es/p/yogur-griego-fresa/7443971,https://cdn-consum.aktiosdigitalservices.com/tol/consum/media/product/img/300x300/7443971.jpg?t=20260812080442,2026-10-08T22:05:30
huevos,Consum,7431385,8410500029470,DANONE,Yogur Sabor Galleta Pack de 4 unidades,Yogur sabores,1.0,1.0,,False,2.08,KILO,1 Kg,False,https://tienda.consum.es/es/p/yogur-sabor-galleta-pack-de-4-unidades/7431385,https://cdn-consum.aktiosdigitalservices.com/tol/consum/media/product/img/300x300/7431385.jpg?t=20260812080427,2026-10-08T22:05:30
huevos,Consum,7477003,8410500008871,DANONE,Activia 0% Natural Pack de 8,Bífidus,3.29,3.99,3.29,True,3.43,KILO,1 Kg,False,https://tienda.consum.es/es/p/activia-0-natural-pack-de-8/7477003,https://cdn-consum.aktiosdigitalservices.com/tol/consum/media/product/img/300x300/7477003.jpg?t=20260827105602,2026-10-08T22:05:30
huevos,Consum,294439,8410500006280,DANONE,Vitalínea 0%0% Sabor Fresa,Yogur desnatado,2.49,2.49,,False,5.19,KILO,1 Kg,False,https://tienda.consum.es/es/p/vitalinea-00-sabor-fresa/294439,https://cdn-consum.aktiosdigitalservices.com/tol/consum/media/product/img/300x300/294439.jpg?t=20260812080132,2026-10-08T22:05:30
huevos,Consum,7173227,8410500020453,DANONE,Danonino Street Sabor Fresa Pack de 4 U,Yogures,2.69,2.69,,False,9.61,KILO,1 Kg,False,https://tienda.consum.es/es/p/danonino-street-sabor-fresa-pack-de-4-u/7173227,https://cdn-consum.aktiosdigitalservices.com/tol/consum/media/product/img/300x300/7173227.jpg?t=20260812080218,2026-10-08T22:05:30
huevos,Consum,7087463,8410500028480,DANONE,Actimel Kids 6+2 gratis Sabor Fresa-Plátano,L-casei,3.99,3.99,,False,4.99,KILO,1 Kg,False,https://tienda.consum.es/es/p/actimel-kids-62-gratis-sabor-fresa-platano/7087463,https://cdn-consum.aktiosdigitalservices.com/tol/consum/media/product/img/300x300/7087463.jpg?t=20260827100133,2026-10-08T22:05:30
huevos,Consum,2154441,8410500003654,DANONE,Activia 00% con Piña Bífidus Desnatado P-4ud,Bífidus,2.99,2.99,,False,6.23,KILO,1 Kg,False,https://tienda.consum.es/es/p/activia-00-con-pina-bifidus-desnatado-p-4ud/2154441,https://cdn-consum.aktiosdigitalservices.com/tol/consum/media/product/img/300x300/2154441.jpg?t=20260827095707,2026-10-08T22:05:30
huevos,Consum,7049299,8410500009649,DANONE,Actimel Líquido 0% Fresa Pack 6,L-casei,3.99,3.99,,False,6.65,KILO,1 Kg,False,https://tienda.consum.es/es/p/actimel-liquido-0-fresa-pack-6/7049299,https://cdn-consum.aktiosdigitalservices.com/tol/consum/media/product/img/300x300/7049299.jpg?t=20260827095928,2026-10-08T22:05:30
huevos,Consum,4226858,8410500003937,DANONE,Cuajada Natural Azucarada Pack de 2 U,Cuajada,1.59,1.59,,False,5.89,KILO,1 Kg,False,https://tienda.consum.es/es/p/cuajada-natural-azucarada-pack-de-2-u/4226858,https://cdn-consum.aktiosdigitalservices.com/tol/consum/media/product/img/300x300/4226858.jpg?t=20260812080146,2026-10-08T22:05:30
huevos,Consum,7294366,8410500002770,DANONE,Yogur Original con Fresas Pack 2 Und.,Yogur enriquecido,1.99,1.99,,False,7.65,KILO,1 Kg,False,https://tienda.consum.es/es/p/yogur-original-con-fresas-pack-2-und/7294366,https://cdn-consum.aktiosdigitalservices.com/tol/consum/media/product/img/300x300/7294366.jpg?t=20260812080304,2026-10-08T22:05:30
huevos,Consum,7294382,8410500001070,DANONE,Yogur Original Natural Azucarado Pack 2 Ud.,Yogur natural y azucarado,1.99,1.99,,False,7.65,KILO,1 Kg,False,https://tienda.consum.es/es/p/yogur-original-natural-azucarado-pack-2-ud/7294382,https://cdn-consum.aktiosdigitalservices.com/tol/consum/media/product/img/300x300/7294382.jpg?t=20260812080304,2026-10-08T22:05:30
huevos,Consum,7369093,8410500006129,DANONE,Yogur Sabor Plátano Pack de 4 Unidades,Yogur sabores,1.0,1.0,,False,2.08,KILO,1 Kg,False,https://tienda.consum.es/es/p/yogur-sabor-platano-pack-de-4-unidades/7369093,https://cdn-consum.aktiosdigitalservices.com/tol/consum/media/product/img/300x300/7369093.jpg?t=20260812080340,2026-10-08T22:05:30
huevos,Consum,7364607,8410500025809,DANONE,Yogur Griego Oikos Sabor Lima Limón,Yogur griego,2.99,2.99,,False,6.8,KILO,1 Kg,False,https://tienda.consum.es/es/p/yogur-griego-oikos-sabor-lima-limon/7364607,https://cdn-consum.aktiosdigitalservices.com/tol/consum/media/product/img/300x300/7364607.jpg?t=20260827102508,2026-10-08T22:05:30
huevos,Consum,7452910,8410500025014,DANONE,Yogur Griego Oikos Stracciatella,Yogur griego,2.99,2.99,,False,6.8,KILO,1 Kg,False,https://tienda.consum.es/es/p/yogur-griego-oikos-stracciatella/7452910,https://cdn-consum.aktiosdigitalservices.com/tol/consum/media/product/img/300x300/7452910.jpg?t=20260827104558,2026-10-08T22:05:30
huevos,Consum,7459725,8410500020125,DANONE,Danacol Beber 0%% Lima-Limón 6+2 gratis,Yogur especial salud,4.59,4.59,,False,5.74,KILO,1 Kg,False,https://tienda.consum.es/es/p/danacol-beber-0-lima-limon-62-gratis/7459725,https://cdn-consum.aktiosdigitalservices.com/tol/consum/media/product/img/300x300/7459725.jpg?t=20260827104831,2026-10-08T22:05:30
huevos,Consum,7460330,8410500030827,DANONE,Activia Kéfir Natural,Yogur especial salud,1.99,1.99,,False,5.77,KILO,1 Kg,False,https://tienda.consum.es/es/p/activia-kefir-natural/7460330,https://cdn-consum.aktiosdigitalservices.com/tol/consum/media/product/img/300x300/7460330.jpg?t=20260827104848,2026-10-08T22:05:30
huevos,Consum,7477008,8410500014421,DANONE,Activia 0% Natural Edulcorado,Bífidus,3.29,3.99,3.29,True,3.43,KILO,1 Kg,False,https://tienda.consum.es/es/p/activia-0-natural-edulcorado/7477008,https://cdn-consum.aktiosdigitalservices.com/tol/consum/media/product/img/300x300/7477008.jpg?t=20260827105604,2026-10-08T22:05:30
huevos,Consum,7460343,8410500031404,DANONE,Activia Kéfir Fresa y Frambuesa,Yogures,2.39,2.39,,False,6.29,KILO,1 Kg,False,https://tienda.consum.es/es/p/activia-kefir-fresa-y-frambuesa/7460343,https://cdn-consum.aktiosdigitalservices.com/tol/consum/media/product/img/300x300/7460343.jpg?t=20260827104849,2026-10-08T22:05:30
huevos,Consum,7213721,8410500017699,DANONE,Activia 0% Cremoso Frutas Silvestres Pack 4,Bífidus,2.89,2.89,,False,6.28,KILO,1 Kg,False,https://tienda.consum.es/es/p/activia-0-cremoso-frutas-silvestres-pack-4/7213721,https://cdn-consum.aktiosdigitalservices.com/tol/consum/media/product/img/300x300/7213721.jpg?t=20260812080232,2026-10-08T22:05:30
huevos,Consum,7068588,8410500010270,DANONE,Danonino Petit Maxi Fresa y Plátano Pack 4 U,Yogures,1.99,2.39,1.99,True,4.98,KILO,1 Kg,False,https://tienda.consum.es/es/p/danonino-petit-maxi-fresa-y-platano-pack-4-u/7068588,https://cdn-consum.aktiosdigitalservices.com/tol/consum/media/product/img/300x300/7068588.jpg?t=20260827100009,2026-10-08T22:05:30
huevos,Consum,227793,8410500006273,DANONE,Vitalínea 0%0% Sabor Limón,Yogur desnatado,2.49,2.49,,False,5.19,KILO,1 Kg,False,https://tienda.consum.es/es/p/vitalinea-00-sabor-limon/227793,https://cdn-consum.aktiosdigitalservices.com/tol/consum/media/product/img/300x300/227793.jpg?t=20260812080131,2026-10-08T22:05:30
huevos,Consum,7375009,8410500011147,DANONE,Activia con Mango Pack de 4 Unidades,Bífidus,2.99,2.99,,False,6.23,KILO,1 Kg,False,https://tienda.consum.es/es/p/activia-con-mango-pack-de-4-unidades/7375009,https://cdn-consum.aktiosdigitalservices.com/tol/consum/media/product/img/300x300/7375009.jpg?t=20260827102637,2026-10-08T22:05:30
huevos,Consum,7340953,8410500024574,DANONE,Activia 00% Semillas Chía y Almendra,Bífidus,2.99,2.99,,False,6.5,KILO,1 Kg,False,https://tienda.consum.es/es/p/activia-00-semillas-chia-y-almendra/7340953,https://cdn-consum.aktiosdigitalservices.com/tol/consum/media/product/img/300x300/7340953.jpg?t=20260827102231,2026-10-08T22:05:30
huevos,Consum,7430312,8410500029159,DANONE,Yogur 0%0% Proteína Sabor Stracciatella,Yogur proteinas,1.55,1.55,,False,3.69,KILO,1 Kg,False,https://tienda.consum.es/es/p/yogur-00-proteina-sabor-stracciatella/7430312,https://cdn-consum.aktiosdigitalservices.com/tol/consum/media/product/img/300x300/7430312.jpg?t=20260812080426,2026-10-08T22:05:30
huevos,Consum,7452514,8410500029074,DANONE,Yogur 0%0% Proteína Fresa,Yogur proteinas,1.55,1.55,,False,3.69,KILO,1 Kg,False,https://tienda.consum.es/es/p/yogur-00-proteina-fresa/7452514,https://cdn-consum.aktiosdigitalservices.com/tol/consum/media/product/img/300x300/7452514.jpg?t=20260812080450,2026-10-08T22:05:30
huevos,Consum,7460723,8410500031619,DANONE,Skyr Natural Pack 4 Unidades,Yogur proteinas,2.49,2.49,,False,6.23,KILO,1 Kg,False,https://tienda.consum.es/es/p/skyr-natural-pack-4-unidades/7460723,https://cdn-consum.aktiosdigitalservices.com/tol/consum/media/product/img/300x300/7460723.jpg?t=20260827104857,2026-10-08T22:05:30
huevos,Consum,7473754,8410500029937,DANONE,Yogur 0%0% Proteína Mango,Yogur proteinas,1.55,1.55,,False,3.69,KILO,1 Kg,False,https://tienda.consum.es/es/p/yogur-00-proteina-mango/7473754,https://cdn-consum.aktiosdigitalservices.com/tol/consum/media/product/img/300x300/7473754.jpg?t=20260812080521,2026-10-08T22:05:30
huevos,Consum,7473697,8410500032609,DANONE,Activia Kéfir Fresa y Frambuesa,Yogures,2.39,2.39,,False,4.78,KILO,1 Kg,False,https://tienda.consum.es/es/p/activia-kefir-fresa-y-frambuesa/7473697,https://cdn-consum.aktiosdigitalservices.com/tol/consum/media/product/img/300x300/7473697.jpg?t=20260827105414,2026-10-08T22:05:30
huevos,Consum,7476695,8410500033576,DANONE,Danacol Beber Tropical 0% Azucares Añadidos,Yogur especial salud,6.99,6.99,,False,5.83,KILO,1 Kg,False,https://tienda.consum.es/es/p/danacol-beber-tropical-0-azucares-anadidos/7476695,https://cdn-consum.aktiosdigitalservices.com/tol/consum/media/product/img/300x300/7476695.jpg?t=20260827105549,2026-10-08T22:05:30
huevos,Consum,7478451,8410500020040,DANONE,Activia 0% Muesli,Bífidus,2.99,2.99,,False,6.5,KILO,1 Kg,False,https://tienda.consum.es/es/p/activia-0-muesli/7478451,https://cdn-consum.aktiosdigitalservices.com/tol/consum/media/product/img/300x300/7478451.jpg?t=20260827105639,2026-10-08T22:05:30
huevos,Consum,7481930,8410500033682,DANONE,Actimel Líquido 0% Natural Pack de 12 ud,L-casei,4.95,5.99,4.95,True,4.12,KILO,1 Kg,False,https://tienda.consum.es/es/p/actimel-liquido-0-natural-pack-de-12-ud/7481930,https://cdn-consum.aktiosdigitalservices.com/tol/consum/media/product/img/300x300/7481930.jpg?t=20260814075832,2026-10-08T22:05:30
huevos,Consum,7481948,8410500022730,DANONE,Danacol Beber Avena 0% pack de 6,Yogur especial salud,4.59,4.59,,False,7.65,KILO,1 Kg,False,https://tienda.consum.es/es/p/danacol-beber-avena-0-pack-de-6/7481948,https://cdn-consum.aktiosdigitalservices.com/tol/consum/media/product/img/300x300/7481948.jpg?t=20260827105758,2026-10-08T22:05:30
huevos,Consum,7459209,8410500030742,DANONE,Actimel Líquido 0% Kids Natural pack 6,L-casei,3.99,3.99,,False,6.65,LITRO,1 L,False,https://tienda.consum.es/es/p/actimel-liquido-0-kids-natural-pack-6/7459209,https://cdn-consum.aktiosdigitalservices.com/tol/consum/media/product/img/300x300/7459209.jpg?t=20260827104812,2026-10-08T22:05:30
huevos,Consum,7473689,8410500032593,DANONE,Activia Kéfir Natural,Yogur especial salud,2.39,2.39,,False,4.78,KILO,1 Kg,False,https://tienda.consum.es/es/p/activia-kefir-natural/7473689,https://cdn-consum.aktiosdigitalservices.com/tol/consum/media/product/img/300x300/7473689.jpg?t=20260827105413,2026-10-08T22:05:30
huevos,Consum,7473692,8410500032777,DANONE,Yogur Griego Natural,Yogur griego,2.99,2.99,,False,3.25,KILO,1 Kg,False,https://tienda.consum.es/es/p/yogur-griego-natural/7473692,https://cdn-consum.aktiosdigitalservices.com/tol/consum/media/product/img/300x300/7473692.jpg?t=20260812080521,2026-10-08T22:05:30
huevos,Consum,7476992,8410500007287,DANONE,Activia Natural Pack de 8,Bífidus,3.29,3.99,3.29,True,3.43,KILO,1 Kg,False,https://tienda.consum.es/es/p/activia-natural-pack-de-8/7476992,https://cdn-consum.aktiosdigitalservices.com/tol/consum/media/product/img/300x300/7476992.jpg?t=20260827105601,2026-10-08T22:05:30
huevos,Consum,7478282,8410500032944,DANONE,Danet Chocolate Dubai Natillas Pack de 4 Und.,Natillas,2.59,2.59,,False,5.18,KILO,1 Kg,False,https://tienda.consum.es/es/p/danet-chocolate-dubai-natillas-pack-de-4-und/7478282,https://cdn-consum.aktiosdigitalservices.com/tol/consum/media/product/img/300x300/7478282.jpg?t=20260827105635,2026-10-08T22:05:30
huevos,Consum,7478431,8410500031695,DANONE,Activia Frutos Rojos y Cereales,Bífidus,2.99,2.99,,False,6.5,KILO,1 Kg,False,https://tienda.consum.es/es/p/activia-frutos-rojos-y-cereales/7478431,https://cdn-consum.aktiosdigitalservices.com/tol/consum/media/product/img/300x300/7478431.jpg?t=20260827105638,2026-10-08T22:05:30
huevos,Consum,227652,8410500001360,DANONE,Yogur Natural Pack de 8 Unidades,Yogur natural y azucarado,1.99,1.99,,False,2.07,KILO,1 Kg,False,https://tienda.consum.es/es/p/yogur-natural-pack-de-8-unidades/227652,https://cdn-consum.aktiosdigitalservices.com/tol/consum/media/product/img/300x300/227652.jpg?t=20260812080131,2026-10-08T22:05:30
huevos,Consum,211862,8410297020018,ASTURIANA,Nata para Montar Brik,Nata para montar,2.85,2.85,,False,5.7,LITRO,1 L,False,https://tienda.consum.es/es/p/nata-para-montar-brik/211862,https://cdn-consum.aktiosdigitalservices.com/tol/consum/media/product/img/300x300/211862.jpg?t=20260812080130,2026-10-08T22:05:30
huevos,Consum,7242618,8410297132209,ASTURIANA,Mantequilla Tradicional Tarrina,Mantequilla,3.89,3.89,,False,15.56,KILO,1 Kg,False,https://tienda.consum.es/es/p/mantequilla-tradicional-tarrina/7242618,https://cdn-consum.aktiosdigitalservices.com/tol/consum/media/product/img/300x300/7242618.jpg?t=20260812080243,2026-10-08T22:05:30
huevos,Consum,4990735,8410297120572,ASTURIANA,Nata para Cocinar Brik,Nata para cocinar,2.65,2.65,,False,5.3,LITRO,1 L,False,https://tienda.consum.es/es/p/nata-para-cocinar-brik/4990735,https://cdn-consum.aktiosdigitalservices.com/tol/consum/media/product/img/300x300/4990735.jpg?t=20260826075718,2026-10-08T22:05:30
huevos,Consum,7017390,8410297132223,ASTURIANA,Mantequilla  Ligera Tarrina,Mantequilla,3.85,3.85,,False,15.4,KILO,1 Kg,False,https://tienda.consum.es/es/p/mantequilla-ligera-tarrina/7017390,https://cdn-consum.aktiosdigitalservices.com/tol/consum/media/product/img/300x300/7017390.jpg?t=20260812080149,2026-10-08T22:05:30
huevos,Consum,7243462,8410297120244,ASTURIANA,Nata para Cocinar Sin Lactosa Minibrik,Nata para cocinar,1.79,1.79,,False,8.95,LITRO,1 L,False,https://tienda.consum.es/es/p/nata-para-cocinar-sin-lactosa-minibrik/7243462,https://cdn-consum.aktiosdigitalservices.com/tol/consum/media/product/img/300x300/7243462.jpg?t=20260812080243,2026-10-08T22:05:30
huevos,Consum,7281012,8410297132384,ASTURIANA,Mantequilla Fácil Untar Ligera sin Lactosa Tarrina,Mantequilla,3.85,3.85,,False,15.4,KILO,1 Kg,False,https://tienda.consum.es/es/p/mantequilla-facil-untar-ligera-sin-lactosa-tarrina/7281012,https://cdn-consum.aktiosdigitalservices.com/tol/consum/media/product/img/300x300/7281012.jpg?t=20260812080256,2026-10-08T22:05:30
huevos,Consum,7351117,8410297120152,ASTURIANA,Nata para Montar Refrigerada,Nata en Spray,2.85,2.85,,False,5.7,LITRO,1 L,False,https://tienda.consum.es/es/p/nata-para-montar-refrigerada/7351117,https://cdn-consum.aktiosdigitalservices.com/tol/consum/media/product/img/300x300/7351117.jpg?t=20260827102341,2026-10-08T22:05:30
huevos,Consum,7406424,8410297122279,ASTURIANA,Bechamel Sin Gluten Minibrik Pack de 3,Bechamel,2.99,2.99,,False,4.98,LITRO,1 L,False,https://tienda.consum.es/es/p/bechamel-sin-gluten-minibrik-pack-de-3/7406424,https://cdn-consum.aktiosdigitalservices.com/tol/consum/media/product/img/300x300/7406424.jpg?t=20260826075951,2026-10-08T22:05:30
huevos,Consum,7073653,8410297133350,ASTURIANA,Mantequilla en Porciones 12 Unidades,Mantequilla,1.85,1.85,,False,19.27,KILO,1 Kg,False,https://tienda.consum.es/es/p/mantequilla-en-porciones-12-unidades/7073653,https://cdn-consum.aktiosdigitalservices.com/tol/consum/media/product/img/300x300/7073653.jpg?t=20260812080200,2026-10-08T22:05:30
huevos,Consum,7372423,8410297121234,ASTURIANA,Nata Spray sin Lactosa Bote,Nata en Spray,2.85,2.85,,False,10.36,KILO,1 Kg,False,https://tienda.consum.es/es/p/nata-spray-sin-lactosa-bote/7372423,https://cdn-consum.aktiosdigitalservices.com/tol/consum/media/product/img/300x300/7372423.jpg?t=20260812080342,2026-10-08T22:05:30
huevos,Consum,7441264,8410297031106,ASTURIANA,Mantequilla Rulo Tradicional,Mantequilla,3.79,3.79,,False,15.16,LITRO,1 L,False,https://tienda.consum.es/es/p/mantequilla-rulo-tradicional/7441264,https://cdn-consum.aktiosdigitalservices.com/tol/consum/media/product/img/300x300/7441264.jpg?t=20260827104232,2026-10-08T22:05:30
huevos,Consum,591636,8411610006290,CHUFI,Horchata de Chufa Botella,Horchatas,1.89,1.89,,False,1.89,LITRO,1 L,False,https://tienda.consum.es/es/p/horchata-de-chufa-botella/591636,https://cdn-consum.aktiosdigitalservices.com/tol/consum/media/product/img/300x300/591636.jpg?t=20260827095543,2026-10-08T22:05:30
huevos,Consum,7370984,8436591110217,GRANJA RINYA,Yogur Natural de Cabra Pack de 2 Unidades,Yogur natural y azucarado,1.59,1.85,1.59,True,6.36,KILO,1 Kg,False,https://tienda.consum.es/es/p/yogur-natural-de-cabra-pack-de-2-unidades/7370984,https://cdn-consum.aktiosdigitalservices.com/tol/consum/media/product/img/300x300/7370984.jpg?t=20260827102559,2026-10-08T22:05:30
huevos,Consum,7370989,8420756006057,REINA,Flan de Café Pack de 4 Unidades,Flanes,2.19,2.49,2.19,True,5.48,KILO,1 Kg,False,https://tienda.consum.es/es/p/flan-de-cafe-pack-de-4-unidades/7370989,https://cdn-consum.aktiosdigitalservices.com/tol/consum/media/product/img/300x300/7370989.jpg?t=20260812080341,2026-10-08T22:05:30
huevos,Consum,7387087,5410488037026,CHANTILLY,Nata Montada Spray Bote,Nata en Spray,1.5,1.5,,False,6.0,KILO,1 Kg,False,https://tienda.consum.es/es/p/nata-montada-spray-bote/7387087,https://cdn-consum.aktiosdigitalservices.com/tol/consum/media/product/img/300x300/7387087.jpg?t=20260812080351,2026-10-08T22:05:30
huevos,Consum,7394021,5740900404427,LURPAK,Fácil Untar con Sal Tarrina,Mantequilla,2.99,3.99,2.99,True,14.95,KILO,1 Kg,False,https://tienda.consum.es/es/p/facil-untar-con-sal-tarrina/7394021,https://cdn-consum.aktiosdigitalservices.com/tol/consum/media/product/img/300x300/7394021.jpg?t=20260827102937,2026-10-08T22:05:30
huevos,Consum,7141559,8410981093199,KAIKU,Caffè Latte Cappuccino,Cafés refrigerados,1.79,1.79,,False,7.78,LITRO,1 L,False,https://tienda.consum.es/es/p/caffe-latte-cappuccino/7141559,https://cdn-consum.aktiosdigitalservices.com/tol/consum/media/product/img/300x300/7141559.jpg?t=20260812080211,2026-10-08T22:05:30
huevos,Consum,7210909,3155250351178,PRESIDENT,Fresh Cream Nata Fresca,Nata en Spray,2.95,2.95,,False,14.75,KILO,1 Kg,False,https://tienda.consum.es/es/p/fresh-cream-nata-fresca/7210909,https://cdn-consum.aktiosdigitalservices.com/tol/consum/media/product/img/300x300/7210909.jpg?t=20260827100854,2026-10-08T22:05:30
huevos,Consum,7275753,8414807540362,CONSUM KIDS,Petit para Llevar Sabor Fresa Pack de 4 U,Yogures,1.5,1.5,,False,4.69,KILO,1 Kg,False,https://tienda.consum.es/es/p/petit-para-llevar-sabor-fresa-pack-de-4-u/7275753,https://cdn-consum.aktiosdigitalservices.com/tol/consum/media/product/img/300x300/7275753.jpg?t=20260812080254,2026-10-08T22:05:30
huevos,Consum,7343283,8435257054988,NESTLE,Kéfir Natural Pack 6 Unidades,Yogur especial salud,2.19,2.59,2.19,True,3.65,KILO,1 Kg,False,https://tienda.consum.es/es/p/kefir-natural-pack-6-unidades/7343283,https://cdn-consum.aktiosdigitalservices.com/tol/consum/media/product/img/300x300/7343283.jpg?t=20260827102245,2026-10-08T22:05:30
huevos,Consum,7430544,8424395141834,LA FAGEDA,Yogur Griego Natural,Yogur griego,2.99,2.99,,False,5.98,KILO,1 Kg,False,https://tienda.consum.es/es/p/yogur-griego-natural/7430544,https://cdn-consum.aktiosdigitalservices.com/tol/consum/media/product/img/300x300/7430544.jpg?t=20260812080427,2026-10-08T22:05:30
huevos,Consum,7445315,8435257045641,NESTLE,Kéfir sabor Fresa,Yogur especial salud,1.99,1.99,,False,3.98,KILO,1 Kg,False,https://tienda.consum.es/es/p/kefir-sabor-fresa/7445315,https://cdn-consum.aktiosdigitalservices.com/tol/consum/media/product/img/300x300/7445315.jpg?t=20260827104346,2026-10-08T22:05:30
huevos,Consum,7423366,8410128191375,COLA CAO,Batido de Cacao Botellín Pack de 4,Batidos,2.85,2.85,,False,3.79,LITRO,1 L,False,https://tienda.consum.es/es/p/batido-de-cacao-botellin-pack-de-4/7423366,https://cdn-consum.aktiosdigitalservices.com/tol/consum/media/product/img/300x300/7423366.jpg?t=20260812080419,2026-10-08T22:05:30
huevos,Consum,7465941,8410981050314,KAIKU,Kéfir Natural sin Lactosa,Yogur especial salud,1.99,1.99,,False,3.98,KILO,1 Kg,False,https://tienda.consum.es/es/p/kefir-natural-sin-lactosa/7465941,https://cdn-consum.aktiosdigitalservices.com/tol/consum/media/product/img/300x300/7465941.jpg?t=20260812080509,2026-10-08T22:05:30
huevos,Consum,7059769,8411700005837,PULEVA,Batido de Chocolate Minibrik Pack de 6,Batidos,2.75,2.75,,False,2.29,LITRO,1 L,False,https://tienda.consum.es/es/p/batido-de-chocolate-minibrik-pack-de-6/7059769,https://cdn-consum.aktiosdigitalservices.com/tol/consum/media/product/img/300x300/7059769.jpg?t=20260827095946,2026-10-08T22:05:30
huevos,Consum,7068914,8410379941309,RENY PICOT,Salsa Bechamel Brik,Bechamel,2.69,2.69,,False,5.38,LITRO,1 L,False,https://tienda.consum.es/es/p/salsa-bechamel-brik/7068914,https://cdn-consum.aktiosdigitalservices.com/tol/consum/media/product/img/300x300/7068914.jpg?t=20260812080158,2026-10-08T22:05:30
huevos,Consum,7093552,8412700065852,CACAOLAT,Batido de Cacao Minibrik Pack de 6,Batidos,3.69,3.69,,False,3.08,LITRO,1 L,False,https://tienda.consum.es/es/p/batido-de-cacao-minibrik-pack-de-6/7093552,https://cdn-consum.aktiosdigitalservices.com/tol/consum/media/product/img/300x300/7093552.jpg?t=20260827100150,2026-10-08T22:05:30
huevos,Consum,7317860,8437009342015,BY PANACH,Horchata Fresca Xufatopía,Horchatas,1.0,1.0,,False,4.0,LITRO,1 L,False,https://tienda.consum.es/es/p/horchata-fresca-xufatopia/7317860,https://cdn-consum.aktiosdigitalservices.com/tol/consum/media/product/img/300x300/7317860.jpg?t=20260812080315,2026-10-08T22:05:30
huevos,Consum,7395903,6408432203398,VALIO,Mousse Proteína 0% Sabor Chocolate,Mousse,1.69,1.69,,False,11.27,KILO,1 Kg,False,https://tienda.consum.es/es/p/mousse-proteina-0-sabor-chocolate/7395903,https://cdn-consum.aktiosdigitalservices.com/tol/consum/media/product/img/300x300/7395903.jpg?t=20260827103013,2026-10-08T22:05:30
huevos,Consum,7401768,5411188131380,ALPRO,Postre de Coco Natural,Yogur vegetal,2.6,2.6,,False,7.43,KILO,1 Kg,False,https://tienda.consum.es/es/p/postre-de-coco-natural/7401768,https://cdn-consum.aktiosdigitalservices.com/tol/consum/media/product/img/300x300/7401768.jpg?t=20260827103121,2026-10-08T22:05:30
huevos,Consum,7474174,8437009342176,BY PANACH,Horchata Fresca Sin Azúcar Xufatopía,Horchatas,2.5,2.5,,False,3.33,LITRO,1 L,False,https://tienda.consum.es/es/p/horchata-fresca-sin-azucar-xufatopia/7474174,https://cdn-consum.aktiosdigitalservices.com/tol/consum/media/product/img/300x300/7474174.jpg?t=20260812080522,2026-10-08T22:05:30
huevos,Consum,596601,84116154,CHOLECK,Batido de Cacao Botella,Batidos,1.95,1.95,,False,1.95,LITRO,1 L,False,https://tienda.consum.es/es/p/batido-de-cacao-botella/596601,https://cdn-consum.aktiosdigitalservices.com/tol/consum/media/product/img/300x300/596601.jpg?t=20260827095544,2026-10-08T22:05:30
huevos,Consum,866327,8410100059839,NESQUIK,Petit Suisse Chocolate Pack de 6 Unidades,Otros postres,1.85,1.85,,False,5.14,KILO,1 Kg,False,https://tienda.consum.es/es/p/petit-suisse-chocolate-pack-de-6-unidades/866327,https://cdn-consum.aktiosdigitalservices.com/tol/consum/media/product/img/300x300/866327.jpg?t=20260812080140,2026-10-08T22:05:30
huevos,Consum,7180797,8423352100143,YOSOY,Bebida de Avena Brik,Bebidas vegetales,1.65,1.65,,False,1.65,LITRO,1 L,False,https://tienda.consum.es/es/p/bebida-de-avena-brik/7180797,https://cdn-consum.aktiosdigitalservices.com/tol/consum/media/product/img/300x300/7180797.jpg?t=20260827100625,2026-10-08T22:05:30
huevos,Consum,7198583,5760466997027,STARBUCKS,Caramel Starbucks Macchiato,Cafés refrigerados,1.99,1.99,,False,9.05,LITRO,1 L,False,https://tienda.consum.es/es/p/caramel-starbucks-macchiato/7198583,https://cdn-consum.aktiosdigitalservices.com/tol/consum/media/product/img/300x300/7198583.jpg?t=20260812080227,2026-10-08T22:05:30
huevos,Consum,761239,84117830,PULEVA,Nata para Cocinar Minibrik,Nata para cocinar,1.19,1.19,,False,5.95,LITRO,1 L,False,https://tienda.consum.es/es/p/nata-para-cocinar-minibrik/761239,https://cdn-consum.aktiosdigitalservices.com/tol/consum/media/product/img/300x300/761239.jpg?t=20260827095601,2026-10-08T22:05:30
huevos,Consum,4507455,8410100017556,NESTLE,Yogolino de Fresa Pack de 4,Yogures,2.95,2.95,,False,7.38,KILO,1 Kg,False,https://tienda.consum.es/es/p/yogolino-de-fresa-pack-de-4/4507455,https://cdn-consum.aktiosdigitalservices.com/tol/consum/media/product/img/300x300/4507455.jpg?t=20260827095749,2026-10-08T22:05:30
huevos,Consum,7141567,8410981096954,KAIKU,Caffè Latte Light sin Lactosa,Cafés refrigerados,1.79,1.79,,False,7.78,LITRO,1 L,False,https://tienda.consum.es/es/p/caffe-latte-light-sin-lactosa/7141567,https://cdn-consum.aktiosdigitalservices.com/tol/consum/media/product/img/300x300/7141567.jpg?t=20260827100411,2026-10-08T22:05:30
huevos,Consum,7247674,8424790111005,EL PASTORET,Kéfir Vaca,Yogur especial salud,2.35,2.35,,False,4.7,KILO,1 Kg,False,https://tienda.consum.es/es/p/kefir-vaca/7247674,https://cdn-consum.aktiosdigitalservices.com/tol/consum/media/product/img/300x300/7247674.jpg?t=20260812080245,2026-10-08T22:05:30
huevos,Consum,7068674,8410100025834,SVELTESSE,Yogur Desnatado Chocolate Fondant Pack4,Otros postres,2.59,2.59,,False,5.18,KILO,1 Kg,False,https://tienda.consum.es/es/p/yogur-desnatado-chocolate-fondant-pack4/7068674,https://cdn-consum.aktiosdigitalservices.com/tol/consum/media/product/img/300x300/7068674.jpg?t=20260827100010,2026-10-08T22:05:30
huevos,Consum,7221732,8412700720096,CACAOLAT,Batido de Cacao 0% Botella,Batidos,2.69,2.69,,False,2.69,LITRO,1 L,False,https://tienda.consum.es/es/p/batido-de-cacao-0-botella/7221732,https://cdn-consum.aktiosdigitalservices.com/tol/consum/media/product/img/300x300/7221732.jpg?t=20260812080235,2026-10-08T22:05:30
huevos,Consum,7310159,8435257045672,NESTLE,Kéfir Natural,Yogur especial salud,1.0,1.99,1.0,True,2.0,KILO,1 Kg,False,https://tienda.consum.es/es/p/kefir-natural/7310159,https://cdn-consum.aktiosdigitalservices.com/tol/consum/media/product/img/300x300/7310159.jpg?t=20260814075731,2026-10-08T22:05:30
huevos,Consum,7359412,3023290045657,NESTLE,Kéfir Natural,Yogur especial salud,1.25,1.25,,False,8.33,KILO,1 Kg,False,https://tienda.consum.es/es/p/kefir-natural/7359412,https://cdn-consum.aktiosdigitalservices.com/tol/consum/media/product/img/300x300/7359412.jpg?t=20260827102422,2026-10-08T22:05:30
huevos,Consum,7228849,8424790100047,EL PASTORET,Yogur Natural Artesano,Yogur natural y azucarado,2.55,2.55,,False,5.1,KILO,1 Kg,False,https://tienda.consum.es/es/p/yogur-natural-artesano/7228849,https://cdn-consum.aktiosdigitalservices.com/tol/consum/media/product/img/300x300/7228849.jpg?t=20260812080238,2026-10-08T22:05:30
huevos,Consum,7365521,8423352106947,YOSOY,Bebida de Avena Barista Brik,Bebidas vegetales,1.85,1.85,,False,1.85,LITRO,1 L,False,https://tienda.consum.es/es/p/bebida-de-avena-barista-brik/7365521,https://cdn-consum.aktiosdigitalservices.com/tol/consum/media/product/img/300x300/7365521.jpg?t=20260812080339,2026-10-08T22:05:30
huevos,Consum,7403587,8719200230989,FLORA,Margarina Proactive Tarrina,Margarina,3.19,3.19,,False,14.18,KILO,1 Kg,False,https://tienda.consum.es/es/p/margarina-proactive-tarrina/7403587,https://cdn-consum.aktiosdigitalservices.com/tol/consum/media/product/img/300x300/7403587.jpg?t=20260812080403,2026-10-08T22:05:30
huevos,Consum,7414006,8424395141179,LA FAGEDA,Yogur Natural Sin Lactosa,Yogur especial salud,2.29,2.29,,False,4.58,KILO,1 Kg,False,https://tienda.consum.es/es/p/yogur-natural-sin-lactosa/7414006,https://cdn-consum.aktiosdigitalservices.com/tol/consum/media/product/img/300x300/7414006.jpg?t=20260812080411,2026-10-08T22:05:30
huevos,Consum,7416782,8425991411574,MERCADER,Horchata Chufa Pack de 3,Horchatas,1.35,1.35,,False,2.25,LITRO,1 L,False,https://tienda.consum.es/es/p/horchata-chufa-pack-de-3/7416782,https://cdn-consum.aktiosdigitalservices.com/tol/consum/media/product/img/300x300/7416782.jpg?t=20260812080414,2026-10-08T22:05:30
huevos,Consum,7425007,5411188137993,ALPRO,Postre de Soja con Arándanos,Yogur vegetal,2.3,2.3,,False,5.75,KILO,1 Kg,False,https://tienda.consum.es/es/p/postre-de-soja-con-arandanos/7425007,https://cdn-consum.aktiosdigitalservices.com/tol/consum/media/product/img/300x300/7425007.jpg?t=20260827103708,2026-10-08T22:05:30
huevos,Consum,7430171,8719200265806,TULIPAN,Margarina Vegetal Tarrina,Mantequilla,2.9,2.9,,False,7.25,KILO,1 Kg,False,https://tienda.consum.es/es/p/margarina-vegetal-tarrina/7430171,https://cdn-consum.aktiosdigitalservices.com/tol/consum/media/product/img/300x300/7430171.jpg?t=20260827103837,2026-10-08T22:05:30
huevos,Consum,7444755,8411610003275,CHOLECK,Batido Al Cacao Botellín Vidrio,Batidos,1.05,1.05,,False,5.25,LITRO,1 L,False,https://tienda.consum.es/es/p/batido-al-cacao-botellin-vidrio/7444755,https://cdn-consum.aktiosdigitalservices.com/tol/consum/media/product/img/300x300/7444755.jpg?t=20260827104329,2026-10-08T22:05:30
huevos,Consum,7173433,8410981095926,KAIKU,Kaikucol Beber 0% Sabor Natural P-6 Ud,Yogur especial salud,3.69,3.69,,False,9.46,KILO,1 Kg,False,https://tienda.consum.es/es/p/kaikucol-beber-0-sabor-natural-p-6-ud/7173433,https://cdn-consum.aktiosdigitalservices.com/tol/consum/media/product/img/300x300/7173433.jpg?t=20260812080218,2026-10-08T22:05:30
huevos,Consum,7188241,7613033968051,NESTLE,Yogolino Natural Pack de 4,Yogures,2.95,2.95,,False,7.38,KILO,1 Kg,False,https://tienda.consum.es/es/p/yogolino-natural-pack-de-4/7188241,https://cdn-consum.aktiosdigitalservices.com/tol/consum/media/product/img/300x300/7188241.jpg?t=20260827100705,2026-10-08T22:05:30
huevos,Consum,553768,8410285124377,PRESIDENT,Nata para Cocinar Textura Espesa Botellín,Nata para cocinar,1.75,1.95,1.75,True,7.0,LITRO,1 L,False,https://tienda.consum.es/es/p/nata-para-cocinar-textura-espesa-botellin/553768,https://cdn-consum.aktiosdigitalservices.com/tol/consum/media/product/img/300x300/553768.jpg?t=20260901075801,2026-10-08T22:05:30
huevos,Consum,4507471,8410100017563,NESTLE,Yogolino de Plátano Pack de 4,Yogures,2.95,2.95,,False,7.38,KILO,1 Kg,False,https://tienda.consum.es/es/p/yogolino-de-platano-pack-de-4/4507471,https://cdn-consum.aktiosdigitalservices.com/tol/consum/media/product/img/300x300/4507471.jpg?t=20260827095751,2026-10-08T22:05:30
huevos,Consum,7263275,8435250297955,NESTLE,Smarties Mix In Sabor Vainilla,Petit e infantiles,2.05,2.05,,False,8.01,KILO,1 Kg,False,https://tienda.consum.es/es/p/smarties-mix-in-sabor-vainilla/7263275,https://cdn-consum.aktiosdigitalservices.com/tol/consum/media/product/img/300x300/7263275.jpg?t=20260827101315,2026-10-08T22:05:30
huevos,Consum,7279511,5411188121374,ALPRO,Preparado para Cocinar Vegetal Soja,Nata para cocinar,1.75,1.75,,False,7.0,LITRO,1 L,False,https://tienda.consum.es/es/p/preparado-para-cocinar-vegetal-soja/7279511,https://cdn-consum.aktiosdigitalservices.com/tol/consum/media/product/img/300x300/7279511.jpg?t=20260827101440,2026-10-08T22:05:30
huevos,Consum,7288397,8414807541642,CONSUM ECO,Bebida de Avena Brik,Despensa,1.49,1.49,,False,1.49,LITRO,1 L,False,https://tienda.consum.es/es/p/bebida-de-avena-brik/7288397,https://cdn-consum.aktiosdigitalservices.com/tol/consum/media/product/img/300x300/7288397.jpg?t=20260812080300,2026-10-08T22:05:30
huevos,Consum,7334394,8410500023652,YOPRO DANONE,Bebida Láctea 0%0% Proteína Fresa-Frambues,Yogur proteinas,1.99,2.49,1.99,True,6.63,LITRO,1 L,False,https://tienda.consum.es/es/p/bebida-lactea-00-proteina-fresa-frambues/7334394,https://cdn-consum.aktiosdigitalservices.com/tol/consum/media/product/img/300x300/7334394.jpg?t=20260827102156,2026-10-08T22:05:30
huevos,Consum,7377179,8437009342053,LA VEVIDA,Bebida Avena con Café Vaso,Batidos,1.19,1.19,,False,5.17,LITRO,1 L,False,https://tienda.consum.es/es/p/bebida-avena-con-cafe-vaso/7377179,https://cdn-consum.aktiosdigitalservices.com/tol/consum/media/product/img/300x300/7377179.jpg?t=20260812080345,2026-10-08T22:05:30
huevos,Consum,7288111,8432425091202,KAIKU,Caffè Latte Mr. Big Capuccino,Cafés refrigerados,2.69,2.69,,False,7.27,LITRO,1 L,False,https://tienda.consum.es/es/p/caffe-latte-mr-big-capuccino/7288111,https://cdn-consum.aktiosdigitalservices.com/tol/consum/media/product/img/300x300/7288111.jpg?t=20260827101553,2026-10-08T22:05:30
huevos,Consum,7382653,8432425094043,KAIKU,Caffè Latte con Proteína Mr. Big,Cafés refrigerados,2.69,2.69,,False,7.27,LITRO,1 L,False,https://tienda.consum.es/es/p/caffe-latte-con-proteina-mr-big/7382653,https://cdn-consum.aktiosdigitalservices.com/tol/consum/media/product/img/300x300/7382653.jpg?t=20260827102800,2026-10-08T22:05:30
huevos,Consum,7397891,4002971247503,EHRMANN,Copa Chocolate Proteica,Copa,1.79,1.79,,False,8.95,KILO,1 Kg,False,https://tienda.consum.es/es/p/copa-chocolate-proteica/7397891,https://cdn-consum.aktiosdigitalservices.com/tol/consum/media/product/img/300x300/7397891.jpg?t=20260812080400,2026-10-08T22:05:30
huevos,Consum,7404721,8719200234857,FLORA,Margarina Vegetal Tarrina,Mantequilla,2.69,3.19,2.69,True,6.73,KILO,1 Kg,False,https://tienda.consum.es/es/p/margarina-vegetal-tarrina/7404721,https://cdn-consum.aktiosdigitalservices.com/tol/consum/media/product/img/300x300/7404721.jpg?t=20260827103212,2026-10-08T22:05:30
huevos,Consum,7418635,3023290076798,NESCAFE,Caffè Latte Cappuccino Descafeinado,Cafés refrigerados,1.49,1.49,,False,7.27,LITRO,1 L,False,https://tienda.consum.es/es/p/caffe-latte-cappuccino-descafeinado/7418635,https://cdn-consum.aktiosdigitalservices.com/tol/consum/media/product/img/300x300/7418635.jpg?t=20260827103456,2026-10-08T22:05:30
huevos,Consum,7449379,7394376624650,OATLY,Crema de Avena Para Cocinar BIO,Nata para cocinar,1.39,1.39,,False,5.56,LITRO,1 L,False,https://tienda.consum.es/es/p/crema-de-avena-para-cocinar-bio/7449379,https://cdn-consum.aktiosdigitalservices.com/tol/consum/media/product/img/300x300/7449379.jpg?t=20260827104442,2026-10-08T22:05:30
huevos,Consum,7459845,8435257070636,NESTLE,Kéfir 0% Natural,Yogur especial salud,1.99,1.99,,False,3.98,KILO,1 Kg,False,https://tienda.consum.es/es/p/kefir-0-natural/7459845,https://cdn-consum.aktiosdigitalservices.com/tol/consum/media/product/img/300x300/7459845.jpg?t=20260827104834,2026-10-08T22:05:30
huevos,Consum,7022494,8410128796280,VIVESOY,Bebida de Soja Chocolate,Batidos,1.75,1.99,1.75,True,1.75,LITRO,1 L,False,https://tienda.consum.es/es/p/bebida-de-soja-chocolate/7022494,https://cdn-consum.aktiosdigitalservices.com/tol/consum/media/product/img/300x300/7022494.jpg?t=20260827095843,2026-10-08T22:05:30
huevos,Consum,7180784,8423352104134,YOSOY,Bebida de Arroz Brik,Bebidas vegetales,1.7,1.7,,False,1.7,LITRO,1 L,False,https://tienda.consum.es/es/p/bebida-de-arroz-brik/7180784,https://cdn-consum.aktiosdigitalservices.com/tol/consum/media/product/img/300x300/7180784.jpg?t=20260812080220,2026-10-08T22:05:30
huevos,Consum,7041762,3155250329115,PRESIDENT,Nata para Cocinar Espesa Botella,Nata para cocinar,3.59,3.59,,False,7.18,LITRO,1 L,False,https://tienda.consum.es/es/p/nata-para-cocinar-espesa-botella/7041762,https://cdn-consum.aktiosdigitalservices.com/tol/consum/media/product/img/300x300/7041762.jpg?t=20260827095907,2026-10-08T22:05:30
huevos,Consum,7101871,5411188096474,ALPRO,Bebida de Soja Ligera Brik,Bebidas vegetales,1.49,1.99,1.49,True,1.49,LITRO,1 L,False,https://tienda.consum.es/es/p/bebida-de-soja-ligera-brik/7101871,https://cdn-consum.aktiosdigitalservices.com/tol/consum/media/product/img/300x300/7101871.jpg?t=20260827100220,2026-10-08T22:05:30
huevos,Consum,7113033,8410128796259,VIVESOY,Bebida de Soja Brik,Bebidas vegetales,1.99,1.99,,False,1.99,LITRO,1 L,False,https://tienda.consum.es/es/p/bebida-de-soja-brik/7113033,https://cdn-consum.aktiosdigitalservices.com/tol/consum/media/product/img/300x300/7113033.jpg?t=20260827100306,2026-10-08T22:05:30
huevos,Consum,7141562,8410981093205,KAIKU,Caffè Latte Espresso,Cafés refrigerados,1.79,1.79,,False,7.78,LITRO,1 L,False,https://tienda.consum.es/es/p/caffe-latte-espresso/7141562,https://cdn-consum.aktiosdigitalservices.com/tol/consum/media/product/img/300x300/7141562.jpg?t=20260827100409,2026-10-08T22:05:30
huevos,Consum,7216539,84153241,GOSHUA,Cuajada de Oveja,Cuajada,1.69,1.69,,False,12.07,KILO,1 Kg,False,https://tienda.consum.es/es/p/cuajada-de-oveja/7216539,https://cdn-consum.aktiosdigitalservices.com/tol/consum/media/product/img/300x300/7216539.jpg?t=20260812080233,2026-10-08T22:05:30
huevos,Consum,7309847,5411188112709,ALPRO,Bebida de Almendras Sin Azúcar Brik,Bebidas vegetales,2.19,2.19,,False,2.19,LITRO,1 L,False,https://tienda.consum.es/es/p/bebida-de-almendras-sin-azucar-brik/7309847,https://cdn-consum.aktiosdigitalservices.com/tol/consum/media/product/img/300x300/7309847.jpg?t=20260827101845,2026-10-08T22:05:30
huevos,Consum,7355873,8410285999623,PULEVA,Batido de Chocolate Zero Minibrik Pack de 6,Batidos,2.99,2.99,,False,2.49,LITRO,1 L,False,https://tienda.consum.es/es/p/batido-de-chocolate-zero-minibrik-pack-de-6/7355873,https://cdn-consum.aktiosdigitalservices.com/tol/consum/media/product/img/300x300/7355873.jpg?t=20260827102400,2026-10-08T22:05:30
huevos,Consum,7293962,8411700002621,PULEVA,Batido de Chocolate sin Lactosa Pack de 6,Batidos,2.99,2.99,,False,2.49,LITRO,1 L,False,https://tienda.consum.es/es/p/batido-de-chocolate-sin-lactosa-pack-de-6/7293962,https://cdn-consum.aktiosdigitalservices.com/tol/consum/media/product/img/300x300/7293962.jpg?t=20260827101642,2026-10-08T22:05:30
huevos,Consum,7336279,8423352106442,YOSOY,Bebida de Avena Chocolate Brik,Batidos,2.19,2.19,,False,2.19,LITRO,1 L,False,https://tienda.consum.es/es/p/bebida-de-avena-chocolate-brik/7336279,https://cdn-consum.aktiosdigitalservices.com/tol/consum/media/product/img/300x300/7336279.jpg?t=20260812080323,2026-10-08T22:05:30
huevos,Consum,7376978,8414807552297,CONSUM KIDS,"Maxi Petit Fresa, Plátano y Fresa-Plátano",Yogures,1.59,1.59,,False,2.65,KILO,1 Kg,False,https://tienda.consum.es/es/p/maxi-petit-fresa-platano-y-fresa-platano/7376978,https://cdn-consum.aktiosdigitalservices.com/tol/consum/media/product/img/300x300/7376978.jpg?t=20260812080345,2026-10-08T22:05:30
huevos,Consum,7424997,5411188139126,ALPRO,Postre de Soja con Coco,Yogur vegetal,2.3,2.3,,False,5.75,KILO,1 Kg,False,https://tienda.consum.es/es/p/postre-de-soja-con-coco/7424997,https://cdn-consum.aktiosdigitalservices.com/tol/consum/media/product/img/300x300/7424997.jpg?t=20260827103705,2026-10-08T22:05:30
huevos,Consum,7425002,5411188139102,ALPRO,Postre Soja Sabor Vainilla,Yogur vegetal,2.3,2.3,,False,5.75,KILO,1 Kg,False,https://tienda.consum.es/es/p/postre-soja-sabor-vainilla/7425002,https://cdn-consum.aktiosdigitalservices.com/tol/consum/media/product/img/300x300/7425002.jpg?t=20260827103706,2026-10-08T22:05:30
huevos,Consum,7447493,8412700620600,CACAOLAT,Batido Cacao Botellín,Batidos,3.8,3.8,,False,4.75,LITRO,1 L,False,https://tienda.consum.es/es/p/batido-cacao-botellin/7447493,https://cdn-consum.aktiosdigitalservices.com/tol/consum/media/product/img/300x300/7447493.jpg?t=20260812080445,2026-10-08T22:05:30
huevos,Consum,7396513,8437017857952,GRANJA RINYA,Tarta de Queso Tarrina,Postres,1.79,1.79,,False,9.94,KILO,1 Kg,False,https://tienda.consum.es/es/p/tarta-de-queso-tarrina/7396513,https://cdn-consum.aktiosdigitalservices.com/tol/consum/media/product/img/300x300/7396513.jpg?t=20260812080359,2026-10-08T22:05:30
huevos,Consum,7423432,3023290076880,NESCAFE,Nescafé Latte Cappuccin Café,Cafés refrigerados,1.19,1.49,1.19,True,5.81,LITRO,1 L,False,https://tienda.consum.es/es/p/nescafe-latte-cappuccin-cafe/7423432,https://cdn-consum.aktiosdigitalservices.com/tol/consum/media/product/img/300x300/7423432.jpg?t=20260827103612,2026-10-08T22:05:30
huevos,Consum,7427615,8410128192860,COLA CAO,Batido de Cacao 0% pack 4X188ML,Batidos,2.99,2.99,,False,3.98,LITRO,1 L,False,https://tienda.consum.es/es/p/batido-de-cacao-0-pack-4x188ml/7427615,https://cdn-consum.aktiosdigitalservices.com/tol/consum/media/product/img/300x300/7427615.jpg?t=20260827103808,2026-10-08T22:05:30
huevos,Consum,7431422,5411188128649,ALPRO,Postre de Soja Skyr Sabor Fresa,Yogur vegetal,2.6,2.6,,False,6.5,KILO,1 Kg,False,https://tienda.consum.es/es/p/postre-de-soja-skyr-sabor-fresa/7431422,https://cdn-consum.aktiosdigitalservices.com/tol/consum/media/product/img/300x300/7431422.jpg?t=20260827103903,2026-10-08T22:05:30
huevos,Consum,7436975,8410128796228,VIVESOY,Bebida de Soja Ligera Sin Azúcar,Bebidas vegetales,1.99,1.99,,False,1.99,LITRO,1 L,False,https://tienda.consum.es/es/p/bebida-de-soja-ligera-sin-azucar/7436975,https://cdn-consum.aktiosdigitalservices.com/tol/consum/media/product/img/300x300/7436975.jpg?t=20260827104105,2026-10-08T22:05:30
huevos,Consum,7444292,8424790100276,PASTORET,Yogur al Estilo Griego,Yogur griego,3.25,3.25,,False,6.5,KILO,1 Kg,False,https://tienda.consum.es/es/p/yogur-al-estilo-griego/7444292,https://cdn-consum.aktiosdigitalservices.com/tol/consum/media/product/img/300x300/7444292.jpg?t=20260812080442,2026-10-08T22:05:30
huevos,Consum,7450174,8410500030865,YOPRO DANONE,Postre 0%0% Proteico Arándanos,Nutrición deportiva,2.99,2.99,,False,6.23,KILO,1 Kg,False,https://tienda.consum.es/es/p/postre-00-proteico-arandanos/7450174,https://cdn-consum.aktiosdigitalservices.com/tol/consum/media/product/img/300x300/7450174.jpg?t=20260827104450,2026-10-08T22:05:30
huevos,Consum,7460355,5411188138013,ALPRO,Postre Soja Lima-Limón,Yogur vegetal,2.3,2.3,,False,5.75,KILO,1 Kg,False,https://tienda.consum.es/es/p/postre-soja-lima-limon/7460355,https://cdn-consum.aktiosdigitalservices.com/tol/consum/media/product/img/300x300/7460355.jpg?t=20260827104851,2026-10-08T22:05:30
huevos,Consum,7473036,8420756001212,REINA,Natillas con Galleta Pack de 4 Unidades,Natillas,1.79,1.79,,False,3.58,KILO,1 Kg,False,https://tienda.consum.es/es/p/natillas-con-galleta-pack-de-4-unidades/7473036,https://cdn-consum.aktiosdigitalservices.com/tol/consum/media/product/img/300x300/7473036.jpg?t=20260901080757,2026-10-08T22:05:30
huevos,Consum,942227,8410636000336,ALMENDRINA,Crema de Almendras Lata,Bebidas vegetales,7.69,7.69,,False,8.54,KILO,1 Kg,False,https://tienda.consum.es/es/p/crema-de-almendras-lata/942227,https://cdn-consum.aktiosdigitalservices.com/tol/consum/media/product/img/300x300/942227.jpg?t=20260812080141,2026-10-08T22:05:30
huevos,Consum,7017382,5411188553304,ALPRO,Bebida de Soja Brik,Bebidas vegetales,1.99,1.99,,False,1.99,LITRO,1 L,False,https://tienda.consum.es/es/p/bebida-de-soja-brik/7017382,https://cdn-consum.aktiosdigitalservices.com/tol/consum/media/product/img/300x300/7017382.jpg?t=20260827095831,2026-10-08T22:05:30
huevos,Consum,7240096,8423352100150,YOSOY,Bebida Avena Calcio Brik,Bebidas vegetales,1.7,1.7,,False,1.7,LITRO,1 L,False,https://tienda.consum.es/es/p/bebida-avena-calcio-brik/7240096,https://cdn-consum.aktiosdigitalservices.com/tol/consum/media/product/img/300x300/7240096.jpg?t=20260812080242,2026-10-08T22:05:30
huevos,Consum,7267821,8423352107036,YOSOY,Bebida de Avena Ecológica Brik,Despensa,1.99,1.99,,False,1.99,LITRO,1 L,False,https://tienda.consum.es/es/p/bebida-de-avena-ecologica-brik/7267821,https://cdn-consum.aktiosdigitalservices.com/tol/consum/media/product/img/300x300/7267821.jpg?t=20260812080252,2026-10-08T22:05:30
huevos,Consum,591610,84150073,CHOLECK,Batido Sabor Vainilla Botella,Batidos,1.95,1.95,,False,1.95,LITRO,1 L,False,https://tienda.consum.es/es/p/batido-sabor-vainilla-botella/591610,https://cdn-consum.aktiosdigitalservices.com/tol/consum/media/product/img/300x300/591610.jpg?t=20260827095541,2026-10-08T22:05:30
huevos,Consum,7141799,3023290400395,NESTLE,Yogur Dúo Kit Kat Pack de 2 Unidades,Petit e infantiles,1.99,1.99,,False,8.65,KILO,1 Kg,False,https://tienda.consum.es/es/p/yogur-duo-kit-kat-pack-de-2-unidades/7141799,https://cdn-consum.aktiosdigitalservices.com/tol/consum/media/product/img/300x300/7141799.jpg?t=20260827100413,2026-10-08T22:05:30
huevos,Consum,7196186,5411188110835,ALPRO,Bebida de Almendras Brik,Bebidas vegetales,1.59,2.19,1.59,True,1.59,LITRO,1 L,False,https://tienda.consum.es/es/p/bebida-de-almendras-brik/7196186,https://cdn-consum.aktiosdigitalservices.com/tol/consum/media/product/img/300x300/7196186.jpg?t=20260812080226,2026-10-08T22:05:30
huevos,Consum,7219264,8410128180461,VIVESOY,Bebida de Avena Brik,Bebidas vegetales,1.99,1.99,,False,1.99,LITRO,1 L,False,https://tienda.consum.es/es/p/bebida-de-avena-brik/7219264,https://cdn-consum.aktiosdigitalservices.com/tol/consum/media/product/img/300x300/7219264.jpg?t=20260827100953,2026-10-08T22:05:30
huevos,Consum,7240224,8423352800159,ALMENDROLA,Bebida de Almendras Brik,Bebidas vegetales,2.09,2.09,,False,2.09,LITRO,1 L,False,https://tienda.consum.es/es/p/bebida-de-almendras-brik/7240224,https://cdn-consum.aktiosdigitalservices.com/tol/consum/media/product/img/300x300/7240224.jpg?t=20260827101131,2026-10-08T22:05:30
huevos,Consum,596619,84150066,CHOLECK,Batido Sabor Fresa Botella,Batidos,1.95,1.95,,False,1.95,LITRO,1 L,False,https://tienda.consum.es/es/p/batido-sabor-fresa-botella/596619,https://cdn-consum.aktiosdigitalservices.com/tol/consum/media/product/img/300x300/596619.jpg?t=20260827095545,2026-10-08T22:05:30
huevos,Consum,7275720,5411188136217,ALPRO,Bebida de Avena Brik,Bebidas vegetales,2.19,2.19,,False,2.19,LITRO,1 L,False,https://tienda.consum.es/es/p/bebida-de-avena-brik/7275720,https://cdn-consum.aktiosdigitalservices.com/tol/consum/media/product/img/300x300/7275720.jpg?t=20260812080254,2026-10-08T22:05:30
huevos,Consum,7286482,8423352800142,ALMENDROLA,Bebida de Almendra sin Azúcar Brik,Bebidas vegetales,2.09,2.09,,False,2.09,LITRO,1 L,False,https://tienda.consum.es/es/p/bebida-de-almendra-sin-azucar-brik/7286482,https://cdn-consum.aktiosdigitalservices.com/tol/consum/media/product/img/300x300/7286482.jpg?t=20260827101534,2026-10-08T22:05:30
huevos,Consum,7302867,8412203001302,GAILLA,Yogur de Oveja con Confitura Arándanos,Yogur enriquecido,2.29,2.29,,False,16.36,KILO,1 Kg,False,https://tienda.consum.es/es/p/yogur-de-oveja-con-confitura-arandanos/7302867,https://cdn-consum.aktiosdigitalservices.com/tol/consum/media/product/img/300x300/7302867.jpg?t=20260827101755,2026-10-08T22:05:30
huevos,Consum,7288384,8414807541628,CONSUM ECO,Bebida de Soja sin Azúcares Añadidos Brik,Bebidas vegetales,1.25,1.25,,False,1.25,LITRO,1 L,False,https://tienda.consum.es/es/p/bebida-de-soja-sin-azucares-anadidos-brik/7288384,https://cdn-consum.aktiosdigitalservices.com/tol/consum/media/product/img/300x300/7288384.jpg?t=20260812080300,2026-10-08T22:05:30
huevos,Consum,7311207,8850004100792,AMPRO,Jugo de Coco para Cocinar Lata,Nata para cocinar,1.4,1.4,,False,3.5,LITRO,1 L,False,https://tienda.consum.es/es/p/jugo-de-coco-para-cocinar-lata/7311207,https://cdn-consum.aktiosdigitalservices.com/tol/consum/media/product/img/300x300/7311207.jpg?t=20260812080312,2026-10-08T22:05:30
huevos,Consum,7311293,8423352106800,YOSOY,Bebida de Avena Minibrik,Bebidas vegetales,2.19,2.19,,False,2.92,LITRO,1 L,False,https://tienda.consum.es/es/p/bebida-de-avena-minibrik/7311293,https://cdn-consum.aktiosdigitalservices.com/tol/consum/media/product/img/300x300/7311293.jpg?t=20260812080312,2026-10-08T22:05:30
huevos,Consum,7328557,5740900401785,LURPAK,Salted Butter Mantequilla con Sal  GI12,Mantequilla,3.99,3.99,,False,19.95,KILO,1 Kg,False,https://tienda.consum.es/es/p/salted-butter-mantequilla-con-sal-gi12/7328557,https://cdn-consum.aktiosdigitalservices.com/tol/consum/media/product/img/300x300/7328557.jpg?t=20260827102055,2026-10-08T22:05:30
huevos,Consum,7332588,5411188125808,ALPRO,Postre Soja con Mango Sin Azúcares Añadidos,Yogur vegetal,2.6,2.6,,False,6.5,KILO,1 Kg,False,https://tienda.consum.es/es/p/postre-soja-con-mango-sin-azucares-anadidos/7332588,https://cdn-consum.aktiosdigitalservices.com/tol/consum/media/product/img/300x300/7332588.jpg?t=20260827102141,2026-10-08T22:05:30
huevos,Consum,7338895,8423352106510,YOSOY,Bebida de Avena y Nueces Brik,Bebidas vegetales,2.49,2.49,,False,2.49,LITRO,1 L,False,https://tienda.consum.es/es/p/bebida-de-avena-y-nueces-brik/7338895,https://cdn-consum.aktiosdigitalservices.com/tol/consum/media/product/img/300x300/7338895.jpg?t=20260812080324,2026-10-08T22:05:30
huevos,Consum,7362395,8423352100174,YOSOY,Bebida de Arroz y Avellanas Brik,Bebidas vegetales,2.19,2.19,,False,2.19,LITRO,1 L,False,https://tienda.consum.es/es/p/bebida-de-arroz-y-avellanas-brik/7362395,https://cdn-consum.aktiosdigitalservices.com/tol/consum/media/product/img/300x300/7362395.jpg?t=20260812080337,2026-10-08T22:05:30
huevos,Consum,7280381,8411700002386,PULEVA,Batido de Chocolate Botella,Batidos,1.99,2.29,1.99,True,1.99,LITRO,1 L,False,https://tienda.consum.es/es/p/batido-de-chocolate-botella/7280381,https://cdn-consum.aktiosdigitalservices.com/tol/consum/media/product/img/300x300/7280381.jpg?t=20260827101449,2026-10-08T22:05:30
huevos,Consum,7288673,8410346000831,CHOLECK,Batido Cacao Minibrik Pack de 3,Batidos,1.29,1.49,1.29,True,2.15,LITRO,1 L,False,https://tienda.consum.es/es/p/batido-cacao-minibrik-pack-de-3/7288673,https://cdn-consum.aktiosdigitalservices.com/tol/consum/media/product/img/300x300/7288673.jpg?t=20260827101601,2026-10-08T22:05:30
huevos,Consum,7297567,8595588204107,KIDS WORLD,Natillas con Sorpresa,Natillas,1.19,1.19,,False,17.0,KILO,1 Kg,False,https://tienda.consum.es/es/p/natillas-con-sorpresa/7297567,https://cdn-consum.aktiosdigitalservices.com/tol/consum/media/product/img/300x300/7297567.jpg?t=20260812080305,2026-10-08T22:05:30
huevos,Consum,7302875,8412203001319,GAILLA,Yogur de Oveja con Confitura Castaña,Yogur enriquecido,2.29,2.29,,False,16.36,KILO,1 Kg,False,https://tienda.consum.es/es/p/yogur-de-oveja-con-confitura-castana/7302875,https://cdn-consum.aktiosdigitalservices.com/tol/consum/media/product/img/300x300/7302875.jpg?t=20260812080307,2026-10-08T22:05:30
huevos,Consum,7317238,8850161230226,AMPRO,Jugo de Coco Ligero para Cocinar Lata,Nata para cocinar,1.69,1.69,,False,4.23,LITRO,1 L,False,https://tienda.consum.es/es/p/jugo-de-coco-ligero-para-cocinar-lata/7317238,https://cdn-consum.aktiosdigitalservices.com/tol/consum/media/product/img/300x300/7317238.jpg?t=20260812080315,2026-10-08T22:05:30
huevos,Consum,7333003,5411188124689,ALPRO,Bebida de Avena sin Azúcar Brik,Bebidas vegetales,1.99,1.99,,False,1.99,LITRO,1 L,False,https://tienda.consum.es/es/p/bebida-de-avena-sin-azucar-brik/7333003,https://cdn-consum.aktiosdigitalservices.com/tol/consum/media/product/img/300x300/7333003.jpg?t=20260827102146,2026-10-08T22:05:30
huevos,Consum,7358653,8410128180485,VIVESOY,Bebida de Almendra sin Azúcar Brik,Bebidas vegetales,1.99,1.99,,False,1.99,LITRO,1 L,False,https://tienda.consum.es/es/p/bebida-de-almendra-sin-azucar-brik/7358653,https://cdn-consum.aktiosdigitalservices.com/tol/consum/media/product/img/300x300/7358653.jpg?t=20260812080335,2026-10-08T22:05:30
huevos,Consum,7388432,8719200234826,FLORA,Margarina Oliva Tarrina,Margarina,2.19,2.19,,False,9.73,KILO,1 Kg,False,https://tienda.consum.es/es/p/margarina-oliva-tarrina/7388432,https://cdn-consum.aktiosdigitalservices.com/tol/consum/media/product/img/300x300/7388432.jpg?t=20260827102831,2026-10-08T22:05:30
huevos,Consum,7412091,8423352800630,ALMENDROLA,Bebida de Almendra Barista Brik,Bebidas vegetales,2.09,2.09,,False,2.09,LITRO,1 L,False,https://tienda.consum.es/es/p/bebida-de-almendra-barista-brik/7412091,https://cdn-consum.aktiosdigitalservices.com/tol/consum/media/product/img/300x300/7412091.jpg?t=20260827103332,2026-10-08T22:05:30
huevos,Consum,7412356,8410128180546,VIVESOY,Bebida de Avena Sin Azúcar Brik,Bebidas vegetales,1.79,1.99,1.79,True,1.79,LITRO,1 L,False,https://tienda.consum.es/es/p/bebida-de-avena-sin-azucar-brik/7412356,https://cdn-consum.aktiosdigitalservices.com/tol/consum/media/product/img/300x300/7412356.jpg?t=20260827103334,2026-10-08T22:05:30
huevos,Consum,7430986,5601050037586,YOPRO DANONE,Bebida Láctea 0%0% Proteína Stracciatella,Yogur proteinas,1.99,2.49,1.99,True,6.63,LITRO,1 L,False,https://tienda.consum.es/es/p/bebida-lactea-00-proteina-stracciatella/7430986,https://cdn-consum.aktiosdigitalservices.com/tol/consum/media/product/img/300x300/7430986.jpg?t=20260827103854,2026-10-08T22:05:30
huevos,Consum,7391154,8423352106985,YOSOY,Bebida de Avena 0% Azúcar Brik,Bebidas vegetales,1.65,1.65,,False,1.65,LITRO,1 L,False,https://tienda.consum.es/es/p/bebida-de-avena-0-azucar-brik/7391154,https://cdn-consum.aktiosdigitalservices.com/tol/consum/media/product/img/300x300/7391154.jpg?t=20260812080353,2026-10-08T22:05:30
huevos,Consum,7394141,3331480014452,MAISON,Coulant de Chocolate,Otros postres,2.99,2.99,,False,16.61,KILO,1 Kg,False,https://tienda.consum.es/es/p/coulant-de-chocolate/7394141,https://cdn-consum.aktiosdigitalservices.com/tol/consum/media/product/img/300x300/7394141.jpg?t=20260812080356,2026-10-08T22:05:30
huevos,Consum,7396765,5411188136347,ALPRO,Postre Soja Frutos Rojos con Dátiles sin Azúcar,Yogur vegetal,2.6,2.6,,False,6.5,KILO,1 Kg,False,https://tienda.consum.es/es/p/postre-soja-frutos-rojos-con-datiles-sin-azucar/7396765,https://cdn-consum.aktiosdigitalservices.com/tol/consum/media/product/img/300x300/7396765.jpg?t=20260827103033,2026-10-08T22:05:30
huevos,Consum,7430189,8719200265837,TULIPAN,Margarina con Sal Tarrina,Margarina,2.95,2.95,,False,7.38,KILO,1 Kg,False,https://tienda.consum.es/es/p/margarina-con-sal-tarrina/7430189,https://cdn-consum.aktiosdigitalservices.com/tol/consum/media/product/img/300x300/7430189.jpg?t=20260827103838,2026-10-08T22:05:30
huevos,Consum,7434327,8412800006588,DHUL,Crema Catalana Pack de 2 Unidades,Otros postres,1.99,1.99,,False,9.95,KILO,1 Kg,False,https://tienda.consum.es/es/p/crema-catalana-pack-de-2-unidades/7434327,https://cdn-consum.aktiosdigitalservices.com/tol/consum/media/product/img/300x300/7434327.jpg?t=20260812080430,2026-10-08T22:05:30
huevos,Consum,7450179,8410500030858,YOPRO DANONE,Postre Proteico 0%0% Sabor Vainilla,Nutrición deportiva,2.99,2.99,,False,6.23,KILO,1 Kg,False,https://tienda.consum.es/es/p/postre-proteico-00-sabor-vainilla/7450179,https://cdn-consum.aktiosdigitalservices.com/tol/consum/media/product/img/300x300/7450179.jpg?t=20260827104451,2026-10-08T22:05:30
huevos,Consum,7459303,8410500031831,YOPRO DANONE,Postre 0%0% Proteico Stracciatella,Nutrición deportiva,2.99,2.99,,False,6.23,KILO,1 Kg,False,https://tienda.consum.es/es/p/postre-00-proteico-stracciatella/7459303,https://cdn-consum.aktiosdigitalservices.com/tol/consum/media/product/img/300x300/7459303.jpg?t=20260827104814,2026-10-08T22:05:30
huevos,Consum,7462539,8423352207477,YOSOY,Bebida de Avena Barista Con Té Matcha,Bebidas vegetales,2.45,2.45,,False,2.45,LITRO,1 L,False,https://tienda.consum.es/es/p/bebida-de-avena-barista-con-te-matcha/7462539,https://cdn-consum.aktiosdigitalservices.com/tol/consum/media/product/img/300x300/7462539.jpg?t=20260812080504,2026-10-08T22:05:30
huevos,Consum,7463313,8435257073224,NESCAFE,Nescafé Latte Sabor Baileys,Cafés refrigerados,1.69,1.69,,False,8.24,LITRO,1 L,False,https://tienda.consum.es/es/p/nescafe-latte-sabor-baileys/7463313,https://cdn-consum.aktiosdigitalservices.com/tol/consum/media/product/img/300x300/7463313.jpg?t=20260827105006,2026-10-08T22:05:30
huevos,Consum,7467264,4260556635361,YFOOD,Batido Sabor Cacao Comida Completa,Batidos,2.99,3.99,2.99,True,5.98,LITRO,1 L,False,https://tienda.consum.es/es/p/batido-sabor-cacao-comida-completa/7467264,https://cdn-consum.aktiosdigitalservices.com/tol/consum/media/product/img/300x300/7467264.jpg?t=20260812080510,2026-10-08T22:05:30
huevos,Consum,7467277,4260556638447,YFOOD,Batido Sabor Frambuesa Comida Completa,Batidos,2.99,3.99,2.99,True,5.98,LITRO,1 L,False,https://tienda.consum.es/es/p/batido-sabor-frambuesa-comida-completa/7467277,https://cdn-consum.aktiosdigitalservices.com/tol/consum/media/product/img/300x300/7467277.jpg?t=20260812080510,2026-10-08T22:05:30
huevos,Consum,7473684,5411188139034,ALPRO,Postre Soja Apple Pie,Yogur vegetal,2.6,2.6,,False,6.5,KILO,1 Kg,False,https://tienda.consum.es/es/p/postre-soja-apple-pie/7473684,https://cdn-consum.aktiosdigitalservices.com/tol/consum/media/product/img/300x300/7473684.jpg?t=20260827105412,2026-10-08T22:05:30
huevos,Consum,7475064,8410285105826,CHOLECK,Batido Sabor Fresa Minibrik,Batidos,1.99,1.99,,False,1.66,LITRO,1 L,False,https://tienda.consum.es/es/p/batido-sabor-fresa-minibrik/7475064,https://cdn-consum.aktiosdigitalservices.com/tol/consum/media/product/img/300x300/7475064.jpg?t=20260812080523,2026-10-08T22:05:30
huevos,Consum,7475080,8411610001660,CHOLECK,Batido Sabor Vainilla Minibrik,Batidos,1.99,1.99,,False,1.66,LITRO,1 L,False,https://tienda.consum.es/es/p/batido-sabor-vainilla-minibrik/7475080,https://cdn-consum.aktiosdigitalservices.com/tol/consum/media/product/img/300x300/7475080.jpg?t=20260812080523,2026-10-08T22:05:30
huevos,Consum,7473929,8410331002253,HISC,Horchata Condensada Botella,Horchatas,4.65,4.65,,False,6.2,LITRO,1 L,False,https://tienda.consum.es/es/p/horchata-condensada-botella/7473929,https://cdn-consum.aktiosdigitalservices.com/tol/consum/media/product/img/300x300/7473929.jpg?t=20260815075916,2026-10-08T22:05:30
huevos,Consum,7474091,5411188128311,ALPRO,Bebida de Coco Sin Azúcar ni Edulcorante,Bebidas vegetales,2.29,2.29,,False,2.29,LITRO,1 L,False,https://tienda.consum.es/es/p/bebida-de-coco-sin-azucar-ni-edulcorante/7474091,https://cdn-consum.aktiosdigitalservices.com/tol/consum/media/product/img/300x300/7474091.jpg?t=20260827105432,2026-10-08T22:05:30
huevos,Consum,7476349,8435257064994,NESTLE,Kéfir Sabor Fresa Pack de 6 Unidades,Yogur especial salud,2.19,2.59,2.19,True,3.65,KILO,1 Kg,False,https://tienda.consum.es/es/p/kefir-sabor-fresa-pack-de-6-unidades/7476349,https://cdn-consum.aktiosdigitalservices.com/tol/consum/media/product/img/300x300/7476349.jpg?t=20260827105527,2026-10-08T22:05:30
huevos,Consum,7476364,8432425098676,KAIKU,Kéfir sabor Mango Pouch,Yogur especial salud,1.19,1.19,,False,10.82,KILO,1 Kg,False,https://tienda.consum.es/es/p/kefir-sabor-mango-pouch/7476364,https://cdn-consum.aktiosdigitalservices.com/tol/consum/media/product/img/300x300/7476364.jpg?t=20260827105528,2026-10-08T22:05:30
huevos,Consum,7478118,5600277665084,REINA,Cheesecake Fresa,Otros postres,1.95,1.95,,False,10.83,KILO,1 Kg,False,https://tienda.consum.es/es/p/cheesecake-fresa/7478118,https://cdn-consum.aktiosdigitalservices.com/tol/consum/media/product/img/300x300/7478118.jpg?t=20260812080527,2026-10-08T22:05:30
huevos,Consum,7483782,5411188142522,ALPRO,Bebida de Coco con Té Matcha,Bebidas vegetales,2.69,2.69,,False,2.69,LITRO,1 L,False,https://tienda.consum.es/es/p/bebida-de-coco-con-te-matcha/7483782,https://cdn-consum.aktiosdigitalservices.com/tol/consum/media/product/img/300x300/7483782.jpg?t=20260901080940,2026-10-08T22:05:30
huevos,Consum,7486194,4002971197709,EHRMANN,Matcha Latte Creamy Pudding,Nutrición deportiva,1.09,1.39,1.09,True,5.74,KILO,1 Kg,False,https://tienda.consum.es/es/p/matcha-latte-creamy-pudding/7486194,https://cdn-consum.aktiosdigitalservices.com/tol/consum/media/product/img/300x300/7486194.jpg?t=20260915080316,2026-10-08T22:05:30
huevos,Consum,7487346,8420756011679,REINA,Flan Hallowenn de Calabaza,Flanes,1.49,1.49,,False,7.45,KILO,1 Kg,False,https://tienda.consum.es/es/p/flan-hallowenn-de-calabaza/7487346,https://cdn-consum.aktiosdigitalservices.com/tol/consum/media/product/img/300x300/7487346.jpg?t=20261006080848,2026-10-08T22:05:30
huevos,Consum,7460140,8432425096788,KAIKU,Kaiku Ñam Chocolate Comida Completa,Yogur proteinas,3.99,3.99,,False,7.98,LITRO,1 L,False,https://tienda.consum.es/es/p/kaiku-nam-chocolate-comida-completa/7460140,https://cdn-consum.aktiosdigitalservices.com/tol/consum/media/product/img/300x300/7460140.jpg?t=20260827104841,2026-10-08T22:05:30
huevos,Consum,7460152,8432425096795,KAIKU,Kaiku Ñam Vainilla Comida Completa,Yogur proteinas,3.99,3.99,,False,7.98,LITRO,1 L,False,https://tienda.consum.es/es/p/kaiku-nam-vainilla-comida-completa/7460152,https://cdn-consum.aktiosdigitalservices.com/tol/consum/media/product/img/300x300/7460152.jpg?t=20260827104843,2026-10-08T22:05:30
huevos,Consum,7460475,8410128796921,PASCUAL,Bebida Láctea Cremosa Sabor Cacao Lateado,Batidos,1.49,1.49,,False,6.48,KILO,1 Kg,False,https://tienda.consum.es/es/p/bebida-lactea-cremosa-sabor-cacao-lateado/7460475,https://cdn-consum.aktiosdigitalservices.com/tol/consum/media/product/img/300x300/7460475.jpg?t=20260827104852,2026-10-08T22:05:30
huevos,Consum,7460066,8412700020929,CACAOLAT,Bebida Vegetal De Avena Con Cacao,Batidos,2.6,2.6,,False,2.6,LITRO,1 L,False,https://tienda.consum.es/es/p/bebida-vegetal-de-avena-con-cacao/7460066,https://cdn-consum.aktiosdigitalservices.com/tol/consum/media/product/img/300x300/7460066.jpg?t=20260827104840,2026-10-08T22:05:30
huevos,Consum,7461403,8423352861006,VEGLIQ,Bebida de Avena Barista,Bebidas vegetales,1.2,1.2,,False,1.2,LITRO,1 L,False,https://tienda.consum.es/es/p/bebida-de-avena-barista/7461403,https://cdn-consum.aktiosdigitalservices.com/tol/consum/media/product/img/300x300/7461403.jpg?t=20260812080502,2026-10-08T22:05:30
huevos,Consum,7465938,8410981040483,KAIKU,Yogur Griego sin Lactosa,Yogur griego,2.49,2.49,,False,6.92,KILO,1 Kg,False,https://tienda.consum.es/es/p/yogur-griego-sin-lactosa/7465938,https://cdn-consum.aktiosdigitalservices.com/tol/consum/media/product/img/300x300/7465938.jpg?t=20260812080509,2026-10-08T22:05:30
huevos,Consum,7467467,8412800006922,DHUL,Tarta de Queso,Otros postres,1.95,2.39,1.95,True,9.75,KILO,1 Kg,False,https://tienda.consum.es/es/p/tarta-de-queso/7467467,https://cdn-consum.aktiosdigitalservices.com/tol/consum/media/product/img/300x300/7467467.jpg?t=20260827105133,2026-10-08T22:05:30
huevos,Consum,7468528,8437012799486,EL CANTERO,Yogur Griego de Cabra,Yogur natural y azucarado,3.89,3.89,,False,9.26,KILO,1 Kg,False,https://tienda.consum.es/es/p/yogur-griego-de-cabra/7468528,https://cdn-consum.aktiosdigitalservices.com/tol/consum/media/product/img/300x300/7468528.jpg?t=20260827105153,2026-10-08T22:05:30
huevos,Consum,7470359,8410128801908,VIVESOY,Bebida de Soja Omega 3 Brick,Bebidas vegetales,1.89,2.29,1.89,True,1.89,LITRO,1 L,False,https://tienda.consum.es/es/p/bebida-de-soja-omega-3-brick/7470359,https://cdn-consum.aktiosdigitalservices.com/tol/consum/media/product/img/300x300/7470359.jpg?t=20260827105246,2026-10-08T22:05:30
huevos,Consum,7473023,5411188127697,ALPRO,Bebida de Avena Barista,Bebidas vegetales,1.89,2.29,1.89,True,1.89,LITRO,1 L,False,https://tienda.consum.es/es/p/bebida-de-avena-barista/7473023,https://cdn-consum.aktiosdigitalservices.com/tol/consum/media/product/img/300x300/7473023.jpg?t=20260827105342,2026-10-08T22:05:30
huevos,Consum,7473916,8410331002017,OR XATA,Horchata de Chufa Sin Azúcar ni Edulcorante,Horchatas,1.7,1.7,,False,1.7,LITRO,1 L,False,https://tienda.consum.es/es/p/horchata-de-chufa-sin-azucar-ni-edulcorante/7473916,https://cdn-consum.aktiosdigitalservices.com/tol/consum/media/product/img/300x300/7473916.jpg?t=20260812080521,2026-10-08T22:05:30
huevos,Consum,7476716,8432022002618,MARGUI,Kéfir Natural,Yogur especial salud,1.25,1.25,,False,2.5,KILO,1 Kg,False,https://tienda.consum.es/es/p/kefir-natural/7476716,https://cdn-consum.aktiosdigitalservices.com/tol/consum/media/product/img/300x300/7476716.jpg?t=20260812080526,2026-10-08T22:05:30
huevos,Consum,7476823,8432425091462,KAIKU,Té Matcha Latte,Cafés refrigerados,1.89,1.89,,False,8.22,LITRO,1 L,False,https://tienda.consum.es/es/p/te-matcha-latte/7476823,https://cdn-consum.aktiosdigitalservices.com/tol/consum/media/product/img/300x300/7476823.jpg?t=20260827105556,2026-10-08T22:05:30
huevos,Consum,7479624,8410128803292,PASCUAL,Bebida Làctea Cremosa Sabor Pistacho Lateado,Batidos,1.49,1.49,,False,6.48,LITRO,1 L,False,https://tienda.consum.es/es/p/bebida-lactea-cremosa-sabor-pistacho-lateado/7479624,https://cdn-consum.aktiosdigitalservices.com/tol/consum/media/product/img/300x300/7479624.jpg?t=20260827105709,2026-10-08T22:05:30
huevos,Consum,7481406,8423352107920,YOSOY,Bebida de Avena Sabor Pistacho,Bebidas vegetales,2.29,2.29,,False,2.29,LITRO,1 L,False,https://tienda.consum.es/es/p/bebida-de-avena-sabor-pistacho/7481406,https://cdn-consum.aktiosdigitalservices.com/tol/consum/media/product/img/300x300/7481406.jpg?t=20260812080531,2026-10-08T22:05:30
huevos,Consum,7484731,8410285105604,PRESIDENT,Bechamel sin Lactosa,Bechamel,3.49,3.49,,False,6.98,LITRO,1 L,False,https://tienda.consum.es/es/p/bechamel-sin-lactosa/7484731,https://cdn-consum.aktiosdigitalservices.com/tol/consum/media/product/img/300x300/7484731.jpg?t=20260901080944,2026-10-08T22:05:30
huevos,Consum,479055,8412700130468,CACAOLAT,Batido de Cacao Botella,Batidos,2.6,2.6,,False,2.6,LITRO,1 L,False,https://tienda.consum.es/es/p/batido-de-cacao-botella/479055,https://cdn-consum.aktiosdigitalservices.com/tol/consum/media/product/img/300x300/479055.jpg?t=20260812080138,2026-10-08T22:05:30
huevos,Consum,7306764,8437009342145,BY PANACH,Horchata Fresca Xufatopía,Horchatas,2.35,2.35,,False,3.13,LITRO,1 L,False,https://tienda.consum.es/es/p/horchata-fresca-xufatopia/7306764,https://cdn-consum.aktiosdigitalservices.com/tol/consum/media/product/img/300x300/7306764.jpg?t=20260812080309,2026-10-08T22:05:30
huevos,Consum,7413990,8424395141216,LA FAGEDA,Yogur Natural,Yogur natural y azucarado,1.9,1.9,,False,3.8,KILO,1 Kg,False,https://tienda.consum.es/es/p/yogur-natural/7413990,https://cdn-consum.aktiosdigitalservices.com/tol/consum/media/product/img/300x300/7413990.jpg?t=20260812080411,2026-10-08T22:05:30
huevos,Consum,354266,40084107,KINDER,Huevo de Chocolate con Sorpresa,Chocolatinas,1.49,1.49,,False,74.5,KILO,100 Gr,False,https://tienda.consum.es/es/p/huevo-de-chocolate-con-sorpresa/354266,https://cdn-consum.aktiosdigitalservices.com/tol/consum/media/product/img/300x300/354266.jpg?t=20260422081034,2026-10-08T22:05:30
huevos,Consum,7159411,8000500026731,KINDER,Huevo Chocolate con Sorpresa Pack,Chocolatinas,3.99,3.99,,False,66.5,KILO,1 Kg,False,https://tienda.consum.es/es/p/huevo-chocolate-con-sorpresa-pack/7159411,https://cdn-consum.aktiosdigitalservices.com/tol/consum/media/product/img/300x300/7159411.jpg?t=20260408083103,2026-10-08T22:05:30
huevos,Consum,7218092,80310891,KINDER,Huevo Kinder Joy Unidades,Chocolatinas,1.69,1.69,,False,84.5,KILO,100 Gr,False,https://tienda.consum.es/es/p/huevo-kinder-joy-unidades/7218092,https://cdn-consum.aktiosdigitalservices.com/tol/consum/media/product/img/300x300/7218092.jpg?t=20260813075911,2026-10-08T22:05:30
huevos,Consum,7409100,8004735106077,ZAINI,Huevo con Sorpresa,Chocolatinas,1.9,1.9,,False,31.67,KILO,1 Kg,False,https://tienda.consum.es/es/p/huevo-con-sorpresa/7409100,https://cdn-consum.aktiosdigitalservices.com/tol/consum/media/product/img/300x300/7409100.jpg?t=20260812080407,2026-10-08T22:05:30
huevos,Consum,7485113,38900440,BIG CANDY,Huevo Verano Patrulla Crema de Chocolate,Chocolatinas,1.0,1.0,,False,50.0,KILO,100 Gr,False,https://tienda.consum.es/es/p/huevo-verano-patrulla-crema-de-chocolate/7485113,https://cdn-consum.aktiosdigitalservices.com/tol/consum/media/product/img/300x300/7485113.jpg?t=20260901080948,2026-10-08T22:05:30
huevos,Consum,7054273,8414807000019,CONSUM,Espinacas Bolsa,Ensaladas y brotes,1.3,1.3,,False,4.33,KILO,1 Kg,False,https://tienda.consum.es/es/p/espinacas-bolsa/7054273,https://cdn-consum.aktiosdigitalservices.com/tol/consum/media/product/img/300x300/7054273.jpg?t=20260812080155,2026-10-08T22:05:30
huevos,Consum,361873,8410069017888,GALLO,Maccheroni al Huevo Paquete,Pasta al huevo,1.5,1.89,1.5,True,3.33,KILO,1 Kg,False,https://tienda.consum.es/es/p/maccheroni-al-huevo-paquete/361873,https://cdn-consum.aktiosdigitalservices.com/tol/consum/media/product/img/300x300/361873.jpg?t=20260812080135,2026-10-08T22:05:30
huevos,Consum,361832,8410069017895,GALLO,Spaghettini al Huevo Paquete,Pasta al huevo,1.5,1.89,1.5,True,3.33,KILO,1 Kg,False,https://tienda.consum.es/es/p/spaghettini-al-huevo-paquete/361832,https://cdn-consum.aktiosdigitalservices.com/tol/consum/media/product/img/300x300/361832.jpg?t=20260812080135,2026-10-08T22:05:30
huevos,Consum,2600815,8425725014019,,Ajos Secos Malla,"Cebollas, ajos y puerros",1.85,1.85,,False,7.4,KILO,1 Kg,False,https://tienda.consum.es/es/p/ajos-secos-malla/2600815,https://cdn-consum.aktiosdigitalservices.com/tol/consum/media/product/img/300x300/2600815.jpg?t=20260812080144,2026-10-08T22:05:30
huevos,Consum,53017,8422837205120,,Aguacate  Premadurado,Fruta tropical,1.0,1.0,,False,5.0,KILO,1 Kg,False,https://tienda.consum.es/es/p/aguacate-premadurado/53017,https://cdn-consum.aktiosdigitalservices.com/tol/consum/media/product/img/300x300/53017.jpg?t=20260901075720,2026-10-08T22:05:30
huevos,Consum,7101137,8423025000039,,Cebolla Dulce,"Cebollas, ajos y puerros",0.69,0.69,,False,2.89,KILO,1 Kg,False,https://tienda.consum.es/es/p/cebolla-dulce/7101137,https://cdn-consum.aktiosdigitalservices.com/tol/consum/media/product/img/300x300/7101137.jpg?t=20260828075721,2026-10-08T22:05:30
huevos,Consum,7435915,8414807559555,CONSUM,Curry,Especias,1.1,1.1,,False,20.0,KILO,1 Kg,False,https://tienda.consum.es/es/p/curry/7435915,https://cdn-consum.aktiosdigitalservices.com/tol/consum/media/product/img/300x300/7435915.jpg?t=20260812080433,2026-10-08T22:05:30
huevos,Consum,7043987,8414807502292,CONSUM,Garbanzo Cocido Frasco,Garbanzos cocidos,0.8,0.8,,False,2.0,KILO,1 Kg,False,https://tienda.consum.es/es/p/garbanzo-cocido-frasco/7043987,https://cdn-consum.aktiosdigitalservices.com/tol/consum/media/product/img/300x300/7043987.jpg?t=20260812080153,2026-10-08T22:05:30
huevos,Consum,7316446,5410028120126,SOUBRY,Fideos Chinos Con Huevo,Asiático,1.85,1.85,,False,7.4,KILO,1 Kg,False,https://tienda.consum.es/es/p/fideos-chinos-con-huevo/7316446,https://cdn-consum.aktiosdigitalservices.com/tol/consum/media/product/img/300x300/7316446.jpg?t=20260812080314,2026-10-08T22:05:30
huevos,Consum,7239262,8436048965414,ARTIACH,Galletas Dinosaurus Huevos Caja 4 Packs,Galletas de chocolate,2.49,2.49,,False,17.79,KILO,1 Kg,False,https://tienda.consum.es/es/p/galletas-dinosaurus-huevos-caja-4-packs/7239262,https://cdn-consum.aktiosdigitalservices.com/tol/consum/media/product/img/300x300/7239262.jpg?t=20260827101123,2026-10-08T22:05:30
huevos,Consum,7193753,8410845792367,YOLANDA,Harina para Rebozar sin Huevo,Harina,1.85,1.85,,False,3.7,KILO,1 Kg,False,https://tienda.consum.es/es/p/harina-para-rebozar-sin-huevo/7193753,https://cdn-consum.aktiosdigitalservices.com/tol/consum/media/product/img/300x300/7193753.jpg?t=20260812080225,2026-10-08T22:05:30
huevos,Consum,7182819,8410712000601,CORAL,Bizcocho Duro Huevo,Tartas y bizcochos,1.89,1.89,,False,6.3,KILO,1 Kg,False,https://tienda.consum.es/es/p/bizcocho-duro-huevo/7182819,https://cdn-consum.aktiosdigitalservices.com/tol/consum/media/product/img/300x300/7182819.jpg?t=20260827100634,2026-10-08T22:05:30
huevos,Consum,7405124,8420813193683,HARIMSA,Preparado para Rebozar Tempura Sin Huevo,Harina,1.69,1.69,,False,3.38,KILO,1 Kg,False,https://tienda.consum.es/es/p/preparado-para-rebozar-tempura-sin-huevo/7405124,https://cdn-consum.aktiosdigitalservices.com/tol/consum/media/product/img/300x300/7405124.jpg?t=20260812080405,2026-10-08T22:05:30
huevos,Consum,7096402,8414807516381,CONSUM,Spaguettis al Huevo,Preparados de pasta,1.35,1.35,,False,5.4,KILO,1 Kg,False,https://tienda.consum.es/es/p/spaguettis-al-huevo/7096402,https://cdn-consum.aktiosdigitalservices.com/tol/consum/media/product/img/300x300/7096402.jpg?t=20260812080205,2026-10-08T22:05:30
huevos,Consum,7096407,8414807516398,CONSUM,Tagliatelles al Huevo,Preparados de pasta,1.2,1.2,,False,4.8,KILO,1 Kg,False,https://tienda.consum.es/es/p/tagliatelles-al-huevo/7096407,https://cdn-consum.aktiosdigitalservices.com/tol/consum/media/product/img/300x300/7096407.jpg?t=20260812080205,2026-10-08T22:05:30
huevos,Consum,7205305,8420321071589,FRIPOZO,Preparado para Huevos Rotos,Salteados y revueltos,2.95,2.95,,False,7.38,KILO,1 Kg,False,https://tienda.consum.es/es/p/preparado-para-huevos-rotos/7205305,https://cdn-consum.aktiosdigitalservices.com/tol/consum/media/product/img/300x300/7205305.jpg?t=20260827100833,2026-10-08T22:05:30
huevos,Consum,7370828,8436555283148,,"Empanad. de la Mancha de Tomate, Atún y Huevo",Empanadillas,1.15,1.15,,False,9.2,KILO,1 Kg,False,https://tienda.consum.es/es/p/empanad-de-la-mancha-de-tomate-atun-y-huevo/7370828,https://cdn-consum.aktiosdigitalservices.com/tol/consum/media/product/img/300x300/7370828.jpg?t=20260812080341,2026-10-08T22:05:30
huevos,Consum,7279508,8410063026510,PESCANOVA,Chopirones Rebozados al Huevo,Pescado y marisco,3.2,3.79,3.2,True,10.66,KILO,1 Kg,False,https://tienda.consum.es/es/p/chopirones-rebozados-al-huevo/7279508,https://cdn-consum.aktiosdigitalservices.com/tol/consum/media/product/img/300x300/7279508.jpg?t=20260812080255,2026-10-08T22:05:30
huevos,Consum,7423379,8437011727206,,"Empanada Tomate, Atún y Huevo",Empanadillas,2.99,2.99,,False,7.12,KILO,1 Kg,False,https://tienda.consum.es/es/p/empanada-tomate-atun-y-huevo/7423379,https://cdn-consum.aktiosdigitalservices.com/tol/consum/media/product/img/300x300/7423379.jpg?t=20260812080420,2026-10-08T22:05:30
huevos,Consum,7442593,,,Hojaldre de Atún 9% y Huevo 5.3%,Pizzas y hojaldres,1.3,1.49,1.3,True,10.0,KILO,1 Kg,False,https://tienda.consum.es/es/p/hojaldre-de-atun-9-y-huevo-53/7442593,https://cdn-consum.aktiosdigitalservices.com/tol/consum/media/product/img/300x300/7442593.jpg?t=20260730090043,2026-10-08T22:05:30
huevos,Consum,7394880,8428789001544,,Rosquilla de Huevo,Pastas de té,1.99,1.99,,False,9.95,KILO,1 Kg,False,https://tienda.consum.es/es/p/rosquilla-de-huevo/7394880,https://cdn-consum.aktiosdigitalservices.com/tol/consum/media/product/img/300x300/7394880.jpg?t=20260812080356,2026-10-08T22:05:30
manzana,Consum,1934884,8426279012285,,Manzana Royal Gala,"Manzana, pera y uva",0.54,0.54,,False,2.25,KILO,1 Kg,False,https://tienda.consum.es/es/p/manzana-royal-gala/1934884,https://cdn-consum.aktiosdigitalservices.com/tol/consum/media/product/img/300x300/1934884.jpg?t=20260901080637,2026-10-08T22:05:31
manzana,Consum,2388676,3700476615063,,Manzana Pink Lady,"Manzana, pera y uva",0.83,0.83,,False,3.79,KILO,1 Kg,False,https://tienda.consum.es/es/p/manzana-pink-lady/2388676,https://cdn-consum.aktiosdigitalservices.com/tol/consum/media/product/img/300x300/2388676.jpg?t=20260901075832,2026-10-08T22:05:31
manzana,Consum,2600781,8426279008301,,Manzana Granny Smith,"Manzana, pera y uva",0.61,0.61,,False,2.5,KILO,1 Kg,False,https://tienda.consum.es/es/p/manzana-granny-smith/2600781,https://cdn-consum.aktiosdigitalservices.com/tol/consum/media/product/img/300x300/2600781.jpg?t=20260901075833,2026-10-08T22:05:31
manzana,Consum,7017601,8422837115573,,Manzana Golden Marlene Bandeja,"Manzana, pera y uva",2.15,2.15,,False,2.87,KILO,1 Kg,False,https://tienda.consum.es/es/p/manzana-golden-marlene-bandeja/7017601,https://cdn-consum.aktiosdigitalservices.com/tol/consum/media/product/img/300x300/7017601.jpg?t=20260812080149,2026-10-08T22:05:31
manzana,Consum,11155,8426279008158,,Manzana Golden,"Manzana, pera y uva",0.44,0.44,,False,1.99,KILO,1 Kg,False,https://tienda.consum.es/es/p/manzana-golden/11155,https://cdn-consum.aktiosdigitalservices.com/tol/consum/media/product/img/300x300/11155.jpg?t=20260901075704,2026-10-08T22:05:31
manzana,Consum,16576,,,Pera Ercolini,"Manzana, pera y uva",0.25,0.29,0.25,True,2.49,KILO,1 Kg,False,https://tienda.consum.es/es/p/pera-ercolini/16576,https://cdn-consum.aktiosdigitalservices.com/tol/consum/media/product/img/300x300/16576.jpg?t=20260901075706,2026-10-08T22:05:31
manzana,Consum,7232903,8422837127880,,Manzana Royal Gala Marlene Bandeja,"Manzana, pera y uva",2.15,2.15,,False,2.87,KILO,1 Kg,False,https://tienda.consum.es/es/p/manzana-royal-gala-marlene-bandeja/7232903,https://cdn-consum.aktiosdigitalservices.com/tol/consum/media/product/img/300x300/7232903.jpg?t=20260428081957,2026-10-08T22:05:31
manzana,Consum,7472426,8422837168234,,Manzana Cosmic Crisp Bandeja,"Manzana, pera y uva",2.99,2.99,,False,3.99,KILO,1 Kg,False,https://tienda.consum.es/es/p/manzana-cosmic-crisp-bandeja/7472426,https://cdn-consum.aktiosdigitalservices.com/tol/consum/media/product/img/300x300/7472426.jpg?t=20260814075827,2026-10-08T22:05:31
manzana,Consum,7487762,,,Manzana Candine,"Manzana, pera y uva",0.5,0.5,,False,2.25,KILO,1 Kg,False,https://tienda.consum.es/es/p/manzana-candine/7487762,https://cdn-consum.aktiosdigitalservices.com/tol/consum/media/product/img/300x300/7487762.jpg?t=20261006080900,2026-10-08T22:05:31
manzana,Consum,7325611,8437009632192,,Uva Roja Bandeja sin Semilla,Especial Navidad,1.89,1.89,,False,3.78,KILO,1 Kg,False,https://tienda.consum.es/es/p/uva-roja-bandeja-sin-semilla/7325611,https://cdn-consum.aktiosdigitalservices.com/tol/consum/media/product/img/300x300/7325611.jpg?t=20260827102023,2026-10-08T22:05:31
manzana,Consum,17210,8435066004174,,Pera Conferencia,"Manzana, pera y uva",0.6,0.6,,False,2.49,KILO,1 Kg,False,https://tienda.consum.es/es/p/pera-conferencia/17210,https://cdn-consum.aktiosdigitalservices.com/tol/consum/media/product/img/300x300/17210.jpg?t=20260901075707,2026-10-08T22:05:31
manzana,Consum,7038946,8436032553207,,Pera Rocha Do Oeste D.O.P.,"Manzana, pera y uva",0.41,0.41,,False,2.89,KILO,1 Kg,False,https://tienda.consum.es/es/p/pera-rocha-do-oeste-dop/7038946,https://cdn-consum.aktiosdigitalservices.com/tol/consum/media/product/img/300x300/7038946.jpg?t=20260619075712,2026-10-08T22:05:31
manzana,Consum,1420,8437008475011,,Uva Blanca,"Manzana, pera y uva",2.89,2.89,,False,2.89,KILO,1 Kg,False,https://tienda.consum.es/es/p/uva-blanca/1420,https://cdn-consum.aktiosdigitalservices.com/tol/consum/media/product/img/300x300/1420.jpg?t=20260827095104,2026-10-08T22:05:31
manzana,Consum,7250624,8436043216917,,Pera Ercolini Selección,"Manzana, pera y uva",3.15,3.15,,False,3.71,KILO,1 Kg,False,https://tienda.consum.es/es/p/pera-ercolini-seleccion/7250624,https://cdn-consum.aktiosdigitalservices.com/tol/consum/media/product/img/300x300/7250624.jpg?t=20260731080003,2026-10-08T22:05:31
manzana,Consum,7295350,8421747011876,,Uva Sabores,Especial Navidad,1.99,1.99,,False,6.63,KILO,1 Kg,False,https://tienda.consum.es/es/p/uva-sabores/7295350,https://cdn-consum.aktiosdigitalservices.com/tol/consum/media/product/img/300x300/7295350.jpg?t=20260901080124,2026-10-08T22:05:31
manzana,Consum,16014,,,Pera Limonera,"Manzana, pera y uva",0.39,0.39,,False,2.75,KILO,1 Kg,False,https://tienda.consum.es/es/p/pera-limonera/16014,https://cdn-consum.aktiosdigitalservices.com/tol/consum/media/product/img/300x300/16014.jpg?t=20260901075704,2026-10-08T22:05:31
manzana,Consum,7312015,8410175070463,HERO,Manzana Plátano y Yogur Solo Eco,Despensa,1.59,1.59,,False,13.25,KILO,1 Kg,False,https://tienda.consum.es/es/p/manzana-platano-y-yogur-solo-eco/7312015,https://cdn-consum.aktiosdigitalservices.com/tol/consum/media/product/img/300x300/7312015.jpg?t=20260812080312,2026-10-08T22:05:31
manzana,Consum,7191505,8437010537080,,Compota de Manzana y Pera,Fruta preparada,2.99,2.99,,False,7.48,KILO,1 Kg,False,https://tienda.consum.es/es/p/compota-de-manzana-y-pera/7191505,https://cdn-consum.aktiosdigitalservices.com/tol/consum/media/product/img/300x300/7191505.jpg?t=20260812080224,2026-10-08T22:05:31
manzana,Consum,7191542,8437010537073,,Compota de Manzana y Mango,Fruta preparada,2.99,2.99,,False,7.48,KILO,1 Kg,False,https://tienda.consum.es/es/p/compota-de-manzana-y-mango/7191542,https://cdn-consum.aktiosdigitalservices.com/tol/consum/media/product/img/300x300/7191542.jpg?t=20260812080224,2026-10-08T22:05:31
manzana,Consum,7191521,8437010537042,,Compota de Manzana,Fruta preparada,2.99,2.99,,False,7.48,KILO,1 Kg,False,https://tienda.consum.es/es/p/compota-de-manzana/7191521,https://cdn-consum.aktiosdigitalservices.com/tol/consum/media/product/img/300x300/7191521.jpg?t=20260812080224,2026-10-08T22:05:31
manzana,Consum,7191518,8437010537097,,Compota de Manzana y Piña,Fruta preparada,2.99,2.99,,False,7.48,KILO,1 Kg,False,https://tienda.consum.es/es/p/compota-de-manzana-y-pina/7191518,https://cdn-consum.aktiosdigitalservices.com/tol/consum/media/product/img/300x300/7191518.jpg?t=20260812080224,2026-10-08T22:05:31
manzana,Consum,332130,8412276704742,,Limón,Cítricos,0.63,0.63,,False,2.6,KILO,1 Kg,False,https://tienda.consum.es/es/p/limon/332130,https://cdn-consum.aktiosdigitalservices.com/tol/consum/media/product/img/300x300/332130.jpg?t=20260901075749,2026-10-08T22:05:31
manzana,Consum,7479319,8437017636892,SMILEAT,"Tarrito Eco, Manzana Plátano y Arándano",Despensa,1.75,1.75,,False,13.46,KILO,1 Kg,False,https://tienda.consum.es/es/p/tarrito-eco-manzana-platano-y-arandano/7479319,https://cdn-consum.aktiosdigitalservices.com/tol/consum/media/product/img/300x300/7479319.jpg?t=20260812080529,2026-10-08T22:05:31
manzana,Consum,7391790,8410087601809,BE PLUS,"Tarrito Manzana, Pera, Melocotón y Plátano",Pouches,1.99,1.99,,False,4.98,KILO,1 Kg,False,https://tienda.consum.es/es/p/tarrito-manzana-pera-melocoton-y-platano/7391790,https://cdn-consum.aktiosdigitalservices.com/tol/consum/media/product/img/300x300/7391790.jpg?t=20260812080354,2026-10-08T22:05:31
manzana,Consum,7277705,8410175063434,HERO,Tarrito Solo Eco Pera y Manzana,Despensa,1.55,1.55,,False,12.92,KILO,1 Kg,False,https://tienda.consum.es/es/p/tarrito-solo-eco-pera-y-manzana/7277705,https://cdn-consum.aktiosdigitalservices.com/tol/consum/media/product/img/300x300/7277705.jpg?t=20260812080255,2026-10-08T22:05:31
manzana,Consum,7305597,8410590720028,L.MANZANAS,Cider Manzana,Cavas y sidras,0.99,1.19,0.99,True,3.96,LITRO,1 L,False,https://tienda.consum.es/es/p/cider-manzana/7305597,https://cdn-consum.aktiosdigitalservices.com/tol/consum/media/product/img/300x300/7305597.jpg?t=20260827101813,2026-10-08T22:05:31
manzana,Consum,7482516,3187670995724,,Tartaletas de Manzana 2 Unid.,Repostería ,5.49,5.49,,False,22.88,KILO,1 Kg,False,https://tienda.consum.es/es/p/tartaletas-de-manzana-2-unid/7482516,https://cdn-consum.aktiosdigitalservices.com/tol/consum/media/product/img/300x300/7482516.jpg?t=20260819080120,2026-10-08T22:05:31
manzana,Consum,7442171,8437015941141,CARLOTA,Paté Vegetal de Papaya Manzana y Curry,Paté de carne,1.99,1.99,,False,18.09,KILO,1 Kg,False,https://tienda.consum.es/es/p/pate-vegetal-de-papaya-manzana-y-curry/7442171,https://cdn-consum.aktiosdigitalservices.com/tol/consum/media/product/img/300x300/7442171.jpg?t=20260812080440,2026-10-08T22:05:31
manzana,Consum,7482339,8436018962832,,Bizcocho Casero con Trozos de Manzana,Cocas y bizcochos,3.29,3.29,,False,8.23,KILO,1 Kg,False,https://tienda.consum.es/es/p/bizcocho-casero-con-trozos-de-manzana/7482339,https://cdn-consum.aktiosdigitalservices.com/tol/consum/media/product/img/300x300/7482339.jpg?t=20260901080616,2026-10-08T22:05:31
manzana,Consum,7483795,,,Tarta de Manzana 29% 1 Unidad,Napolitanas y hojaldres,1.49,1.49,,False,12.42,KILO,1 Kg,False,https://tienda.consum.es/es/p/tarta-de-manzana-29-1-unidad/7483795,https://cdn-consum.aktiosdigitalservices.com/tol/consum/media/product/img/300x300/7483795.jpg?t=20260818080115,2026-10-08T22:05:31
manzana,Consum,7197051,3228022990124,FLEUR FRANCE,Queso Brie Punta,Pasta blanda vaca,1.65,1.65,,False,8.25,KILO,1 Kg,False,https://tienda.consum.es/es/p/queso-brie-punta/7197051,https://cdn-consum.aktiosdigitalservices.com/tol/consum/media/product/img/300x300/7197051.jpg?t=20260812080226,2026-10-08T22:05:31
manzana,Consum,7305600,8411090720013,L.MANZANAS,Cider Red Berries,Cavas y sidras,0.99,1.19,0.99,True,3.96,LITRO,1 L,False,https://tienda.consum.es/es/p/cider-red-berries/7305600,https://cdn-consum.aktiosdigitalservices.com/tol/consum/media/product/img/300x300/7305600.jpg?t=20260827101814,2026-10-08T22:05:31
manzana,Consum,7331648,8411090710069,L.MANZANAS,Cider Lata Manzana,Cavas y sidras,1.49,1.49,,False,4.52,LITRO,1 L,False,https://tienda.consum.es/es/p/cider-lata-manzana/7331648,https://cdn-consum.aktiosdigitalservices.com/tol/consum/media/product/img/300x300/7331648.jpg?t=20260827102129,2026-10-08T22:05:31
manzana,Consum,7375595,8414807552150,CONSUM,Nuez Grano Doypack,Nueces,2.4,2.5,2.4,True,12.0,KILO,1 Kg,False,https://tienda.consum.es/es/p/nuez-grano-doypack/7375595,https://cdn-consum.aktiosdigitalservices.com/tol/consum/media/product/img/300x300/7375595.jpg?t=20260901080229,2026-10-08T22:05:31
manzana,Consum,7028280,8414807500427,CONSUM,Miel Milflores Dosificador,Miel,3.2,3.2,,False,6.4,KILO,1 Kg,False,https://tienda.consum.es/es/p/miel-milflores-dosificador/7028280,https://cdn-consum.aktiosdigitalservices.com/tol/consum/media/product/img/300x300/7028280.jpg?t=20260812080151,2026-10-08T22:05:31
manzana,Consum,7435845,8414807559425,CONSUM,Canela Molida,Especias,0.89,0.89,,False,19.8,KILO,100 Gr,False,https://tienda.consum.es/es/p/canela-molida/7435845,https://cdn-consum.aktiosdigitalservices.com/tol/consum/media/product/img/300x300/7435845.jpg?t=20260812080433,2026-10-08T22:05:31
manzana,Consum,465708,8411327122016,MAHOU 5 ESTR,Cerveza Lata 5 Estrellas,Rubia lata,0.72,0.72,,False,2.18,LITRO,1 L,False,https://tienda.consum.es/es/p/cerveza-lata-5-estrellas/465708,https://cdn-consum.aktiosdigitalservices.com/tol/consum/media/product/img/300x300/465708.jpg?t=20260829075724,2026-10-08T22:05:31
manzana,Consum,7376036,7613287218797,NESTLE,"Pouch Cool Fruits Manzana, Fresa, Banana",Pouches,1.0,1.25,1.0,True,9.09,KILO,1 Kg,False,https://tienda.consum.es/es/p/pouch-cool-fruits-manzana-fresa-banana/7376036,https://cdn-consum.aktiosdigitalservices.com/tol/consum/media/product/img/300x300/7376036.jpg?t=20260827102647,2026-10-08T22:05:31
manzana,Consum,7119113,8410261650098,DON SIMON,Néctar Mango Manzana sin Azúcar Añadido Pet,Zumos y néctares sin azúcar,1.49,1.95,1.49,True,0.99,LITRO,1 L,False,https://tienda.consum.es/es/p/nectar-mango-manzana-sin-azucar-anadido-pet/7119113,https://cdn-consum.aktiosdigitalservices.com/tol/consum/media/product/img/300x300/7119113.jpg?t=20260827100329,2026-10-08T22:05:31
manzana,Consum,7196459,8411800319155,TRINA,Refresco Manzana Lata Sin Gas,Refrescos sin gas,0.5,0.68,0.5,True,1.51,LITRO,1 L,False,https://tienda.consum.es/es/p/refresco-manzana-lata-sin-gas/7196459,https://cdn-consum.aktiosdigitalservices.com/tol/consum/media/product/img/300x300/7196459.jpg?t=20260812080226,2026-10-08T22:05:31
manzana,Consum,7372878,8410707005000,JUVER,Zumo Manzana 100% Free,Refrescos,1.79,1.99,1.79,True,1.79,LITRO,1 L,False,https://tienda.consum.es/es/p/zumo-manzana-100-free/7372878,https://cdn-consum.aktiosdigitalservices.com/tol/consum/media/product/img/300x300/7372878.jpg?t=20260812080342,2026-10-08T22:05:31
manzana,Consum,7082902,8410261210100,DON SIMON,Zumo Piña Manzana Uva Concentrado Brik,Zumos y néctares no refrigerados,1.49,1.79,1.49,True,1.49,LITRO,1 L,False,https://tienda.consum.es/es/p/zumo-pina-manzana-uva-concentrado-brik/7082902,https://cdn-consum.aktiosdigitalservices.com/tol/consum/media/product/img/300x300/7082902.jpg?t=20260812080202,2026-10-08T22:05:31
manzana,Consum,7033371,8414807700124,CONSUM,"Zumo Uva,Melocotón y Manzana Brik",Zumos y néctares no refrigerados,1.0,1.0,,False,1.0,LITRO,1 L,False,https://tienda.consum.es/es/p/zumo-uvamelocoton-y-manzana-brik/7033371,https://cdn-consum.aktiosdigitalservices.com/tol/consum/media/product/img/300x300/7033371.jpg?t=20260812080151,2026-10-08T22:05:31
manzana,Consum,7033384,8414807700100,CONSUM,"Zumo Piña,Uva, Manzana Concentrado Brik",Zumos y néctares no refrigerados,1.2,1.2,,False,1.2,LITRO,1 L,False,https://tienda.consum.es/es/p/zumo-pinauva-manzana-concentrado-brik/7033384,https://cdn-consum.aktiosdigitalservices.com/tol/consum/media/product/img/300x300/7033384.jpg?t=20260812080151,2026-10-08T22:05:31
manzana,Consum,7209943,8414807532046,CONSUM,Bebida Mango Manzana Sin Azúcares Añadidos,Zumos y néctares sin azúcar,1.1,1.1,,False,1.1,LITRO,1 L,False,https://tienda.consum.es/es/p/bebida-mango-manzana-sin-azucares-anadidos/7209943,https://cdn-consum.aktiosdigitalservices.com/tol/consum/media/product/img/300x300/7209943.jpg?t=20260812080231,2026-10-08T22:05:31
manzana,Consum,7314685,8414807544360,CONSUM,Zumo de Manzana Refrigerado,Zumos frescos,1.7,1.7,,False,1.7,LITRO,1 L,False,https://tienda.consum.es/es/p/zumo-de-manzana-refrigerado/7314685,https://cdn-consum.aktiosdigitalservices.com/tol/consum/media/product/img/300x300/7314685.jpg?t=20260812080313,2026-10-08T22:05:31
manzana,Consum,7449382,8414807560681,CONSUM,Nuez Troceada Doypack,Nueces,1.85,1.85,,False,12.33,KILO,1 Kg,False,https://tienda.consum.es/es/p/nuez-troceada-doypack/7449382,https://cdn-consum.aktiosdigitalservices.com/tol/consum/media/product/img/300x300/7449382.jpg?t=20260812080447,2026-10-08T22:05:31
manzana,Consum,7078520,8414807512994,CONSUM,"Zumo Melocotón,Uva y Manzana Pack de 6",Zumos y néctares no refrigerados,1.5,1.5,,False,1.25,LITRO,1 L,False,https://tienda.consum.es/es/p/zumo-melocotonuva-y-manzana-pack-de-6/7078520,https://cdn-consum.aktiosdigitalservices.com/tol/consum/media/product/img/300x300/7078520.jpg?t=20260812080201,2026-10-08T22:05:31
manzana,Consum,7314722,8414807544438,CONSUM,"Zumo Manzana, Naranja y Zanahoria ACE",Zumos frescos,1.09,1.09,,False,3.3,LITRO,1 L,False,https://tienda.consum.es/es/p/zumo-manzana-naranja-y-zanahoria-ace/7314722,https://cdn-consum.aktiosdigitalservices.com/tol/consum/media/product/img/300x300/7314722.jpg?t=20260827101912,2026-10-08T22:05:31
manzana,Consum,7462208,8414807561732,CONSUM,Barritas Manzana 0% Azúcares Añadidos,Barritas y galletas,1.65,1.65,,False,13.75,KILO,1 Kg,False,https://tienda.consum.es/es/p/barritas-manzana-0-azucares-anadidos/7462208,https://cdn-consum.aktiosdigitalservices.com/tol/consum/media/product/img/300x300/7462208.jpg?t=20260812080504,2026-10-08T22:05:31
manzana,Consum,7381247,8414807552730,CONSUM,Arándano Desecado Doypack,Fruta desecada,2.35,2.35,,False,11.75,KILO,1 Kg,False,https://tienda.consum.es/es/p/arandano-desecado-doypack/7381247,https://cdn-consum.aktiosdigitalservices.com/tol/consum/media/product/img/300x300/7381247.jpg?t=20260812080347,2026-10-08T22:05:31
manzana,Consum,7366458,8414807551252,CONSUM,Crema de Vinagre Manzana,Vinagre y aliños,2.5,2.5,,False,10.0,LITRO,1 L,False,https://tienda.consum.es/es/p/crema-de-vinagre-manzana/7366458,https://cdn-consum.aktiosdigitalservices.com/tol/consum/media/product/img/300x300/7366458.jpg?t=20260812080339,2026-10-08T22:05:31
manzana,Consum,7435928,8414807559579,CONSUM,Jengibre,Especias,1.65,1.65,,False,33.0,KILO,1 Kg,False,https://tienda.consum.es/es/p/jengibre/7435928,https://cdn-consum.aktiosdigitalservices.com/tol/consum/media/product/img/300x300/7435928.jpg?t=20260812080434,2026-10-08T22:05:31
manzana,Consum,7368111,8414807551436,CONSUM,Avellana Natural Piel DoyPack,Avellanas y anacardos,4.99,4.99,,False,24.95,KILO,1 Kg,False,https://tienda.consum.es/es/p/avellana-natural-piel-doypack/7368111,https://cdn-consum.aktiosdigitalservices.com/tol/consum/media/product/img/300x300/7368111.jpg?t=20260812080340,2026-10-08T22:05:31
manzana,Consum,7412489,8414807556509,CONSUM,Smoothie Fresa 4X60 gr con Manzana y Grosella,Polos de hielo,2.99,2.99,,False,12.46,KILO,1 Kg,False,https://tienda.consum.es/es/p/smoothie-fresa-4x60-gr-con-manzana-y-grosella/7412489,https://cdn-consum.aktiosdigitalservices.com/tol/consum/media/product/img/300x300/7412489.jpg?t=20260820075957,2026-10-08T22:05:31
manzana,Consum,7412497,8414807556523,CONSUM,Smoothie Mango 4x60 gr Manzana Piña Maracuyá,Polos de hielo,2.99,2.99,,False,12.46,KILO,1 Kg,False,https://tienda.consum.es/es/p/smoothie-mango-4x60-gr-manzana-pina-maracuya/7412497,https://cdn-consum.aktiosdigitalservices.com/tol/consum/media/product/img/300x300/7412497.jpg?t=20260812080410,2026-10-08T22:05:31
manzana,Consum,7033368,8414807700131,CONSUM,Zumo Manzana Concentrado Brik,Refrescos,0.8,0.8,,False,0.8,LITRO,1 L,False,https://tienda.consum.es/es/p/zumo-manzana-concentrado-brik/7033368,https://cdn-consum.aktiosdigitalservices.com/tol/consum/media/product/img/300x300/7033368.jpg?t=20260812080151,2026-10-08T22:05:31
manzana,Consum,7050644,8414807502759,CONSUM,Vinagre de Manzana,Vinagre y aliños,0.9,0.9,,False,0.9,LITRO,1 L,False,https://tienda.consum.es/es/p/vinagre-de-manzana/7050644,https://cdn-consum.aktiosdigitalservices.com/tol/consum/media/product/img/300x300/7050644.jpg?t=20260812080155,2026-10-08T22:05:31
manzana,Consum,7078285,8414807512987,CONSUM,"Zumo Piña,Uva, Manzana Concentrado Pack de 6",Zumos y néctares no refrigerados,1.65,1.65,,False,1.38,LITRO,1 L,False,https://tienda.consum.es/es/p/zumo-pinauva-manzana-concentrado-pack-de-6/7078285,https://cdn-consum.aktiosdigitalservices.com/tol/consum/media/product/img/300x300/7078285.jpg?t=20260812080201,2026-10-08T22:05:31
manzana,Consum,7120236,8414807519023,CONSUM,Zumo Manzana Concentrado Pack de 6,Refrescos,1.3,1.3,,False,1.08,LITRO,1 L,False,https://tienda.consum.es/es/p/zumo-manzana-concentrado-pack-de-6/7120236,https://cdn-consum.aktiosdigitalservices.com/tol/consum/media/product/img/300x300/7120236.jpg?t=20260812080210,2026-10-08T22:05:31
manzana,Consum,7285166,8414807548856,CONSUM,Aceite de Girasol Botella,Aceite de girasol,1.85,1.85,,False,1.85,LITRO,1 L,False,https://tienda.consum.es/es/p/aceite-de-girasol-botella/7285166,https://cdn-consum.aktiosdigitalservices.com/tol/consum/media/product/img/300x300/7285166.jpg?t=20260812080258,2026-10-08T22:05:31
manzana,Consum,7427933,8414807558305,CONSUM,Copos de Avena,Cereales,0.89,0.89,,False,1.78,KILO,1 Kg,False,https://tienda.consum.es/es/p/copos-de-avena/7427933,https://cdn-consum.aktiosdigitalservices.com/tol/consum/media/product/img/300x300/7427933.jpg?t=20260812080425,2026-10-08T22:05:31
manzana,Consum,7102957,8437006958332,ANELA,Postre Pera y Manzana  Pack de 2,Membrillos y compotas,1.45,1.45,,False,7.25,KILO,1 Kg,False,https://tienda.consum.es/es/p/postre-pera-y-manzana-pack-de-2/7102957,https://cdn-consum.aktiosdigitalservices.com/tol/consum/media/product/img/300x300/7102957.jpg?t=20260812080206,2026-10-08T22:05:31
manzana,Consum,7153450,8437006958356,ANELA,Postre de  Manzana y Plátano Pack de 2,Membrillos y compotas,1.45,1.45,,False,7.25,KILO,1 Kg,False,https://tienda.consum.es/es/p/postre-de-manzana-y-platano-pack-de-2/7153450,https://cdn-consum.aktiosdigitalservices.com/tol/consum/media/product/img/300x300/7153450.jpg?t=20260812080213,2026-10-08T22:05:31
manzana,Consum,7102952,8437006958325,ANELA,Postre de Manzana Pack de 2,Membrillos y compotas,1.45,1.45,,False,7.25,KILO,1 Kg,False,https://tienda.consum.es/es/p/postre-de-manzana-pack-de-2/7102952,https://cdn-consum.aktiosdigitalservices.com/tol/consum/media/product/img/300x300/7102952.jpg?t=20260812080206,2026-10-08T22:05:31
manzana,Consum,7302847,8437006958363,ANELA,Postre Manzana y Mango Pack de 2,Membrillos y compotas,1.45,1.45,,False,7.25,KILO,1 Kg,False,https://tienda.consum.es/es/p/postre-manzana-y-mango-pack-de-2/7302847,https://cdn-consum.aktiosdigitalservices.com/tol/consum/media/product/img/300x300/7302847.jpg?t=20260812080307,2026-10-08T22:05:31
manzana,Consum,7282015,8437006958370,ANELA,Postre de Manzana y Melocotón Pack de 2,Membrillos y compotas,1.45,1.45,,False,7.25,KILO,1 Kg,False,https://tienda.consum.es/es/p/postre-de-manzana-y-melocoton-pack-de-2/7282015,https://cdn-consum.aktiosdigitalservices.com/tol/consum/media/product/img/300x300/7282015.jpg?t=20260812080256,2026-10-08T22:05:31
manzana,Consum,7455848,7622202241789,FONTANEDA,Galleta Digestive Manzana y Avena,Galletas saludables,1.15,1.15,,False,5.81,KILO,1 Kg,False,https://tienda.consum.es/es/p/galleta-digestive-manzana-y-avena/7455848,https://cdn-consum.aktiosdigitalservices.com/tol/consum/media/product/img/300x300/7455848.jpg?t=20260812080454,2026-10-08T22:05:31
manzana,Consum,7082931,8410261602615,DON SIMON,Zumo Piña Manzana Uva Concentrado Pack de 6,Zumos y néctares no refrigerados,2.69,2.69,,False,2.24,LITRO,1 L,False,https://tienda.consum.es/es/p/zumo-pina-manzana-uva-concentrado-pack-de-6/7082931,https://cdn-consum.aktiosdigitalservices.com/tol/consum/media/product/img/300x300/7082931.jpg?t=20260827100118,2026-10-08T22:05:31
manzana,Consum,7326838,8410175070616,HERO,"Pouche Manzana, Fresa Plátano, Arándano Solo",Despensa,1.65,1.65,,False,16.5,KILO,1 Kg,False,https://tienda.consum.es/es/p/pouche-manzana-fresa-platano-arandano-solo/7326838,https://cdn-consum.aktiosdigitalservices.com/tol/consum/media/product/img/300x300/7326838.jpg?t=20260827102027,2026-10-08T22:05:31
manzana,Consum,7435733,8412318250015,MOCITOS,Compota De Manzana Frasco,Membrillos y compotas,1.89,1.89,,False,2.7,KILO,1 Kg,False,https://tienda.consum.es/es/p/compota-de-manzana-frasco/7435733,https://cdn-consum.aktiosdigitalservices.com/tol/consum/media/product/img/300x300/7435733.jpg?t=20260812080433,2026-10-08T22:05:31
manzana,Consum,7392108,7613287785398,NESTLE,Pouch Yogolino Fresa y Manzana,Pouches,1.29,1.29,,False,12.9,KILO,1 Kg,False,https://tienda.consum.es/es/p/pouch-yogolino-fresa-y-manzana/7392108,https://cdn-consum.aktiosdigitalservices.com/tol/consum/media/product/img/300x300/7392108.jpg?t=20260827102904,2026-10-08T22:05:31
manzana,Consum,7373298,8413481011410,MAYADOR,Bebida Refrescante De Zumo de Manzana,Cavas y sidras,2.5,2.5,,False,3.33,LITRO,1 L,False,https://tienda.consum.es/es/p/bebida-refrescante-de-zumo-de-manzana/7373298,https://cdn-consum.aktiosdigitalservices.com/tol/consum/media/product/img/300x300/7373298.jpg?t=20260821075818,2026-10-08T22:05:31
manzana,Consum,7458029,8410171041375,FRUTAE,"Zumo Manzana, Naranja y Zanahoria ACE",Zumos frescos,2.09,2.09,,False,2.79,LITRO,1 L,False,https://tienda.consum.es/es/p/zumo-manzana-naranja-y-zanahoria-ace/7458029,https://cdn-consum.aktiosdigitalservices.com/tol/consum/media/product/img/300x300/7458029.jpg?t=20260812080458,2026-10-08T22:05:31
manzana,Consum,7461747,8437017636014,SMILEAT,Galleta Espelta Manzana Ecológico,Despensa,4.39,4.39,,False,19.95,KILO,1 Kg,False,https://tienda.consum.es/es/p/galleta-espelta-manzana-ecologico/7461747,https://cdn-consum.aktiosdigitalservices.com/tol/consum/media/product/img/300x300/7461747.jpg?t=20260827104916,2026-10-08T22:05:31
manzana,Consum,7088532,8413425011667,GINERS,Licor de Manzana Verde,Licores y cremas,3.59,3.59,,False,5.13,LITRO,1 L,False,https://tienda.consum.es/es/p/licor-de-manzana-verde/7088532,https://cdn-consum.aktiosdigitalservices.com/tol/consum/media/product/img/300x300/7088532.jpg?t=20260812080204,2026-10-08T22:05:31
manzana,Consum,7163905,8432286003338,C.SALOBREÑA,Bebida Refrescante Tinto Uva y Manzana,Mosto,1.7,1.7,,False,1.7,LITRO,1 L,False,https://tienda.consum.es/es/p/bebida-refrescante-tinto-uva-y-manzana/7163905,https://cdn-consum.aktiosdigitalservices.com/tol/consum/media/product/img/300x300/7163905.jpg?t=20260812080215,2026-10-08T22:05:31
manzana,Consum,7163900,8432286003345,C.SALOBREÑA,Bebida Refresc. Blanco Uva y Manzana,Mosto,1.7,1.7,,False,1.7,LITRO,1 L,False,https://tienda.consum.es/es/p/bebida-refresc-blanco-uva-y-manzana/7163900,https://cdn-consum.aktiosdigitalservices.com/tol/consum/media/product/img/300x300/7163900.jpg?t=20260812080215,2026-10-08T22:05:31
manzana,Consum,7329019,8410707005222,VALFRUTTA,Zumo Manzana Ecológico,Despensa,3.39,3.39,,False,3.39,LITRO,1 L,False,https://tienda.consum.es/es/p/zumo-manzana-ecologico/7329019,https://cdn-consum.aktiosdigitalservices.com/tol/consum/media/product/img/300x300/7329019.jpg?t=20260828075929,2026-10-08T22:05:31
manzana,Consum,7241347,4002160092853,GRANINI,Zumo de Manzana 100% Premium Pet,Refrescos,3.15,3.15,,False,3.15,LITRO,1 L,False,https://tienda.consum.es/es/p/zumo-de-manzana-100-premium-pet/7241347,https://cdn-consum.aktiosdigitalservices.com/tol/consum/media/product/img/300x300/7241347.jpg?t=20260827101133,2026-10-08T22:05:31
manzana,Consum,7330579,8429359001520,ENJOY,Refresco Manzana sin Gas Botella,Refrescos sin gas,1.15,1.15,,False,0.77,LITRO,1 L,False,https://tienda.consum.es/es/p/refresco-manzana-sin-gas-botella/7330579,https://cdn-consum.aktiosdigitalservices.com/tol/consum/media/product/img/300x300/7330579.jpg?t=20260812080321,2026-10-08T22:05:31
manzana,Consum,7349426,8410087602608,BE PLUS,Pouche Bío Plátano Manzana Albaricoque,Despensa,1.09,1.09,,False,10.9,KILO,1 Kg,False,https://tienda.consum.es/es/p/pouche-bio-platano-manzana-albaricoque/7349426,https://cdn-consum.aktiosdigitalservices.com/tol/consum/media/product/img/300x300/7349426.jpg?t=20260728080207,2026-10-08T22:05:31
manzana,Consum,7422843,8414476142829,CALIBRE 38,Licor de Manzana Verde sin Alcohol,Licores y cremas,3.0,3.0,,False,4.29,LITRO,1 L,False,https://tienda.consum.es/es/p/licor-de-manzana-verde-sin-alcohol/7422843,https://cdn-consum.aktiosdigitalservices.com/tol/consum/media/product/img/300x300/7422843.jpg?t=20260812080419,2026-10-08T22:05:31
manzana,Consum,7087757,8410219620036,VAHINÉ,Azúcar Glas Tarro,Decoración postres,2.69,2.69,,False,44.83,KILO,1 Kg,False,https://tienda.consum.es/es/p/azucar-glas-tarro/7087757,https://cdn-consum.aktiosdigitalservices.com/tol/consum/media/product/img/300x300/7087757.jpg?t=20260812080204,2026-10-08T22:05:31
manzana,Consum,7349397,8410087619750,BE PLUS,Pouche Manzana Arándano Avena,Despensa,1.09,1.09,,False,10.9,KILO,1 Kg,False,https://tienda.consum.es/es/p/pouche-manzana-arandano-avena/7349397,https://cdn-consum.aktiosdigitalservices.com/tol/consum/media/product/img/300x300/7349397.jpg?t=20260812080330,2026-10-08T22:05:31
manzana,Consum,7445133,8410023006941,GRANPOMIER,Licor de Manzana,Licores y cremas,8.1,8.1,,False,11.57,LITRO,1 L,False,https://tienda.consum.es/es/p/licor-de-manzana/7445133,https://cdn-consum.aktiosdigitalservices.com/tol/consum/media/product/img/300x300/7445133.jpg?t=20260827104342,2026-10-08T22:05:31
manzana,Consum,7471642,7702090004328,POSTOBON,Refresco Manzana Pet,Refrescos,3.19,3.19,,False,1.6,LITRO,1 L,False,https://tienda.consum.es/es/p/refresco-manzana-pet/7471642,https://cdn-consum.aktiosdigitalservices.com/tol/consum/media/product/img/300x300/7471642.jpg?t=20260819080100,2026-10-08T22:05:31
manzana,Consum,7482565,8437013239608,GIMAR,Bizcocho de Manzana,Tartas y bizcochos,2.99,2.99,,False,7.48,KILO,1 Kg,False,https://tienda.consum.es/es/p/bizcocho-de-manzana/7482565,https://cdn-consum.aktiosdigitalservices.com/tol/consum/media/product/img/300x300/7482565.jpg?t=20260827105812,2026-10-08T22:05:31
manzana,Consum,2453884,8410714102129,AZUCARERA,Azúcar Blanco Paquete,Azúcar,0.9,0.9,,False,0.9,KILO,1 Kg,False,https://tienda.consum.es/es/p/azucar-blanco-paquete/2453884,https://cdn-consum.aktiosdigitalservices.com/tol/consum/media/product/img/300x300/2453884.jpg?t=20260812080144,2026-10-08T22:05:31
manzana,Consum,7322191,8414807545626,CONSUM ECO,Vinagre de Manzana Ecológico,Despensa,1.99,1.99,,False,3.98,LITRO,1 L,False,https://tienda.consum.es/es/p/vinagre-de-manzana-ecologico/7322191,https://cdn-consum.aktiosdigitalservices.com/tol/consum/media/product/img/300x300/7322191.jpg?t=20260812080316,2026-10-08T22:05:31
manzana,Consum,7432870,8411211010658,V.RIOJANAS,Vinagre de Manzana Sin Filtrar,Vinagre y aliños,1.99,1.99,,False,3.98,LITRO,1 L,False,https://tienda.consum.es/es/p/vinagre-de-manzana-sin-filtrar/7432870,https://cdn-consum.aktiosdigitalservices.com/tol/consum/media/product/img/300x300/7432870.jpg?t=20260812080429,2026-10-08T22:05:31
plátano,Consum,26104,8422837201160,,Plátano Canario IGP,Plátano y banana,0.46,0.46,,False,2.5,KILO,1 Kg,False,https://tienda.consum.es/es/p/platano-canario-igp/26104,https://cdn-consum.aktiosdigitalservices.com/tol/consum/media/product/img/300x300/26104.jpg?t=20260901075710,2026-10-08T22:05:32
plátano,Consum,7271542,8422837165653,CONSUM ECO,Plátano Canario IGP Bandeja,Frescos y refrigerados,2.6,2.6,,False,2.99,KILO,1 Kg,False,https://tienda.consum.es/es/p/platano-canario-igp-bandeja/7271542,https://cdn-consum.aktiosdigitalservices.com/tol/consum/media/product/img/300x300/7271542.jpg?t=20260901080058,2026-10-08T22:05:32
plátano,Consum,7243525,8431418003376,,Banana,Plátano y banana,0.25,0.25,,False,1.25,KILO,1 Kg,False,https://tienda.consum.es/es/p/banana/7243525,https://cdn-consum.aktiosdigitalservices.com/tol/consum/media/product/img/300x300/7243525.jpg?t=20260827101143,2026-10-08T22:05:32
plátano,Consum,961375,8429736200386,,Plátano de Freír,,1.06,1.06,,False,2.99,KILO,1 Kg,False,https://tienda.consum.es/es/p/platano-de-freir/961375,https://cdn-consum.aktiosdigitalservices.com/tol/consum/media/product/img/300x300/961375.jpg?t=20260812080142,2026-10-08T22:05:32
plátano,Consum,7370398,8437014583755,SMILEAT,Pouch Fresa y Plátano Ecológico,Despensa,1.39,1.69,1.39,True,13.9,KILO,1 Kg,False,https://tienda.consum.es/es/p/pouch-fresa-y-platano-ecologico/7370398,https://cdn-consum.aktiosdigitalservices.com/tol/consum/media/product/img/300x300/7370398.jpg?t=20260812080341,2026-10-08T22:05:32
plátano,Consum,7415318,8437017636359,SMILEAT,Snack Fresa Plátano Smilitos,Despensa,1.55,1.55,,False,62.0,KILO,100 Gr,False,https://tienda.consum.es/es/p/snack-fresa-platano-smilitos/7415318,https://cdn-consum.aktiosdigitalservices.com/tol/consum/media/product/img/300x300/7415318.jpg?t=20260812080412,2026-10-08T22:05:32
plátano,Consum,7294189,8410175066022,HERO,"Pouche Solo Eco Pera, Plátano y Naranja",Despensa,1.65,1.65,,False,16.5,KILO,1 Kg,False,https://tienda.consum.es/es/p/pouche-solo-eco-pera-platano-y-naranja/7294189,https://cdn-consum.aktiosdigitalservices.com/tol/consum/media/product/img/300x300/7294189.jpg?t=20260827101648,2026-10-08T22:05:32
plátano,Consum,7277713,8410175063465,HERO,"Tarrito Solo Eco Pera, Plátano y Zanahoria",Despensa,1.5,1.5,,False,12.5,KILO,1 Kg,False,https://tienda.consum.es/es/p/tarrito-solo-eco-pera-platano-y-zanahoria/7277713,https://cdn-consum.aktiosdigitalservices.com/tol/consum/media/product/img/300x300/7277713.jpg?t=20260812080255,2026-10-08T22:05:32
plátano,Consum,7405467,8410660047970,LA ESPAÑOLA,Aceite de Coco Virgen Extra Ecológico,Despensa,4.99,5.59,4.99,True,13.49,LITRO,1 L,False,https://tienda.consum.es/es/p/aceite-de-coco-virgen-extra-ecologico/7405467,https://cdn-consum.aktiosdigitalservices.com/tol/consum/media/product/img/300x300/7405467.jpg?t=20260812080405,2026-10-08T22:05:32
plátano,Consum,7108504,8414807518156,CONSUM,Chocolate Negro Postres,Chocolate para postres,2.25,2.25,,False,11.25,KILO,1 Kg,False,https://tienda.consum.es/es/p/chocolate-negro-postres/7108504,https://cdn-consum.aktiosdigitalservices.com/tol/consum/media/product/img/300x300/7108504.jpg?t=20260812080208,2026-10-08T22:05:32
plátano,Consum,7172927,8414807526274,CONSUM,Impulsor Reposteria 6 Sobres de 15 gr.,Levadura,0.7,0.7,,False,7.78,KILO,1 Kg,False,https://tienda.consum.es/es/p/impulsor-reposteria-6-sobres-de-15-gr/7172927,https://cdn-consum.aktiosdigitalservices.com/tol/consum/media/product/img/300x300/7172927.jpg?t=20260812080218,2026-10-08T22:05:32
plátano,Consum,7426091,8414807558008,CONSUM,Harina de Trigo Clásica,Harina,0.72,0.72,,False,0.72,KILO,1 Kg,False,https://tienda.consum.es/es/p/harina-de-trigo-clasica/7426091,https://cdn-consum.aktiosdigitalservices.com/tol/consum/media/product/img/300x300/7426091.jpg?t=20260812080423,2026-10-08T22:05:32
plátano,Consum,7186666,8410175036551,HERO,"Pouche Hero Nanos Naranja, Plátano y Galleta",Pouches,1.25,1.25,,False,12.5,KILO,1 Kg,False,https://tienda.consum.es/es/p/pouche-hero-nanos-naranja-platano-y-galleta/7186666,https://cdn-consum.aktiosdigitalservices.com/tol/consum/media/product/img/300x300/7186666.jpg?t=20260827100652,2026-10-08T22:05:32
plátano,Consum,7186653,8410175036575,HERO,Pouche Hero Nanos Plátano y Fresa,Pouches,1.25,1.25,,False,12.5,KILO,1 Kg,False,https://tienda.consum.es/es/p/pouche-hero-nanos-platano-y-fresa/7186653,https://cdn-consum.aktiosdigitalservices.com/tol/consum/media/product/img/300x300/7186653.jpg?t=20260827100650,2026-10-08T22:05:32
plátano,Consum,7326825,8410175044860,HERO,Pouche Yogurt Plátano Fresa,Pouches,1.25,1.25,,False,12.5,KILO,1 Kg,False,https://tienda.consum.es/es/p/pouche-yogurt-platano-fresa/7326825,https://cdn-consum.aktiosdigitalservices.com/tol/consum/media/product/img/300x300/7326825.jpg?t=20260827102026,2026-10-08T22:05:32
plátano,Consum,7374833,8410087648798,BE PLUS,Pouch Fresa y Plátano,Pouches,0.99,0.99,,False,8.25,KILO,1 Kg,False,https://tienda.consum.es/es/p/pouch-fresa-y-platano/7374833,https://cdn-consum.aktiosdigitalservices.com/tol/consum/media/product/img/300x300/7374833.jpg?t=20260812080344,2026-10-08T22:05:32
plátano,Consum,7451862,8445291246140,NESTLE,Pouch Funny Fruits Arándanos y Plátano,Pouches,1.0,1.25,1.0,True,9.09,KILO,1 Kg,False,https://tienda.consum.es/es/p/pouch-funny-fruits-arandanos-y-platano/7451862,https://cdn-consum.aktiosdigitalservices.com/tol/consum/media/product/img/300x300/7451862.jpg?t=20260827104532,2026-10-08T22:05:32
plátano,Consum,7442028,8435472602841,VITALDIN,Gel de Fresa Y Plátano,Nutrición deportiva,2.19,2.19,,False,0.73,UNIDAD,1 U,False,https://tienda.consum.es/es/p/gel-de-fresa-y-platano/7442028,https://cdn-consum.aktiosdigitalservices.com/tol/consum/media/product/img/300x300/7442028.jpg?t=20260812080439,2026-10-08T22:05:32
plátano,Consum,7339752,7613036886536,NESTLE,Yogolino Fresa y Plátano 0% Azúcar,Yogures,2.95,2.95,,False,7.38,KILO,1 Kg,False,https://tienda.consum.es/es/p/yogolino-fresa-y-platano-0-azucar/7339752,https://cdn-consum.aktiosdigitalservices.com/tol/consum/media/product/img/300x300/7339752.jpg?t=20260827102225,2026-10-08T22:05:32
plátano,Consum,7113223,3154230007869,BUITONI,Masa Brisa,Bases y masas,2.35,2.35,,False,10.22,KILO,1 Kg,False,https://tienda.consum.es/es/p/masa-brisa/7113223,https://cdn-consum.aktiosdigitalservices.com/tol/consum/media/product/img/300x300/7113223.jpg?t=20260901075922,2026-10-08T22:05:32
plátano,Consum,7466472,7613287785886,NESTLE,Pouch Yogolino Plátano,Pouches,1.29,1.29,,False,12.9,KILO,1 Kg,False,https://tienda.consum.es/es/p/pouch-yogolino-platano/7466472,https://cdn-consum.aktiosdigitalservices.com/tol/consum/media/product/img/300x300/7466472.jpg?t=20260827105127,2026-10-08T22:05:32
tomate,Consum,60012,8412276239640,,Tomate Ensalada,Tomates,0.51,0.51,,False,2.55,KILO,1 Kg,False,https://tienda.consum.es/es/p/tomate-ensalada/60012,https://cdn-consum.aktiosdigitalservices.com/tol/consum/media/product/img/300x300/60012.jpg?t=20260814075601,2026-10-08T22:05:35
tomate,Consum,7446318,8437020865593,,Tomate Ensalada Tradicional Bandeja,Tomates,2.69,2.69,,False,2.69,KILO,1 Kg,False,https://tienda.consum.es/es/p/tomate-ensalada-tradicional-bandeja/7446318,https://cdn-consum.aktiosdigitalservices.com/tol/consum/media/product/img/300x300/7446318.jpg?t=20260812080444,2026-10-08T22:05:35
tomate,Consum,7218167,8412276548971,,Tomate Cherry Cubeta,Tomates,2.2,2.2,,False,4.4,KILO,1 Kg,False,https://tienda.consum.es/es/p/tomate-cherry-cubeta/7218167,https://cdn-consum.aktiosdigitalservices.com/tol/consum/media/product/img/300x300/7218167.jpg?t=20260812080234,2026-10-08T22:05:35
tomate,Consum,7464597,8436008821361,,Tomate pera Cesta,Tomates,2.59,2.59,,False,2.59,KILO,1 Kg,False,https://tienda.consum.es/es/p/tomate-pera-cesta/7464597,https://cdn-consum.aktiosdigitalservices.com/tol/consum/media/product/img/300x300/7464597.jpg?t=20260901080535,2026-10-08T22:05:35
tomate,Consum,7131373,8414243015066,,Tomate Cherry Pera Negro,Tomates,1.79,1.79,,False,7.16,KILO,1 Kg,False,https://tienda.consum.es/es/p/tomate-cherry-pera-negro/7131373,https://cdn-consum.aktiosdigitalservices.com/tol/consum/media/product/img/300x300/7131373.jpg?t=20260812080211,2026-10-08T22:05:35
tomate,Consum,968953,8436547000012,,Tomate en Rama,Tomates,0.36,0.36,,False,2.4,KILO,1 Kg,False,https://tienda.consum.es/es/p/tomate-en-rama/968953,https://cdn-consum.aktiosdigitalservices.com/tol/consum/media/product/img/300x300/968953.jpg?t=20260901075817,2026-10-08T22:05:35
tomate,Consum,7179265,8436007192134,,Tomate Valenciano,Tomates,1.6,1.6,,False,3.99,KILO,1 Kg,False,https://tienda.consum.es/es/p/tomate-valenciano/7179265,https://cdn-consum.aktiosdigitalservices.com/tol/consum/media/product/img/300x300/7179265.jpg?t=20260901075958,2026-10-08T22:05:35
tomate,Consum,7146798,8435177012259,,Tomate Raf Asurcado,Tomates,0.76,0.76,,False,3.99,KILO,1 Kg,False,https://tienda.consum.es/es/p/tomate-raf-asurcado/7146798,https://cdn-consum.aktiosdigitalservices.com/tol/consum/media/product/img/300x300/7146798.jpg?t=20260901075936,2026-10-08T22:05:35
tomate,Consum,7424711,8429222012349,,Tomate para Untar Bandeja,Tomates,2.99,2.99,,False,5.98,KILO,1 Kg,False,https://tienda.consum.es/es/p/tomate-para-untar-bandeja/7424711,https://cdn-consum.aktiosdigitalservices.com/tol/consum/media/product/img/300x300/7424711.jpg?t=20260812080421,2026-10-08T22:05:35
tomate,Consum,7150337,8437013460873,,Tomate Negro Cesta,Tomates,2.9,2.9,,False,2.9,KILO,1 Kg,False,https://tienda.consum.es/es/p/tomate-negro-cesta/7150337,https://cdn-consum.aktiosdigitalservices.com/tol/consum/media/product/img/300x300/7150337.jpg?t=20260812080213,2026-10-08T22:05:35
tomate,Consum,7304645,8412276674380,,Tomate Cherry Rama Ecológico,Frescos y refrigerados,2.25,2.25,,False,9.0,KILO,1 Kg,False,https://tienda.consum.es/es/p/tomate-cherry-rama-ecologico/7304645,https://cdn-consum.aktiosdigitalservices.com/tol/consum/media/product/img/300x300/7304645.jpg?t=20260821075902,2026-10-08T22:05:35
tomate,Consum,7360576,8414892317337,,Tomate Cherokee Bandeja,Tomates,3.99,3.99,,False,6.14,KILO,1 Kg,False,https://tienda.consum.es/es/p/tomate-cherokee-bandeja/7360576,https://cdn-consum.aktiosdigitalservices.com/tol/consum/media/product/img/300x300/7360576.jpg?t=20260818075924,2026-10-08T22:05:35
tomate,Consum,7268209,8426082011710,,Tomate Cherry Sugar Drop,Tomates,2.45,2.45,,False,9.8,KILO,1 Kg,False,https://tienda.consum.es/es/p/tomate-cherry-sugar-drop/7268209,https://cdn-consum.aktiosdigitalservices.com/tol/consum/media/product/img/300x300/7268209.jpg?t=20260818075854,2026-10-08T22:05:35
tomate,Consum,63016,8436021803108,,Tomate Pera,Tomates,0.31,0.31,,False,2.4,KILO,1 Kg,False,https://tienda.consum.es/es/p/tomate-pera/63016,https://cdn-consum.aktiosdigitalservices.com/tol/consum/media/product/img/300x300/63016.jpg?t=20260901075724,2026-10-08T22:05:35
tomate,Consum,2139,8412276388799,,Tomate Canario,Tomates,0.28,0.28,,False,2.25,KILO,1 Kg,False,https://tienda.consum.es/es/p/tomate-canario/2139,https://cdn-consum.aktiosdigitalservices.com/tol/consum/media/product/img/300x300/2139.jpg?t=20260901075659,2026-10-08T22:05:35
tomate,Consum,7447576,8430543049617,BONNYSA,Tomate Rallado Tarrina,Tomates,1.25,1.25,,False,5.0,KILO,1 Kg,False,https://tienda.consum.es/es/p/tomate-rallado-tarrina/7447576,https://cdn-consum.aktiosdigitalservices.com/tol/consum/media/product/img/300x300/7447576.jpg?t=20260812080445,2026-10-08T22:05:35
tomate,Consum,7224546,8414807534200,CONSUM,Tomate Frito Receta Tradicional Frasco,Tomate frito,1.4,1.4,,False,4.67,KILO,1 Kg,False,https://tienda.consum.es/es/p/tomate-frito-receta-tradicional-frasco/7224546,https://cdn-consum.aktiosdigitalservices.com/tol/consum/media/product/img/300x300/7224546.jpg?t=20260812080237,2026-10-08T22:05:35
tomate,Consum,7027720,8414807501080,CONSUM,Tomate Troceado Lata,Tomate natural,0.69,0.69,,False,1.73,KILO,1 Kg,False,https://tienda.consum.es/es/p/tomate-troceado-lata/7027720,https://cdn-consum.aktiosdigitalservices.com/tol/consum/media/product/img/300x300/7027720.jpg?t=20260901075857,2026-10-08T22:05:35
tomate,Consum,7102759,8414807517623,CONSUM,Tomate Tamizado Lata,Tomate natural,0.9,0.9,,False,2.25,KILO,1 Kg,False,https://tienda.consum.es/es/p/tomate-tamizado-lata/7102759,https://cdn-consum.aktiosdigitalservices.com/tol/consum/media/product/img/300x300/7102759.jpg?t=20260812080206,2026-10-08T22:05:35
tomate,Consum,7343291,8414807548313,CONSUM,Tomate Triturado con Cebolla,Tomate natural,0.89,0.89,,False,2.28,KILO,1 Kg,False,https://tienda.consum.es/es/p/tomate-triturado-con-cebolla/7343291,https://cdn-consum.aktiosdigitalservices.com/tol/consum/media/product/img/300x300/7343291.jpg?t=20260812080327,2026-10-08T22:05:35
tomate,Consum,7096647,8414807516565,CONSUM,Tomate de Untar Frasco Pack de 2,Tomate natural,1.9,1.9,,False,5.14,KILO,1 Kg,False,https://tienda.consum.es/es/p/tomate-de-untar-frasco-pack-de-2/7096647,https://cdn-consum.aktiosdigitalservices.com/tol/consum/media/product/img/300x300/7096647.jpg?t=20260812080205,2026-10-08T22:05:35
tomate,Consum,7027717,8414807501097,CONSUM,Tomate Troceado Lata,Tomate natural,1.35,1.35,,False,1.73,KILO,1 Kg,False,https://tienda.consum.es/es/p/tomate-troceado-lata/7027717,https://cdn-consum.aktiosdigitalservices.com/tol/consum/media/product/img/300x300/7027717.jpg?t=20260812080151,2026-10-08T22:05:35
tomate,Consum,7333602,8414807547149,CONSUM,Tomate Seco en Aceite,Tomate natural,2.55,2.55,,False,23.18,KILO,1 Kg,False,https://tienda.consum.es/es/p/tomate-seco-en-aceite/7333602,https://cdn-consum.aktiosdigitalservices.com/tol/consum/media/product/img/300x300/7333602.jpg?t=20260812080322,2026-10-08T22:05:35
tomate,Consum,7395502,8414807554390,CONSUM,Tomate Triturado Ecológico,Despensa,1.15,1.15,,False,2.88,KILO,1 Kg,False,https://tienda.consum.es/es/p/tomate-triturado-ecologico/7395502,https://cdn-consum.aktiosdigitalservices.com/tol/consum/media/product/img/300x300/7395502.jpg?t=20260602084918,2026-10-08T22:05:35
tomate,Consum,7468874,8414807562739,CONSUM,Tomate Frito Cebolla,Tomate frito,1.39,1.39,,False,4.63,KILO,1 Kg,False,https://tienda.consum.es/es/p/tomate-frito-cebolla/7468874,https://cdn-consum.aktiosdigitalservices.com/tol/consum/media/product/img/300x300/7468874.jpg?t=20260812080513,2026-10-08T22:05:35
tomate,Consum,7029205,8414807500236,CONSUM,Tomate Triturado Lata,Tomate natural,0.55,0.55,,False,1.38,KILO,1 Kg,False,https://tienda.consum.es/es/p/tomate-triturado-lata/7029205,https://cdn-consum.aktiosdigitalservices.com/tol/consum/media/product/img/300x300/7029205.jpg?t=20260812080151,2026-10-08T22:05:35
tomate,Consum,7029218,8414807500243,CONSUM,Tomate Frito Frasco,Tomate frito,0.9,0.9,,False,1.64,KILO,1 Kg,False,https://tienda.consum.es/es/p/tomate-frito-frasco/7029218,https://cdn-consum.aktiosdigitalservices.com/tol/consum/media/product/img/300x300/7029218.jpg?t=20260812080151,2026-10-08T22:05:35
tomate,Consum,7170017,8414807525970,CONSUM,Tomate Frito Aceite Oliva Brik Pack de 3,Tomate frito,1.33,1.33,,False,2.22,KILO,1 Kg,False,https://tienda.consum.es/es/p/tomate-frito-aceite-oliva-brik-pack-de-3/7170017,https://cdn-consum.aktiosdigitalservices.com/tol/consum/media/product/img/300x300/7170017.jpg?t=20260812080217,2026-10-08T22:05:35
tomate,Consum,7029213,8414807500281,CONSUM,Tomate Triturado Lata,Tomate natural,1.0,1.0,,False,1.25,KILO,1 Kg,False,https://tienda.consum.es/es/p/tomate-triturado-lata/7029213,https://cdn-consum.aktiosdigitalservices.com/tol/consum/media/product/img/300x300/7029213.jpg?t=20260812080151,2026-10-08T22:05:35
tomate,Consum,7170012,8414807525963,CONSUM,Tomate Frito Brik Pack de 3,Tomate frito,0.95,0.95,,False,1.51,KILO,1 Kg,False,https://tienda.consum.es/es/p/tomate-frito-brik-pack-de-3/7170012,https://cdn-consum.aktiosdigitalservices.com/tol/consum/media/product/img/300x300/7170012.jpg?t=20260812080217,2026-10-08T22:05:35
tomate,Consum,7224553,8414807534217,CONSUM,Tomate Frito 0 % Azúcar Añadido Frasco,Tomate frito,1.1,1.1,,False,1.96,KILO,1 Kg,False,https://tienda.consum.es/es/p/tomate-frito-0-azucar-anadido-frasco/7224553,https://cdn-consum.aktiosdigitalservices.com/tol/consum/media/product/img/300x300/7224553.jpg?t=20260812080237,2026-10-08T22:05:35
tomate,Consum,7317451,8414807544834,CONSUM,Tomate Frito Tradicional Frasco,Tomate frito,2.0,2.0,,False,3.64,KILO,1 Kg,False,https://tienda.consum.es/es/p/tomate-frito-tradicional-frasco/7317451,https://cdn-consum.aktiosdigitalservices.com/tol/consum/media/product/img/300x300/7317451.jpg?t=20260812080315,2026-10-08T22:05:35
tomate,Consum,7290521,8414807522047,CONSUM,Tomate Frito Brik Pack de 3,Tomate frito,1.35,1.35,,False,1.15,KILO,1 Kg,False,https://tienda.consum.es/es/p/tomate-frito-brik-pack-de-3/7290521,https://cdn-consum.aktiosdigitalservices.com/tol/consum/media/product/img/300x300/7290521.jpg?t=20260812080301,2026-10-08T22:05:35
tomate,Consum,7333011,8424523030252,HIDA,Tomate Frito Estilo Casero,Tomate frito,1.85,1.85,,False,5.29,KILO,1 Kg,False,https://tienda.consum.es/es/p/tomate-frito-estilo-casero/7333011,https://cdn-consum.aktiosdigitalservices.com/tol/consum/media/product/img/300x300/7333011.jpg?t=20260812080322,2026-10-08T22:05:35
tomate,Consum,7008431,8424523030122,HIDA,Tomate Frito Lata Pack de 3,Tomate frito,3.25,3.25,,False,6.99,KILO,1 Kg,False,https://tienda.consum.es/es/p/tomate-frito-lata-pack-de-3/7008431,https://cdn-consum.aktiosdigitalservices.com/tol/consum/media/product/img/300x300/7008431.jpg?t=20260812080148,2026-10-08T22:05:35
tomate,Consum,7180771,8424523030245,HIDA,Tomate Doble Concentrado Lata,Tomate natural,1.45,1.45,,False,8.53,KILO,1 Kg,False,https://tienda.consum.es/es/p/tomate-doble-concentrado-lata/7180771,https://cdn-consum.aktiosdigitalservices.com/tol/consum/media/product/img/300x300/7180771.jpg?t=20260812080220,2026-10-08T22:05:35
tomate,Consum,7484152,8424523030405,HIDA,Tomate Frito Estilo Casero,Tomate frito,2.0,2.39,2.0,True,3.57,KILO,1 Kg,False,https://tienda.consum.es/es/p/tomate-frito-estilo-casero/7484152,https://cdn-consum.aktiosdigitalservices.com/tol/consum/media/product/img/300x300/7484152.jpg?t=20260818080151,2026-10-08T22:05:35
tomate,Consum,7486053,8424523030450,HIDA,Tomate Frito 0% Azúcares,Tomate frito,1.95,1.95,,False,5.57,KILO,1 Kg,False,https://tienda.consum.es/es/p/tomate-frito-0-azucares/7486053,https://cdn-consum.aktiosdigitalservices.com/tol/consum/media/product/img/300x300/7486053.jpg?t=20260908080333,2026-10-08T22:05:35
tomate,Consum,951371,8424523030016,HIDA,Tomate Frito Lata,Tomate frito,1.55,1.55,,False,3.88,KILO,1 Kg,False,https://tienda.consum.es/es/p/tomate-frito-lata/951371,https://cdn-consum.aktiosdigitalservices.com/tol/consum/media/product/img/300x300/951371.jpg?t=20260812080141,2026-10-08T22:05:35
tomate,Consum,7150584,8410066000074,ORLANDO,Tomate Frito Brik,Tomate frito,0.99,0.99,,False,2.83,KILO,1 Kg,False,https://tienda.consum.es/es/p/tomate-frito-brik/7150584,https://cdn-consum.aktiosdigitalservices.com/tol/consum/media/product/img/300x300/7150584.jpg?t=20260812080213,2026-10-08T22:05:35
tomate,Consum,7150589,8410066111459,ORLANDO,Tomate Frito Brik Pack de 3,Tomate frito,1.99,1.99,,False,3.13,KILO,1 Kg,False,https://tienda.consum.es/es/p/tomate-frito-brik-pack-de-3/7150589,https://cdn-consum.aktiosdigitalservices.com/tol/consum/media/product/img/300x300/7150589.jpg?t=20260827100438,2026-10-08T22:05:35
tomate,Consum,7295137,8410066115723,ORLANDO,Tomate Frito Oliva Brik Pack de 3,Tomate frito,2.85,2.85,,False,4.48,KILO,1 Kg,False,https://tienda.consum.es/es/p/tomate-frito-oliva-brik-pack-de-3/7295137,https://cdn-consum.aktiosdigitalservices.com/tol/consum/media/product/img/300x300/7295137.jpg?t=20260827101703,2026-10-08T22:05:35
tomate,Consum,7444222,8410066142699,ORLANDO,Tomate Frito con Chili Picante,Tomate frito,1.45,1.45,,False,4.14,KILO,1 Kg,False,https://tienda.consum.es/es/p/tomate-frito-con-chili-picante/7444222,https://cdn-consum.aktiosdigitalservices.com/tol/consum/media/product/img/300x300/7444222.jpg?t=20260812080442,2026-10-08T22:05:35
tomate,Consum,7463982,8410066109111,ORLANDO,Tomate Frito Pack de 3,Tomate frito,2.45,2.89,2.45,True,2.33,KILO,1 Kg,False,https://tienda.consum.es/es/p/tomate-frito-pack-de-3/7463982,https://cdn-consum.aktiosdigitalservices.com/tol/consum/media/product/img/300x300/7463982.jpg?t=20260825075954,2026-10-08T22:05:35
tomate,Consum,7183577,8410066001026,ORLANDO,Tomate Triturado Natural Lata,Tomate natural,1.59,1.59,,False,3.98,KILO,1 Kg,False,https://tienda.consum.es/es/p/tomate-triturado-natural-lata/7183577,https://cdn-consum.aktiosdigitalservices.com/tol/consum/media/product/img/300x300/7183577.jpg?t=20260827100638,2026-10-08T22:05:35
tomate,Consum,7220515,8437006098373,LAS CORONAS,Tomate Frito Artesanal Frasco,Tomate frito,1.85,1.85,,False,6.17,KILO,1 Kg,False,https://tienda.consum.es/es/p/tomate-frito-artesanal-frasco/7220515,https://cdn-consum.aktiosdigitalservices.com/tol/consum/media/product/img/300x300/7220515.jpg?t=20260827100958,2026-10-08T22:05:35
tomate,Consum,7222201,8410095501450,HELIOS,Tomate Frito con Aceite Oliva Virgen Extra Frasco,Tomate frito,2.65,2.65,,False,4.73,KILO,1 Kg,False,https://tienda.consum.es/es/p/tomate-frito-con-aceite-oliva-virgen-extra-frasco/7222201,https://cdn-consum.aktiosdigitalservices.com/tol/consum/media/product/img/300x300/7222201.jpg?t=20260827101008,2026-10-08T22:05:35
tomate,Consum,7316086,7613031500598,SOLIS,Tomate Frito Casero Lata Pack de 3,Tomate frito,2.35,2.35,,False,7.83,KILO,1 Kg,False,https://tienda.consum.es/es/p/tomate-frito-casero-lata-pack-de-3/7316086,https://cdn-consum.aktiosdigitalservices.com/tol/consum/media/product/img/300x300/7316086.jpg?t=20260827101923,2026-10-08T22:05:35
tomate,Consum,7306959,8414807543745,CONSUM ECO,Tomate Frito Ecológico Frasco,Tomate frito,1.99,1.99,,False,6.86,KILO,1 Kg,False,https://tienda.consum.es/es/p/tomate-frito-ecologico-frasco/7306959,https://cdn-consum.aktiosdigitalservices.com/tol/consum/media/product/img/300x300/7306959.jpg?t=20260812080309,2026-10-08T22:05:35
tomate,Consum,946293,8411499204107,BELTORO,Tomate Troceado Lata,Tomate natural,1.45,1.45,,False,3.72,KILO,1 Kg,False,https://tienda.consum.es/es/p/tomate-troceado-lata/946293,https://cdn-consum.aktiosdigitalservices.com/tol/consum/media/product/img/300x300/946293.jpg?t=20260812080141,2026-10-08T22:05:35
tomate,Consum,7303670,7613035958517,SOLIS,Tomate Frito Casero Frasco,Tomate frito,2.49,2.49,,False,4.53,KILO,1 Kg,False,https://tienda.consum.es/es/p/tomate-frito-casero-frasco/7303670,https://cdn-consum.aktiosdigitalservices.com/tol/consum/media/product/img/300x300/7303670.jpg?t=20260827101801,2026-10-08T22:05:35
tomate,Consum,7306728,8437011060433,VEGA BAJA,Tomate y Pimiento Frito Lata,Tomate frito,1.85,1.85,,False,4.63,KILO,1 Kg,False,https://tienda.consum.es/es/p/tomate-y-pimiento-frito-lata/7306728,https://cdn-consum.aktiosdigitalservices.com/tol/consum/media/product/img/300x300/7306728.jpg?t=20260812080309,2026-10-08T22:05:35
tomate,Consum,7265973,8436561571291,IBERITOS,Tomate para Untar con Aceite y Ajo Tarrina,Tomate natural,1.35,1.35,,False,15.34,KILO,1 Kg,False,https://tienda.consum.es/es/p/tomate-para-untar-con-aceite-y-ajo-tarrina/7265973,https://cdn-consum.aktiosdigitalservices.com/tol/consum/media/product/img/300x300/7265973.jpg?t=20260812080251,2026-10-08T22:05:35
tomate,Consum,7094550,8410770200012,TREVIJANO,Tomate Deshidratado Bandeja,Otros vegetales,3.31,3.31,,False,47.29,KILO,1 Kg,False,https://tienda.consum.es/es/p/tomate-deshidratado-bandeja/7094550,https://cdn-consum.aktiosdigitalservices.com/tol/consum/media/product/img/300x300/7094550.jpg?t=20260812080205,2026-10-08T22:05:35
tomate,Consum,7481109,8005110060007,MUTTI,Tomate Entero Pelado Lata,Tomate natural,2.99,2.99,,False,7.48,KILO,1 Kg,False,https://tienda.consum.es/es/p/tomate-entero-pelado-lata/7481109,https://cdn-consum.aktiosdigitalservices.com/tol/consum/media/product/img/300x300/7481109.jpg?t=20260812080531,2026-10-08T22:05:35
tomate,Consum,7481653,8411916100012,CELORRIO,Tomate Entero Pelado Lata,Tomate natural,1.35,1.35,,False,2.81,KILO,1 Kg,False,https://tienda.consum.es/es/p/tomate-entero-pelado-lata/7481653,https://cdn-consum.aktiosdigitalservices.com/tol/consum/media/product/img/300x300/7481653.jpg?t=20260812080532,2026-10-08T22:05:35
tomate,Consum,7215416,7613032921767,SOLIS,Tomate Frito Brik,Tomate frito,0.95,0.95,,False,2.71,KILO,1 Kg,False,https://tienda.consum.es/es/p/tomate-frito-brik/7215416,https://cdn-consum.aktiosdigitalservices.com/tol/consum/media/product/img/300x300/7215416.jpg?t=20260829075830,2026-10-08T22:05:35
tomate,Consum,946301,7613032996246,SOLIS,Tomate Frito Frasco,Tomate frito,1.49,1.49,,False,4.14,KILO,1 Kg,False,https://tienda.consum.es/es/p/tomate-frito-frasco/946301,https://cdn-consum.aktiosdigitalservices.com/tol/consum/media/product/img/300x300/946301.jpg?t=20260812080141,2026-10-08T22:05:35
tomate,Consum,7406429,7613032413422,SOLIS,Tomate Frito con Aceite de Oliva,Tomate frito,1.45,1.69,1.45,True,4.02,KILO,1 Kg,False,https://tienda.consum.es/es/p/tomate-frito-con-aceite-de-oliva/7406429,https://cdn-consum.aktiosdigitalservices.com/tol/consum/media/product/img/300x300/7406429.jpg?t=20260827103231,2026-10-08T22:05:35
tomate,Consum,7307320,8414807543783,CONSUM,Fritada Consum Frasco,Tomate frito,1.25,1.25,,False,3.57,KILO,1 Kg,False,https://tienda.consum.es/es/p/fritada-consum-frasco/7307320,https://cdn-consum.aktiosdigitalservices.com/tol/consum/media/product/img/300x300/7307320.jpg?t=20260812080310,2026-10-08T22:05:35
tomate,Consum,951389,8424523060020,HIDA,Pisto con Verduras Lata,Tomate frito,1.99,1.99,,False,4.98,KILO,1 Kg,False,https://tienda.consum.es/es/p/pisto-con-verduras-lata/951389,https://cdn-consum.aktiosdigitalservices.com/tol/consum/media/product/img/300x300/951389.jpg?t=20260812080142,2026-10-08T22:05:35
tomate,Consum,7316458,8424523060426,HIDA,Relleno Empanadas Frasco,Tomate frito,2.4,2.4,,False,8.28,KILO,1 Kg,False,https://tienda.consum.es/es/p/relleno-empanadas-frasco/7316458,https://cdn-consum.aktiosdigitalservices.com/tol/consum/media/product/img/300x300/7316458.jpg?t=20260812080314,2026-10-08T22:05:35
tomate,Consum,7296739,80042556,MUTTI,Polpa di Pomodoro Tomate Triturado. Lata,Tomate natural,2.5,2.95,2.5,True,6.25,KILO,1 Kg,False,https://tienda.consum.es/es/p/polpa-di-pomodoro-tomate-triturado-lata/7296739,https://cdn-consum.aktiosdigitalservices.com/tol/consum/media/product/img/300x300/7296739.jpg?t=20260812080305,2026-10-08T22:05:35
tomate,Consum,7296726,8005110630408,MUTTI,Passata de Tomate Pasta de Tomate. Frasco,Tomate natural,2.99,2.99,,False,7.48,KILO,1 Kg,False,https://tienda.consum.es/es/p/passata-de-tomate-pasta-de-tomate-frasco/7296726,https://cdn-consum.aktiosdigitalservices.com/tol/consum/media/product/img/300x300/7296726.jpg?t=20260827101715,2026-10-08T22:05:35
tomate,Consum,7082142,84103291,G.BLANCA,Sofrito de Tomate Cebolla Frasco,Tomate frito,2.25,2.25,,False,6.43,KILO,1 Kg,False,https://tienda.consum.es/es/p/sofrito-de-tomate-cebolla-frasco/7082142,https://cdn-consum.aktiosdigitalservices.com/tol/consum/media/product/img/300x300/7082142.jpg?t=20260827100114,2026-10-08T22:05:35
tomate,Consum,7419161,8005110551215,MUTTI,Salsa para Pizza Lata,Tomate frito,2.85,2.85,,False,7.13,KILO,1 Kg,False,https://tienda.consum.es/es/p/salsa-para-pizza-lata/7419161,https://cdn-consum.aktiosdigitalservices.com/tol/consum/media/product/img/300x300/7419161.jpg?t=20260827103505,2026-10-08T22:05:35
tomate,Consum,7240885,84103246,G.BLANCA,Sofrito de Tomate y Verduras Frasco,Tomate frito,2.25,2.25,,False,6.43,KILO,1 Kg,False,https://tienda.consum.es/es/p/sofrito-de-tomate-y-verduras-frasco/7240885,https://cdn-consum.aktiosdigitalservices.com/tol/consum/media/product/img/300x300/7240885.jpg?t=20260812080242,2026-10-08T22:05:35
tomate,Consum,7338122,80042532,MUTTI,Concentrado Pomodoro Concentrado TomateGI15,Tomate natural,2.45,2.85,2.45,True,18.84,KILO,1 Kg,False,https://tienda.consum.es/es/p/concentrado-pomodoro-concentrado-tomategi15/7338122,https://cdn-consum.aktiosdigitalservices.com/tol/consum/media/product/img/300x300/7338122.jpg?t=20260812080324,2026-10-08T22:05:35
tomate,Consum,7405517,8410300365280,G.BLANCA,Pisto Casero de Verduras Frasco,Tomate frito,2.25,2.25,,False,6.43,KILO,1 Kg,False,https://tienda.consum.es/es/p/pisto-casero-de-verduras-frasco/7405517,https://cdn-consum.aktiosdigitalservices.com/tol/consum/media/product/img/300x300/7405517.jpg?t=20260812080405,2026-10-08T22:05:35
tomate,Consum,7423577,8436558590120,PUNTA ALJIBE,Salmorreta Alicantina,Tomate frito,4.99,4.99,,False,41.58,KILO,1 Kg,False,https://tienda.consum.es/es/p/salmorreta-alicantina/7423577,https://cdn-consum.aktiosdigitalservices.com/tol/consum/media/product/img/300x300/7423577.jpg?t=20260812080420,2026-10-08T22:05:35
tomate,Consum,2174969,8435370600109,,Dorada Crianza de España,Pescado blanco,5.0,5.35,5.0,True,9.99,KILO,1 Kg,False,https://tienda.consum.es/es/p/dorada-crianza-de-espana/2174969,https://cdn-consum.aktiosdigitalservices.com/tol/consum/media/product/img/300x300/2174969.jpg?t=20260818075712,2026-10-08T22:05:35
tomate,Consum,7387541,8414807553263,CONSUM,Pisto Verdura c/Tomate,Salteados y revueltos,2.1,2.1,,False,4.67,KILO,1 Kg,False,https://tienda.consum.es/es/p/pisto-verdura-c-tomate/7387541,https://cdn-consum.aktiosdigitalservices.com/tol/consum/media/product/img/300x300/7387541.jpg?t=20260812080351,2026-10-08T22:05:35
tomate,Consum,7325801,8414807545954,CONSUM,Sardinilla en Tomate Pack 2,Sardinas,1.75,1.75,,False,14.83,KILO,1 Kg,False,https://tienda.consum.es/es/p/sardinilla-en-tomate-pack-2/7325801,https://cdn-consum.aktiosdigitalservices.com/tol/consum/media/product/img/300x300/7325801.jpg?t=20260812080318,2026-10-08T22:05:35
tomate,Consum,7372170,8414807551948,CONSUM,Salsa Tomate Albahaca y Orégano,Salsas calientes,1.45,1.45,,False,4.83,KILO,1 Kg,False,https://tienda.consum.es/es/p/salsa-tomate-albahaca-y-oregano/7372170,https://cdn-consum.aktiosdigitalservices.com/tol/consum/media/product/img/300x300/7372170.jpg?t=20260812080342,2026-10-08T22:05:35
tomate,Consum,7043727,8414807501639,CONSUM,Sardinas en Tomate Lata,Sardinas,1.25,1.25,,False,16.03,KILO,1 Kg,False,https://tienda.consum.es/es/p/sardinas-en-tomate-lata/7043727,https://cdn-consum.aktiosdigitalservices.com/tol/consum/media/product/img/300x300/7043727.jpg?t=20260812080153,2026-10-08T22:05:35
tomate,Consum,7046071,8414807501479,CONSUM,Atún en Tomate Pack de 3,Atún y bonito,2.1,2.1,,False,13.46,KILO,1 Kg,False,https://tienda.consum.es/es/p/atun-en-tomate-pack-de-3/7046071,https://cdn-consum.aktiosdigitalservices.com/tol/consum/media/product/img/300x300/7046071.jpg?t=20260812080154,2026-10-08T22:05:35
tomate,Consum,7442197,8437015941165,CARLOTA,Paté Vegetal de Tomate y Albahaca,Paté de carne,1.99,1.99,,False,18.09,KILO,1 Kg,False,https://tienda.consum.es/es/p/pate-vegetal-de-tomate-y-albahaca/7442197,https://cdn-consum.aktiosdigitalservices.com/tol/consum/media/product/img/300x300/7442197.jpg?t=20260812080440,2026-10-08T22:05:35
tomate,Consum,7245298,8413669100721,LA ABUELA,Vino para Cocinar Blanco Seco Botella,Otros aceites,2.99,2.99,,False,3.99,LITRO,1 L,False,https://tienda.consum.es/es/p/vino-para-cocinar-blanco-seco-botella/7245298,https://cdn-consum.aktiosdigitalservices.com/tol/consum/media/product/img/300x300/7245298.jpg?t=20260812080244,2026-10-08T22:05:35
tomate,Consum,7432201,8410069020567,GALLO,Salsa Tomate con Queso Grana Padano,Salsas calientes,2.59,2.59,,False,7.4,KILO,1 Kg,False,https://tienda.consum.es/es/p/salsa-tomate-con-queso-grana-padano/7432201,https://cdn-consum.aktiosdigitalservices.com/tol/consum/media/product/img/300x300/7432201.jpg?t=20260812080428,2026-10-08T22:05:35
tomate,Consum,7432631,8410032006093,ALBO,Sardinillas en Tomate,Sardinas,2.99,2.99,,False,36.46,KILO,1 Kg,False,https://tienda.consum.es/es/p/sardinillas-en-tomate/7432631,https://cdn-consum.aktiosdigitalservices.com/tol/consum/media/product/img/300x300/7432631.jpg?t=20260901080735,2026-10-08T22:05:35
tomate,Consum,7447589,8414807560438,CONSUM,Aceitunas Manzanilla sin Hueso,Aceitunas con hueso,1.99,1.99,,False,7.37,KILO,1 Kg,False,https://tienda.consum.es/es/p/aceitunas-manzanilla-sin-hueso/7447589,https://cdn-consum.aktiosdigitalservices.com/tol/consum/media/product/img/300x300/7447589.jpg?t=20260812080445,2026-10-08T22:05:35
tomate,Consum,7228229,8414807534415,CONSUM,Mermelada Tomate Frasco,Mermeladas y confituras,1.85,1.85,,False,4.51,KILO,1 Kg,False,https://tienda.consum.es/es/p/mermelada-tomate-frasco/7228229,https://cdn-consum.aktiosdigitalservices.com/tol/consum/media/product/img/300x300/7228229.jpg?t=20260812080238,2026-10-08T22:05:35
tomate,Consum,7153786,8414807520388,CONSUM,Pan Tostado Sabor Tomate y Orégano,Tostadas y minibiscotes,1.2,1.2,,False,7.5,KILO,1 Kg,False,https://tienda.consum.es/es/p/pan-tostado-sabor-tomate-y-oregano/7153786,https://cdn-consum.aktiosdigitalservices.com/tol/consum/media/product/img/300x300/7153786.jpg?t=20260812080213,2026-10-08T22:05:35
tomate,Consum,7468460,8414807562623,CONSUM,Cuadraditos Tomate y Sabor a Jamón,Tostadas y minibiscotes,1.15,1.15,,False,10.45,KILO,1 Kg,False,https://tienda.consum.es/es/p/cuadraditos-tomate-y-sabor-a-jamon/7468460,https://cdn-consum.aktiosdigitalservices.com/tol/consum/media/product/img/300x300/7468460.jpg?t=20260812080512,2026-10-08T22:05:35
tomate,Consum,7468457,8414807562616,CONSUM,Cuadraditos Tomate y Orégano,Tostadas y minibiscotes,1.15,1.15,,False,10.45,KILO,1 Kg,False,https://tienda.consum.es/es/p/cuadraditos-tomate-y-oregano/7468457,https://cdn-consum.aktiosdigitalservices.com/tol/consum/media/product/img/300x300/7468457.jpg?t=20260812080512,2026-10-08T22:05:35
tomate,Consum,7194145,8413164023327,SNATT'S,Bocaditos Tomate y Orégano,Tostadas y minibiscotes,1.49,1.49,,False,13.55,KILO,1 Kg,False,https://tienda.consum.es/es/p/bocaditos-tomate-y-oregano/7194145,https://cdn-consum.aktiosdigitalservices.com/tol/consum/media/product/img/300x300/7194145.jpg?t=20260827100741,2026-10-08T22:05:35
tomate,Consum,7014967,8410175069443,HERO,Confitura Tomate,Mermeladas y confituras,2.69,2.69,,False,8.15,KILO,1 Kg,False,https://tienda.consum.es/es/p/confitura-tomate/7014967,https://cdn-consum.aktiosdigitalservices.com/tol/consum/media/product/img/300x300/7014967.jpg?t=20260812080149,2026-10-08T22:05:35
tomate,Consum,7443450,8437017636298,SMILEAT,Tarrito de Pasta Cachitos Pasta y Tomate,Despensa,2.79,2.79,,False,12.13,KILO,1 Kg,False,https://tienda.consum.es/es/p/tarrito-de-pasta-cachitos-pasta-y-tomate/7443450,https://cdn-consum.aktiosdigitalservices.com/tol/consum/media/product/img/300x300/7443450.jpg?t=20260812080441,2026-10-08T22:05:35
tomate,Consum,7220721,8423207207478,BICENTURY,Tortitas Sabor Tomate Paquete,Tortitas,2.39,2.39,,False,19.35,KILO,1 Kg,False,https://tienda.consum.es/es/p/tortitas-sabor-tomate-paquete/7220721,https://cdn-consum.aktiosdigitalservices.com/tol/consum/media/product/img/300x300/7220721.jpg?t=20260827100959,2026-10-08T22:05:35
tomate,Consum,7366883,3800200450974,KRAMBALS,Bruschetta Tomate y Mozzarella,Tostadas y minibiscotes,0.94,0.94,,False,13.43,KILO,1 Kg,False,https://tienda.consum.es/es/p/bruschetta-tomate-y-mozzarella/7366883,https://cdn-consum.aktiosdigitalservices.com/tol/consum/media/product/img/300x300/7366883.jpg?t=20260812080339,2026-10-08T22:05:35
tomate,Consum,7426786,8413164023310,SNATT'S,Bocaditos Jamón y Tomate,Tostadas y minibiscotes,1.49,1.49,,False,13.55,KILO,1 Kg,False,https://tienda.consum.es/es/p/bocaditos-jamon-y-tomate/7426786,https://cdn-consum.aktiosdigitalservices.com/tol/consum/media/product/img/300x300/7426786.jpg?t=20260827103754,2026-10-08T22:05:35
tomate,Consum,7398720,8413164020913,SNATT'S,Natuchips Tomate Queso y Orégano,Snacks y otros aperitivos,1.99,1.99,,False,23.41,KILO,1 Kg,False,https://tienda.consum.es/es/p/natuchips-tomate-queso-y-oregano/7398720,https://cdn-consum.aktiosdigitalservices.com/tol/consum/media/product/img/300x300/7398720.jpg?t=20260827103051,2026-10-08T22:05:35
tomate,Consum,7449861,5203064006796,ELITE,Crackers Tomate y Albahaca,Tostadas y minibiscotes,1.29,1.29,,False,12.29,KILO,1 Kg,False,https://tienda.consum.es/es/p/crackers-tomate-y-albahaca/7449861,https://cdn-consum.aktiosdigitalservices.com/tol/consum/media/product/img/300x300/7449861.jpg?t=20260901080457,2026-10-08T22:05:35
tomate,Consum,7265312,8414807539397,CONSUM,Zumo Tomate Brik,Zumos y néctares no refrigerados,1.05,1.05,,False,1.05,LITRO,1 L,False,https://tienda.consum.es/es/p/zumo-tomate-brik/7265312,https://cdn-consum.aktiosdigitalservices.com/tol/consum/media/product/img/300x300/7265312.jpg?t=20260812080251,2026-10-08T22:05:35
tomate,Consum,7438716,8410261605708,DON SIMON,Zumo Tomate Tarro Vidrio,Zumos y néctares no refrigerados,0.59,0.59,,False,2.95,LITRO,1 L,False,https://tienda.consum.es/es/p/zumo-tomate-tarro-vidrio/7438716,https://cdn-consum.aktiosdigitalservices.com/tol/consum/media/product/img/300x300/7438716.jpg?t=20260818080030,2026-10-08T22:05:35
tomate,Consum,7021561,8428626010548,PELLI,Alubias Salsa de Tomate Bote,Preparados de legumbres y hortalizas,0.99,0.99,,False,2.36,KILO,1 Kg,False,https://tienda.consum.es/es/p/alubias-salsa-de-tomate-bote/7021561,https://cdn-consum.aktiosdigitalservices.com/tol/consum/media/product/img/300x300/7021561.jpg?t=20260812080150,2026-10-08T22:05:35
tomate,Consum,7464915,4001724052012,DR.OETKER,Base Pizza Tradizionale con Tomate x2,Bases congeladas,3.95,3.95,,False,6.48,KILO,1 Kg,False,https://tienda.consum.es/es/p/base-pizza-tradizionale-con-tomate-x2/7464915,https://cdn-consum.aktiosdigitalservices.com/tol/consum/media/product/img/300x300/7464915.jpg?t=20260901080538,2026-10-08T22:05:35
tomate,Consum,7481927,8411769003676,COREN,Raviolis en Salsa Tomate,Preparados de pasta y arroz,1.99,2.25,1.99,True,4.74,KILO,1 Kg,False,https://tienda.consum.es/es/p/raviolis-en-salsa-tomate/7481927,https://cdn-consum.aktiosdigitalservices.com/tol/consum/media/product/img/300x300/7481927.jpg?t=20260723131934,2026-10-08T22:05:35
tomate,Consum,7445237,8710378860732,DELITUSS,Hummus con Tapenada de Tomate y Aceitunas,Ensaladas y humus,2.09,2.09,,False,11.94,KILO,1 Kg,False,https://tienda.consum.es/es/p/hummus-con-tapenada-de-tomate-y-aceitunas/7445237,https://cdn-consum.aktiosdigitalservices.com/tol/consum/media/product/img/300x300/7445237.jpg?t=20260812080443,2026-10-08T22:05:35
arroz,Consum,7022754,8414807500038,CONSUM,Arroz Largo,Arroz largo y vaporizado,1.2,1.2,,False,1.2,KILO,1 Kg,False,https://tienda.consum.es/es/p/arroz-largo/7022754,https://cdn-consum.aktiosdigitalservices.com/tol/consum/media/product/img/300x300/7022754.jpg?t=20260812080150,2026-10-08T22:05:38
arroz,Consum,7225964,8410184016520,BRILLANTE,Arroz Redondo Sabroz,Arroz largo y vaporizado,2.79,2.79,,False,2.79,KILO,1 Kg,False,https://tienda.consum.es/es/p/arroz-redondo-sabroz/7225964,https://cdn-consum.aktiosdigitalservices.com/tol/consum/media/product/img/300x300/7225964.jpg?t=20260812080237,2026-10-08T22:05:38
arroz,Consum,7001746,8410084040113,LA FALLERA,Arroz Especial Paella D.O. Valencia Paquete,Arroz especial,2.2,2.49,2.2,True,2.2,KILO,1 Kg,False,https://tienda.consum.es/es/p/arroz-especial-paella-do-valencia-paquete/7001746,https://cdn-consum.aktiosdigitalservices.com/tol/consum/media/product/img/300x300/7001746.jpg?t=20260812080147,2026-10-08T22:05:38
arroz,Consum,7025039,8410324227410,DACSA,Arroz Integral D.O. Valencia Paquete,Arroz integral,1.99,1.99,,False,1.99,KILO,1 Kg,False,https://tienda.consum.es/es/p/arroz-integral-do-valencia-paquete/7025039,https://cdn-consum.aktiosdigitalservices.com/tol/consum/media/product/img/300x300/7025039.jpg?t=20260812080150,2026-10-08T22:05:38
arroz,Consum,654459,8410324223412,DACSA,Arroz Redondo Extra D.O. Valencia Paquete,Arroz especial,1.89,1.89,,False,1.89,KILO,1 Kg,False,https://tienda.consum.es/es/p/arroz-redondo-extra-do-valencia-paquete/654459,https://cdn-consum.aktiosdigitalservices.com/tol/consum/media/product/img/300x300/654459.jpg?t=20260812080139,2026-10-08T22:05:38
arroz,Consum,7293590,8414807542250,CONSUM,Arroz Categoría Extra D.O. Valencia Paquete,Arroz especial,1.69,1.69,,False,1.69,KILO,1 Kg,False,https://tienda.consum.es/es/p/arroz-categoria-extra-do-valencia-paquete/7293590,https://cdn-consum.aktiosdigitalservices.com/tol/consum/media/product/img/300x300/7293590.jpg?t=20260812080303,2026-10-08T22:05:38
arroz,Consum,7022726,8414807500021,CONSUM,Arroz Vaporizado,Arroz largo y vaporizado,1.55,1.55,,False,1.55,KILO,1 Kg,False,https://tienda.consum.es/es/p/arroz-vaporizado/7022726,https://cdn-consum.aktiosdigitalservices.com/tol/consum/media/product/img/300x300/7022726.jpg?t=20260812080150,2026-10-08T22:05:38
arroz,Consum,7237238,8410184077118,BRILLANTE,Arroz Vaporizado Caja,Arroz largo y vaporizado,1.99,1.99,,False,1.99,KILO,1 Kg,False,https://tienda.consum.es/es/p/arroz-vaporizado-caja/7237238,https://cdn-consum.aktiosdigitalservices.com/tol/consum/media/product/img/300x300/7237238.jpg?t=20260812080241,2026-10-08T22:05:38
arroz,Consum,7473353,8410324221449,DACSA,Arroz Largo,Arroz largo y vaporizado,1.55,1.55,,False,1.55,KILO,1 Kg,False,https://tienda.consum.es/es/p/arroz-largo/7473353,https://cdn-consum.aktiosdigitalservices.com/tol/consum/media/product/img/300x300/7473353.jpg?t=20260812080520,2026-10-08T22:05:38
arroz,Consum,7282205,8410084041318,LA FALLERA,Arroz Largo,Arroz largo y vaporizado,1.95,1.95,,False,1.95,KILO,1 Kg,False,https://tienda.consum.es/es/p/arroz-largo/7282205,https://cdn-consum.aktiosdigitalservices.com/tol/consum/media/product/img/300x300/7282205.jpg?t=20260812080257,2026-10-08T22:05:38
arroz,Consum,7272102,8412305000005,CATALA,Arroz Redondo Paquete,Arroz Redondo,1.75,1.75,,False,1.75,KILO,1 Kg,False,https://tienda.consum.es/es/p/arroz-redondo-paquete/7272102,https://cdn-consum.aktiosdigitalservices.com/tol/consum/media/product/img/300x300/7272102.jpg?t=20260812080254,2026-10-08T22:05:38
arroz,Consum,7372600,8410830001214,SOS,Arroz Integral Paquete,Arroz integral,1.89,1.89,,False,1.89,KILO,1 Kg,False,https://tienda.consum.es/es/p/arroz-integral-paquete/7372600,https://cdn-consum.aktiosdigitalservices.com/tol/consum/media/product/img/300x300/7372600.jpg?t=20260827102617,2026-10-08T22:05:38
arroz,Consum,7372589,8410184027878,TILDA,Arroz Basmati Paquete,Arroz basmati,3.49,3.49,,False,3.49,KILO,1 Kg,False,https://tienda.consum.es/es/p/arroz-basmati-paquete/7372589,https://cdn-consum.aktiosdigitalservices.com/tol/consum/media/product/img/300x300/7372589.jpg?t=20260827102615,2026-10-08T22:05:38
arroz,Consum,302489,8410084041110,LA FALLERA,Arroz Redondo,Arroz Redondo,1.69,1.69,,False,1.69,KILO,1 Kg,False,https://tienda.consum.es/es/p/arroz-redondo/302489,https://cdn-consum.aktiosdigitalservices.com/tol/consum/media/product/img/300x300/302489.jpg?t=20260812080132,2026-10-08T22:05:38
arroz,Consum,7020662,8410184800068,BRILLANTE,Arroz Basmati Vaso Pack de 2,Arroz cocido,1.29,1.29,,False,5.16,KILO,1 Kg,False,https://tienda.consum.es/es/p/arroz-basmati-vaso-pack-de-2/7020662,https://cdn-consum.aktiosdigitalservices.com/tol/consum/media/product/img/300x300/7020662.jpg?t=20260812080149,2026-10-08T22:05:38
arroz,Consum,7135101,8410184013086,BRILLANTE,Arroz Redondo Vaso Pack de 2,Arroz cocido,1.2,1.2,,False,4.8,KILO,1 Kg,False,https://tienda.consum.es/es/p/arroz-redondo-vaso-pack-de-2/7135101,https://cdn-consum.aktiosdigitalservices.com/tol/consum/media/product/img/300x300/7135101.jpg?t=20260812080211,2026-10-08T22:05:38
arroz,Consum,7135106,8410184800150,BRILLANTE,Arroz Integral Vaso Pack de 2,Arroz cocido,1.2,1.2,,False,4.8,KILO,1 Kg,False,https://tienda.consum.es/es/p/arroz-integral-vaso-pack-de-2/7135106,https://cdn-consum.aktiosdigitalservices.com/tol/consum/media/product/img/300x300/7135106.jpg?t=20260812080211,2026-10-08T22:05:38
arroz,Consum,7277197,8437017321026,TARTANA,Arroz Albufera D.O. Valencia Saco,Arroz especial,3.95,4.65,3.95,True,3.95,KILO,1 Kg,False,https://tienda.consum.es/es/p/arroz-albufera-do-valencia-saco/7277197,https://cdn-consum.aktiosdigitalservices.com/tol/consum/media/product/img/300x300/7277197.jpg?t=20260827101427,2026-10-08T22:05:38
arroz,Consum,7022762,8414807500014,CONSUM,Arroz Redondo Extra Origen España,Arroz Redondo,1.15,1.15,,False,1.15,KILO,1 Kg,False,https://tienda.consum.es/es/p/arroz-redondo-extra-origen-espana/7022762,https://cdn-consum.aktiosdigitalservices.com/tol/consum/media/product/img/300x300/7022762.jpg?t=20260901075856,2026-10-08T22:05:38
arroz,Consum,7095610,8414807516336,CONSUM,Arroz Basmati,Arroz basmati,2.1,2.1,,False,2.1,KILO,1 Kg,False,https://tienda.consum.es/es/p/arroz-basmati/7095610,https://cdn-consum.aktiosdigitalservices.com/tol/consum/media/product/img/300x300/7095610.jpg?t=20260812080205,2026-10-08T22:05:38
arroz,Consum,7164762,8414807523235,CONSUM,Arroz Bomba Origen España,Arroz bomba,4.99,4.99,,False,4.99,KILO,1 Kg,False,https://tienda.consum.es/es/p/arroz-bomba-origen-espana/7164762,https://cdn-consum.aktiosdigitalservices.com/tol/consum/media/product/img/300x300/7164762.jpg?t=20260812080216,2026-10-08T22:05:38
arroz,Consum,7413370,8414807556677,CONSUM,Arroz Integral Origen España,Arroz integral,1.69,1.69,,False,1.69,KILO,1 Kg,False,https://tienda.consum.es/es/p/arroz-integral-origen-espana/7413370,https://cdn-consum.aktiosdigitalservices.com/tol/consum/media/product/img/300x300/7413370.jpg?t=20260812080411,2026-10-08T22:05:38
arroz,Consum,7134497,8410084011397,LA FALLERA,Arroz Bomba,Arroz bomba,4.5,4.5,,False,4.5,KILO,1 Kg,False,https://tienda.consum.es/es/p/arroz-bomba/7134497,https://cdn-consum.aktiosdigitalservices.com/tol/consum/media/product/img/300x300/7134497.jpg?t=20260827100404,2026-10-08T22:05:38
arroz,Consum,7180263,8410901101102,EMBAJADOR,Arroz Extra J.Sendra Redondo,Arroz Redondo,1.99,1.99,,False,1.99,KILO,1 Kg,False,https://tienda.consum.es/es/p/arroz-extra-jsendra-redondo/7180263,https://cdn-consum.aktiosdigitalservices.com/tol/consum/media/product/img/300x300/7180263.jpg?t=20260812080220,2026-10-08T22:05:38
arroz,Consum,7447183,8437017321095,TARTANA,Arroz Variedad Marisma Para Caldosos y Melosos,Arroz especial,3.89,3.89,,False,3.89,KILO,1 Kg,False,https://tienda.consum.es/es/p/arroz-variedad-marisma-para-caldosos-y-melosos/7447183,https://cdn-consum.aktiosdigitalservices.com/tol/consum/media/product/img/300x300/7447183.jpg?t=20260826080021,2026-10-08T22:05:38
arroz,Consum,7279870,8410084028432,LA FALLERA,Arroz Caldoso y Meloso Paquete,Arroz especial,2.69,2.69,,False,2.69,KILO,1 Kg,False,https://tienda.consum.es/es/p/arroz-caldoso-y-meloso-paquete/7279870,https://cdn-consum.aktiosdigitalservices.com/tol/consum/media/product/img/300x300/7279870.jpg?t=20260827101444,2026-10-08T22:05:38
arroz,Consum,7365765,8410069018458,GALLO,Plumas Integrales Paquete,Pasta integral,1.89,1.89,,False,4.2,KILO,1 Kg,False,https://tienda.consum.es/es/p/plumas-integrales-paquete/7365765,https://cdn-consum.aktiosdigitalservices.com/tol/consum/media/product/img/300x300/7365765.jpg?t=20260827102521,2026-10-08T22:05:38
arroz,Consum,7335755,8076809529433,BARILLA,Penne Integral Paquete,Pasta integral,1.99,1.99,,False,3.98,KILO,1 Kg,False,https://tienda.consum.es/es/p/penne-integral-paquete/7335755,https://cdn-consum.aktiosdigitalservices.com/tol/consum/media/product/img/300x300/7335755.jpg?t=20260812080323,2026-10-08T22:05:38
arroz,Consum,7365773,8410069018441,GALLO,Spaghetti Integral Paquete,Pasta integral,1.89,1.89,,False,4.2,KILO,1 Kg,False,https://tienda.consum.es/es/p/spaghetti-integral-paquete/7365773,https://cdn-consum.aktiosdigitalservices.com/tol/consum/media/product/img/300x300/7365773.jpg?t=20260827102522,2026-10-08T22:05:38
arroz,Consum,7315047,8410184800143,BRILLANTE,Arroz Salvaje y Basmati vasitos,Arroz cocido,1.65,1.65,,False,6.6,KILO,1 Kg,False,https://tienda.consum.es/es/p/arroz-salvaje-y-basmati-vasitos/7315047,https://cdn-consum.aktiosdigitalservices.com/tol/consum/media/product/img/300x300/7315047.jpg?t=20260827101914,2026-10-08T22:05:38
arroz,Consum,7233336,8410184023931,BRILLANTE,Arroz Integral con Quinoa Pack de 2,Arroz cocido,1.49,1.49,,False,5.96,KILO,1 Kg,False,https://tienda.consum.es/es/p/arroz-integral-con-quinoa-pack-de-2/7233336,https://cdn-consum.aktiosdigitalservices.com/tol/consum/media/product/img/300x300/7233336.jpg?t=20260812080240,2026-10-08T22:05:38
arroz,Consum,7302990,8410184033749,BRILLANTE,Arroz Integral con Chía y Quinoa,Arroz cocido,1.25,1.49,1.25,True,5.0,KILO,1 Kg,False,https://tienda.consum.es/es/p/arroz-integral-con-chia-y-quinoa/7302990,https://cdn-consum.aktiosdigitalservices.com/tol/consum/media/product/img/300x300/7302990.jpg?t=20260813080027,2026-10-08T22:05:38
arroz,Consum,7469427,8410184008631,BRILLANTE,Arroz Largo Pack 2,Arroz cocido,1.25,1.25,,False,5.0,KILO,1 Kg,False,https://tienda.consum.es/es/p/arroz-largo-pack-2/7469427,https://cdn-consum.aktiosdigitalservices.com/tol/consum/media/product/img/300x300/7469427.jpg?t=20260812080514,2026-10-08T22:05:38
arroz,Consum,7262462,8001860254222,SCOTTI,Arroz Risotto Arborio Paquete,Arroz especial,1.85,1.85,,False,3.7,KILO,1 Kg,False,https://tienda.consum.es/es/p/arroz-risotto-arborio-paquete/7262462,https://cdn-consum.aktiosdigitalservices.com/tol/consum/media/product/img/300x300/7262462.jpg?t=20260812080250,2026-10-08T22:05:38
arroz,Consum,7430072,8414807558510,CONSUM,Spaguetti Integral,Pasta integral,1.15,1.15,,False,2.3,KILO,1 Kg,False,https://tienda.consum.es/es/p/spaguetti-integral/7430072,https://cdn-consum.aktiosdigitalservices.com/tol/consum/media/product/img/300x300/7430072.jpg?t=20260812080426,2026-10-08T22:05:38
arroz,Consum,7430077,8414807558527,CONSUM,Macarrón Integral,Pasta integral,1.15,1.15,,False,2.3,KILO,1 Kg,False,https://tienda.consum.es/es/p/macarron-integral/7430077,https://cdn-consum.aktiosdigitalservices.com/tol/consum/media/product/img/300x300/7430077.jpg?t=20260812080426,2026-10-08T22:05:38
arroz,Consum,7250918,8410184027779,SOS,Quinoa 100% Paquete,Arroz especial,1.95,1.95,,False,7.8,KILO,1 Kg,False,https://tienda.consum.es/es/p/quinoa-100-paquete/7250918,https://cdn-consum.aktiosdigitalservices.com/tol/consum/media/product/img/300x300/7250918.jpg?t=20260818080122,2026-10-08T22:05:38
arroz,Consum,7372647,8410184029445,BRILLANTE,Cous Cous Vaso Pack de 2,Arroz cocido,1.49,1.49,,False,5.96,KILO,1 Kg,False,https://tienda.consum.es/es/p/cous-cous-vaso-pack-de-2/7372647,https://cdn-consum.aktiosdigitalservices.com/tol/consum/media/product/img/300x300/7372647.jpg?t=20260826075938,2026-10-08T22:05:38
arroz,Consum,7421006,8410184800082,BRILLANTE,Arroz al Curry,Arroz cocido,1.65,1.65,,False,6.6,KILO,1 Kg,False,https://tienda.consum.es/es/p/arroz-al-curry/7421006,https://cdn-consum.aktiosdigitalservices.com/tol/consum/media/product/img/300x300/7421006.jpg?t=20260901080731,2026-10-08T22:05:38
arroz,Consum,7060551,8414807503756,CONSUM,Pasta Tiburones Paquete,"Macarrones, espaguetis y tallarines",0.8,0.8,,False,1.6,KILO,1 Kg,False,https://tienda.consum.es/es/p/pasta-tiburones-paquete/7060551,https://cdn-consum.aktiosdigitalservices.com/tol/consum/media/product/img/300x300/7060551.jpg?t=20260812080157,2026-10-08T22:05:38
arroz,Consum,7060569,8414807503671,CONSUM,Macarrones Finos Paquete,"Macarrones, espaguetis y tallarines",0.8,0.8,,False,1.6,KILO,1 Kg,False,https://tienda.consum.es/es/p/macarrones-finos-paquete/7060569,https://cdn-consum.aktiosdigitalservices.com/tol/consum/media/product/img/300x300/7060569.jpg?t=20260812080157,2026-10-08T22:05:38
arroz,Consum,7060598,8414807503701,CONSUM,Fideos Cabellín Paquete,Fideos y sopas,0.8,0.8,,False,1.6,KILO,1 Kg,False,https://tienda.consum.es/es/p/fideos-cabellin-paquete/7060598,https://cdn-consum.aktiosdigitalservices.com/tol/consum/media/product/img/300x300/7060598.jpg?t=20260812080157,2026-10-08T22:05:38
arroz,Consum,7060606,8414807503718,CONSUM,Fideos Medianos Paquete,Fideos y sopas,0.8,0.8,,False,1.6,KILO,1 Kg,False,https://tienda.consum.es/es/p/fideos-medianos-paquete/7060606,https://cdn-consum.aktiosdigitalservices.com/tol/consum/media/product/img/300x300/7060606.jpg?t=20260812080157,2026-10-08T22:05:38
arroz,Consum,7060572,8414807503688,CONSUM,Macarrones Rayados Paquete,"Macarrones, espaguetis y tallarines",0.85,0.85,,False,1.7,KILO,1 Kg,False,https://tienda.consum.es/es/p/macarrones-rayados-paquete/7060572,https://cdn-consum.aktiosdigitalservices.com/tol/consum/media/product/img/300x300/7060572.jpg?t=20260812080157,2026-10-08T22:05:38
arroz,Consum,7060531,8414807503664,CONSUM,Macarrones Paquete,"Macarrones, espaguetis y tallarines",0.8,0.8,,False,1.6,KILO,1 Kg,False,https://tienda.consum.es/es/p/macarrones-paquete/7060531,https://cdn-consum.aktiosdigitalservices.com/tol/consum/media/product/img/300x300/7060531.jpg?t=20260812080157,2026-10-08T22:05:38
arroz,Consum,7060536,8414807503732,CONSUM,Spaghetti Paquete,"Macarrones, espaguetis y tallarines",0.8,0.8,,False,1.6,KILO,1 Kg,False,https://tienda.consum.es/es/p/spaghetti-paquete/7060536,https://cdn-consum.aktiosdigitalservices.com/tol/consum/media/product/img/300x300/7060536.jpg?t=20260812080157,2026-10-08T22:05:38
arroz,Consum,7316771,8414807544728,CONSUM,Lenteja Pardina Paquete,Lentejas secas,1.85,1.85,,False,1.85,KILO,1 Kg,False,https://tienda.consum.es/es/p/lenteja-pardina-paquete/7316771,https://cdn-consum.aktiosdigitalservices.com/tol/consum/media/product/img/300x300/7316771.jpg?t=20260826075917,2026-10-08T22:05:38
arroz,Consum,7150571,8414807520159,CONSUM,Farfalle con Vegetales Paquete,Pasta ensaladas,0.9,0.9,,False,1.8,KILO,1 Kg,False,https://tienda.consum.es/es/p/farfalle-con-vegetales-paquete/7150571,https://cdn-consum.aktiosdigitalservices.com/tol/consum/media/product/img/300x300/7150571.jpg?t=20260812080213,2026-10-08T22:05:38
arroz,Consum,7060556,8414807503770,CONSUM,Espirales Paquete,"Macarrones, espaguetis y tallarines",0.8,0.8,,False,1.6,KILO,1 Kg,False,https://tienda.consum.es/es/p/espirales-paquete/7060556,https://cdn-consum.aktiosdigitalservices.com/tol/consum/media/product/img/300x300/7060556.jpg?t=20260812080157,2026-10-08T22:05:38
arroz,Consum,7060564,8414807503763,CONSUM,Pasta Maravilla Paquete,Fideos y sopas,0.8,0.8,,False,1.6,KILO,1 Kg,False,https://tienda.consum.es/es/p/pasta-maravilla-paquete/7060564,https://cdn-consum.aktiosdigitalservices.com/tol/consum/media/product/img/300x300/7060564.jpg?t=20260812080157,2026-10-08T22:05:38
arroz,Consum,7060577,8414807503909,CONSUM,Pasta Estrellas Paquete,Fideos y sopas,0.8,0.8,,False,1.6,KILO,1 Kg,False,https://tienda.consum.es/es/p/pasta-estrellas-paquete/7060577,https://cdn-consum.aktiosdigitalservices.com/tol/consum/media/product/img/300x300/7060577.jpg?t=20260812080157,2026-10-08T22:05:38
arroz,Consum,7316784,8414807544742,CONSUM,Lentejas Paquete,Lentejas secas,2.05,2.05,,False,2.05,KILO,1 Kg,False,https://tienda.consum.es/es/p/lentejas-paquete/7316784,https://cdn-consum.aktiosdigitalservices.com/tol/consum/media/product/img/300x300/7316784.jpg?t=20260812080314,2026-10-08T22:05:38
arroz,Consum,7140002,8414807503787,CONSUM,Letras Paquete,Fideos y sopas,0.85,0.85,,False,1.7,KILO,1 Kg,False,https://tienda.consum.es/es/p/letras-paquete/7140002,https://cdn-consum.aktiosdigitalservices.com/tol/consum/media/product/img/300x300/7140002.jpg?t=20260812080211,2026-10-08T22:05:38
arroz,Consum,7150894,8414807517951,CONSUM,Margaritas con Vegetales Paquete,Pasta ensaladas,1.0,1.0,,False,2.0,KILO,1 Kg,False,https://tienda.consum.es/es/p/margaritas-con-vegetales-paquete/7150894,https://cdn-consum.aktiosdigitalservices.com/tol/consum/media/product/img/300x300/7150894.jpg?t=20260812080213,2026-10-08T22:05:38
arroz,Consum,7292464,8076809529419,BARILLA,Spaghetti Integral Caja,Pasta integral,1.99,1.99,,False,3.98,KILO,1 Kg,False,https://tienda.consum.es/es/p/spaghetti-integral-caja/7292464,https://cdn-consum.aktiosdigitalservices.com/tol/consum/media/product/img/300x300/7292464.jpg?t=20260812080303,2026-10-08T22:05:38
arroz,Consum,7332617,8410069017215,GALLO,Hélices Ensaladas Integral,Pasta integral,1.59,1.59,,False,3.98,KILO,1 Kg,False,https://tienda.consum.es/es/p/helices-ensaladas-integral/7332617,https://cdn-consum.aktiosdigitalservices.com/tol/consum/media/product/img/300x300/7332617.jpg?t=20260827102143,2026-10-08T22:05:38
arroz,Consum,7316750,8414807544681,CONSUM,Alubia Pinta Paquete,Alubias secas,2.4,2.4,,False,2.4,KILO,1 Kg,False,https://tienda.consum.es/es/p/alubia-pinta-paquete/7316750,https://cdn-consum.aktiosdigitalservices.com/tol/consum/media/product/img/300x300/7316750.jpg?t=20260812080314,2026-10-08T22:05:38
arroz,Consum,7316763,8414807544704,CONSUM,Garbanzo Lechoso Paquete,Garbanzos secos,2.5,2.5,,False,2.5,KILO,1 Kg,False,https://tienda.consum.es/es/p/garbanzo-lechoso-paquete/7316763,https://cdn-consum.aktiosdigitalservices.com/tol/consum/media/product/img/300x300/7316763.jpg?t=20260812080314,2026-10-08T22:05:38
arroz,Consum,7316755,8414807544698,CONSUM,Alubia Blanca Paquete,Alubias secas,2.45,2.45,,False,2.45,KILO,1 Kg,False,https://tienda.consum.es/es/p/alubia-blanca-paquete/7316755,https://cdn-consum.aktiosdigitalservices.com/tol/consum/media/product/img/300x300/7316755.jpg?t=20260812080314,2026-10-08T22:05:38
arroz,Consum,7415040,8414807556868,CONSUM,Lentejas Rápidas Paquete,Lentejas secas,2.29,2.29,,False,2.29,KILO,1 Kg,False,https://tienda.consum.es/es/p/lentejas-rapidas-paquete/7415040,https://cdn-consum.aktiosdigitalservices.com/tol/consum/media/product/img/300x300/7415040.jpg?t=20260812080412,2026-10-08T22:05:38
arroz,Consum,7316768,8414807544711,CONSUM,Garbanzo Selecto Paquete,Garbanzos secos,2.15,2.15,,False,2.15,KILO,1 Kg,False,https://tienda.consum.es/es/p/garbanzo-selecto-paquete/7316768,https://cdn-consum.aktiosdigitalservices.com/tol/consum/media/product/img/300x300/7316768.jpg?t=20260812080314,2026-10-08T22:05:38
arroz,Consum,7060507,8414807503855,CONSUM,Espirales con Vegetales Paquete,Pasta ensaladas,0.8,0.8,,False,1.6,KILO,1 Kg,False,https://tienda.consum.es/es/p/espirales-con-vegetales-paquete/7060507,https://cdn-consum.aktiosdigitalservices.com/tol/consum/media/product/img/300x300/7060507.jpg?t=20260812080157,2026-10-08T22:05:38
arroz,Consum,7060549,8414807503749,CONSUM,Tallarines Paquete,"Macarrones, espaguetis y tallarines",0.8,0.8,,False,1.6,KILO,1 Kg,False,https://tienda.consum.es/es/p/tallarines-paquete/7060549,https://cdn-consum.aktiosdigitalservices.com/tol/consum/media/product/img/300x300/7060549.jpg?t=20260812080157,2026-10-08T22:05:38
arroz,Consum,7262488,8414807532893,CONSUM,Spaghetti Paquete,"Macarrones, espaguetis y tallarines",1.15,1.15,,False,1.15,KILO,1 Kg,False,https://tienda.consum.es/es/p/spaghetti-paquete/7262488,https://cdn-consum.aktiosdigitalservices.com/tol/consum/media/product/img/300x300/7262488.jpg?t=20260812080250,2026-10-08T22:05:38
arroz,Consum,7060544,8414807503695,CONSUM,Fideuá Paquete,Fideos y sopas,0.8,0.8,,False,1.6,KILO,1 Kg,False,https://tienda.consum.es/es/p/fideua-paquete/7060544,https://cdn-consum.aktiosdigitalservices.com/tol/consum/media/product/img/300x300/7060544.jpg?t=20260812080157,2026-10-08T22:05:38
arroz,Consum,7259104,8414807532886,CONSUM,Macarrones Paquete,"Macarrones, espaguetis y tallarines",1.15,1.15,,False,1.15,KILO,1 Kg,False,https://tienda.consum.es/es/p/macarrones-paquete/7259104,https://cdn-consum.aktiosdigitalservices.com/tol/consum/media/product/img/300x300/7259104.jpg?t=20260812080248,2026-10-08T22:05:38
arroz,Consum,7270044,8410184030137,BRILLANTE,Quinoa Roja y Blanca Vasitos,Arroz cocido,1.55,1.55,,False,6.2,KILO,1 Kg,False,https://tienda.consum.es/es/p/quinoa-roja-y-blanca-vasitos/7270044,https://cdn-consum.aktiosdigitalservices.com/tol/consum/media/product/img/300x300/7270044.jpg?t=20260812080253,2026-10-08T22:05:38
arroz,Consum,7404507,8410184041539,BRILLANTE,Grano de Avena Cocida,Arroz cocido,1.35,1.35,,False,5.4,KILO,1 Kg,False,https://tienda.consum.es/es/p/grano-de-avena-cocida/7404507,https://cdn-consum.aktiosdigitalservices.com/tol/consum/media/product/img/300x300/7404507.jpg?t=20260827103207,2026-10-08T22:05:38
arroz,Consum,7371094,8410184020497,TILDA,Arroz Sushi Paquete,Asiático,1.9,1.9,,False,3.8,KILO,1 Kg,False,https://tienda.consum.es/es/p/arroz-sushi-paquete/7371094,https://cdn-consum.aktiosdigitalservices.com/tol/consum/media/product/img/300x300/7371094.jpg?t=20260812080341,2026-10-08T22:05:38
arroz,Consum,7364961,8410069018335,GALLO,Fideo 2 Paquete,Fideos y sopas,0.99,1.2,0.99,True,2.2,KILO,1 Kg,False,https://tienda.consum.es/es/p/fideo-2-paquete/7364961,https://cdn-consum.aktiosdigitalservices.com/tol/consum/media/product/img/300x300/7364961.jpg?t=20260827102511,2026-10-08T22:05:38
arroz,Consum,7293681,8000139910180,GAROFALO,Elicoidali Paquete,Pasta italiana,1.79,1.79,,False,3.58,KILO,1 Kg,False,https://tienda.consum.es/es/p/elicoidali-paquete/7293681,https://cdn-consum.aktiosdigitalservices.com/tol/consum/media/product/img/300x300/7293681.jpg?t=20260827101639,2026-10-08T22:05:38
arroz,Consum,7246622,8410069014368,GALLO,Plumas Pasta Fina Paquete,"Macarrones, espaguetis y tallarines",1.39,1.39,,False,3.48,KILO,1 Kg,False,https://tienda.consum.es/es/p/plumas-pasta-fina-paquete/7246622,https://cdn-consum.aktiosdigitalservices.com/tol/consum/media/product/img/300x300/7246622.jpg?t=20260812080244,2026-10-08T22:05:38
arroz,Consum,7294291,8000139910142,GAROFALO,Spaghetti Paquete,Pasta italiana,1.79,1.79,,False,3.58,KILO,1 Kg,False,https://tienda.consum.es/es/p/spaghetti-paquete/7294291,https://cdn-consum.aktiosdigitalservices.com/tol/consum/media/product/img/300x300/7294291.jpg?t=20260827101653,2026-10-08T22:05:38
arroz,Consum,7364990,8410069018427,GALLO,Fideua Paquete,Fideos y sopas,0.95,1.2,0.95,True,2.11,KILO,1 Kg,False,https://tienda.consum.es/es/p/fideua-paquete/7364990,https://cdn-consum.aktiosdigitalservices.com/tol/consum/media/product/img/300x300/7364990.jpg?t=20260827102514,2026-10-08T22:05:38
arroz,Consum,7412922,8420933002018,DON PEDRO,Lenteja Pardina Paquete,Lentejas secas,1.89,1.89,,False,3.78,KILO,1 Kg,False,https://tienda.consum.es/es/p/lenteja-pardina-paquete/7412922,https://cdn-consum.aktiosdigitalservices.com/tol/consum/media/product/img/300x300/7412922.jpg?t=20260827103341,2026-10-08T22:05:38
arroz,Consum,7421027,8000139910197,GAROFALO,Rigatoni Paquete,Pasta italiana,1.79,1.79,,False,3.58,KILO,1 Kg,False,https://tienda.consum.es/es/p/rigatoni-paquete/7421027,https://cdn-consum.aktiosdigitalservices.com/tol/consum/media/product/img/300x300/7421027.jpg?t=20260827103536,2026-10-08T22:05:38
arroz,Consum,7471522,8410069021922,GALLO,Plumas Nº6 Paquete,"Macarrones, espaguetis y tallarines",1.99,1.99,,False,1.99,KILO,1 Kg,False,https://tienda.consum.es/es/p/plumas-n6-paquete/7471522,https://cdn-consum.aktiosdigitalservices.com/tol/consum/media/product/img/300x300/7471522.jpg?t=20260827105301,2026-10-08T22:05:38
arroz,Consum,7212483,8410069013873,GALLO,Spaghetti Pasta Fina Paquete,"Macarrones, espaguetis y tallarines",1.39,1.39,,False,3.48,KILO,1 Kg,False,https://tienda.consum.es/es/p/spaghetti-pasta-fina-paquete/7212483,https://cdn-consum.aktiosdigitalservices.com/tol/consum/media/product/img/300x300/7212483.jpg?t=20260812080231,2026-10-08T22:05:38
arroz,Consum,7365810,8410069018564,GALLO,Plumas sin Gluten Paquete,Pasta sin gluten,2.49,2.49,,False,5.53,KILO,1 Kg,False,https://tienda.consum.es/es/p/plumas-sin-gluten-paquete/7365810,https://cdn-consum.aktiosdigitalservices.com/tol/consum/media/product/img/300x300/7365810.jpg?t=20260827102527,2026-10-08T22:05:38
arroz,Consum,7294262,8000139910258,GAROFALO,Mafalda Corta Paquete,Pasta italiana,1.79,1.79,,False,3.58,KILO,1 Kg,False,https://tienda.consum.es/es/p/mafalda-corta-paquete/7294262,https://cdn-consum.aktiosdigitalservices.com/tol/consum/media/product/img/300x300/7294262.jpg?t=20260827101650,2026-10-08T22:05:38
arroz,Consum,7294275,8000139910289,GAROFALO,Tagliatelle Nido Paquete,Pasta italiana,2.99,2.99,,False,5.98,KILO,1 Kg,False,https://tienda.consum.es/es/p/tagliatelle-nido-paquete/7294275,https://cdn-consum.aktiosdigitalservices.com/tol/consum/media/product/img/300x300/7294275.jpg?t=20260827101652,2026-10-08T22:05:38
arroz,Consum,7364995,8410069018359,GALLO,Pasta Sopa Mariscos Paquete,Fideos y sopas,0.99,1.2,0.99,True,2.2,KILO,1 Kg,False,https://tienda.consum.es/es/p/pasta-sopa-mariscos-paquete/7364995,https://cdn-consum.aktiosdigitalservices.com/tol/consum/media/product/img/300x300/7364995.jpg?t=20260812080339,2026-10-08T22:05:38
arroz,Consum,7365013,8410069018397,GALLO,Pasta Sopa Piñones Paquete,Fideos y sopas,0.95,1.2,0.95,True,2.11,KILO,1 Kg,False,https://tienda.consum.es/es/p/pasta-sopa-pinones-paquete/7365013,https://cdn-consum.aktiosdigitalservices.com/tol/consum/media/product/img/300x300/7365013.jpg?t=20260812080339,2026-10-08T22:05:38
arroz,Consum,7312049,8414472102919,ESGIR,Soja Texturizada Paquete,Legumbres Texturizadas,2.75,2.75,,False,7.86,KILO,1 Kg,False,https://tienda.consum.es/es/p/soja-texturizada-paquete/7312049,https://cdn-consum.aktiosdigitalservices.com/tol/consum/media/product/img/300x300/7312049.jpg?t=20260827101856,2026-10-08T22:05:38
arroz,Consum,7471527,8410069021946,GALLO,Spaguetti 3 Paquete,"Macarrones, espaguetis y tallarines",1.99,1.99,,False,1.99,KILO,1 Kg,False,https://tienda.consum.es/es/p/spaguetti-3-paquete/7471527,https://cdn-consum.aktiosdigitalservices.com/tol/consum/media/product/img/300x300/7471527.jpg?t=20260827105302,2026-10-08T22:05:38
arroz,Consum,7365781,8410069018526,GALLO,Fideos sin Gluten Paquete,Pasta sin gluten,2.49,2.49,,False,5.53,KILO,1 Kg,False,https://tienda.consum.es/es/p/fideos-sin-gluten-paquete/7365781,https://cdn-consum.aktiosdigitalservices.com/tol/consum/media/product/img/300x300/7365781.jpg?t=20260827102524,2026-10-08T22:05:38
arroz,Consum,7293678,8000139910265,GAROFALO,Radiatori Paquete,Pasta italiana,1.79,1.79,,False,3.58,KILO,1 Kg,False,https://tienda.consum.es/es/p/radiatori-paquete/7293678,https://cdn-consum.aktiosdigitalservices.com/tol/consum/media/product/img/300x300/7293678.jpg?t=20260827101637,2026-10-08T22:05:38
arroz,Consum,7365799,8410069018540,GALLO,Spaghetti sin Gluten Paquete,Pasta sin gluten,2.49,2.49,,False,5.53,KILO,1 Kg,False,https://tienda.consum.es/es/p/spaghetti-sin-gluten-paquete/7365799,https://cdn-consum.aktiosdigitalservices.com/tol/consum/media/product/img/300x300/7365799.jpg?t=20260827102526,2026-10-08T22:05:38
arroz,Consum,7419141,8410505136111,LUENGO,Alubia Negrita Paquete,Alubias secas,1.35,1.55,1.35,True,2.7,KILO,1 Kg,False,https://tienda.consum.es/es/p/alubia-negrita-paquete/7419141,https://cdn-consum.aktiosdigitalservices.com/tol/consum/media/product/img/300x300/7419141.jpg?t=20260812080416,2026-10-08T22:05:38
arroz,Consum,122770,8410069001009,GALLO,Sémola de Trigo Paquete,Fideos y sopas,0.85,0.85,,False,3.4,KILO,1 Kg,False,https://tienda.consum.es/es/p/semola-de-trigo-paquete/122770,https://cdn-consum.aktiosdigitalservices.com/tol/consum/media/product/img/300x300/122770.jpg?t=20260812080129,2026-10-08T22:05:38
arroz,Consum,7264914,8420933001141,DON PEDRO,Garbanza Selección Paquete,Garbanzos secos,3.55,4.15,3.55,True,3.55,KILO,1 Kg,False,https://tienda.consum.es/es/p/garbanza-seleccion-paquete/7264914,https://cdn-consum.aktiosdigitalservices.com/tol/consum/media/product/img/300x300/7264914.jpg?t=20260826075837,2026-10-08T22:05:38
arroz,Consum,965504,8410901133059,REX,Sémola de Arroz Paquete,Fideos y sopas,1.05,1.05,,False,2.1,KILO,1 Kg,False,https://tienda.consum.es/es/p/semola-de-arroz-paquete/965504,https://cdn-consum.aktiosdigitalservices.com/tol/consum/media/product/img/300x300/965504.jpg?t=20260812080142,2026-10-08T22:05:38
arroz,Consum,7217193,8410069017987,GALLO,Pajaritas Vegetales Paquete,Pasta ensaladas,1.59,1.59,,False,3.53,KILO,1 Kg,False,https://tienda.consum.es/es/p/pajaritas-vegetales-paquete/7217193,https://cdn-consum.aktiosdigitalservices.com/tol/consum/media/product/img/300x300/7217193.jpg?t=20260827100936,2026-10-08T22:05:38
arroz,Consum,7289791,8410505261066,LUENGO,Garbanzo Pedrosillano Paquete,Garbanzos secos,1.85,1.85,,False,3.7,KILO,1 Kg,False,https://tienda.consum.es/es/p/garbanzo-pedrosillano-paquete/7289791,https://cdn-consum.aktiosdigitalservices.com/tol/consum/media/product/img/300x300/7289791.jpg?t=20260812080301,2026-10-08T22:05:38
arroz,Consum,7412914,8420933002445,DON PEDRO,Alubias Rojas Paquete,Alubias secas,2.05,2.05,,False,4.1,KILO,1 Kg,False,https://tienda.consum.es/es/p/alubias-rojas-paquete/7412914,https://cdn-consum.aktiosdigitalservices.com/tol/consum/media/product/img/300x300/7412914.jpg?t=20260812080410,2026-10-08T22:05:38
arroz,Consum,7419146,8410505221060,LUENGO,Lenteja Rápida Paquete,Lentejas secas,1.99,1.99,,False,3.98,KILO,1 Kg,False,https://tienda.consum.es/es/p/lenteja-rapida-paquete/7419146,https://cdn-consum.aktiosdigitalservices.com/tol/consum/media/product/img/300x300/7419146.jpg?t=20260812080416,2026-10-08T22:05:38
arroz,Consum,2659480,8413259000448,PASTOR,Tortas de Gazpacho Paquete,Otras pastas secas,0.65,0.65,,False,3.61,KILO,1 Kg,False,https://tienda.consum.es/es/p/tortas-de-gazpacho-paquete/2659480,https://cdn-consum.aktiosdigitalservices.com/tol/consum/media/product/img/300x300/2659480.jpg?t=20260812080144,2026-10-08T22:05:38
arroz,Consum,7364979,8410069018403,GALLO,Fideo 4 Paquete,Fideos y sopas,0.99,1.2,0.99,True,2.2,KILO,1 Kg,False,https://tienda.consum.es/es/p/fideo-4-paquete/7364979,https://cdn-consum.aktiosdigitalservices.com/tol/consum/media/product/img/300x300/7364979.jpg?t=20260827102513,2026-10-08T22:05:38
arroz,Consum,7216620,8410416005063,CARRETILLA,Paella Marinera,Preparados de pasta y arroz,3.25,3.25,,False,13.0,KILO,1 Kg,False,https://tienda.consum.es/es/p/paella-marinera/7216620,https://cdn-consum.aktiosdigitalservices.com/tol/consum/media/product/img/300x300/7216620.jpg?t=20260827100933,2026-10-08T22:05:38
arroz,Consum,7382138,8410324400059,DELINATUR,Paella Valenciana,Preparados de arroz,3.49,3.49,,False,11.63,KILO,1 Kg,False,https://tienda.consum.es/es/p/paella-valenciana/7382138,https://cdn-consum.aktiosdigitalservices.com/tol/consum/media/product/img/300x300/7382138.jpg?t=20260812080348,2026-10-08T22:05:38
arroz,Consum,7195444,8414807530431,CONSUM,Masa de Hojaldre Redonda,Bases y masas,1.2,1.2,,False,5.22,KILO,1 Kg,False,https://tienda.consum.es/es/p/masa-de-hojaldre-redonda/7195444,https://cdn-consum.aktiosdigitalservices.com/tol/consum/media/product/img/300x300/7195444.jpg?t=20260812080226,2026-10-08T22:05:38
arroz,Consum,7395721,8414807554451,CONSUM,Tortellini Pollo Bacon,Pasta fresca,1.99,1.99,,False,7.96,KILO,1 Kg,False,https://tienda.consum.es/es/p/tortellini-pollo-bacon/7395721,https://cdn-consum.aktiosdigitalservices.com/tol/consum/media/product/img/300x300/7395721.jpg?t=20260812080357,2026-10-08T22:05:38
arroz,Consum,7096394,8414807516367,CONSUM,Tortellini Relleno Requesón y Espinacas,Pasta fresca,1.95,1.95,,False,7.8,KILO,1 Kg,False,https://tienda.consum.es/es/p/tortellini-relleno-requeson-y-espinacas/7096394,https://cdn-consum.aktiosdigitalservices.com/tol/consum/media/product/img/300x300/7096394.jpg?t=20260812080205,2026-10-08T22:05:38
arroz,Consum,7096386,8414807516350,CONSUM,Tortellinis Rellenos de Quesos,Pasta fresca,1.95,1.95,,False,7.8,KILO,1 Kg,False,https://tienda.consum.es/es/p/tortellinis-rellenos-de-quesos/7096386,https://cdn-consum.aktiosdigitalservices.com/tol/consum/media/product/img/300x300/7096386.jpg?t=20260812080205,2026-10-08T22:05:38
arroz,Consum,7395692,8414807554437,CONSUM,Girasoles Queso Cabra & Miel,Pasta fresca,2.65,2.65,,False,10.6,KILO,1 Kg,False,https://tienda.consum.es/es/p/girasoles-queso-cabra-miel/7395692,https://cdn-consum.aktiosdigitalservices.com/tol/consum/media/product/img/300x300/7395692.jpg?t=20260812080357,2026-10-08T22:05:38
arroz,Consum,7415029,8414807556851,CONSUM,Lenteja Parda Roja,Lentejas secas,1.65,1.65,,False,1.65,KILO,1 Kg,False,https://tienda.consum.es/es/p/lenteja-parda-roja/7415029,https://cdn-consum.aktiosdigitalservices.com/tol/consum/media/product/img/300x300/7415029.jpg?t=20260812080412,2026-10-08T22:05:38
arroz,Consum,7332856,8414807547101,CONSUM,Alubias con Seta Shiitake,Alubias cocidas,1.99,1.99,,False,5.31,KILO,1 Kg,False,https://tienda.consum.es/es/p/alubias-con-seta-shiitake/7332856,https://cdn-consum.aktiosdigitalservices.com/tol/consum/media/product/img/300x300/7332856.jpg?t=20260812080322,2026-10-08T22:05:38
arroz,Consum,7316792,8414807544766,CONSUM,Lentejas IGP de Tierra de Campos,Lentejas secas,2.45,2.45,,False,4.9,KILO,1 Kg,False,https://tienda.consum.es/es/p/lentejas-igp-de-tierra-de-campos/7316792,https://cdn-consum.aktiosdigitalservices.com/tol/consum/media/product/img/300x300/7316792.jpg?t=20260812080314,2026-10-08T22:05:38
arroz,Consum,7395697,8414807554444,CONSUM,Tortellini Pesto,Pasta fresca,1.99,1.99,,False,7.96,KILO,1 Kg,False,https://tienda.consum.es/es/p/tortellini-pesto/7395697,https://cdn-consum.aktiosdigitalservices.com/tol/consum/media/product/img/300x300/7395697.jpg?t=20260812080357,2026-10-08T22:05:38
arroz,Consum,7332864,8414807547118,CONSUM,Garbanzos con Trufa Negra,Garbanzos cocidos,2.35,2.35,,False,5.88,KILO,1 Kg,False,https://tienda.consum.es/es/p/garbanzos-con-trufa-negra/7332864,https://cdn-consum.aktiosdigitalservices.com/tol/consum/media/product/img/300x300/7332864.jpg?t=20260812080322,2026-10-08T22:05:38
arroz,Consum,7316789,8414807544759,CONSUM,Alubias IGP de la Bañeza León,Alubias secas,2.39,2.39,,False,4.78,KILO,1 Kg,False,https://tienda.consum.es/es/p/alubias-igp-de-la-baneza-leon/7316789,https://cdn-consum.aktiosdigitalservices.com/tol/consum/media/product/img/300x300/7316789.jpg?t=20260812080314,2026-10-08T22:05:38
arroz,Consum,7316797,8414807544773,CONSUM,Garbanzos IGP de Fuentesaúco,Garbanzos secos,2.69,2.69,,False,5.38,KILO,1 Kg,False,https://tienda.consum.es/es/p/garbanzos-igp-de-fuentesauco/7316797,https://cdn-consum.aktiosdigitalservices.com/tol/consum/media/product/img/300x300/7316797.jpg?t=20260812080314,2026-10-08T22:05:38
arroz,Consum,7395689,8414807554420,CONSUM,Girasoles Setas & Mascarpone,Pasta fresca,2.65,2.65,,False,10.6,KILO,1 Kg,False,https://tienda.consum.es/es/p/girasoles-setas-mascarpone/7395689,https://cdn-consum.aktiosdigitalservices.com/tol/consum/media/product/img/300x300/7395689.jpg?t=20260812080357,2026-10-08T22:05:38
arroz,Consum,7044001,8414807502308,CONSUM,Garbanzos Cocidos Frasco,Garbanzos cocidos,0.75,0.75,,False,3.57,KILO,1 Kg,False,https://tienda.consum.es/es/p/garbanzos-cocidos-frasco/7044001,https://cdn-consum.aktiosdigitalservices.com/tol/consum/media/product/img/300x300/7044001.jpg?t=20260812080153,2026-10-08T22:05:38
arroz,Consum,7096381,8414807516343,CONSUM,Tortellinis Rellenos de Carne,Pasta fresca,1.95,1.95,,False,7.8,KILO,1 Kg,False,https://tienda.consum.es/es/p/tortellinis-rellenos-de-carne/7096381,https://cdn-consum.aktiosdigitalservices.com/tol/consum/media/product/img/300x300/7096381.jpg?t=20260812080205,2026-10-08T22:05:38
arroz,Consum,7195449,8414807530448,CONSUM,Masa de Pizza Redonda,Bases y masas,1.2,1.2,,False,4.62,KILO,1 Kg,False,https://tienda.consum.es/es/p/masa-de-pizza-redonda/7195449,https://cdn-consum.aktiosdigitalservices.com/tol/consum/media/product/img/300x300/7195449.jpg?t=20260812080226,2026-10-08T22:05:38
arroz,Consum,7043979,8414807502339,CONSUM,Alubia Blanca Cocida Frasco,Alubias cocidas,0.75,0.75,,False,1.88,KILO,1 Kg,False,https://tienda.consum.es/es/p/alubia-blanca-cocida-frasco/7043979,https://cdn-consum.aktiosdigitalservices.com/tol/consum/media/product/img/300x300/7043979.jpg?t=20260812080153,2026-10-08T22:05:38
arroz,Consum,7043982,8414807502315,CONSUM,Lenteja Pardina Cocida Frasco,Lentejas cocidas,0.89,0.89,,False,2.23,KILO,1 Kg,False,https://tienda.consum.es/es/p/lenteja-pardina-cocida-frasco/7043982,https://cdn-consum.aktiosdigitalservices.com/tol/consum/media/product/img/300x300/7043982.jpg?t=20260812080153,2026-10-08T22:05:38
arroz,Consum,7043990,8414807502346,CONSUM,Alubia Blanca Cocida Frasco,Alubias cocidas,0.7,0.7,,False,3.33,KILO,1 Kg,False,https://tienda.consum.es/es/p/alubia-blanca-cocida-frasco/7043990,https://cdn-consum.aktiosdigitalservices.com/tol/consum/media/product/img/300x300/7043990.jpg?t=20260812080153,2026-10-08T22:05:38
arroz,Consum,7043995,8414807502322,CONSUM,Lenteja Pardina Cocida Frasco,Lentejas cocidas,0.75,0.75,,False,3.57,KILO,1 Kg,False,https://tienda.consum.es/es/p/lenteja-pardina-cocida-frasco/7043995,https://cdn-consum.aktiosdigitalservices.com/tol/consum/media/product/img/300x300/7043995.jpg?t=20260812080153,2026-10-08T22:05:38
arroz,Consum,7437283,8414807559661,CONSUM,Gnocchis Patatas,Pasta fresca,1.0,1.0,,False,2.0,KILO,1 Kg,False,https://tienda.consum.es/es/p/gnocchis-patatas/7437283,https://cdn-consum.aktiosdigitalservices.com/tol/consum/media/product/img/300x300/7437283.jpg?t=20260812080435,2026-10-08T22:05:38
arroz,Consum,7222909,8414807534095,CONSUM,Arroz Precocido 6 Bolsitas x 167 Gr.,Base arroz,2.0,2.0,,False,2.0,KILO,1 Kg,False,https://tienda.consum.es/es/p/arroz-precocido-6-bolsitas-x-167-gr/7222909,https://cdn-consum.aktiosdigitalservices.com/tol/consum/media/product/img/300x300/7222909.jpg?t=20260812080236,2026-10-08T22:05:38
arroz,Consum,7350353,8414807549273,CONSUM,Tortitas de Arroz Integral Paquete,Tortitas,1.15,1.15,,False,8.85,KILO,1 Kg,False,https://tienda.consum.es/es/p/tortitas-de-arroz-integral-paquete/7350353,https://cdn-consum.aktiosdigitalservices.com/tol/consum/media/product/img/300x300/7350353.jpg?t=20260812080331,2026-10-08T22:05:38
arroz,Consum,7377588,8414807552303,CONSUM,Arroz Marisco,Base arroz,2.65,2.65,,False,5.89,KILO,1 Kg,False,https://tienda.consum.es/es/p/arroz-marisco/7377588,https://cdn-consum.aktiosdigitalservices.com/tol/consum/media/product/img/300x300/7377588.jpg?t=20260812080345,2026-10-08T22:05:38
arroz,Consum,7221567,8414807533975,CONSUM,Arroz Negro,Base arroz,3.09,3.09,,False,5.15,KILO,1 Kg,False,https://tienda.consum.es/es/p/arroz-negro/7221567,https://cdn-consum.aktiosdigitalservices.com/tol/consum/media/product/img/300x300/7221567.jpg?t=20260812080235,2026-10-08T22:05:38
arroz,Consum,7422629,8437014376418,CERIDÉS,Arroz Inflado Choco Sin Gluten,Cereales,2.39,2.39,,False,4.78,KILO,1 Kg,False,https://tienda.consum.es/es/p/arroz-inflado-choco-sin-gluten/7422629,https://cdn-consum.aktiosdigitalservices.com/tol/consum/media/product/img/300x300/7422629.jpg?t=20260812080419,2026-10-08T22:05:38
arroz,Consum,7367969,8414807551429,CONSUM,Arroz 3 Delicias,Base arroz,2.85,2.85,,False,2.85,KILO,1 Kg,False,https://tienda.consum.es/es/p/arroz-3-delicias/7367969,https://cdn-consum.aktiosdigitalservices.com/tol/consum/media/product/img/300x300/7367969.jpg?t=20260827102541,2026-10-08T22:05:38
arroz,Consum,7482979,8410184045568,BRILLANTE,Ñoqui con Queso a la Sartén,Pasta fresca,2.95,2.95,,False,9.83,KILO,1 Kg,False,https://tienda.consum.es/es/p/noqui-con-queso-a-la-sarten/7482979,https://cdn-consum.aktiosdigitalservices.com/tol/consum/media/product/img/300x300/7482979.jpg?t=20260901080620,2026-10-08T22:05:38
arroz,Consum,7022473,8410505274011,LUENGO,Alubia Roja Cocida Frasco,Alubias cocidas,1.59,1.59,,False,3.98,KILO,1 Kg,False,https://tienda.consum.es/es/p/alubia-roja-cocida-frasco/7022473,https://cdn-consum.aktiosdigitalservices.com/tol/consum/media/product/img/300x300/7022473.jpg?t=20260827095841,2026-10-08T22:05:38
arroz,Consum,7042364,8410505272017,LUENGO,Garbanzo Cocido Frasco,Garbanzos cocidos,1.3,1.3,,False,3.25,KILO,1 Kg,False,https://tienda.consum.es/es/p/garbanzo-cocido-frasco/7042364,https://cdn-consum.aktiosdigitalservices.com/tol/consum/media/product/img/300x300/7042364.jpg?t=20260812080152,2026-10-08T22:05:38
arroz,Consum,7267607,8445291132221,BUITONI,Masa de Pizza Finíssima Maxi,Bases y masas,2.45,2.89,2.45,True,7.0,KILO,1 Kg,False,https://tienda.consum.es/es/p/masa-de-pizza-finissima-maxi/7267607,https://cdn-consum.aktiosdigitalservices.com/tol/consum/media/product/img/300x300/7267607.jpg?t=20260812080252,2026-10-08T22:05:38
arroz,Consum,7454007,8410069020215,GALLO,Fideo 0,Fideos y sopas,1.0,1.0,,False,2.5,KILO,1 Kg,False,https://tienda.consum.es/es/p/fideo-0/7454007,https://cdn-consum.aktiosdigitalservices.com/tol/consum/media/product/img/300x300/7454007.jpg?t=20260812080452,2026-10-08T22:05:38
arroz,Consum,7466436,8410505272024,LUENGO,Garbanzo Cocido,Garbanzos cocidos,0.89,0.89,,False,4.45,KILO,1 Kg,False,https://tienda.consum.es/es/p/garbanzo-cocido/7466436,https://cdn-consum.aktiosdigitalservices.com/tol/consum/media/product/img/300x300/7466436.jpg?t=20260827105125,2026-10-08T22:05:38
arroz,Consum,7042000,8410505273014,LUENGO,Lenteja Cocida Pardina Frasco,Lentejas cocidas,1.3,1.3,,False,3.25,KILO,1 Kg,False,https://tienda.consum.es/es/p/lenteja-cocida-pardina-frasco/7042000,https://cdn-consum.aktiosdigitalservices.com/tol/consum/media/product/img/300x300/7042000.jpg?t=20260812080152,2026-10-08T22:05:38
arroz,Consum,330829,8076800195057,BARILLA,Spaghetti Caja,Pasta italiana,1.25,1.69,1.25,True,2.5,KILO,1 Kg,False,https://tienda.consum.es/es/p/spaghetti-caja/330829,https://cdn-consum.aktiosdigitalservices.com/tol/consum/media/product/img/300x300/330829.jpg?t=20260812080134,2026-10-08T22:05:38
arroz,Consum,7012565,8410505275018,LUENGO,Alubia Pinta Cocida Frasco,Alubias cocidas,1.59,1.59,,False,3.98,KILO,1 Kg,False,https://tienda.consum.es/es/p/alubia-pinta-cocida-frasco/7012565,https://cdn-consum.aktiosdigitalservices.com/tol/consum/media/product/img/300x300/7012565.jpg?t=20260812080149,2026-10-08T22:05:38
arroz,Consum,7024578,8410173072025,EL PAVO,Lasaña Fácil Precocida Caja 18 Placas,Canelones y lasagnas,1.65,1.65,,False,8.25,KILO,1 Kg,False,https://tienda.consum.es/es/p/lasana-facil-precocida-caja-18-placas/7024578,https://cdn-consum.aktiosdigitalservices.com/tol/consum/media/product/img/300x300/7024578.jpg?t=20260812080150,2026-10-08T22:05:38
arroz,Consum,7042369,8410505271010,LUENGO,Alubia Blanca Cocida Frasco,Alubias cocidas,1.3,1.3,,False,3.25,KILO,1 Kg,False,https://tienda.consum.es/es/p/alubia-blanca-cocida-frasco/7042369,https://cdn-consum.aktiosdigitalservices.com/tol/consum/media/product/img/300x300/7042369.jpg?t=20260812080152,2026-10-08T22:05:38
arroz,Consum,7385771,8410505519761,LUENGO,Garbanzo Cocido Sin gluten 100% Nacional,Garbanzos cocidos,1.49,1.49,,False,3.73,KILO,1 Kg,False,https://tienda.consum.es/es/p/garbanzo-cocido-sin-gluten-100-nacional/7385771,https://cdn-consum.aktiosdigitalservices.com/tol/consum/media/product/img/300x300/7385771.jpg?t=20260812080350,2026-10-08T22:05:38
arroz,Consum,7436439,8410762223029,TARRADELLAS,Masa Pizza con Aceite de Oliva,Bases y masas,1.29,1.29,,False,4.96,KILO,1 Kg,False,https://tienda.consum.es/es/p/masa-pizza-con-aceite-de-oliva/7436439,https://cdn-consum.aktiosdigitalservices.com/tol/consum/media/product/img/300x300/7436439.jpg?t=20260812080434,2026-10-08T22:05:38
arroz,Consum,7466431,8410505271027,LUENGO,Alubia Cocida,Alubias cocidas,0.89,0.89,,False,4.45,KILO,1 Kg,False,https://tienda.consum.es/es/p/alubia-cocida/7466431,https://cdn-consum.aktiosdigitalservices.com/tol/consum/media/product/img/300x300/7466431.jpg?t=20260827105125,2026-10-08T22:05:38
arroz,Consum,7466444,8410505273021,LUENGO,Lenteja Cocida,Lentejas cocidas,0.89,0.89,,False,4.45,KILO,1 Kg,False,https://tienda.consum.es/es/p/lenteja-cocida/7466444,https://cdn-consum.aktiosdigitalservices.com/tol/consum/media/product/img/300x300/7466444.jpg?t=20260827105126,2026-10-08T22:05:38
arroz,Consum,7472140,8410069022134,GALLO,Plumas Nº3,"Macarrones, espaguetis y tallarines",0.95,1.15,0.95,True,2.38,KILO,1 Kg,False,https://tienda.consum.es/es/p/plumas-n3/7472140,https://cdn-consum.aktiosdigitalservices.com/tol/consum/media/product/img/300x300/7472140.jpg?t=20260812080518,2026-10-08T22:05:38
arroz,Consum,328203,8076802085738,BARILLA,Penne Rigate Caja,Pasta italiana,1.25,1.69,1.25,True,2.5,KILO,1 Kg,False,https://tienda.consum.es/es/p/penne-rigate-caja/328203,https://cdn-consum.aktiosdigitalservices.com/tol/consum/media/product/img/300x300/328203.jpg?t=20260812080134,2026-10-08T22:05:38
arroz,Consum,7059520,8410505512267,LUENGO,Garbanzos Espinacas Frasco,Garbanzos cocidos,1.29,1.49,1.29,True,3.49,KILO,1 Kg,False,https://tienda.consum.es/es/p/garbanzos-espinacas-frasco/7059520,https://cdn-consum.aktiosdigitalservices.com/tol/consum/media/product/img/300x300/7059520.jpg?t=20260812080156,2026-10-08T22:05:38
arroz,Consum,7086374,8445291131569,BUITONI,Masa de Pizza Finíssima Rectangular,Bases y masas,1.99,1.99,,False,7.65,KILO,1 Kg,False,https://tienda.consum.es/es/p/masa-de-pizza-finissima-rectangular/7086374,https://cdn-consum.aktiosdigitalservices.com/tol/consum/media/product/img/300x300/7086374.jpg?t=20260901075909,2026-10-08T22:05:38
arroz,Consum,7225881,7613034521750,BUITONI,Masa de Hojaldre Rectangular,Bases y masas,2.0,2.35,2.0,True,8.7,KILO,1 Kg,False,https://tienda.consum.es/es/p/masa-de-hojaldre-rectangular/7225881,https://cdn-consum.aktiosdigitalservices.com/tol/consum/media/product/img/300x300/7225881.jpg?t=20260901080034,2026-10-08T22:05:38
arroz,Consum,7217198,8410069014306,GALLO,Hélices con Vegetales Pasta Fina,"Macarrones, espaguetis y tallarines",1.59,1.59,,False,3.98,KILO,1 Kg,False,https://tienda.consum.es/es/p/helices-con-vegetales-pasta-fina/7217198,https://cdn-consum.aktiosdigitalservices.com/tol/consum/media/product/img/300x300/7217198.jpg?t=20260827100938,2026-10-08T22:05:38
arroz,Consum,7044006,8410505066623,LUENGO,Alubia con Verduras Frasco,Alubias cocidas,1.49,1.49,,False,3.73,KILO,1 Kg,False,https://tienda.consum.es/es/p/alubia-con-verduras-frasco/7044006,https://cdn-consum.aktiosdigitalservices.com/tol/consum/media/product/img/300x300/7044006.jpg?t=20260812080153,2026-10-08T22:05:38
arroz,Consum,7230071,8001665126090,RANA,Pasta Fresca Huerta Calabaza y Cebolla,Pasta fresca,3.25,3.99,3.25,True,13.0,KILO,1 Kg,False,https://tienda.consum.es/es/p/pasta-fresca-huerta-calabaza-y-cebolla/7230071,https://cdn-consum.aktiosdigitalservices.com/tol/consum/media/product/img/300x300/7230071.jpg?t=20260901080039,2026-10-08T22:05:38
arroz,Consum,7451813,8410762223036,TARRADELLAS,Masa Hojaldre,Bases y masas,1.45,1.45,,False,5.58,KILO,1 Kg,False,https://tienda.consum.es/es/p/masa-hojaldre/7451813,https://cdn-consum.aktiosdigitalservices.com/tol/consum/media/product/img/300x300/7451813.jpg?t=20260812080449,2026-10-08T22:05:38
arroz,Consum,7466071,8425205015703,PEDRO LUIS,Lenteja Pardina Frasco,Lentejas cocidas,2.35,2.35,,False,4.7,KILO,1 Kg,False,https://tienda.consum.es/es/p/lenteja-pardina-frasco/7466071,https://cdn-consum.aktiosdigitalservices.com/tol/consum/media/product/img/300x300/7466071.jpg?t=20260827105120,2026-10-08T22:05:38
arroz,Consum,7012412,8410505251111,LUENGO,Garbanza Blanca,Garbanzos secos,2.59,2.59,,False,5.18,KILO,1 Kg,False,https://tienda.consum.es/es/p/garbanza-blanca/7012412,https://cdn-consum.aktiosdigitalservices.com/tol/consum/media/product/img/300x300/7012412.jpg?t=20260812080149,2026-10-08T22:05:38
arroz,Consum,7012573,8410505277012,LUENGO,Alubia Cocida Granja Frasco,Alubias cocidas,1.59,1.59,,False,3.98,KILO,1 Kg,False,https://tienda.consum.es/es/p/alubia-cocida-granja-frasco/7012573,https://cdn-consum.aktiosdigitalservices.com/tol/consum/media/product/img/300x300/7012573.jpg?t=20260812080149,2026-10-08T22:05:38
arroz,Consum,7282007,8001665704106,RANA,Pasta Fresca Rellena de Pollo Asado,Pasta fresca,3.79,3.79,,False,15.16,KILO,1 Kg,False,https://tienda.consum.es/es/p/pasta-fresca-rellena-de-pollo-asado/7282007,https://cdn-consum.aktiosdigitalservices.com/tol/consum/media/product/img/300x300/7282007.jpg?t=20260901080105,2026-10-08T22:05:38
arroz,Consum,7298198,8410173071028,EL PAVO,Canelón Fácil Precocido Caja 18 Placas,Canelones y lasagnas,1.6,1.6,,False,12.8,KILO,1 Kg,False,https://tienda.consum.es/es/p/canelon-facil-precocido-caja-18-placas/7298198,https://cdn-consum.aktiosdigitalservices.com/tol/consum/media/product/img/300x300/7298198.jpg?t=20260827101726,2026-10-08T22:05:38
arroz,Consum,7446479,8001665729178,RANA,Pasta Rellena Gourmet Carrilleras de Ternera,Pasta fresca,4.39,4.39,,False,17.56,KILO,1 Kg,False,https://tienda.consum.es/es/p/pasta-rellena-gourmet-carrilleras-de-ternera/7446479,https://cdn-consum.aktiosdigitalservices.com/tol/consum/media/product/img/300x300/7446479.jpg?t=20260901080448,2026-10-08T22:05:38
arroz,Consum,7466050,8425205015536,PEDRO LUIS,Garbanzo Pedrosillano Frasco,Garbanzos cocidos,1.79,1.79,,False,7.16,KILO,1 Kg,False,https://tienda.consum.es/es/p/garbanzo-pedrosillano-frasco/7466050,https://cdn-consum.aktiosdigitalservices.com/tol/consum/media/product/img/300x300/7466050.jpg?t=20260827105117,2026-10-08T22:05:38
arroz,Consum,7466055,8425205013877,PEDRO LUIS,Garbanzo Pedrosillano Frasco,Garbanzos cocidos,2.35,2.35,,False,4.7,KILO,1 Kg,False,https://tienda.consum.es/es/p/garbanzo-pedrosillano-frasco/7466055,https://cdn-consum.aktiosdigitalservices.com/tol/consum/media/product/img/300x300/7466055.jpg?t=20260827105118,2026-10-08T22:05:38
arroz,Consum,7472173,8410069022097,GALLO,Tallarín,"Macarrones, espaguetis y tallarines",0.95,1.15,0.95,True,2.38,KILO,1 Kg,False,https://tienda.consum.es/es/p/tallarin/7472173,https://cdn-consum.aktiosdigitalservices.com/tol/consum/media/product/img/300x300/7472173.jpg?t=20260812080518,2026-10-08T22:05:38
arroz,Consum,7459584,8425205014669,PEDRO LUIS,Lenteja Caviar Sin Gluten,Lentejas cocidas,2.05,2.05,,False,6.83,KILO,1 Kg,False,https://tienda.consum.es/es/p/lenteja-caviar-sin-gluten/7459584,https://cdn-consum.aktiosdigitalservices.com/tol/consum/media/product/img/300x300/7459584.jpg?t=20260812080500,2026-10-08T22:05:38
arroz,Consum,7466048,8425205013648,PEDRO LUIS,Garbanzo Frasco,Garbanzos cocidos,1.99,2.35,1.99,True,3.98,KILO,1 Kg,False,https://tienda.consum.es/es/p/garbanzo-frasco/7466048,https://cdn-consum.aktiosdigitalservices.com/tol/consum/media/product/img/300x300/7466048.jpg?t=20260812080510,2026-10-08T22:05:38
arroz,Consum,7119514,8001665123815,RANA,Pasta Fresca Huerta Ricotta y Espinacas,Pasta fresca,3.25,3.99,3.25,True,13.0,KILO,1 Kg,False,https://tienda.consum.es/es/p/pasta-fresca-huerta-ricotta-y-espinacas/7119514,https://cdn-consum.aktiosdigitalservices.com/tol/consum/media/product/img/300x300/7119514.jpg?t=20260901075927,2026-10-08T22:05:38
arroz,Consum,7113314,7622210616395,ROYAL,Tapioca Caja,Fideos y sopas,2.59,2.59,,False,14.8,KILO,1 Kg,False,https://tienda.consum.es/es/p/tapioca-caja/7113314,https://cdn-consum.aktiosdigitalservices.com/tol/consum/media/product/img/300x300/7113314.jpg?t=20260812080209,2026-10-08T22:05:38
arroz,Consum,7199925,8001665701099,RANA,Hojas de Lasaña Frescas,Bases y masas,2.59,2.59,,False,10.36,KILO,1 Kg,False,https://tienda.consum.es/es/p/hojas-de-lasana-frescas/7199925,https://cdn-consum.aktiosdigitalservices.com/tol/consum/media/product/img/300x300/7199925.jpg?t=20260827100807,2026-10-08T22:05:38
arroz,Consum,7304207,8410505051629,LUENGO,Alubia Cocida Origen 100% Nacional,Alubias cocidas,1.49,1.49,,False,3.73,KILO,1 Kg,False,https://tienda.consum.es/es/p/alubia-cocida-origen-100-nacional/7304207,https://cdn-consum.aktiosdigitalservices.com/tol/consum/media/product/img/300x300/7304207.jpg?t=20260812080308,2026-10-08T22:05:38
arroz,Consum,7352649,8076800195132,BARILLA,Bavette Nº 13 Caja,Pasta italiana,1.69,1.69,,False,3.38,KILO,1 Kg,False,https://tienda.consum.es/es/p/bavette-n-13-caja/7352649,https://cdn-consum.aktiosdigitalservices.com/tol/consum/media/product/img/300x300/7352649.jpg?t=20260826075928,2026-10-08T22:05:38
arroz,Consum,7417186,8050534146127,ROMERO,Pasta de Lenteja Roja,"Macarrones, espaguetis y tallarines",1.65,1.65,,False,6.6,KILO,1 Kg,False,https://tienda.consum.es/es/p/pasta-de-lenteja-roja/7417186,https://cdn-consum.aktiosdigitalservices.com/tol/consum/media/product/img/300x300/7417186.jpg?t=20260812080414,2026-10-08T22:05:38
arroz,Consum,7417194,8050534146080,ROMERO,Pasta de Trigo Sarraceno Alforfón,Pasta sin gluten,1.65,1.65,,False,6.6,KILO,1 Kg,False,https://tienda.consum.es/es/p/pasta-de-trigo-sarraceno-alforfon/7417194,https://cdn-consum.aktiosdigitalservices.com/tol/consum/media/product/img/300x300/7417194.jpg?t=20260812080414,2026-10-08T22:05:38
arroz,Consum,7423759,8414181003002,LA NAPOLITAN,Masa Empanadilla,Bases y masas,1.99,2.29,1.99,True,4.74,KILO,1 Kg,False,https://tienda.consum.es/es/p/masa-empanadilla/7423759,https://cdn-consum.aktiosdigitalservices.com/tol/consum/media/product/img/300x300/7423759.jpg?t=20260812080420,2026-10-08T22:05:38
arroz,Consum,7436657,8001665700887,RANA,Pasta Fresca Boloñesa,Pasta fresca,3.79,3.79,,False,15.16,KILO,1 Kg,False,https://tienda.consum.es/es/p/pasta-fresca-bolonesa/7436657,https://cdn-consum.aktiosdigitalservices.com/tol/consum/media/product/img/300x300/7436657.jpg?t=20260901080420,2026-10-08T22:05:38
arroz,Consum,7442853,8076802085981,BARILLA,Fusilli,Pasta italiana,1.69,1.69,,False,3.38,KILO,1 Kg,False,https://tienda.consum.es/es/p/fusilli/7442853,https://cdn-consum.aktiosdigitalservices.com/tol/consum/media/product/img/300x300/7442853.jpg?t=20260826080014,2026-10-08T22:05:38
arroz,Consum,7447522,8445291292024,BUITONI,Masa Oblea Estilo Argentino,Bases y masas,2.4,2.4,,False,6.86,KILO,1 Kg,False,https://tienda.consum.es/es/p/masa-oblea-estilo-argentino/7447522,https://cdn-consum.aktiosdigitalservices.com/tol/consum/media/product/img/300x300/7447522.jpg?t=20260812080445,2026-10-08T22:05:38
arroz,Consum,7451805,8410762223135,TARRADELLAS,Masa Empanada,Bases y masas,1.45,1.45,,False,6.3,KILO,1 Kg,False,https://tienda.consum.es/es/p/masa-empanada/7451805,https://cdn-consum.aktiosdigitalservices.com/tol/consum/media/product/img/300x300/7451805.jpg?t=20260812080449,2026-10-08T22:05:38
arroz,Consum,7466014,8425205013884,PEDRO LUIS,Alubia Blanca Frasco,Alubias cocidas,1.79,1.79,,False,7.16,KILO,1 Kg,False,https://tienda.consum.es/es/p/alubia-blanca-frasco/7466014,https://cdn-consum.aktiosdigitalservices.com/tol/consum/media/product/img/300x300/7466014.jpg?t=20260812080509,2026-10-08T22:05:38
arroz,Consum,7468697,8000139910234,GAROFALO,Penne Ziti Rigate,Pasta italiana,1.79,1.79,,False,3.58,KILO,1 Kg,False,https://tienda.consum.es/es/p/penne-ziti-rigate/7468697,https://cdn-consum.aktiosdigitalservices.com/tol/consum/media/product/img/300x300/7468697.jpg?t=20260812080513,2026-10-08T22:05:38
arroz,Consum,5535125,8410069000019,GALLO,Cous Cous Mediano Caja,Fideos y sopas,2.0,2.0,,False,4.0,KILO,1 Kg,False,https://tienda.consum.es/es/p/cous-cous-mediano-caja/5535125,https://cdn-consum.aktiosdigitalservices.com/tol/consum/media/product/img/300x300/5535125.jpg?t=20260812080147,2026-10-08T22:05:38
arroz,Consum,7178051,8001665127325,RANA,Pasta Fresca Rellena 4 Quesos,Pasta fresca,3.59,3.59,,False,14.36,KILO,1 Kg,False,https://tienda.consum.es/es/p/pasta-fresca-rellena-4-quesos/7178051,https://cdn-consum.aktiosdigitalservices.com/tol/consum/media/product/img/300x300/7178051.jpg?t=20260827100618,2026-10-08T22:05:38
arroz,Consum,7021116,8410505041118,LUENGO,Alubia Blanca Larga,Alubias secas,2.05,2.05,,False,4.1,KILO,1 Kg,False,https://tienda.consum.es/es/p/alubia-blanca-larga/7021116,https://cdn-consum.aktiosdigitalservices.com/tol/consum/media/product/img/300x300/7021116.jpg?t=20260812080149,2026-10-08T22:05:38
arroz,Consum,5743570,8001665011617,RANA,Pasta Fresca Huerta Boletus Edulis,Pasta fresca,3.25,3.99,3.25,True,13.0,KILO,1 Kg,False,https://tienda.consum.es/es/p/pasta-fresca-huerta-boletus-edulis/5743570,https://cdn-consum.aktiosdigitalservices.com/tol/consum/media/product/img/300x300/5743570.jpg?t=20260901075846,2026-10-08T22:05:38
arroz,Consum,7059850,8410173001018,EL PAVO,Cannelloni Canelón Caja,Canelones y lasagnas,1.35,1.35,,False,10.8,KILO,1 Kg,False,https://tienda.consum.es/es/p/cannelloni-canelon-caja/7059850,https://cdn-consum.aktiosdigitalservices.com/tol/consum/media/product/img/300x300/7059850.jpg?t=20260812080157,2026-10-08T22:05:38
arroz,Consum,7336428,3392590205727,CERELIA,Masa de Hojaldre sin Gluten,Bases y masas,2.8,2.8,,False,10.0,KILO,1 Kg,False,https://tienda.consum.es/es/p/masa-de-hojaldre-sin-gluten/7336428,https://cdn-consum.aktiosdigitalservices.com/tol/consum/media/product/img/300x300/7336428.jpg?t=20260812080323,2026-10-08T22:05:38
arroz,Consum,7360795,8410069015723,GALLO,Placas para Lasaña y Canelones sin Gluten,Canelones y lasagnas,2.8,2.8,,False,11.2,KILO,1 Kg,False,https://tienda.consum.es/es/p/placas-para-lasana-y-canelones-sin-gluten/7360795,https://cdn-consum.aktiosdigitalservices.com/tol/consum/media/product/img/300x300/7360795.jpg?t=20260812080336,2026-10-08T22:05:38
arroz,Consum,7178064,8001665127318,RANA,Pasta Fresca Rellena Jamón y Queso,Pasta fresca,3.59,3.59,,False,14.36,KILO,1 Kg,False,https://tienda.consum.es/es/p/pasta-fresca-rellena-jamon-y-queso/7178064,https://cdn-consum.aktiosdigitalservices.com/tol/consum/media/product/img/300x300/7178064.jpg?t=20260827100620,2026-10-08T22:05:38
arroz,Consum,7380025,8410505482188,LUENGO,Lentejas Peladas Bolsa Doypack,Lentejas secas,2.25,2.25,,False,5.63,KILO,1 Kg,False,https://tienda.consum.es/es/p/lentejas-peladas-bolsa-doypack/7380025,https://cdn-consum.aktiosdigitalservices.com/tol/consum/media/product/img/300x300/7380025.jpg?t=20260812080347,2026-10-08T22:05:38
arroz,Consum,7429744,8420933002957,DON PEDRO,Lenteja Verdina,Lentejas secas,1.65,1.65,,False,3.3,KILO,1 Kg,False,https://tienda.consum.es/es/p/lenteja-verdina/7429744,https://cdn-consum.aktiosdigitalservices.com/tol/consum/media/product/img/300x300/7429744.jpg?t=20260812080426,2026-10-08T22:05:38
arroz,Consum,7446412,8001665727303,RANA,Pasta Fresca Rellena de Costila Barbacoa,Pasta fresca,3.79,3.79,,False,15.16,KILO,1 Kg,False,https://tienda.consum.es/es/p/pasta-fresca-rellena-de-costila-barbacoa/7446412,https://cdn-consum.aktiosdigitalservices.com/tol/consum/media/product/img/300x300/7446412.jpg?t=20260901080446,2026-10-08T22:05:38
arroz,Consum,7422744,3435630210012,JR,Pasta Filo,Bases y masas,2.69,2.69,,False,10.76,KILO,1 Kg,False,https://tienda.consum.es/es/p/pasta-filo/7422744,https://cdn-consum.aktiosdigitalservices.com/tol/consum/media/product/img/300x300/7422744.jpg?t=20260812080419,2026-10-08T22:05:38
arroz,Consum,7426174,8410069020345,GALLO,Pasta Infantil Mickey,"Macarrones, espaguetis y tallarines",1.6,1.99,1.6,True,5.33,KILO,1 Kg,False,https://tienda.consum.es/es/p/pasta-infantil-mickey/7426174,https://cdn-consum.aktiosdigitalservices.com/tol/consum/media/product/img/300x300/7426174.jpg?t=20260827103737,2026-10-08T22:05:38
arroz,Consum,7427672,8420404000017,LA MOSQUERA,Cous Cous,Fideos y sopas,1.99,1.99,,False,1.99,KILO,1 Kg,False,https://tienda.consum.es/es/p/cous-cous/7427672,https://cdn-consum.aktiosdigitalservices.com/tol/consum/media/product/img/300x300/7427672.jpg?t=20260812080424,2026-10-08T22:05:38
arroz,Consum,7456205,8410069020086,GALLO,Plumas XL Al Bronce,"Macarrones, espaguetis y tallarines",1.4,1.4,,False,3.11,KILO,1 Kg,False,https://tienda.consum.es/es/p/plumas-xl-al-bronce/7456205,https://cdn-consum.aktiosdigitalservices.com/tol/consum/media/product/img/300x300/7456205.jpg?t=20260826080030,2026-10-08T22:05:38
arroz,Consum,7456213,8410069020093,GALLO,Spaguetti XL Al Bronce,"Macarrones, espaguetis y tallarines",1.4,1.4,,False,3.11,KILO,1 Kg,False,https://tienda.consum.es/es/p/spaguetti-xl-al-bronce/7456213,https://cdn-consum.aktiosdigitalservices.com/tol/consum/media/product/img/300x300/7456213.jpg?t=20260826080031,2026-10-08T22:05:38
arroz,Consum,7456197,8410069021250,GALLO,Macarrón XL Al Bronce,"Macarrones, espaguetis y tallarines",1.4,1.4,,False,3.11,KILO,1 Kg,False,https://tienda.consum.es/es/p/macarron-xl-al-bronce/7456197,https://cdn-consum.aktiosdigitalservices.com/tol/consum/media/product/img/300x300/7456197.jpg?t=20260826080029,2026-10-08T22:05:38
arroz,Consum,7466035,8425205014287,PEDRO LUIS,Alubia Roja Frasco,Alubias cocidas,1.55,1.79,1.55,True,6.2,KILO,1 Kg,False,https://tienda.consum.es/es/p/alubia-roja-frasco/7466035,https://cdn-consum.aktiosdigitalservices.com/tol/consum/media/product/img/300x300/7466035.jpg?t=20260812080510,2026-10-08T22:05:38
arroz,Consum,7466043,8425205013693,PEDRO LUIS,Alubia Roja Frasco,Alubias cocidas,2.35,2.35,,False,4.7,KILO,1 Kg,False,https://tienda.consum.es/es/p/alubia-roja-frasco/7466043,https://cdn-consum.aktiosdigitalservices.com/tol/consum/media/product/img/300x300/7466043.jpg?t=20260812080510,2026-10-08T22:05:38
arroz,Consum,7466068,8425205014331,PEDRO LUIS,Alubia Arrocina Frasco,Alubias cocidas,2.45,2.45,,False,4.9,KILO,1 Kg,False,https://tienda.consum.es/es/p/alubia-arrocina-frasco/7466068,https://cdn-consum.aktiosdigitalservices.com/tol/consum/media/product/img/300x300/7466068.jpg?t=20260827105119,2026-10-08T22:05:38
arroz,Consum,7469687,8410069021892,GALLO,Hélices Proteinas,"Macarrones, espaguetis y tallarines",1.7,1.7,,False,4.25,KILO,1 Kg,False,https://tienda.consum.es/es/p/helices-proteinas/7469687,https://cdn-consum.aktiosdigitalservices.com/tol/consum/media/product/img/300x300/7469687.jpg?t=20260827105239,2026-10-08T22:05:38
arroz,Consum,7470698,8424058040559,ÑAMING,Sandwich Pro-Atún,Bocadillos y sándwiches,2.49,2.49,,False,14.23,KILO,1 Kg,False,https://tienda.consum.es/es/p/sandwich-pro-atun/7470698,https://cdn-consum.aktiosdigitalservices.com/tol/consum/media/product/img/300x300/7470698.jpg?t=20260812080516,2026-10-08T22:05:38
arroz,Consum,7472165,8410069021977,GALLO,Hélices Ensalada,Pasta ensaladas,1.4,1.4,,False,3.5,KILO,1 Kg,False,https://tienda.consum.es/es/p/helices-ensalada/7472165,https://cdn-consum.aktiosdigitalservices.com/tol/consum/media/product/img/300x300/7472165.jpg?t=20260827105327,2026-10-08T22:05:38
arroz,Consum,7484483,8414181002005,LA NAPOLITAN,Masa Empanadillas,Bases y masas,1.19,1.19,,False,5.53,KILO,1 Kg,False,https://tienda.consum.es/es/p/masa-empanadillas/7484483,https://cdn-consum.aktiosdigitalservices.com/tol/consum/media/product/img/300x300/7484483.jpg?t=20260818080154,2026-10-08T22:05:38
arroz,Consum,7486236,8410069041722,GALLO,Tortellini Queso,Pasta fresca,2.49,2.49,,False,9.96,KILO,1 Kg,False,https://tienda.consum.es/es/p/tortellini-queso/7486236,https://cdn-consum.aktiosdigitalservices.com/tol/consum/media/product/img/300x300/7486236.jpg?t=20261006080818,2026-10-08T22:05:38
arroz,Consum,7463073,8076809585385,BARILLA,Spaguettoni Al Bronzo,Pasta italiana,1.99,1.99,,False,3.98,KILO,1 Kg,False,https://tienda.consum.es/es/p/spaguettoni-al-bronzo/7463073,https://cdn-consum.aktiosdigitalservices.com/tol/consum/media/product/img/300x300/7463073.jpg?t=20260812080505,2026-10-08T22:05:38
arroz,Consum,7464279,8425011800319,GASTRO,Sandwich Atún Ensalada,Bocadillos y sándwiches,2.29,2.29,,False,11.45,KILO,1 Kg,False,https://tienda.consum.es/es/p/sandwich-atun-ensalada/7464279,https://cdn-consum.aktiosdigitalservices.com/tol/consum/media/product/img/300x300/7464279.jpg?t=20260812080507,2026-10-08T22:05:38
arroz,Consum,7466027,8425205013631,PEDRO LUIS,Alubia Blanca Frasco,Alubias cocidas,2.35,2.35,,False,4.7,KILO,1 Kg,False,https://tienda.consum.es/es/p/alubia-blanca-frasco/7466027,https://cdn-consum.aktiosdigitalservices.com/tol/consum/media/product/img/300x300/7466027.jpg?t=20260812080509,2026-10-08T22:05:38
arroz,Consum,7466076,8425205013921,PEDRO LUIS,Garbanzo con Verduras Frasco,Garbanzos cocidos,2.15,2.15,,False,6.23,KILO,1 Kg,False,https://tienda.consum.es/es/p/garbanzo-con-verduras-frasco/7466076,https://cdn-consum.aktiosdigitalservices.com/tol/consum/media/product/img/300x300/7466076.jpg?t=20260812080510,2026-10-08T22:05:38
arroz,Consum,7466084,8425205015284,PEDRO LUIS,Garbanzo Pedrosillano Con Caldo de verduras,Garbanzos cocidos,2.85,2.85,,False,6.4,KILO,1 Kg,False,https://tienda.consum.es/es/p/garbanzo-pedrosillano-con-caldo-de-verduras/7466084,https://cdn-consum.aktiosdigitalservices.com/tol/consum/media/product/img/300x300/7466084.jpg?t=20260812080510,2026-10-08T22:05:38
arroz,Consum,7466282,8410069021908,GALLO,Plumas Proteina,"Macarrones, espaguetis y tallarines",1.7,1.7,,False,4.25,KILO,1 Kg,False,https://tienda.consum.es/es/p/plumas-proteina/7466282,https://cdn-consum.aktiosdigitalservices.com/tol/consum/media/product/img/300x300/7466282.jpg?t=20260827105122,2026-10-08T22:05:38
arroz,Consum,7472157,8410069022141,GALLO,Fideo Nº1,Fideos y sopas,1.15,1.15,,False,2.88,KILO,1 Kg,False,https://tienda.consum.es/es/p/fideo-n1/7472157,https://cdn-consum.aktiosdigitalservices.com/tol/consum/media/product/img/300x300/7472157.jpg?t=20260827105326,2026-10-08T22:05:38
arroz,Consum,7472145,8410069022172,GALLO,Tiburón,"Macarrones, espaguetis y tallarines",1.15,1.15,,False,2.88,KILO,1 Kg,False,https://tienda.consum.es/es/p/tiburon/7472145,https://cdn-consum.aktiosdigitalservices.com/tol/consum/media/product/img/300x300/7472145.jpg?t=20260826080045,2026-10-08T22:05:38
arroz,Consum,7471993,8000139910159,GAROFALO,Linguine,Pasta italiana,1.79,1.79,,False,3.58,KILO,1 Kg,False,https://tienda.consum.es/es/p/linguine/7471993,https://cdn-consum.aktiosdigitalservices.com/tol/consum/media/product/img/300x300/7471993.jpg?t=20260812080518,2026-10-08T22:05:38
arroz,Consum,7022460,8410505191110,LUENGO,Lenteja Pardina,Lentejas secas,2.05,2.05,,False,4.1,KILO,1 Kg,False,https://tienda.consum.es/es/p/lenteja-pardina/7022460,https://cdn-consum.aktiosdigitalservices.com/tol/consum/media/product/img/300x300/7022460.jpg?t=20260812080150,2026-10-08T22:05:38
arroz,Consum,7454010,8410069021540,GALLO,Plumas 6,"Macarrones, espaguetis y tallarines",1.0,1.0,,False,2.5,KILO,1 Kg,False,https://tienda.consum.es/es/p/plumas-6/7454010,https://cdn-consum.aktiosdigitalservices.com/tol/consum/media/product/img/300x300/7454010.jpg?t=20260812080452,2026-10-08T22:05:38
arroz,Consum,7454015,8410069021557,GALLO,Spaguetti 3,"Macarrones, espaguetis y tallarines",1.0,1.0,,False,2.5,KILO,1 Kg,False,https://tienda.consum.es/es/p/spaguetti-3/7454015,https://cdn-consum.aktiosdigitalservices.com/tol/consum/media/product/img/300x300/7454015.jpg?t=20260812080452,2026-10-08T22:05:38
arroz,Consum,7373983,8410324400097,DELINATUR,Arroz con Pollo al Curry,Comida étnica,2.99,2.99,,False,10.68,KILO,1 Kg,False,https://tienda.consum.es/es/p/arroz-con-pollo-al-curry/7373983,https://cdn-consum.aktiosdigitalservices.com/tol/consum/media/product/img/300x300/7373983.jpg?t=20260812080343,2026-10-08T22:05:38
arroz,Consum,7425143,8436558315808,TA-TUNG,Arroz 3 Delicias,Comida étnica,2.49,2.99,2.49,True,9.96,KILO,1 Kg,False,https://tienda.consum.es/es/p/arroz-3-delicias/7425143,https://cdn-consum.aktiosdigitalservices.com/tol/consum/media/product/img/300x300/7425143.jpg?t=20260812080422,2026-10-08T22:05:38
arroz,Consum,7470362,8436611291322,SOCARRAET,Arroz de Verduras,Preparados de carne y pescado,3.49,3.49,,False,12.46,KILO,1 Kg,False,https://tienda.consum.es/es/p/arroz-de-verduras/7470362,https://cdn-consum.aktiosdigitalservices.com/tol/consum/media/product/img/300x300/7470362.jpg?t=20260826080044,2026-10-08T22:05:38
arroz,Consum,7469562,8435434376940,C.NAVARRA,Arroz con Verduras,Base arroz,1.99,1.99,,False,2.49,KILO,1 Kg,False,https://tienda.consum.es/es/p/arroz-con-verduras/7469562,https://cdn-consum.aktiosdigitalservices.com/tol/consum/media/product/img/300x300/7469562.jpg?t=20260812080514,2026-10-08T22:05:38
arroz,Consum,7440857,8436613310700,LASSAL,Arroz al Horno,Platos para llevar,4.99,4.99,,False,13.86,KILO,1 Kg,False,https://tienda.consum.es/es/p/arroz-al-horno/7440857,https://cdn-consum.aktiosdigitalservices.com/tol/consum/media/product/img/300x300/7440857.jpg?t=20260620075856,2026-10-08T22:05:38
arroz,Consum,7470367,8436611291575,SOCARRAET,Arroz de Secreto,Preparados de carne y pescado,3.59,3.59,,False,12.82,KILO,1 Kg,False,https://tienda.consum.es/es/p/arroz-de-secreto/7470367,https://cdn-consum.aktiosdigitalservices.com/tol/consum/media/product/img/300x300/7470367.jpg?t=20260814075824,2026-10-08T22:05:38
arroz,Consum,7470370,8436611291667,SOCARRAET,Arroz a Banda,Preparados de carne y pescado,3.79,3.79,,False,13.54,KILO,1 Kg,False,https://tienda.consum.es/es/p/arroz-a-banda/7470370,https://cdn-consum.aktiosdigitalservices.com/tol/consum/media/product/img/300x300/7470370.jpg?t=20260819080057,2026-10-08T22:05:38
arroz,Consum,7385839,8420321690926,FRIPOZO,Arroz con Mucho Pavo,Base arroz,2.55,2.85,2.55,True,5.1,KILO,1 Kg,False,https://tienda.consum.es/es/p/arroz-con-mucho-pavo/7385839,https://cdn-consum.aktiosdigitalservices.com/tol/consum/media/product/img/300x300/7385839.jpg?t=20260814075745,2026-10-08T22:05:38
arroz,Consum,7428311,8436613310090,LASSAL,Arroz a Banda,Platos para llevar,4.99,4.99,,False,15.12,KILO,1 Kg,False,https://tienda.consum.es/es/p/arroz-a-banda/7428311,https://cdn-consum.aktiosdigitalservices.com/tol/consum/media/product/img/300x300/7428311.jpg?t=20260620075850,2026-10-08T22:05:38
arroz,Consum,551606,8423207000062,BICENTURY,Tortitas de Arroz Integral Paquete,Tortitas,1.85,1.85,,False,14.23,KILO,1 Kg,False,https://tienda.consum.es/es/p/tortitas-de-arroz-integral-paquete/551606,https://cdn-consum.aktiosdigitalservices.com/tol/consum/media/product/img/300x300/551606.jpg?t=20260812080138,2026-10-08T22:05:38
arroz,Consum,231357,8434702003755,FINDUS,Arroz 3 Delicias Salto Tradicional,Base arroz,3.99,3.99,,False,7.98,KILO,1 Kg,False,https://tienda.consum.es/es/p/arroz-3-delicias-salto-tradicional/231357,https://cdn-consum.aktiosdigitalservices.com/tol/consum/media/product/img/300x300/231357.jpg?t=20260827095245,2026-10-08T22:05:38
arroz,Consum,7420842,8414807557513,CONSUM,Risotto con Champiñones y Boletus,Base arroz,2.69,2.69,,False,5.38,KILO,1 Kg,False,https://tienda.consum.es/es/p/risotto-con-champinones-y-boletus/7420842,https://cdn-consum.aktiosdigitalservices.com/tol/consum/media/product/img/300x300/7420842.jpg?t=20260812080418,2026-10-08T22:05:38
arroz,Consum,7350747,8414807549297,CONSUM,Tortitas Arroz con Chocolate Negro,Tortitas,1.95,1.95,,False,15.0,KILO,1 Kg,False,https://tienda.consum.es/es/p/tortitas-arroz-con-chocolate-negro/7350747,https://cdn-consum.aktiosdigitalservices.com/tol/consum/media/product/img/300x300/7350747.jpg?t=20260821075811,2026-10-08T22:05:38
arroz,Consum,7378680,8423207210843,BICENTURY,Tortita Arroz Integral con Chocolate Negro,Tortitas,2.99,2.99,,False,23.0,KILO,1 Kg,False,https://tienda.consum.es/es/p/tortita-arroz-integral-con-chocolate-negro/7378680,https://cdn-consum.aktiosdigitalservices.com/tol/consum/media/product/img/300x300/7378680.jpg?t=20260812080346,2026-10-08T22:05:38
arroz,Consum,7430684,8413022055545,YANG-TSE,Obleas de Arroz Paquete,Asiático,1.69,2.09,1.69,True,11.26,KILO,1 Kg,False,https://tienda.consum.es/es/p/obleas-de-arroz-paquete/7430684,https://cdn-consum.aktiosdigitalservices.com/tol/consum/media/product/img/300x300/7430684.jpg?t=20260812080427,2026-10-08T22:05:38
arroz,Consum,965520,8410901124057,REX,Harina de Arroz Paquete,Harina,1.25,1.25,,False,2.5,KILO,1 Kg,False,https://tienda.consum.es/es/p/harina-de-arroz-paquete/965520,https://cdn-consum.aktiosdigitalservices.com/tol/consum/media/product/img/300x300/965520.jpg?t=20260812080142,2026-10-08T22:05:38
arroz,Consum,7307403,8423207209908,BICENTURY,Tortitas Arroz Chocolate Blanco y Frutos Rojos,Tortitas,2.99,2.99,,False,22.65,KILO,1 Kg,False,https://tienda.consum.es/es/p/tortitas-arroz-chocolate-blanco-y-frutos-rojos/7307403,https://cdn-consum.aktiosdigitalservices.com/tol/consum/media/product/img/300x300/7307403.jpg?t=20260812080310,2026-10-08T22:05:38
arroz,Consum,7291805,8422584315813,ECOCESTA,Tortita Arroz y Quinoa Ecológica,Despensa,1.95,1.95,,False,16.25,KILO,1 Kg,False,https://tienda.consum.es/es/p/tortita-arroz-y-quinoa-ecologica/7291805,https://cdn-consum.aktiosdigitalservices.com/tol/consum/media/product/img/300x300/7291805.jpg?t=20260827101623,2026-10-08T22:05:38
arroz,Consum,3817145,8437018566150,CONSUM,Preparado Arroz al Horno,Arreglos,4.95,4.95,,False,7.58,KILO,1 Kg,False,https://tienda.consum.es/es/p/preparado-arroz-al-horno/3817145,https://cdn-consum.aktiosdigitalservices.com/tol/consum/media/product/img/300x300/3817145.jpg?t=20260812080145,2026-10-08T22:05:38
arroz,Consum,7169626,8423207000093,BICENTURY,Tortitas de Arroz Sabor Yogur,Tortitas,2.75,2.75,,False,21.09,KILO,1 Kg,False,https://tienda.consum.es/es/p/tortitas-de-arroz-sabor-yogur/7169626,https://cdn-consum.aktiosdigitalservices.com/tol/consum/media/product/img/300x300/7169626.jpg?t=20260812080217,2026-10-08T22:05:38
arroz,Consum,7250314,8710605092073,GO-TAN,Tallarines de Arroz,Asiático,2.49,2.49,,False,9.96,KILO,1 Kg,False,https://tienda.consum.es/es/p/tallarines-de-arroz/7250314,https://cdn-consum.aktiosdigitalservices.com/tol/consum/media/product/img/300x300/7250314.jpg?t=20260812080246,2026-10-08T22:05:38
arroz,Consum,1248699,8423207000086,BICENTURY,Tortitas de Arroz Chocolate Negro,Tortitas,2.75,2.75,,False,21.15,KILO,1 Kg,False,https://tienda.consum.es/es/p/tortitas-de-arroz-chocolate-negro/1248699,https://cdn-consum.aktiosdigitalservices.com/tol/consum/media/product/img/300x300/1248699.jpg?t=20260812080143,2026-10-08T22:05:38
arroz,Consum,7216617,8410416005087,CARRETILLA,Fideuá,Preparados de pasta y arroz,3.25,3.25,,False,13.0,KILO,1 Kg,False,https://tienda.consum.es/es/p/fideua/7216617,https://cdn-consum.aktiosdigitalservices.com/tol/consum/media/product/img/300x300/7216617.jpg?t=20260827100932,2026-10-08T22:05:38
arroz,Consum,7442106,5600230001195,DUNANY,Risotto,Preparados de carne y pescado,2.79,2.79,,False,9.96,KILO,1 Kg,False,https://tienda.consum.es/es/p/risotto/7442106,https://cdn-consum.aktiosdigitalservices.com/tol/consum/media/product/img/300x300/7442106.jpg?t=20260812080440,2026-10-08T22:05:38
arroz,Consum,7443435,8437014583045,SMILEAT,Tarrito de Pollo con Arroz Eco,Despensa,2.69,2.69,,False,12.23,KILO,1 Kg,False,https://tienda.consum.es/es/p/tarrito-de-pollo-con-arroz-eco/7443435,https://cdn-consum.aktiosdigitalservices.com/tol/consum/media/product/img/300x300/7443435.jpg?t=20260812080441,2026-10-08T22:05:38
arroz,Consum,7044803,8410300101741,G.BLANCA,Sopa Deshidratada Ave y Arroz Sobre,Sopas en sobre,0.85,0.85,,False,10.63,KILO,1 Kg,False,https://tienda.consum.es/es/p/sopa-deshidratada-ave-y-arroz-sobre/7044803,https://cdn-consum.aktiosdigitalservices.com/tol/consum/media/product/img/300x300/7044803.jpg?t=20260812080154,2026-10-08T22:05:38
arroz,Consum,7173458,8410416006145,CARRETILLA,Macarrones Boloñesa Bandeja,Preparados de pasta y arroz,3.25,3.25,,False,10.0,KILO,1 Kg,False,https://tienda.consum.es/es/p/macarrones-bolonesa-bandeja/7173458,https://cdn-consum.aktiosdigitalservices.com/tol/consum/media/product/img/300x300/7173458.jpg?t=20260827100610,2026-10-08T22:05:38
arroz,Consum,7346083,8410324400110,DELINATUR,Fideuá de Pescado y Marisco,Preparados de carne y pescado,3.79,3.79,,False,13.54,KILO,1 Kg,False,https://tienda.consum.es/es/p/fideua-de-pescado-y-marisco/7346083,https://cdn-consum.aktiosdigitalservices.com/tol/consum/media/product/img/300x300/7346083.jpg?t=20260812080328,2026-10-08T22:05:38
arroz,Consum,7365653,8420678000041,EL PAJARERO,Higos Secos con Harina de Arroz,Fruta desecada,2.35,2.35,,False,4.7,KILO,1 Kg,False,https://tienda.consum.es/es/p/higos-secos-con-harina-de-arroz/7365653,https://cdn-consum.aktiosdigitalservices.com/tol/consum/media/product/img/300x300/7365653.jpg?t=20251223080505,2026-10-08T22:05:38
arroz,Consum,7307411,8423207209915,BICENTURY,Tortitas Arroz Chocolate Con Trozos de Avellana,Tortitas,2.99,2.99,,False,21.06,KILO,1 Kg,False,https://tienda.consum.es/es/p/tortitas-arroz-chocolate-con-trozos-de-avellana/7307411,https://cdn-consum.aktiosdigitalservices.com/tol/consum/media/product/img/300x300/7307411.jpg?t=20260812080310,2026-10-08T22:05:38
arroz,Consum,7420565,8436042308514,TIGER KHAN,Fideos Vermicellis de Arroz,Asiático,2.39,2.39,,False,9.56,KILO,1 Kg,False,https://tienda.consum.es/es/p/fideos-vermicellis-de-arroz/7420565,https://cdn-consum.aktiosdigitalservices.com/tol/consum/media/product/img/300x300/7420565.jpg?t=20260812080417,2026-10-08T22:05:38
arroz,Consum,7420594,8436042308552,TIGER KHAN,Vinagre de Arroz Botella,Asiático,2.29,2.29,,False,11.45,LITRO,1 L,False,https://tienda.consum.es/es/p/vinagre-de-arroz-botella/7420594,https://cdn-consum.aktiosdigitalservices.com/tol/consum/media/product/img/300x300/7420594.jpg?t=20260812080417,2026-10-08T22:05:38
arroz,Consum,7426625,8420678000331,PAJARERO,Higos Secos con Harina de Arroz,Fruta desecada,1.59,1.59,,False,5.3,KILO,1 Kg,False,https://tienda.consum.es/es/p/higos-secos-con-harina-de-arroz/7426625,https://cdn-consum.aktiosdigitalservices.com/tol/consum/media/product/img/300x300/7426625.jpg?t=20251219080607,2026-10-08T22:05:38
arroz,Consum,7474935,8805957024008,KOREANSTREET,Pasteles de Arroz Topokki,Asiático,2.99,2.99,,False,14.95,KILO,1 Kg,False,https://tienda.consum.es/es/p/pasteles-de-arroz-topokki/7474935,https://cdn-consum.aktiosdigitalservices.com/tol/consum/media/product/img/300x300/7474935.jpg?t=20260827105444,2026-10-08T22:05:38
arroz,Consum,7220833,8410376040579,GULLON,Tortitas Arroz Vitalday,Tortitas,1.1,1.1,,False,9.55,KILO,1 Kg,False,https://tienda.consum.es/es/p/tortitas-arroz-vitalday/7220833,https://cdn-consum.aktiosdigitalservices.com/tol/consum/media/product/img/300x300/7220833.jpg?t=20260812080235,2026-10-08T22:05:38
arroz,Consum,396663,8410175050120,HERO,Tarrito Arroz con Pollo,Potitos de Carne,1.8,1.8,,False,7.66,KILO,1 Kg,False,https://tienda.consum.es/es/p/tarrito-arroz-con-pollo/396663,https://cdn-consum.aktiosdigitalservices.com/tol/consum/media/product/img/300x300/396663.jpg?t=20260812080136,2026-10-08T22:05:38
arroz,Consum,7447563,8436613310847,LASSAL,Pollo Teriyaki con Ajitos Tiernos Setas y Arroz,Platos para llevar,4.99,4.99,,False,14.46,KILO,1 Kg,False,https://tienda.consum.es/es/p/pollo-teriyaki-con-ajitos-tiernos-setas-y-arroz/7447563,https://cdn-consum.aktiosdigitalservices.com/tol/consum/media/product/img/300x300/7447563.jpg?t=20260620075859,2026-10-08T22:05:38
arroz,Consum,414870,8410175051226,HERO,Tarrito Zanahoria y Arroz con Caldo de Ave,Potitos y platos preparados,1.8,1.8,,False,7.66,KILO,1 Kg,False,https://tienda.consum.es/es/p/tarrito-zanahoria-y-arroz-con-caldo-de-ave/414870,https://cdn-consum.aktiosdigitalservices.com/tol/consum/media/product/img/300x300/414870.jpg?t=20260812080137,2026-10-08T22:05:38
arroz,Consum,7278575,8414476999232,HUERTA ONDA,Licor Crema de Arroz,Licores y cremas,6.35,6.35,,False,9.07,LITRO,1 L,False,https://tienda.consum.es/es/p/licor-crema-de-arroz/7278575,https://cdn-consum.aktiosdigitalservices.com/tol/consum/media/product/img/300x300/7278575.jpg?t=20260812080255,2026-10-08T22:05:38
arroz,Consum,7261134,8410650892412,ULTIMA,Comida Seca Perros de Pollo & Arroz,Comida Seca,25.95,32.99,25.95,True,3.46,KILO,1 Kg,False,https://tienda.consum.es/es/p/comida-seca-perros-de-pollo-arroz/7261134,https://cdn-consum.aktiosdigitalservices.com/tol/consum/media/product/img/300x300/7261134.jpg?t=20260812080249,2026-10-08T22:05:38
arroz,Consum,7363328,8414807550934,VITALITY,Comida Seca Gato Júnior Rico en Pollo y Arroz,Comida Seca,3.3,3.3,,False,2.2,KILO,1 Kg,False,https://tienda.consum.es/es/p/comida-seca-gato-junior-rico-en-pollo-y-arroz/7363328,https://cdn-consum.aktiosdigitalservices.com/tol/consum/media/product/img/300x300/7363328.jpg?t=20260812080338,2026-10-08T22:05:38
arroz,Consum,7254220,8412148005434,5FANECADES,Licor Crema de Arroz,Licores y cremas,10.5,10.5,,False,15.0,LITRO,1 L,False,https://tienda.consum.es/es/p/licor-crema-de-arroz/7254220,https://cdn-consum.aktiosdigitalservices.com/tol/consum/media/product/img/300x300/7254220.jpg?t=20260812080247,2026-10-08T22:05:38
arroz,Consum,7284891,8414476999249,HUERTA ONDA,Licor Crema de Arroz Con Fresas,Licores y cremas,6.35,6.35,,False,9.07,LITRO,1 L,False,https://tienda.consum.es/es/p/licor-crema-de-arroz-con-fresas/7284891,https://cdn-consum.aktiosdigitalservices.com/tol/consum/media/product/img/300x300/7284891.jpg?t=20260812080258,2026-10-08T22:05:38
arroz,Consum,7373988,8410324400103,DELINATUR,Pollo y Almendras con Arroz,Preparados de carne y pescado,3.59,3.59,,False,12.82,KILO,1 Kg,False,https://tienda.consum.es/es/p/pollo-y-almendras-con-arroz/7373988,https://cdn-consum.aktiosdigitalservices.com/tol/consum/media/product/img/300x300/7373988.jpg?t=20260812080343,2026-10-08T22:05:38
arroz,Consum,7377224,8445292009645,NESTLE,Crema de Arroz sin Gluten,Papillas,2.5,2.5,,False,13.89,KILO,1 Kg,False,https://tienda.consum.es/es/p/crema-de-arroz-sin-gluten/7377224,https://cdn-consum.aktiosdigitalservices.com/tol/consum/media/product/img/300x300/7377224.jpg?t=20260827102701,2026-10-08T22:05:38
arroz,Consum,7286503,8412148006097,5FANECADES,Licor Crema de Arroz con Cazalla,Licores y cremas,10.5,10.5,,False,15.0,LITRO,1 L,False,https://tienda.consum.es/es/p/licor-crema-de-arroz-con-cazalla/7286503,https://cdn-consum.aktiosdigitalservices.com/tol/consum/media/product/img/300x300/7286503.jpg?t=20260812080259,2026-10-08T22:05:38
arroz,Consum,7405285,8410175073792,HERO,Crema de Arroz Sin Gluten y Sin Azúcar,Papillas,2.65,2.95,2.65,True,12.05,KILO,1 Kg,False,https://tienda.consum.es/es/p/crema-de-arroz-sin-gluten-y-sin-azucar/7405285,https://cdn-consum.aktiosdigitalservices.com/tol/consum/media/product/img/300x300/7405285.jpg?t=20260812080405,2026-10-08T22:05:38
arroz,Consum,7437619,8436558316355,TA-TUNG,Pollo Teriyaki con Arroz Japonés,Preparados de carne y pescado,2.75,3.45,2.75,True,11.0,KILO,1 Kg,False,https://tienda.consum.es/es/p/pollo-teriyaki-con-arroz-japones/7437619,https://cdn-consum.aktiosdigitalservices.com/tol/consum/media/product/img/300x300/7437619.jpg?t=20260827104114,2026-10-08T22:05:38
arroz,Consum,7471758,8410324400349,DELINATUR,Tex-Mex Pulled Pork Con Frijoles y Arroz,Preparados de carne y pescado,3.59,3.59,,False,12.82,KILO,1 Kg,False,https://tienda.consum.es/es/p/tex-mex-pulled-pork-con-frijoles-y-arroz/7471758,https://cdn-consum.aktiosdigitalservices.com/tol/consum/media/product/img/300x300/7471758.jpg?t=20260827105314,2026-10-08T22:05:38
pasta,Consum,7223246,8414807534118,CONSUM,Canelones de Carne con Bechamel,Base pasta,1.75,1.75,,False,5.83,KILO,1 Kg,False,https://tienda.consum.es/es/p/canelones-de-carne-con-bechamel/7223246,https://cdn-consum.aktiosdigitalservices.com/tol/consum/media/product/img/300x300/7223246.jpg?t=20260812080236,2026-10-08T22:05:43
pasta,Consum,710343,8410100063935,MAGGI,Pasta Oriental Pollo Bolsa,Noodles,0.85,0.99,0.85,True,11.97,KILO,1 Kg,False,https://tienda.consum.es/es/p/pasta-oriental-pollo-bolsa/710343,https://cdn-consum.aktiosdigitalservices.com/tol/consum/media/product/img/300x300/710343.jpg?t=20260812080140,2026-10-08T22:05:43
pasta,Consum,7302073,8414807543257,CONSUM,Pasta Oriental,Base pasta,3.39,3.39,,False,5.65,KILO,1 Kg,False,https://tienda.consum.es/es/p/pasta-oriental/7302073,https://cdn-consum.aktiosdigitalservices.com/tol/consum/media/product/img/300x300/7302073.jpg?t=20260812080307,2026-10-08T22:05:43
pasta,Consum,7465839,8410770911956,TREVIJANO,Pasta con Setas,Sopas en sobre,3.75,3.75,,False,18.75,KILO,1 Kg,False,https://tienda.consum.es/es/p/pasta-con-setas/7465839,https://cdn-consum.aktiosdigitalservices.com/tol/consum/media/product/img/300x300/7465839.jpg?t=20260812080509,2026-10-08T22:05:43
pasta,Consum,7393916,8434702004639,LA COCINERA,Canelones Carne Pack de 6 Unidades,Base pasta,2.79,3.99,2.79,True,5.58,KILO,1 Kg,False,https://tienda.consum.es/es/p/canelones-carne-pack-de-6-unidades/7393916,https://cdn-consum.aktiosdigitalservices.com/tol/consum/media/product/img/300x300/7393916.jpg?t=20260901080248,2026-10-08T22:05:43
pasta,Consum,7465888,8423316164808,NOS,Tallarines con Salsa Marinara y Langostinos,Preparados de pasta,2.99,3.49,2.99,True,9.96,KILO,1 Kg,False,https://tienda.consum.es/es/p/tallarines-con-salsa-marinara-y-langostinos/7465888,https://cdn-consum.aktiosdigitalservices.com/tol/consum/media/product/img/300x300/7465888.jpg?t=20260815075908,2026-10-08T22:05:43
pasta,Consum,7431349,8434702003458,LA COCINERA,Canelones Espinacas y Queso Fresco,Base pasta,2.09,2.99,2.09,True,7.47,KILO,1 Kg,False,https://tienda.consum.es/es/p/canelones-espinacas-y-queso-fresco/7431349,https://cdn-consum.aktiosdigitalservices.com/tol/consum/media/product/img/300x300/7431349.jpg?t=20260901080359,2026-10-08T22:05:43
pasta,Consum,7448066,8434702003434,LA COCINERA,Canelones de Champiñón y Mix de Setas,Base pasta,2.39,2.99,2.39,True,8.54,KILO,1 Kg,False,https://tienda.consum.es/es/p/canelones-de-champinon-y-mix-de-setas/7448066,https://cdn-consum.aktiosdigitalservices.com/tol/consum/media/product/img/300x300/7448066.jpg?t=20260901080455,2026-10-08T22:05:43
pasta,Consum,7349269,5600230001010,DUNANY,Canelones de Carne con Boletus,Preparados de pasta,3.7,3.7,,False,10.57,KILO,1 Kg,False,https://tienda.consum.es/es/p/canelones-de-carne-con-boletus/7349269,https://cdn-consum.aktiosdigitalservices.com/tol/consum/media/product/img/300x300/7349269.jpg?t=20260812080330,2026-10-08T22:05:43
pasta,Consum,7362945,5600230001157,DUNANY,Tallarines Carbonara,Preparados de pasta,2.29,2.29,,False,8.18,KILO,1 Kg,False,https://tienda.consum.es/es/p/tallarines-carbonara/7362945,https://cdn-consum.aktiosdigitalservices.com/tol/consum/media/product/img/300x300/7362945.jpg?t=20260901080222,2026-10-08T22:05:43
pasta,Consum,7362937,5600230001164,DUNANY,Macarrones Boloñesa,Preparados de pasta,2.5,2.5,,False,8.93,KILO,1 Kg,False,https://tienda.consum.es/es/p/macarrones-bolonesa/7362937,https://cdn-consum.aktiosdigitalservices.com/tol/consum/media/product/img/300x300/7362937.jpg?t=20260812080337,2026-10-08T22:05:43
pasta,Consum,7213098,8410705023167,MAHESO,Canelones de Carne con Bechamel,Base pasta,6.85,6.85,,False,6.85,KILO,1 Kg,False,https://tienda.consum.es/es/p/canelones-de-carne-con-bechamel/7213098,https://cdn-consum.aktiosdigitalservices.com/tol/consum/media/product/img/300x300/7213098.jpg?t=20260901080025,2026-10-08T22:05:43
pasta,Consum,7478824,8410104922849,CILLIT BANG,Pasta Limpiadora Multiusos,Limpiacristales y multiusos,3.49,4.99,3.49,True,7.43,KILO,1 Kg,False,https://tienda.consum.es/es/p/pasta-limpiadora-multiusos/7478824,https://cdn-consum.aktiosdigitalservices.com/tol/consum/media/product/img/300x300/7478824.jpg?t=20260901080757,2026-10-08T22:05:43
pasta,Consum,7347818,8414807546906,CONSUM,Ensalada Completa de Pasta y Pollo,Ensaladas preparadas y guacamole,3.1,3.1,,False,10.0,KILO,1 Kg,False,https://tienda.consum.es/es/p/ensalada-completa-de-pasta-y-pollo/7347818,https://cdn-consum.aktiosdigitalservices.com/tol/consum/media/product/img/300x300/7347818.jpg?t=20260812080329,2026-10-08T22:05:43
pasta,Consum,7453561,8410705033289,MAHESO,Lasaña Boloñesa sin Gluten,Base pasta,4.59,4.59,,False,8.74,KILO,1 Kg,False,https://tienda.consum.es/es/p/lasana-bolonesa-sin-gluten/7453561,https://cdn-consum.aktiosdigitalservices.com/tol/consum/media/product/img/300x300/7453561.jpg?t=20260827104608,2026-10-08T22:05:43
pasta,Consum,7238244,8430340026071,LACER,Pasta Dental Duplo,Dentífricos,11.35,11.35,,False,45.4,LITRO,100 ml,False,https://tienda.consum.es/es/p/pasta-dental-duplo/7238244,https://cdn-consum.aktiosdigitalservices.com/tol/consum/media/product/img/300x300/7238244.jpg?t=20260812080241,2026-10-08T22:05:43
pasta,Consum,7460053,8410843152460,ELPOZO,Pasta Box Jamón York y Queso Emmental,Preparados de pasta,2.99,2.99,,False,10.68,KILO,1 Kg,False,https://tienda.consum.es/es/p/pasta-box-jamon-york-y-queso-emmental/7460053,https://cdn-consum.aktiosdigitalservices.com/tol/consum/media/product/img/300x300/7460053.jpg?t=20260812080500,2026-10-08T22:05:43
pasta,Consum,7423387,8430340058119,LACER,Pasta Encías Delicadas Duplo,Dentífricos,13.49,13.49,,False,54.0,LITRO,100 ml,False,https://tienda.consum.es/es/p/pasta-encias-delicadas-duplo/7423387,https://cdn-consum.aktiosdigitalservices.com/tol/consum/media/product/img/300x300/7423387.jpg?t=20260812080420,2026-10-08T22:05:43
pasta,Consum,7423408,8470003319782,LACER,Pasta Junior Fresa Fluor + Calcio  Tubo,Dentífricos,4.99,4.99,,False,66.5,LITRO,100 ml,False,https://tienda.consum.es/es/p/pasta-junior-fresa-fluor-calcio-tubo/7423408,https://cdn-consum.aktiosdigitalservices.com/tol/consum/media/product/img/300x300/7423408.jpg?t=20260812080420,2026-10-08T22:05:43
pasta,Consum,7216679,8410300373247,YATEKOMO,Fideos Orientales Curry Yatekomo,Noodles,1.65,1.65,,False,27.05,KILO,1 Kg,False,https://tienda.consum.es/es/p/fideos-orientales-curry-yatekomo/7216679,https://cdn-consum.aktiosdigitalservices.com/tol/consum/media/product/img/300x300/7216679.jpg?t=20260812080233,2026-10-08T22:05:43
pasta,Consum,301580,8410300101307,G.BLANCA,Tallarines Carbonara Sobre,Sopas en sobre,2.49,2.49,,False,17.41,KILO,1 Kg,False,https://tienda.consum.es/es/p/tallarines-carbonara-sobre/301580,https://cdn-consum.aktiosdigitalservices.com/tol/consum/media/product/img/300x300/301580.jpg?t=20260827095258,2026-10-08T22:05:43
pasta,Consum,369074,8410300100492,G.BLANCA,Tallarines Parmesana Sobre,Sopas en sobre,2.49,2.49,,False,17.41,KILO,1 Kg,False,https://tienda.consum.es/es/p/tallarines-parmesana-sobre/369074,https://cdn-consum.aktiosdigitalservices.com/tol/consum/media/product/img/300x300/369074.jpg?t=20260827095440,2026-10-08T22:05:43
pasta,Consum,7423395,8430340058126,LACER,Pasta Triple Acción Duplo,Dentífricos,14.35,14.35,,False,57.4,LITRO,100 ml,False,https://tienda.consum.es/es/p/pasta-triple-accion-duplo/7423395,https://cdn-consum.aktiosdigitalservices.com/tol/consum/media/product/img/300x300/7423395.jpg?t=20260812080420,2026-10-08T22:05:43
pasta,Consum,7389489,8420594010148,GARCINUEZ,Pastas de Té Bandeja,Desayuno y maría,1.89,1.89,,False,5.4,KILO,1 Kg,False,https://tienda.consum.es/es/p/pastas-de-te-bandeja/7389489,https://cdn-consum.aktiosdigitalservices.com/tol/consum/media/product/img/300x300/7389489.jpg?t=20260812080352,2026-10-08T22:05:43
pasta,Consum,7333128,8413022055118,YANG-TSE,Fideos Vermicelli Bolsa,Asiático,2.49,2.49,,False,9.96,KILO,1 Kg,False,https://tienda.consum.es/es/p/fideos-vermicelli-bolsa/7333128,https://cdn-consum.aktiosdigitalservices.com/tol/consum/media/product/img/300x300/7333128.jpg?t=20260827102149,2026-10-08T22:05:43
pasta,Consum,7341514,8410300373285,YATEKOMO,Fideos Orientales Hot&Spicy Yatekomo,Noodles,1.65,1.65,,False,27.5,KILO,1 Kg,False,https://tienda.consum.es/es/p/fideos-orientales-hotspicy-yatekomo/7341514,https://cdn-consum.aktiosdigitalservices.com/tol/consum/media/product/img/300x300/7341514.jpg?t=20260812080326,2026-10-08T22:05:43
pasta,Consum,7460301,8470001691712,LACER,Pasta LacerBlanc Menta,Dentífricos,7.6,7.6,,False,101.3,LITRO,100 ml,False,https://tienda.consum.es/es/p/pasta-lacerblanc-menta/7460301,https://cdn-consum.aktiosdigitalservices.com/tol/consum/media/product/img/300x300/7460301.jpg?t=20260812080501,2026-10-08T22:05:43
pasta,Consum,7351489,3179142059348,VAHINÉ,Fideos Arco Iris Frasco,Decoración postres,2.25,2.25,,False,31.69,KILO,1 Kg,False,https://tienda.consum.es/es/p/fideos-arco-iris-frasco/7351489,https://cdn-consum.aktiosdigitalservices.com/tol/consum/media/product/img/300x300/7351489.jpg?t=20260812080331,2026-10-08T22:05:43
pasta,Consum,7356483,3179142000388,VAHINE,Fideos Chocolate,Decoración postres,2.25,2.25,,False,31.69,KILO,1 Kg,False,https://tienda.consum.es/es/p/fideos-chocolate/7356483,https://cdn-consum.aktiosdigitalservices.com/tol/consum/media/product/img/300x300/7356483.jpg?t=20260812080334,2026-10-08T22:05:43
pasta,Consum,7411226,5201043113206,ILIADA,Pasta de Aceitunas de Kalamata,Untables,2.49,2.49,,False,18.44,KILO,1 Kg,False,https://tienda.consum.es/es/p/pasta-de-aceitunas-de-kalamata/7411226,https://cdn-consum.aktiosdigitalservices.com/tol/consum/media/product/img/300x300/7411226.jpg?t=20260812080409,2026-10-08T22:05:43
pasta,Consum,7483837,5054563290304,PARODONTAX,Pasta Dental Refuerza y Protege,Dentífricos,11.4,11.4,,False,76.0,LITRO,100 ml,False,https://tienda.consum.es/es/p/pasta-dental-refuerza-y-protege/7483837,https://cdn-consum.aktiosdigitalservices.com/tol/consum/media/product/img/300x300/7483837.jpg?t=20260901080941,2026-10-08T22:05:43
pasta,Consum,7483832,5054563290250,PARODONTAX,Pasta Dental Sin Flúor,Dentífricos,9.5,9.5,,False,63.3,LITRO,100 ml,False,https://tienda.consum.es/es/p/pasta-dental-sin-fluor/7483832,https://cdn-consum.aktiosdigitalservices.com/tol/consum/media/product/img/300x300/7483832.jpg?t=20260901080941,2026-10-08T22:05:43
pasta,Consum,7196538,8410300373223,YATEKOMO,Fideos Orientales Pollo Yatekomo,Noodles,1.65,1.65,,False,27.5,KILO,1 Kg,False,https://tienda.consum.es/es/p/fideos-orientales-pollo-yatekomo/7196538,https://cdn-consum.aktiosdigitalservices.com/tol/consum/media/product/img/300x300/7196538.jpg?t=20260827100756,2026-10-08T22:05:43
pasta,Consum,7178734,8414807527219,CONSUM,Sopa Pollo con Fideos Sobre,Sopas en sobre,0.55,0.55,,False,8.33,KILO,1 Kg,False,https://tienda.consum.es/es/p/sopa-pollo-con-fideos-sobre/7178734,https://cdn-consum.aktiosdigitalservices.com/tol/consum/media/product/img/300x300/7178734.jpg?t=20260812080219,2026-10-08T22:05:43
pasta,Consum,7446032,8414807560339,CONSUM,Rulo de Cabra,Pasta blanda cabra,2.39,2.39,,False,13.28,KILO,1 Kg,False,https://tienda.consum.es/es/p/rulo-de-cabra/7446032,https://cdn-consum.aktiosdigitalservices.com/tol/consum/media/product/img/300x300/7446032.jpg?t=20260812080444,2026-10-08T22:05:43
pasta,Consum,7461668,8414807561664,CONSUM,Lasaña Verduras,Base pasta,1.75,1.75,,False,5.83,KILO,1 Kg,False,https://tienda.consum.es/es/p/lasana-verduras/7461668,https://cdn-consum.aktiosdigitalservices.com/tol/consum/media/product/img/300x300/7461668.jpg?t=20260812080503,2026-10-08T22:05:43
pasta,Consum,7223253,8414807534125,CONSUM,Lasaña Boloñesa con Bechamel,Base pasta,1.75,1.75,,False,5.83,KILO,1 Kg,False,https://tienda.consum.es/es/p/lasana-bolonesa-con-bechamel/7223253,https://cdn-consum.aktiosdigitalservices.com/tol/consum/media/product/img/300x300/7223253.jpg?t=20260812080236,2026-10-08T22:05:43
pasta,Consum,7220221,8414516085598,FLORETTE,Ensalada Pasta y Rúcula Completa,Ensaladas preparadas y guacamole,3.59,3.59,,False,11.05,KILO,1 Kg,False,https://tienda.consum.es/es/p/ensalada-pasta-y-rucula-completa/7220221,https://cdn-consum.aktiosdigitalservices.com/tol/consum/media/product/img/300x300/7220221.jpg?t=20260812080234,2026-10-08T22:05:43
pasta,Consum,7483498,8422634000959,GOURMET ZF,Ensalada de Pasta,Ensaladas y humus,2.99,2.99,,False,11.96,KILO,1 Kg,False,https://tienda.consum.es/es/p/ensalada-de-pasta/7483498,https://cdn-consum.aktiosdigitalservices.com/tol/consum/media/product/img/300x300/7483498.jpg?t=20260829075943,2026-10-08T22:05:43
pasta,Consum,7428303,8436613310069,LASSAL,Canelones de Pollo,Platos para llevar,4.99,4.99,,False,16.63,KILO,1 Kg,False,https://tienda.consum.es/es/p/canelones-de-pollo/7428303,https://cdn-consum.aktiosdigitalservices.com/tol/consum/media/product/img/300x300/7428303.jpg?t=20260620075849,2026-10-08T22:05:43
pasta,Consum,7425192,8436558315785,TA-TUNG,Tallarines al Wok,Comida étnica,2.99,2.99,,False,11.96,KILO,1 Kg,False,https://tienda.consum.es/es/p/tallarines-al-wok/7425192,https://cdn-consum.aktiosdigitalservices.com/tol/consum/media/product/img/300x300/7425192.jpg?t=20260901080354,2026-10-08T22:05:43
pasta,Consum,7425213,8436558315792,TA-TUNG,Fideos Yakisoba,Comida étnica,3.99,3.99,,False,15.96,KILO,1 Kg,False,https://tienda.consum.es/es/p/fideos-yakisoba/7425213,https://cdn-consum.aktiosdigitalservices.com/tol/consum/media/product/img/300x300/7425213.jpg?t=20260827103714,2026-10-08T22:05:43
pasta,Consum,7363666,8410156072868,REGLERO,Pastas Artesanas,Dulces de Navidad,5.25,5.25,,False,13.13,KILO,1 Kg,False,https://tienda.consum.es/es/p/pastas-artesanas/7363666,https://cdn-consum.aktiosdigitalservices.com/tol/consum/media/product/img/300x300/7363666.jpg?t=20251224080434,2026-10-08T22:05:43
pasta,Consum,364323,8410300101598,G.BLANCA,Sopa Deshidratada Pollo y Fideos Sobre,Sopas en sobre,0.85,0.85,,False,11.81,KILO,1 Kg,False,https://tienda.consum.es/es/p/sopa-deshidratada-pollo-y-fideos-sobre/364323,https://cdn-consum.aktiosdigitalservices.com/tol/consum/media/product/img/300x300/364323.jpg?t=20260812080135,2026-10-08T22:05:43
pasta,Consum,7140168,8437017857587,GRANJA RINYA,Queso Cabra Medallón,Pasta blanda cabra,1.25,1.39,1.25,True,16.66,KILO,1 Kg,False,https://tienda.consum.es/es/p/queso-cabra-medallon/7140168,https://cdn-consum.aktiosdigitalservices.com/tol/consum/media/product/img/300x300/7140168.jpg?t=20260812080211,2026-10-08T22:05:43
pasta,Consum,7041770,3228024910113,PRESIDENT,Medallones Queso Cabra,Pasta blanda cabra,2.99,3.49,2.99,True,14.95,KILO,1 Kg,False,https://tienda.consum.es/es/p/medallones-queso-cabra/7041770,https://cdn-consum.aktiosdigitalservices.com/tol/consum/media/product/img/300x300/7041770.jpg?t=20260812080152,2026-10-08T22:05:43
pasta,Consum,7319718,8410251007017,,Delicias de Almendra,Pastas de té,1.99,2.25,1.99,True,8.84,KILO,1 Kg,False,https://tienda.consum.es/es/p/delicias-de-almendra/7319718,https://cdn-consum.aktiosdigitalservices.com/tol/consum/media/product/img/300x300/7319718.jpg?t=20260812080316,2026-10-08T22:05:43
pasta,Consum,7393929,8434702002024,LA COCINERA,Lasaña Boloñesa,Base pasta,2.99,3.99,2.99,True,5.98,KILO,1 Kg,False,https://tienda.consum.es/es/p/lasana-bolonesa/7393929,https://cdn-consum.aktiosdigitalservices.com/tol/consum/media/product/img/300x300/7393929.jpg?t=20260812080356,2026-10-08T22:05:43
pasta,Consum,7393924,8434702002055,LA COCINERA,Lasaña Barbacoa,Base pasta,3.19,3.99,3.19,True,6.38,KILO,1 Kg,False,https://tienda.consum.es/es/p/lasana-barbacoa/7393924,https://cdn-consum.aktiosdigitalservices.com/tol/consum/media/product/img/300x300/7393924.jpg?t=20260901080249,2026-10-08T22:05:43
pasta,Consum,7463912,8410416015376,CARRETILLA,Berenjena Rellena de Carne,Preparados de pasta,3.39,3.95,3.39,True,9.69,KILO,1 Kg,False,https://tienda.consum.es/es/p/berenjena-rellena-de-carne/7463912,https://cdn-consum.aktiosdigitalservices.com/tol/consum/media/product/img/300x300/7463912.jpg?t=20260812080507,2026-10-08T22:05:43
pasta,Consum,7359602,8410705023426,MAHESO,Lasaña Boloñesa con Bechamel,Base pasta,5.4,6.85,5.4,True,5.4,KILO,1 Kg,False,https://tienda.consum.es/es/p/lasana-bolonesa-con-bechamel/7359602,https://cdn-consum.aktiosdigitalservices.com/tol/consum/media/product/img/300x300/7359602.jpg?t=20260819075924,2026-10-08T22:05:43
pasta,Consum,7463888,8410416015390,CARRETILLA,Tagliatelle con Salsa de Boletus,Preparados de pasta,2.99,2.99,,False,9.97,KILO,1 Kg,False,https://tienda.consum.es/es/p/tagliatelle-con-salsa-de-boletus/7463888,https://cdn-consum.aktiosdigitalservices.com/tol/consum/media/product/img/300x300/7463888.jpg?t=20260812080507,2026-10-08T22:05:43
pasta,Consum,7463891,8410416015383,CARRETILLA,Calabacin Relleno con Carne,Preparados de pasta,3.39,3.95,3.39,True,9.69,KILO,1 Kg,False,https://tienda.consum.es/es/p/calabacin-relleno-con-carne/7463891,https://cdn-consum.aktiosdigitalservices.com/tol/consum/media/product/img/300x300/7463891.jpg?t=20260812080507,2026-10-08T22:05:43
pasta,Consum,7474000,8434702004899,SALTO,Pappardelle al Ragú,Base pasta,2.0,3.99,2.0,True,6.67,KILO,1 Kg,False,https://tienda.consum.es/es/p/pappardelle-al-ragu/7474000,https://cdn-consum.aktiosdigitalservices.com/tol/consum/media/product/img/300x300/7474000.jpg?t=20260812080521,2026-10-08T22:05:43
pasta,Consum,7487374,8410300375302,G.BLANCA,Sopa con Fideos de Cocido con Ibéricos,Sopas en sobre,2.49,2.49,,False,8.3,KILO,1 Kg,False,https://tienda.consum.es/es/p/sopa-con-fideos-de-cocido-con-ibericos/7487374,https://cdn-consum.aktiosdigitalservices.com/tol/consum/media/product/img/300x300/7487374.jpg?t=20260929080845,2026-10-08T22:05:43
pasta,Consum,7483402,8001665731782,RANA,Kit Pappardelle Ragú,Preparados de pasta,5.99,5.99,,False,16.78,KILO,1 Kg,False,https://tienda.consum.es/es/p/kit-pappardelle-ragu/7483402,https://cdn-consum.aktiosdigitalservices.com/tol/consum/media/product/img/300x300/7483402.jpg?t=20260901080622,2026-10-08T22:05:43
pasta,Consum,7483407,8001665731805,RANA,Kit Noodles Teriyaki,Preparados de pasta,5.99,5.99,,False,16.78,KILO,1 Kg,False,https://tienda.consum.es/es/p/kit-noodles-teriyaki/7483407,https://cdn-consum.aktiosdigitalservices.com/tol/consum/media/product/img/300x300/7483407.jpg?t=20260901080623,2026-10-08T22:05:43
pasta,Consum,7349272,5600230001027,DUNANY,Lasaña de Pollo,Preparados de pasta,2.75,2.75,,False,7.86,KILO,1 Kg,False,https://tienda.consum.es/es/p/lasana-de-pollo/7349272,https://cdn-consum.aktiosdigitalservices.com/tol/consum/media/product/img/300x300/7349272.jpg?t=20260812080330,2026-10-08T22:05:43
pasta,Consum,7426752,5600230001317,DUNANY,Lasaña Boloñesa,Preparados de pasta,4.79,4.79,,False,6.84,KILO,1 Kg,False,https://tienda.consum.es/es/p/lasana-bolonesa/7426752,https://cdn-consum.aktiosdigitalservices.com/tol/consum/media/product/img/300x300/7426752.jpg?t=20260812080423,2026-10-08T22:05:43
pasta,Consum,7459808,5603152016841,,Pastel de Crema 3 Unidades,Pastas de té,1.49,1.49,,False,8.76,KILO,1 Kg,False,https://tienda.consum.es/es/p/pastel-de-crema-3-unidades/7459808,https://cdn-consum.aktiosdigitalservices.com/tol/consum/media/product/img/300x300/7459808.jpg?t=20260901080518,2026-10-08T22:05:43
pasta,Consum,7189967,8410300349044,G.BLANCA,Caldo Casero Carne Brik,Caldo liquido,2.3,2.3,,False,2.3,LITRO,1 L,False,https://tienda.consum.es/es/p/caldo-casero-carne-brik/7189967,https://cdn-consum.aktiosdigitalservices.com/tol/consum/media/product/img/300x300/7189967.jpg?t=20260827100730,2026-10-08T22:05:43
pasta,Consum,7374619,8437001300808,CARMEN,Queso Semi Cabra,Pasta blanda cabra,6.39,6.39,,False,21.3,KILO,1 Kg,False,https://tienda.consum.es/es/p/queso-semi-cabra/7374619,https://cdn-consum.aktiosdigitalservices.com/tol/consum/media/product/img/300x300/7374619.jpg?t=20260812080344,2026-10-08T22:05:43
pasta,Consum,7362940,5600230001171,DUNANY,Espaguetis Boloñesa,Preparados de pasta,2.49,2.49,,False,8.89,KILO,1 Kg,False,https://tienda.consum.es/es/p/espaguetis-bolonesa/7362940,https://cdn-consum.aktiosdigitalservices.com/tol/consum/media/product/img/300x300/7362940.jpg?t=20260610080508,2026-10-08T22:05:43
pasta,Consum,7349298,5600230001065,DUNANY,Moussaka,Preparados de pasta,2.95,2.95,,False,8.43,KILO,1 Kg,False,https://tienda.consum.es/es/p/moussaka/7349298,https://cdn-consum.aktiosdigitalservices.com/tol/consum/media/product/img/300x300/7349298.jpg?t=20260610080450,2026-10-08T22:05:43
pasta,Consum,7237030,8429618501211,,Pastel de Boniato con Azúcar 6 Unidades,Pastas de té,2.45,2.45,,False,9.07,KILO,1 Kg,False,https://tienda.consum.es/es/p/pastel-de-boniato-con-azucar-6-unidades/7237030,https://cdn-consum.aktiosdigitalservices.com/tol/consum/media/product/img/300x300/7237030.jpg?t=20260812080241,2026-10-08T22:05:43
pasta,Consum,7349285,5600230001058,DUNANY,Lasaña Vegetal,Preparados de pasta,2.95,2.95,,False,8.43,KILO,1 Kg,False,https://tienda.consum.es/es/p/lasana-vegetal/7349285,https://cdn-consum.aktiosdigitalservices.com/tol/consum/media/product/img/300x300/7349285.jpg?t=20260812080330,2026-10-08T22:05:43
pasta,Consum,7384360,5600230001249,DUNANY,Lasaña 5 Quesos,Preparados de pasta,2.95,2.95,,False,8.43,KILO,1 Kg,False,https://tienda.consum.es/es/p/lasana-5-quesos/7384360,https://cdn-consum.aktiosdigitalservices.com/tol/consum/media/product/img/300x300/7384360.jpg?t=20260812080349,2026-10-08T22:05:43
pasta,Consum,7384592,8437002411114,Q.BARRAL,Queso Arzúa-Ulloa DOP Peso Aproximado 550 Gr.,Pasta blanda vaca,5.7,5.7,,False,10.36,KILO,1 Kg,False,https://tienda.consum.es/es/p/queso-arzua-ulloa-dop-peso-aproximado-550-gr/7384592,https://cdn-consum.aktiosdigitalservices.com/tol/consum/media/product/img/300x300/7384592.jpg?t=20260812080350,2026-10-08T22:05:43
pasta,Consum,219238,3228020232028,PRESIDENT,Queso Brie Cuña,Pasta blanda vaca,3.49,3.49,,False,17.45,KILO,1 Kg,False,https://tienda.consum.es/es/p/queso-brie-cuna/219238,https://cdn-consum.aktiosdigitalservices.com/tol/consum/media/product/img/300x300/219238.jpg?t=20260827095238,2026-10-08T22:05:43
pasta,Consum,7460371,8435434372126,C.NAVARRA,Gnocchis Verduras y Pollo,Base pasta,3.29,3.29,,False,5.48,KILO,1 Kg,False,https://tienda.consum.es/es/p/gnocchis-verduras-y-pollo/7460371,https://cdn-consum.aktiosdigitalservices.com/tol/consum/media/product/img/300x300/7460371.jpg?t=20260812080501,2026-10-08T22:05:43
pasta,Consum,364331,8410300101345,G.BLANCA,Sopa Deshidratada Ave y Fideos Sobre,Sopas en sobre,0.85,0.85,,False,11.18,KILO,1 Kg,False,https://tienda.consum.es/es/p/sopa-deshidratada-ave-y-fideos-sobre/364331,https://cdn-consum.aktiosdigitalservices.com/tol/consum/media/product/img/300x300/364331.jpg?t=20260827095437,2026-10-08T22:05:43
pasta,Consum,7266414,8712100831300,KNORR,"Sopa Deshidratada Thaï Fideos, Setas y Coco",Asiático,1.85,1.85,,False,26.81,KILO,1 Kg,False,https://tienda.consum.es/es/p/sopa-deshidratada-thai-fideos-setas-y-coco/7266414,https://cdn-consum.aktiosdigitalservices.com/tol/consum/media/product/img/300x300/7266414.jpg?t=20260812080252,2026-10-08T22:05:43
pasta,Consum,7409964,8436559632881,GRANJA RINYA,Queso de Cabra Tierno,Pasta blanda cabra,4.15,4.15,,False,20.75,KILO,1 Kg,False,https://tienda.consum.es/es/p/queso-de-cabra-tierno/7409964,https://cdn-consum.aktiosdigitalservices.com/tol/consum/media/product/img/300x300/7409964.jpg?t=20260812080408,2026-10-08T22:05:43
pasta,Consum,7095404,5760466872119,ARLA,Queso Castello Piña Unidad,Pasta blanda cabra,2.39,2.39,,False,19.12,KILO,1 Kg,False,https://tienda.consum.es/es/p/queso-castello-pina-unidad/7095404,https://cdn-consum.aktiosdigitalservices.com/tol/consum/media/product/img/300x300/7095404.jpg?t=20260812080205,2026-10-08T22:05:43
pasta,Consum,7239911,8413376035262,EL PASTOR,Rulo de Vaca,Pasta blanda vaca,2.05,2.05,,False,14.64,KILO,1 Kg,False,https://tienda.consum.es/es/p/rulo-de-vaca/7239911,https://cdn-consum.aktiosdigitalservices.com/tol/consum/media/product/img/300x300/7239911.jpg?t=20260812080242,2026-10-08T22:05:43
pasta,Consum,7315661,3228021180137,PRESIDENT,Queso Cabra Rulo Unidad,Pasta blanda cabra,3.75,3.75,,False,20.83,KILO,1 Kg,False,https://tienda.consum.es/es/p/queso-cabra-rulo-unidad/7315661,https://cdn-consum.aktiosdigitalservices.com/tol/consum/media/product/img/300x300/7315661.jpg?t=20260827101917,2026-10-08T22:05:43
pasta,Consum,7426398,8434702002048,LA COCINERA,Lasaña de Atún,Base pasta,3.99,3.99,,False,7.98,KILO,1 Kg,False,https://tienda.consum.es/es/p/lasana-de-atun/7426398,https://cdn-consum.aktiosdigitalservices.com/tol/consum/media/product/img/300x300/7426398.jpg?t=20260827103753,2026-10-08T22:05:43
pasta,Consum,7204923,8410705005293,MAHESO,Lasaña Cinco Quesos,Base pasta,2.79,2.79,,False,9.96,KILO,1 Kg,False,https://tienda.consum.es/es/p/lasana-cinco-quesos/7204923,https://cdn-consum.aktiosdigitalservices.com/tol/consum/media/product/img/300x300/7204923.jpg?t=20260901080019,2026-10-08T22:05:43
pasta,Consum,7250249,5010338302887,BLUE DRAGON,Wasabi Pasta,Asiático,2.99,2.99,,False,66.4,KILO,100 Gr,False,https://tienda.consum.es/es/p/wasabi-pasta/7250249,https://cdn-consum.aktiosdigitalservices.com/tol/consum/media/product/img/300x300/7250249.jpg?t=20260812080246,2026-10-08T22:05:43
pasta,Consum,7254068,8410300354048,G.BLANCA,Sopa de Pollo con Fideos Finos Baja en Sal Sobre,Sopas en sobre,0.85,0.85,,False,12.5,KILO,1 Kg,False,https://tienda.consum.es/es/p/sopa-de-pollo-con-fideos-finos-baja-en-sal-sobre/7254068,https://cdn-consum.aktiosdigitalservices.com/tol/consum/media/product/img/300x300/7254068.jpg?t=20260812080247,2026-10-08T22:05:43
pasta,Consum,7332955,8437001558902,CAPRIMED,Queso de Cabra Afinado,Pasta blanda cabra,6.15,6.15,,False,24.6,KILO,1 Kg,False,https://tienda.consum.es/es/p/queso-de-cabra-afinado/7332955,https://cdn-consum.aktiosdigitalservices.com/tol/consum/media/product/img/300x300/7332955.jpg?t=20260812080322,2026-10-08T22:05:43
pasta,Consum,7360592,8436559632645,CARMEN,Queso Cabra Semicurado,Pasta blanda cabra,5.25,5.25,,False,26.25,KILO,1 Kg,False,https://tienda.consum.es/es/p/queso-cabra-semicurado/7360592,https://cdn-consum.aktiosdigitalservices.com/tol/consum/media/product/img/300x300/7360592.jpg?t=20260812080336,2026-10-08T22:05:43
pasta,Consum,7384563,8437002411275,Q.BARRAL,Queso Tetilla Dop Peso Aproximado 550 Gr.,Pasta blanda vaca,5.7,5.7,,False,10.36,KILO,1 Kg,False,https://tienda.consum.es/es/p/queso-tetilla-dop-peso-aproximado-550-gr/7384563,https://cdn-consum.aktiosdigitalservices.com/tol/consum/media/product/img/300x300/7384563.jpg?t=20260812080350,2026-10-08T22:05:43
pasta,Consum,7430085,4260431687997,JUST SPICES,Sazonador de Pasta,Sazonadores,4.99,4.99,,False,99.8,KILO,1 Kg,False,https://tienda.consum.es/es/p/sazonador-de-pasta/7430085,https://cdn-consum.aktiosdigitalservices.com/tol/consum/media/product/img/300x300/7430085.jpg?t=20260812080426,2026-10-08T22:05:43
pasta,Consum,7389096,8413376034012,EL PASTOR,Perlas de Queso Rellenas de Frambuesa,Pasta blanda cabra,2.85,2.85,,False,22.8,KILO,1 Kg,False,https://tienda.consum.es/es/p/perlas-de-queso-rellenas-de-frambuesa/7389096,https://cdn-consum.aktiosdigitalservices.com/tol/consum/media/product/img/300x300/7389096.jpg?t=20260827102836,2026-10-08T22:05:43
pasta,Consum,7462666,3176582009964,LE RUSTIQUE,Queso Brie,Pasta blanda vaca,2.99,2.99,,False,14.95,KILO,1 Kg,False,https://tienda.consum.es/es/p/queso-brie/7462666,https://cdn-consum.aktiosdigitalservices.com/tol/consum/media/product/img/300x300/7462666.jpg?t=20260812080504,2026-10-08T22:05:43
pasta,Consum,7487366,8410300375296,G.BLANCA,Sopa con Fideos de Pollo de Corral,Sopas en sobre,2.49,2.49,,False,8.3,KILO,1 Kg,False,https://tienda.consum.es/es/p/sopa-con-fideos-de-pollo-de-corral/7487366,https://cdn-consum.aktiosdigitalservices.com/tol/consum/media/product/img/300x300/7487366.jpg?t=20260929080844,2026-10-08T22:05:43
pasta,Consum,7487726,8410705073377,MAHESO,Lasaña Pulled Pork,Base pasta,2.89,2.89,,False,10.32,KILO,1 Kg,False,https://tienda.consum.es/es/p/lasana-pulled-pork/7487726,https://cdn-consum.aktiosdigitalservices.com/tol/consum/media/product/img/300x300/7487726.jpg?t=20261006080900,2026-10-08T22:05:43
pasta,Consum,7319734,8410251007079,,Tejas,Pastas de té,1.69,1.69,,False,10.56,KILO,1 Kg,False,https://tienda.consum.es/es/p/tejas/7319734,https://cdn-consum.aktiosdigitalservices.com/tol/consum/media/product/img/300x300/7319734.jpg?t=20260825075837,2026-10-08T22:05:43
pasta,Consum,7349264,5600230001003,DUNANY,Lasaña Boloñesa,Preparados de pasta,2.75,2.75,,False,7.86,KILO,1 Kg,False,https://tienda.consum.es/es/p/lasana-bolonesa/7349264,https://cdn-consum.aktiosdigitalservices.com/tol/consum/media/product/img/300x300/7349264.jpg?t=20260812080330,2026-10-08T22:05:43
pasta,Consum,7255102,3014260093495,FLUOCARIL,Duplo Pasta Bifluore,Dentífricos,9.6,9.6,,False,38.4,LITRO,100 ml,False,https://tienda.consum.es/es/p/duplo-pasta-bifluore/7255102,https://cdn-consum.aktiosdigitalservices.com/tol/consum/media/product/img/300x300/7255102.jpg?t=20260812080247,2026-10-08T22:05:43
pasta,Consum,7414365,8411530659958,COCINARTE,Preparado Especial para Pastas y Arroces,Pescado congelado,3.99,3.99,,False,7.98,KILO,1 Kg,False,https://tienda.consum.es/es/p/preparado-especial-para-pastas-y-arroces/7414365,https://cdn-consum.aktiosdigitalservices.com/tol/consum/media/product/img/300x300/7414365.jpg?t=20260812080411,2026-10-08T22:05:43
pasta,Consum,7043370,8412276225223,,Pimiento Tricolor,Pepino y pimiento,2.1,2.1,,False,4.2,KILO,1 Kg,False,https://tienda.consum.es/es/p/pimiento-tricolor/7043370,https://cdn-consum.aktiosdigitalservices.com/tol/consum/media/product/img/300x300/7043370.jpg?t=20260812080153,2026-10-08T22:05:43
pasta,Consum,7428233,8437024162964,LASSAL,Ensalada Pasta,Platos para llevar,4.49,4.49,,False,14.48,KILO,1 Kg,False,https://tienda.consum.es/es/p/ensalada-pasta/7428233,https://cdn-consum.aktiosdigitalservices.com/tol/consum/media/product/img/300x300/7428233.jpg?t=20260620075848,2026-10-08T22:05:43
pasta,Consum,7420581,,,Cordero al Tajo Cuartos Origen España,Especial Navidad,72.58,72.58,,False,23.95,KILO,1 Kg,False,https://tienda.consum.es/es/p/cordero-al-tajo-cuartos-origen-espana/7420581,https://cdn-consum.aktiosdigitalservices.com/tol/consum/media/product/img/300x300/7420581.jpg?t=20260901080730,2026-10-08T22:05:43
pasta,Consum,7068893,8410416001799,CARRETILLA,Ensalada Pasta con Atún Bol,Preparados de legumbres y hortalizas,2.49,2.49,,False,10.38,KILO,1 Kg,False,https://tienda.consum.es/es/p/ensalada-pasta-con-atun-bol/7068893,https://cdn-consum.aktiosdigitalservices.com/tol/consum/media/product/img/300x300/7068893.jpg?t=20260827100017,2026-10-08T22:05:43
pasta,Consum,4804720,8480010042399,,Cebolla Morada Malla,"Cebollas, ajos y puerros",1.4,1.4,,False,2.8,KILO,1 Kg,False,https://tienda.consum.es/es/p/cebolla-morada-malla/4804720,https://cdn-consum.aktiosdigitalservices.com/tol/consum/media/product/img/300x300/4804720.jpg?t=20260812080146,2026-10-08T22:05:43
pasta,Consum,7427792,8410761000348,LAGARTO,Jabón en Pasta,A mano y jabón común,3.49,3.49,,False,8.73,KILO,1 Kg,False,https://tienda.consum.es/es/p/jabon-en-pasta/7427792,https://cdn-consum.aktiosdigitalservices.com/tol/consum/media/product/img/300x300/7427792.jpg?t=20260707080641,2026-10-08T22:05:43
pan,Consum,7370323,8425514015104,,Barra de Pan .,Pan común,0.5,0.5,,False,2.0,KILO,1 Kg,False,https://tienda.consum.es/es/p/barra-de-pan-/7370323,https://cdn-consum.aktiosdigitalservices.com/tol/consum/media/product/img/300x300/7370323.jpg?t=20260812080340,2026-10-08T22:05:48
pan,Consum,7235666,8425514139718,,Barra Familiar,Pan común,0.99,1.15,0.99,True,3.14,KILO,1 Kg,False,https://tienda.consum.es/es/p/barra-familiar/7235666,https://cdn-consum.aktiosdigitalservices.com/tol/consum/media/product/img/300x300/7235666.jpg?t=20260812080240,2026-10-08T22:05:48
pan,Consum,7438260,8436590721261,,Pan de Pueblo,Pan rústico,1.19,1.19,,False,3.78,KILO,1 Kg,False,https://tienda.consum.es/es/p/pan-de-pueblo/7438260,https://cdn-consum.aktiosdigitalservices.com/tol/consum/media/product/img/300x300/7438260.jpg?t=20260901080424,2026-10-08T22:05:48
pan,Consum,7402568,8414881290016,TELLO,Codillo,Especial Navidad,6.49,6.49,,False,9.27,KILO,1 Kg,False,https://tienda.consum.es/es/p/codillo/7402568,https://cdn-consum.aktiosdigitalservices.com/tol/consum/media/product/img/300x300/7402568.jpg?t=20260812080402,2026-10-08T22:05:48
pan,Consum,7303899,8425514014039,,Barra de Pan Masa Madre,Pan común,0.89,0.89,,False,3.56,KILO,1 Kg,False,https://tienda.consum.es/es/p/barra-de-pan-masa-madre/7303899,https://cdn-consum.aktiosdigitalservices.com/tol/consum/media/product/img/300x300/7303899.jpg?t=20260812080308,2026-10-08T22:05:48
pan,Consum,7373611,8436022137127,,Barra Espiga Tradición,Pan rústico,0.69,0.69,,False,2.76,KILO,1 Kg,False,https://tienda.consum.es/es/p/barra-espiga-tradicion/7373611,https://cdn-consum.aktiosdigitalservices.com/tol/consum/media/product/img/300x300/7373611.jpg?t=20260812080343,2026-10-08T22:05:48
pan,Consum,7424679,8425514007178,,Barra Espiga con Aceite de Oliva 5%,Pan rústico,0.9,0.9,,False,4.09,KILO,1 Kg,False,https://tienda.consum.es/es/p/barra-espiga-con-aceite-de-oliva-5/7424679,https://cdn-consum.aktiosdigitalservices.com/tol/consum/media/product/img/300x300/7424679.jpg?t=20260818080010,2026-10-08T22:05:48
pan,Consum,7341340,8425402493069,,Barra Huerta,Pan rústico,0.85,0.85,,False,3.33,KILO,1 Kg,False,https://tienda.consum.es/es/p/barra-huerta/7341340,https://cdn-consum.aktiosdigitalservices.com/tol/consum/media/product/img/300x300/7341340.jpg?t=20260812080326,2026-10-08T22:05:48
pan,Consum,7418945,8437015138145,,Barra Maxi,Pan rústico,1.79,1.79,,False,4.07,KILO,1 Kg,False,https://tienda.consum.es/es/p/barra-maxi/7418945,https://cdn-consum.aktiosdigitalservices.com/tol/consum/media/product/img/300x300/7418945.jpg?t=20260812080416,2026-10-08T22:05:48
pan,Consum,7451441,8436590721391,,Barra Aldeana,Pan rústico,0.89,0.89,,False,3.71,KILO,1 Kg,False,https://tienda.consum.es/es/p/barra-aldeana/7451441,https://cdn-consum.aktiosdigitalservices.com/tol/consum/media/product/img/300x300/7451441.jpg?t=20260812080449,2026-10-08T22:05:48
pan,Consum,959945,8425514010185,,Barra Rústica,Pan rústico,0.85,0.85,,False,3.47,KILO,1 Kg,False,https://tienda.consum.es/es/p/barra-rustica/959945,https://cdn-consum.aktiosdigitalservices.com/tol/consum/media/product/img/300x300/959945.jpg?t=20260901075815,2026-10-08T22:05:48
pan,Consum,7362304,5603152015332,,Barra Integral 100%,Pan Integral y otras semillas,0.99,1.29,0.99,True,4.31,KILO,1 Kg,False,https://tienda.consum.es/es/p/barra-integral-100/7362304,https://cdn-consum.aktiosdigitalservices.com/tol/consum/media/product/img/300x300/7362304.jpg?t=20260812080337,2026-10-08T22:05:48
pan,Consum,7411630,8436590720578,,Barra Harina Trigo Integral 41%,Pan Integral y otras semillas,0.89,0.89,,False,4.24,KILO,1 Kg,False,https://tienda.consum.es/es/p/barra-harina-trigo-integral-41/7411630,https://cdn-consum.aktiosdigitalservices.com/tol/consum/media/product/img/300x300/7411630.jpg?t=20260812080409,2026-10-08T22:05:48
pan,Consum,7348563,8437002446369,,Pan de Picos,Pan común,0.99,0.99,,False,3.47,KILO,1 Kg,False,https://tienda.consum.es/es/p/pan-de-picos/7348563,https://cdn-consum.aktiosdigitalservices.com/tol/consum/media/product/img/300x300/7348563.jpg?t=20260812080329,2026-10-08T22:05:48
pan,Consum,7463854,8004376947206,,Pan de Cristal,Pan rústico,1.09,1.09,,False,5.07,KILO,1 Kg,False,https://tienda.consum.es/es/p/pan-de-cristal/7463854,https://cdn-consum.aktiosdigitalservices.com/tol/consum/media/product/img/300x300/7463854.jpg?t=20260812080507,2026-10-08T22:05:48
pan,Consum,7487320,8424465600124,,Pan de Hogaza Clásico,Pan rústico,1.79,1.79,,False,4.42,KILO,1 Kg,False,https://tienda.consum.es/es/p/pan-de-hogaza-clasico/7487320,https://cdn-consum.aktiosdigitalservices.com/tol/consum/media/product/img/300x300/7487320.jpg?t=20260929080843,2026-10-08T22:05:48
pan,Consum,7403090,8437015138060,,Pan de Agua,Pan rústico,0.95,0.95,,False,3.8,KILO,1 Kg,False,https://tienda.consum.es/es/p/pan-de-agua/7403090,https://cdn-consum.aktiosdigitalservices.com/tol/consum/media/product/img/300x300/7403090.jpg?t=20260812080403,2026-10-08T22:05:48
pan,Consum,7460657,8425402493212,,Pan de Centeno 33%,Pan Integral y otras semillas,0.85,0.85,,False,4.05,KILO,1 Kg,False,https://tienda.consum.es/es/p/pan-de-centeno-33/7460657,https://cdn-consum.aktiosdigitalservices.com/tol/consum/media/product/img/300x300/7460657.jpg?t=20260812080501,2026-10-08T22:05:48
pan,Consum,7471605,8436558207547,,Pan Mollete 2 Unidades,Panecillos,0.89,0.89,,False,4.45,KILO,1 Kg,False,https://tienda.consum.es/es/p/pan-mollete-2-unidades/7471605,https://cdn-consum.aktiosdigitalservices.com/tol/consum/media/product/img/300x300/7471605.jpg?t=20260812080517,2026-10-08T22:05:48
pan,Consum,7475630,8437007825480,,Pan de Payés Sin Gluten,Pan sin gluten,2.49,2.49,,False,8.3,KILO,1 Kg,False,https://tienda.consum.es/es/p/pan-de-payes-sin-gluten/7475630,https://cdn-consum.aktiosdigitalservices.com/tol/consum/media/product/img/300x300/7475630.jpg?t=20260812080524,2026-10-08T22:05:48
pan,Consum,7238475,8425514126169,,Pan 7 Semillas y Pipas  de Calabaza 3% M.M,Pan Integral y otras semillas,1.45,1.45,,False,6.3,KILO,1 Kg,False,https://tienda.consum.es/es/p/pan-7-semillas-y-pipas-de-calabaza-3-mm/7238475,https://cdn-consum.aktiosdigitalservices.com/tol/consum/media/product/img/300x300/7238475.jpg?t=20260825075812,2026-10-08T22:05:48
pan,Consum,7451438,8436590721438,,Bocadillo Pack 3 Unidades,Pan común,1.04,1.04,,False,2.89,KILO,1 Kg,False,https://tienda.consum.es/es/p/bocadillo-pack-3-unidades/7451438,https://cdn-consum.aktiosdigitalservices.com/tol/consum/media/product/img/300x300/7451438.jpg?t=20260812080449,2026-10-08T22:05:48
pan,Consum,7435662,8436590721216,,Baguettina 5 Unidades,Pan común,1.59,1.59,,False,2.89,KILO,1 Kg,False,https://tienda.consum.es/es/p/baguettina-5-unidades/7435662,https://cdn-consum.aktiosdigitalservices.com/tol/consum/media/product/img/300x300/7435662.jpg?t=20260812080433,2026-10-08T22:05:48
pan,Consum,7104961,8425514013971,,Baguette Rústica,Pan rústico,0.89,0.89,,False,4.24,KILO,1 Kg,False,https://tienda.consum.es/es/p/baguette-rustica/7104961,https://cdn-consum.aktiosdigitalservices.com/tol/consum/media/product/img/300x300/7104961.jpg?t=20260812080207,2026-10-08T22:05:48
pan,Consum,7343481,8425514130661,,Bocata Rústico 1 Unidad,Panecillos,0.53,0.59,0.53,True,4.81,KILO,1 Kg,False,https://tienda.consum.es/es/p/bocata-rustico-1-unidad/7343481,https://cdn-consum.aktiosdigitalservices.com/tol/consum/media/product/img/300x300/7343481.jpg?t=20260812080327,2026-10-08T22:05:48
pan,Consum,7270585,8414606606481,,Pan Hamburguesa Rústico Natural 100% 4U,Pan hamburguesas y perritos,1.59,1.59,,False,5.3,KILO,1 Kg,False,https://tienda.consum.es/es/p/pan-hamburguesa-rustico-natural-100-4u/7270585,https://cdn-consum.aktiosdigitalservices.com/tol/consum/media/product/img/300x300/7270585.jpg?t=20260812080253,2026-10-08T22:05:48
pan,Consum,7304629,8420622341107,,Pan Rebanado con Alto Contenido en Proteínas,Pan de molde y rebanado,1.89,1.89,,False,6.3,KILO,1 Kg,False,https://tienda.consum.es/es/p/pan-rebanado-con-alto-contenido-en-proteinas/7304629,https://cdn-consum.aktiosdigitalservices.com/tol/consum/media/product/img/300x300/7304629.jpg?t=20260812080308,2026-10-08T22:05:48
pan,Consum,7228117,8414509040085,,Pan Rebanado Payés con Semillas de Calabaza,Pan de molde y rebanado,2.25,2.25,,False,4.59,KILO,1 Kg,False,https://tienda.consum.es/es/p/pan-rebanado-payes-con-semillas-de-calabaza/7228117,https://cdn-consum.aktiosdigitalservices.com/tol/consum/media/product/img/300x300/7228117.jpg?t=20260901080036,2026-10-08T22:05:48
pan,Consum,7220861,8414606606092,,Pan de Molde Integral,Pan de molde y rebanado,1.49,1.49,,False,3.73,KILO,1 Kg,False,https://tienda.consum.es/es/p/pan-de-molde-integral/7220861,https://cdn-consum.aktiosdigitalservices.com/tol/consum/media/product/img/300x300/7220861.jpg?t=20260812080235,2026-10-08T22:05:48
pan,Consum,7461192,5603152021289,,Mini Panecillo 100% Integral 4 U.,Panecillos,0.99,0.99,,False,3.81,KILO,1 Kg,False,https://tienda.consum.es/es/p/mini-panecillo-100-integral-4-u/7461192,https://cdn-consum.aktiosdigitalservices.com/tol/consum/media/product/img/300x300/7461192.jpg?t=20260812080502,2026-10-08T22:05:48
pan,Consum,7337756,5603152005746,,Mini Centeno 30% 3 Unidades,Panecillos,1.09,1.09,,False,4.27,KILO,1 Kg,False,https://tienda.consum.es/es/p/mini-centeno-30-3-unidades/7337756,https://cdn-consum.aktiosdigitalservices.com/tol/consum/media/product/img/300x300/7337756.jpg?t=20260812080324,2026-10-08T22:05:48
pan,Consum,7447175,8437016383858,,Bollo Rústico Sin Gluten,Pan sin gluten,1.0,1.0,,False,9.09,KILO,1 Kg,False,https://tienda.consum.es/es/p/bollo-rustico-sin-gluten/7447175,https://cdn-consum.aktiosdigitalservices.com/tol/consum/media/product/img/300x300/7447175.jpg?t=20260812080445,2026-10-08T22:05:48
pan,Consum,7475627,8437007825473,,Baguettina Artesana Sin Gluten,Pan sin gluten,1.19,1.19,,False,10.35,KILO,1 Kg,False,https://tienda.consum.es/es/p/baguettina-artesana-sin-gluten/7475627,https://cdn-consum.aktiosdigitalservices.com/tol/consum/media/product/img/300x300/7475627.jpg?t=20260812080524,2026-10-08T22:05:48
pan,Consum,7236222,8425514126305,,Mini 9 Cereales y Semillas 4 Unidades,Panecillos,1.09,1.09,,False,3.89,KILO,1 Kg,False,https://tienda.consum.es/es/p/mini-9-cereales-y-semillas-4-unidades/7236222,https://cdn-consum.aktiosdigitalservices.com/tol/consum/media/product/img/300x300/7236222.jpg?t=20260901080045,2026-10-08T22:05:48
pan,Consum,7342780,5603152407601,,Panecillo 10 Unidades,Panecillos,1.15,1.15,,False,2.56,KILO,1 Kg,False,https://tienda.consum.es/es/p/panecillo-10-unidades/7342780,https://cdn-consum.aktiosdigitalservices.com/tol/consum/media/product/img/300x300/7342780.jpg?t=20260812080327,2026-10-08T22:05:48
pan,Consum,7238673,8425514004146,,Bocata Centeno 16%,Panecillos,0.95,0.95,,False,8.26,KILO,1 Kg,False,https://tienda.consum.es/es/p/bocata-centeno-16/7238673,https://cdn-consum.aktiosdigitalservices.com/tol/consum/media/product/img/300x300/7238673.jpg?t=20260812080242,2026-10-08T22:05:48
pan,Consum,7476265,8425514016286,,Baguettina de Harina Integral 72%,Panecillos,1.39,1.39,,False,2.53,KILO,1 Kg,False,https://tienda.consum.es/es/p/baguettina-de-harina-integral-72/7476265,https://cdn-consum.aktiosdigitalservices.com/tol/consum/media/product/img/300x300/7476265.jpg?t=20260818080100,2026-10-08T22:05:48
pan,Consum,7478618,8425514014978,,Rústico sin Sal Añadida 100% Integral de Trigo,Panecillos,0.75,0.75,,False,5.77,KILO,1 Kg,False,https://tienda.consum.es/es/p/rustico-sin-sal-anadida-100-integral-de-trigo/7478618,https://cdn-consum.aktiosdigitalservices.com/tol/consum/media/product/img/300x300/7478618.jpg?t=20260812080528,2026-10-08T22:05:48
pan,Consum,7451268,8495390804529,,Mini Espelta 99%,Panecillos,0.65,0.65,,False,4.48,KILO,1 Kg,False,https://tienda.consum.es/es/p/mini-espelta-99/7451268,https://cdn-consum.aktiosdigitalservices.com/tol/consum/media/product/img/300x300/7451268.jpg?t=20260812080449,2026-10-08T22:05:48
pan,Consum,7431500,8436590721155,,Mini Rústicos 4 Unidades,Panecillos,0.95,0.95,,False,5.28,KILO,1 Kg,False,https://tienda.consum.es/es/p/mini-rusticos-4-unidades/7431500,https://cdn-consum.aktiosdigitalservices.com/tol/consum/media/product/img/300x300/7431500.jpg?t=20260825075923,2026-10-08T22:05:48
pan,Consum,7480866,8424465612769,,Bocata de Trigo Sarraceno,Panecillos,0.89,0.89,,False,8.48,KILO,1 Kg,False,https://tienda.consum.es/es/p/bocata-de-trigo-sarraceno/7480866,https://cdn-consum.aktiosdigitalservices.com/tol/consum/media/product/img/300x300/7480866.jpg?t=20260812080531,2026-10-08T22:05:48
pan,Consum,7477227,8424465827972,,Burger Cristal 100% Integral 2 unidades,Pan de horno,1.19,1.19,,False,7.93,KILO,1 Kg,False,https://tienda.consum.es/es/p/burger-cristal-100-integral-2-unidades/7477227,https://cdn-consum.aktiosdigitalservices.com/tol/consum/media/product/img/300x300/7477227.jpg?t=20260812080526,2026-10-08T22:05:48
pan,Consum,7281962,8424465896428,,Burger Cristal 2 Unidades,Pan de horno,1.05,1.05,,False,7.0,KILO,1 Kg,False,https://tienda.consum.es/es/p/burger-cristal-2-unidades/7281962,https://cdn-consum.aktiosdigitalservices.com/tol/consum/media/product/img/300x300/7281962.jpg?t=20260812080256,2026-10-08T22:05:48
pan,Consum,7325124,8434487134842,,Rústico 100 % Integral de Trigo,Panecillos,0.65,0.65,,False,6.84,KILO,1 Kg,False,https://tienda.consum.es/es/p/rustico-100-integral-de-trigo/7325124,https://cdn-consum.aktiosdigitalservices.com/tol/consum/media/product/img/300x300/7325124.jpg?t=20260812080318,2026-10-08T22:05:48
pan,Consum,7415045,8425514006065,,Chapata Cristal Aceite de Oliva 7% 3 U,Panecillos,1.02,1.02,,False,4.86,KILO,1 Kg,False,https://tienda.consum.es/es/p/chapata-cristal-aceite-de-oliva-7-3-u/7415045,https://cdn-consum.aktiosdigitalservices.com/tol/consum/media/product/img/300x300/7415045.jpg?t=20260812080412,2026-10-08T22:05:48
pan,Consum,7356173,8420622349530,,P. Hamburguesa Brioche con Mantequilla 4 Und.,Pan hamburguesas y perritos,1.7,1.89,1.7,True,5.67,KILO,1 Kg,False,https://tienda.consum.es/es/p/p-hamburguesa-brioche-con-mantequilla-4-und/7356173,https://cdn-consum.aktiosdigitalservices.com/tol/consum/media/product/img/300x300/7356173.jpg?t=20260812080334,2026-10-08T22:05:48
pan,Consum,7294465,8414509040405,,Media Hogaza Integral de Espelta y Fibra,Pan de molde y rebanado,2.69,2.69,,False,8.97,KILO,1 Kg,False,https://tienda.consum.es/es/p/media-hogaza-integral-de-espelta-y-fibra/7294465,https://cdn-consum.aktiosdigitalservices.com/tol/consum/media/product/img/300x300/7294465.jpg?t=20260812080304,2026-10-08T22:05:48
pan,Consum,7361566,8420622349646,,Mini Perritos Brioche 10 Unidades,Pan hamburguesas y perritos,1.89,1.89,,False,6.3,KILO,1 Kg,False,https://tienda.consum.es/es/p/mini-perritos-brioche-10-unidades/7361566,https://cdn-consum.aktiosdigitalservices.com/tol/consum/media/product/img/300x300/7361566.jpg?t=20260812080337,2026-10-08T22:05:48
pan,Consum,7404569,8437003469817,,Hogaza Maíz Semillas Calabaza y Girasol,Pan de molde y rebanado,2.09,2.09,,False,5.23,KILO,1 Kg,False,https://tienda.consum.es/es/p/hogaza-maiz-semillas-calabaza-y-girasol/7404569,https://cdn-consum.aktiosdigitalservices.com/tol/consum/media/product/img/300x300/7404569.jpg?t=20260812080404,2026-10-08T22:05:48
pan,Consum,7245954,8424465865301,,Hogaza 7 Cereales y Semillas,Pan de molde y rebanado,2.25,2.25,,False,6.16,KILO,1 Kg,False,https://tienda.consum.es/es/p/hogaza-7-cereales-y-semillas/7245954,https://cdn-consum.aktiosdigitalservices.com/tol/consum/media/product/img/300x300/7245954.jpg?t=20260812080244,2026-10-08T22:05:48
pan,Consum,7447100,8424465851021,,Hogaza Maestra Cereales,Pan de molde y rebanado,2.85,2.85,,False,6.33,KILO,1 Kg,False,https://tienda.consum.es/es/p/hogaza-maestra-cereales/7447100,https://cdn-consum.aktiosdigitalservices.com/tol/consum/media/product/img/300x300/7447100.jpg?t=20260818080039,2026-10-08T22:05:48
pan,Consum,7382356,5603152018135,,Hogaza 9% Nueces y 6% Calabaza,Pan de molde y rebanado,2.49,2.49,,False,6.23,KILO,1 Kg,False,https://tienda.consum.es/es/p/hogaza-9-nueces-y-6-calabaza/7382356,https://cdn-consum.aktiosdigitalservices.com/tol/consum/media/product/img/300x300/7382356.jpg?t=20260812080348,2026-10-08T22:05:48
pan,Consum,7465925,8437016823200,,Hogaza 100% Integral,Pan de molde y rebanado,1.79,1.79,,False,3.58,KILO,1 Kg,False,https://tienda.consum.es/es/p/hogaza-100-integral/7465925,https://cdn-consum.aktiosdigitalservices.com/tol/consum/media/product/img/300x300/7465925.jpg?t=20260829075928,2026-10-08T22:05:48
pan,Consum,7447139,8424465851014,,Hogaza Maestra,Pan de molde y rebanado,2.65,2.65,,False,5.89,KILO,1 Kg,False,https://tienda.consum.es/es/p/hogaza-maestra/7447139,https://cdn-consum.aktiosdigitalservices.com/tol/consum/media/product/img/300x300/7447139.jpg?t=20260812080445,2026-10-08T22:05:48
pan,Consum,7402550,8420622351021,,Hogaza Rebanada 100% Natural,Pan de molde y rebanado,1.59,1.59,,False,3.12,KILO,1 Kg,False,https://tienda.consum.es/es/p/hogaza-rebanada-100-natural/7402550,https://cdn-consum.aktiosdigitalservices.com/tol/consum/media/product/img/300x300/7402550.jpg?t=20260901080312,2026-10-08T22:05:48
pan,Consum,7272938,8412600028568,BIMBO,Pan de Molde Rebanada Estilo Artesano,Panes especiales,2.49,2.99,2.49,True,4.98,KILO,1 Kg,False,https://tienda.consum.es/es/p/pan-de-molde-rebanada-estilo-artesano/7272938,https://cdn-consum.aktiosdigitalservices.com/tol/consum/media/product/img/300x300/7272938.jpg?t=20260827101410,2026-10-08T22:05:48
pan,Consum,7367212,8412600016176,BIMBO,Pan Molde Rebanada Artesana Brioche,Panes especiales,2.49,2.99,2.49,True,4.98,KILO,1 Kg,False,https://tienda.consum.es/es/p/pan-molde-rebanada-artesana-brioche/7367212,https://cdn-consum.aktiosdigitalservices.com/tol/consum/media/product/img/300x300/7367212.jpg?t=20260812080339,2026-10-08T22:05:48
pan,Consum,7464456,8412600029343,BIMBO,Pan Molde Natural 100% Integral 100%,Pan de molde integral y cereales,2.99,2.99,,False,6.5,KILO,1 Kg,False,https://tienda.consum.es/es/p/pan-molde-natural-100-integral-100/7464456,https://cdn-consum.aktiosdigitalservices.com/tol/consum/media/product/img/300x300/7464456.jpg?t=20260812080508,2026-10-08T22:05:48
pan,Consum,7430643,8410087036076,DULCESOL,Pan Burger 4 Unidades,Panes y tostadas,0.75,0.89,0.75,True,3.75,KILO,1 Kg,False,https://tienda.consum.es/es/p/pan-burger-4-unidades/7430643,https://cdn-consum.aktiosdigitalservices.com/tol/consum/media/product/img/300x300/7430643.jpg?t=20260812080427,2026-10-08T22:05:48
pan,Consum,7423994,8410087366258,DULCESOL,Pan Mini Burger 8 Unidades,Panes y tostadas,1.0,1.25,1.0,True,5.26,KILO,1 Kg,False,https://tienda.consum.es/es/p/pan-mini-burger-8-unidades/7423994,https://cdn-consum.aktiosdigitalservices.com/tol/consum/media/product/img/300x300/7423994.jpg?t=20260812080420,2026-10-08T22:05:48
pan,Consum,7388267,8412170013117,SANTIVERI,Pan Tostado con Lino 100% Integral Dextrin,Tostadas y minibiscotes,2.89,3.39,2.89,True,9.63,KILO,1 Kg,False,https://tienda.consum.es/es/p/pan-tostado-con-lino-100-integral-dextrin/7388267,https://cdn-consum.aktiosdigitalservices.com/tol/consum/media/product/img/300x300/7388267.jpg?t=20260812080351,2026-10-08T22:05:48
pan,Consum,7462851,8437016823170,MILAGROS,Pan Molde Sin Corteza Blanco,Sin corteza,1.69,1.99,1.69,True,2.41,KILO,1 Kg,False,https://tienda.consum.es/es/p/pan-molde-sin-corteza-blanco/7462851,https://cdn-consum.aktiosdigitalservices.com/tol/consum/media/product/img/300x300/7462851.jpg?t=20260827104956,2026-10-08T22:05:48
pan,Consum,7243715,8410294200178,FRUMEN,Pan Rallado Crujiente Paquete,Pan rallado,1.3,1.45,1.3,True,3.42,KILO,1 Kg,False,https://tienda.consum.es/es/p/pan-rallado-crujiente-paquete/7243715,https://cdn-consum.aktiosdigitalservices.com/tol/consum/media/product/img/300x300/7243715.jpg?t=20260812080243,2026-10-08T22:05:48
pan,Consum,7447030,8412600019832,OROWEAT,Pan Molde 12 Cereales y Semillas,Pan de molde integral y cereales,2.89,3.29,2.89,True,5.25,KILO,1 Kg,False,https://tienda.consum.es/es/p/pan-molde-12-cereales-y-semillas/7447030,https://cdn-consum.aktiosdigitalservices.com/tol/consum/media/product/img/300x300/7447030.jpg?t=20260812080445,2026-10-08T22:05:48
pan,Consum,7388262,8412170026896,SANTIVERI,Pan Tostado Tradicional 100% Integral Dextrin,Tostadas y minibiscotes,2.89,3.39,2.89,True,9.63,KILO,1 Kg,False,https://tienda.consum.es/es/p/pan-tostado-tradicional-100-integral-dextrin/7388262,https://cdn-consum.aktiosdigitalservices.com/tol/consum/media/product/img/300x300/7388262.jpg?t=20260812080351,2026-10-08T22:05:48
pan,Consum,7462844,8437016823187,MILAGROS,Pan Molde Tradicional,Panes especiales,1.59,1.89,1.59,True,2.27,KILO,1 Kg,False,https://tienda.consum.es/es/p/pan-molde-tradicional/7462844,https://cdn-consum.aktiosdigitalservices.com/tol/consum/media/product/img/300x300/7462844.jpg?t=20260812080505,2026-10-08T22:05:48
pan,Consum,7476521,8436592740505,JUANITOBAKER,Pan Burger Potato Rolls 2 Unidades,Panes y tostadas,1.59,1.79,1.59,True,10.6,KILO,1 Kg,False,https://tienda.consum.es/es/p/pan-burger-potato-rolls-2-unidades/7476521,https://cdn-consum.aktiosdigitalservices.com/tol/consum/media/product/img/300x300/7476521.jpg?t=20260812080525,2026-10-08T22:05:48
pan,Consum,7069826,8414807512369,CONSUM,Pan Hot Dog 6 Unidades,"Pan de hamburguesa, hot dog y wraps",0.9,0.9,,False,2.73,KILO,1 Kg,False,https://tienda.consum.es/es/p/pan-hot-dog-6-unidades/7069826,https://cdn-consum.aktiosdigitalservices.com/tol/consum/media/product/img/300x300/7069826.jpg?t=20260812080159,2026-10-08T22:05:48
pan,Consum,7416972,8414807557155,CONSUM,Pan Rallado Casero,Pan rallado,0.99,0.99,,False,1.98,KILO,1 Kg,False,https://tienda.consum.es/es/p/pan-rallado-casero/7416972,https://cdn-consum.aktiosdigitalservices.com/tol/consum/media/product/img/300x300/7416972.jpg?t=20260812080414,2026-10-08T22:05:48
pan,Consum,7426237,8414807558077,CONSUM,Pan Tostado Clásico 45 Rebanadas,Tostadas y minibiscotes,1.28,1.28,,False,3.16,KILO,1 Kg,False,https://tienda.consum.es/es/p/pan-tostado-clasico-45-rebanadas/7426237,https://cdn-consum.aktiosdigitalservices.com/tol/consum/media/product/img/300x300/7426237.jpg?t=20260812080423,2026-10-08T22:05:48
pan,Consum,7435147,8414807559241,CONSUM,Pan de Molde Sin Gluten Cereales y Semillas,Panes especiales,2.55,2.55,,False,7.29,KILO,1 Kg,False,https://tienda.consum.es/es/p/pan-de-molde-sin-gluten-cereales-y-semillas/7435147,https://cdn-consum.aktiosdigitalservices.com/tol/consum/media/product/img/300x300/7435147.jpg?t=20260827104029,2026-10-08T22:05:48
pan,Consum,7435142,8414807559234,CONSUM,Pan de Molde sin Gluten Clásico,Panes especiales,2.55,2.55,,False,7.29,KILO,1 Kg,False,https://tienda.consum.es/es/p/pan-de-molde-sin-gluten-clasico/7435142,https://cdn-consum.aktiosdigitalservices.com/tol/consum/media/product/img/300x300/7435142.jpg?t=20260827104027,2026-10-08T22:05:48
pan,Consum,7200124,8414807529534,CONSUM,Pan Molde 100% Natural Tierno y Fresco,Con corteza,1.59,1.59,,False,3.46,KILO,1 Kg,False,https://tienda.consum.es/es/p/pan-molde-100-natural-tierno-y-fresco/7200124,https://cdn-consum.aktiosdigitalservices.com/tol/consum/media/product/img/300x300/7200124.jpg?t=20260812080228,2026-10-08T22:05:48
pan,Consum,7153794,8414807520395,CONSUM,Pan Tostado Sabor Ajo y Perejil,Tostadas y minibiscotes,1.2,1.2,,False,7.5,KILO,1 Kg,False,https://tienda.consum.es/es/p/pan-tostado-sabor-ajo-y-perejil/7153794,https://cdn-consum.aktiosdigitalservices.com/tol/consum/media/product/img/300x300/7153794.jpg?t=20260812080213,2026-10-08T22:05:48
pan,Consum,7426240,8414807558084,CONSUM,Pan Tostado 0% Sal y Azúcares Añadidos 45U,Tostadas y minibiscotes,1.69,1.69,,False,4.17,KILO,1 Kg,False,https://tienda.consum.es/es/p/pan-tostado-0-sal-y-azucares-anadidos-45u/7426240,https://cdn-consum.aktiosdigitalservices.com/tol/consum/media/product/img/300x300/7426240.jpg?t=20260812080423,2026-10-08T22:05:48
pan,Consum,7050516,8414807519252,CONSUM,Pan Rallado Clasico Paquete,Pan rallado,0.6,0.6,,False,1.2,KILO,1 Kg,False,https://tienda.consum.es/es/p/pan-rallado-clasico-paquete/7050516,https://cdn-consum.aktiosdigitalservices.com/tol/consum/media/product/img/300x300/7050516.jpg?t=20260812080155,2026-10-08T22:05:48
pan,Consum,7069797,8414807512307,CONSUM,Pan de Molde Clasico 16 Rebanadas.,Con corteza,0.8,0.8,,False,1.74,KILO,1 Kg,False,https://tienda.consum.es/es/p/pan-de-molde-clasico-16-rebanadas/7069797,https://cdn-consum.aktiosdigitalservices.com/tol/consum/media/product/img/300x300/7069797.jpg?t=20260812080159,2026-10-08T22:05:48
pan,Consum,7069800,8414807512314,CONSUM,Pan Molde 100% Integral 0% Azúcares Añadidos,Pan de molde integral y cereales,0.9,0.9,,False,1.96,KILO,1 Kg,False,https://tienda.consum.es/es/p/pan-molde-100-integral-0-azucares-anadidos/7069800,https://cdn-consum.aktiosdigitalservices.com/tol/consum/media/product/img/300x300/7069800.jpg?t=20260812080159,2026-10-08T22:05:48
pan,Consum,7069821,8414807512352,CONSUM,Pan Maxi Burger 4 Unidades,Panes y tostadas,0.85,0.85,,False,2.83,KILO,1 Kg,False,https://tienda.consum.es/es/p/pan-maxi-burger-4-unidades/7069821,https://cdn-consum.aktiosdigitalservices.com/tol/consum/media/product/img/300x300/7069821.jpg?t=20260812080159,2026-10-08T22:05:48
pan,Consum,7194889,8414807530332,CONSUM,Pan Molde Integral,Pan de molde integral y cereales,1.15,1.15,,False,1.4,KILO,1 Kg,False,https://tienda.consum.es/es/p/pan-molde-integral/7194889,https://cdn-consum.aktiosdigitalservices.com/tol/consum/media/product/img/300x300/7194889.jpg?t=20260812080226,2026-10-08T22:05:48
pan,Consum,7149086,8414807519986,CONSUM,Pan Molde 100 %Integral sin Corteza,"Pan de hamburguesa, hot dog y wraps",1.1,1.1,,False,2.44,KILO,1 Kg,False,https://tienda.consum.es/es/p/pan-molde-100-integral-sin-corteza/7149086,https://cdn-consum.aktiosdigitalservices.com/tol/consum/media/product/img/300x300/7149086.jpg?t=20260812080213,2026-10-08T22:05:48
pan,Consum,7149094,8414807519993,CONSUM,Pan de Molde Clásico Sin Corteza,Sin corteza,1.05,1.05,,False,2.33,KILO,1 Kg,False,https://tienda.consum.es/es/p/pan-de-molde-clasico-sin-corteza/7149094,https://cdn-consum.aktiosdigitalservices.com/tol/consum/media/product/img/300x300/7149094.jpg?t=20260812080213,2026-10-08T22:05:48
pan,Consum,7194884,8414807530325,CONSUM,Pan Molde Normal,Con corteza,1.15,1.15,,False,1.4,KILO,1 Kg,False,https://tienda.consum.es/es/p/pan-molde-normal/7194884,https://cdn-consum.aktiosdigitalservices.com/tol/consum/media/product/img/300x300/7194884.jpg?t=20260812080226,2026-10-08T22:05:48
pan,Consum,7306892,8414807543721,CONSUM,Pan Rallado Ajo-Perejil,Pan rallado,0.99,0.99,,False,1.98,KILO,1 Kg,False,https://tienda.consum.es/es/p/pan-rallado-ajo-perejil/7306892,https://cdn-consum.aktiosdigitalservices.com/tol/consum/media/product/img/300x300/7306892.jpg?t=20260812080309,2026-10-08T22:05:48
pan,Consum,7403272,8414807555472,CONSUM,Pan Molde Cereales y Semillas,Pan de molde integral y cereales,1.5,1.5,,False,2.22,KILO,1 Kg,False,https://tienda.consum.es/es/p/pan-molde-cereales-y-semillas/7403272,https://cdn-consum.aktiosdigitalservices.com/tol/consum/media/product/img/300x300/7403272.jpg?t=20260812080403,2026-10-08T22:05:48
pan,Consum,7426232,8414807558060,CONSUM,Pan Tostado 100%Integra 45 Rebanadas,Tostadas y minibiscotes,1.37,1.37,,False,3.38,KILO,1 Kg,False,https://tienda.consum.es/es/p/pan-tostado-100integra-45-rebanadas/7426232,https://cdn-consum.aktiosdigitalservices.com/tol/consum/media/product/img/300x300/7426232.jpg?t=20260812080423,2026-10-08T22:05:48
pan,Consum,305425,8412600012192,BIMBO,Pan Molde Sándwich,Con corteza,2.29,2.29,,False,3.27,KILO,1 Kg,False,https://tienda.consum.es/es/p/pan-molde-sandwich/305425,https://cdn-consum.aktiosdigitalservices.com/tol/consum/media/product/img/300x300/305425.jpg?t=20260827095309,2026-10-08T22:05:48
pan,Consum,7428779,8412600019696,BIMBO,Pan de Molde 0% Azúcares Añadidos,Con corteza,1.59,1.59,,False,3.7,KILO,1 Kg,False,https://tienda.consum.es/es/p/pan-de-molde-0-azucares-anadidos/7428779,https://cdn-consum.aktiosdigitalservices.com/tol/consum/media/product/img/300x300/7428779.jpg?t=20260812080425,2026-10-08T22:05:48
pan,Consum,575837,8412600019788,BIMBO,Pan Maxi Burger 4 Unidades,Panes y tostadas,2.19,2.19,,False,7.3,KILO,1 Kg,False,https://tienda.consum.es/es/p/pan-maxi-burger-4-unidades/575837,https://cdn-consum.aktiosdigitalservices.com/tol/consum/media/product/img/300x300/575837.jpg?t=20260812080139,2026-10-08T22:05:48
pan,Consum,7478220,8412600064511,BIMBO,Pan Molde Natural 100% Sin Corteza Integral100%,Sin corteza,2.99,2.99,,False,6.64,KILO,1 Kg,False,https://tienda.consum.es/es/p/pan-molde-natural-100-sin-corteza-integral100/7478220,https://cdn-consum.aktiosdigitalservices.com/tol/consum/media/product/img/300x300/7478220.jpg?t=20260812080527,2026-10-08T22:05:48
pan,Consum,7464449,8412600049297,BIMBO,Pan Molde 100% Integral,Pan de molde integral y cereales,1.99,1.99,,False,4.42,KILO,1 Kg,False,https://tienda.consum.es/es/p/pan-molde-100-integral/7464449,https://cdn-consum.aktiosdigitalservices.com/tol/consum/media/product/img/300x300/7464449.jpg?t=20260812080508,2026-10-08T22:05:48
pan,Consum,7469633,8412600307618,BIMBO,Pan Molde 8 Cereales 100% Integral sin Corteza,"Pan de hamburguesa, hot dog y wraps",2.55,2.55,,False,5.67,KILO,1 Kg,False,https://tienda.consum.es/es/p/pan-molde-8-cereales-100-integral-sin-corteza/7469633,https://cdn-consum.aktiosdigitalservices.com/tol/consum/media/product/img/300x300/7469633.jpg?t=20260812080514,2026-10-08T22:05:48
pan,Consum,7478477,8412600064535,BIMBO,Pan de Molde Proteina,Panes especiales,3.19,3.19,,False,6.72,KILO,1 Kg,False,https://tienda.consum.es/es/p/pan-de-molde-proteina/7478477,https://cdn-consum.aktiosdigitalservices.com/tol/consum/media/product/img/300x300/7478477.jpg?t=20260812080528,2026-10-08T22:05:48
pan,Consum,2842854,8412600100325,BIMBO,Pan Molde Sin Corteza,Sin corteza,2.35,2.35,,False,4.7,KILO,1 Kg,False,https://tienda.consum.es/es/p/pan-molde-sin-corteza/2842854,https://cdn-consum.aktiosdigitalservices.com/tol/consum/media/product/img/300x300/2842854.jpg?t=20260827095721,2026-10-08T22:05:48
pan,Consum,7267321,8412600028131,RUSTIK BAKER,Pan Hogaza M. Madre Multicereales,Con corteza,3.19,3.19,,False,7.98,KILO,1 Kg,False,https://tienda.consum.es/es/p/pan-hogaza-m-madre-multicereales/7267321,https://cdn-consum.aktiosdigitalservices.com/tol/consum/media/product/img/300x300/7267321.jpg?t=20260812080252,2026-10-08T22:05:48
pan,Consum,7257934,8412600028124,RUSTIK BAKER,Pan Hogaza Masa Madre,Con corteza,3.19,3.19,,False,7.98,KILO,1 Kg,False,https://tienda.consum.es/es/p/pan-hogaza-masa-madre/7257934,https://cdn-consum.aktiosdigitalservices.com/tol/consum/media/product/img/300x300/7257934.jpg?t=20260827101243,2026-10-08T22:05:48
pan,Consum,7418916,8410087366166,DULCESOL,Pan Rustic Burger 4 Unidades,Panes y tostadas,1.39,1.39,,False,4.63,KILO,1 Kg,False,https://tienda.consum.es/es/p/pan-rustic-burger-4-unidades/7418916,https://cdn-consum.aktiosdigitalservices.com/tol/consum/media/product/img/300x300/7418916.jpg?t=20260827103500,2026-10-08T22:05:48
pan,Consum,7430668,8410087313122,DULCESOL,Pan Brioche con Mantequilla,Panes especiales,2.79,2.79,,False,6.2,KILO,1 Kg,False,https://tienda.consum.es/es/p/pan-brioche-con-mantequilla/7430668,https://cdn-consum.aktiosdigitalservices.com/tol/consum/media/product/img/300x300/7430668.jpg?t=20260827103849,2026-10-08T22:05:48
pan,Consum,7264377,8410087820033,DULCESOL,Pan Sándwich Integral Sottile 8 Unidades,Panes especiales,1.99,1.99,,False,6.42,KILO,1 Kg,False,https://tienda.consum.es/es/p/pan-sandwich-integral-sottile-8-unidades/7264377,https://cdn-consum.aktiosdigitalservices.com/tol/consum/media/product/img/300x300/7264377.jpg?t=20260827101322,2026-10-08T22:05:48
pan,Consum,7276496,8410087414379,DULCESOL,Pan de Molde de Avena,Panes especiales,1.99,1.99,,False,4.33,KILO,1 Kg,False,https://tienda.consum.es/es/p/pan-de-molde-de-avena/7276496,https://cdn-consum.aktiosdigitalservices.com/tol/consum/media/product/img/300x300/7276496.jpg?t=20260827101425,2026-10-08T22:05:48
pan,Consum,7447910,8410087371375,DULCESOL,Pan Burger Black 4 Unidades,Panes y tostadas,1.99,1.99,,False,0.5,UNIDAD,1 U,False,https://tienda.consum.es/es/p/pan-burger-black-4-unidades/7447910,https://cdn-consum.aktiosdigitalservices.com/tol/consum/media/product/img/300x300/7447910.jpg?t=20251022080841,2026-10-08T22:05:48
pan,Consum,7440654,8437003469480,PAN MILAGROS,Pan de Molde Rebanada Gruesa,Con corteza,1.99,1.99,,False,2.43,KILO,1 Kg,False,https://tienda.consum.es/es/p/pan-de-molde-rebanada-gruesa/7440654,https://cdn-consum.aktiosdigitalservices.com/tol/consum/media/product/img/300x300/7440654.jpg?t=20260827104221,2026-10-08T22:05:48
pan,Consum,7282028,8008698007389,SCHÄR,Pan de Molde Cereales sin Gluten,Panes especiales,2.83,2.83,,False,9.43,KILO,1 Kg,False,https://tienda.consum.es/es/p/pan-de-molde-cereales-sin-gluten/7282028,https://cdn-consum.aktiosdigitalservices.com/tol/consum/media/product/img/300x300/7282028.jpg?t=20260827101502,2026-10-08T22:05:48
pan,Consum,7397545,8427207003054,KETTERER,Pan de Molde Protein K,Panes especiales,3.59,3.59,,False,7.98,KILO,1 Kg,False,https://tienda.consum.es/es/p/pan-de-molde-protein-k/7397545,https://cdn-consum.aktiosdigitalservices.com/tol/consum/media/product/img/300x300/7397545.jpg?t=20260812080359,2026-10-08T22:05:48
pan,Consum,7444037,8411929302144,MENDEZ,Pan Cristal con Aceite de Oliva Virgen Extra,Tostadas y minibiscotes,1.29,1.29,,False,10.75,KILO,1 Kg,False,https://tienda.consum.es/es/p/pan-cristal-con-aceite-de-oliva-virgen-extra/7444037,https://cdn-consum.aktiosdigitalservices.com/tol/consum/media/product/img/300x300/7444037.jpg?t=20260827104326,2026-10-08T22:05:48
pan,Consum,7238470,8008698005576,SCHÄR,Pan de Molde Clásico sin Gluten,Panes especiales,2.83,2.83,,False,9.43,KILO,1 Kg,False,https://tienda.consum.es/es/p/pan-de-molde-clasico-sin-gluten/7238470,https://cdn-consum.aktiosdigitalservices.com/tol/consum/media/product/img/300x300/7238470.jpg?t=20260827101115,2026-10-08T22:05:48
pan,Consum,7439792,8412600037348,ORTIZ,Pan Tostado 100%Integra 36 Unidades,Tostadas y minibiscotes,2.79,2.79,,False,8.72,KILO,1 Kg,False,https://tienda.consum.es/es/p/pan-tostado-100integra-36-unidades/7439792,https://cdn-consum.aktiosdigitalservices.com/tol/consum/media/product/img/300x300/7439792.jpg?t=20260812080438,2026-10-08T22:05:48
pan,Consum,7351112,7300400112734,WASA,Pan de Sésamo Wasa,Tostadas y minibiscotes,2.45,2.45,,False,12.25,KILO,1 Kg,False,https://tienda.consum.es/es/p/pan-de-sesamo-wasa/7351112,https://cdn-consum.aktiosdigitalservices.com/tol/consum/media/product/img/300x300/7351112.jpg?t=20260812080331,2026-10-08T22:05:48
pan,Consum,7439776,8412600037355,ORTIZ,Pan Tostado Tradicional 36 Unidades,Tostadas y minibiscotes,2.79,2.79,,False,8.72,KILO,1 Kg,False,https://tienda.consum.es/es/p/pan-tostado-tradicional-36-unidades/7439776,https://cdn-consum.aktiosdigitalservices.com/tol/consum/media/product/img/300x300/7439776.jpg?t=20260812080438,2026-10-08T22:05:48
pan,Consum,7420938,7300400118118,WASA,Pan Original,Tostadas y minibiscotes,2.26,2.26,,False,11.02,KILO,1 Kg,False,https://tienda.consum.es/es/p/pan-original/7420938,https://cdn-consum.aktiosdigitalservices.com/tol/consum/media/product/img/300x300/7420938.jpg?t=20260812080418,2026-10-08T22:05:48
pan,Consum,7261829,8008698002599,SCHÄR,Pan Payés Sin Gluten,Panes especiales,3.79,3.79,,False,15.79,KILO,1 Kg,False,https://tienda.consum.es/es/p/pan-payes-sin-gluten/7261829,https://cdn-consum.aktiosdigitalservices.com/tol/consum/media/product/img/300x300/7261829.jpg?t=20260812080250,2026-10-08T22:05:48
pan,Consum,7282481,7300400117852,WASA,Pan Fibra,Tostadas y minibiscotes,2.45,2.45,,False,10.65,KILO,1 Kg,False,https://tienda.consum.es/es/p/pan-fibra/7282481,https://cdn-consum.aktiosdigitalservices.com/tol/consum/media/product/img/300x300/7282481.jpg?t=20260812080257,2026-10-08T22:05:48
pan,Consum,7310915,8414458000369,ESCRIVA,Pan de Gambas Bolsa,Snacks y otros aperitivos,1.55,1.55,,False,19.38,KILO,1 Kg,False,https://tienda.consum.es/es/p/pan-de-gambas-bolsa/7310915,https://cdn-consum.aktiosdigitalservices.com/tol/consum/media/product/img/300x300/7310915.jpg?t=20260827101850,2026-10-08T22:05:48
pan,Consum,7327732,8008698028551,SCHÄR,Pan Tostado Tostas sin Gluten,Panes especiales,4.85,4.85,,False,18.65,KILO,1 Kg,False,https://tienda.consum.es/es/p/pan-tostado-tostas-sin-gluten/7327732,https://cdn-consum.aktiosdigitalservices.com/tol/consum/media/product/img/300x300/7327732.jpg?t=20260812080319,2026-10-08T22:05:48
pan,Consum,7376189,8410706000198,RECONDO,Pan Tostado 100 % Integral,Tostadas y minibiscotes,2.49,2.49,,False,9.22,KILO,1 Kg,False,https://tienda.consum.es/es/p/pan-tostado-100-integral/7376189,https://cdn-consum.aktiosdigitalservices.com/tol/consum/media/product/img/300x300/7376189.jpg?t=20260812080344,2026-10-08T22:05:48
pan,Consum,7439789,8412600037331,ORTIZ,"Pan Tostado 8 Cereales y Semillas, 36 Unidades",Tostadas y minibiscotes,2.79,2.79,,False,8.72,KILO,1 Kg,False,https://tienda.consum.es/es/p/pan-tostado-8-cereales-y-semillas-36-unidades/7439789,https://cdn-consum.aktiosdigitalservices.com/tol/consum/media/product/img/300x300/7439789.jpg?t=20260812080438,2026-10-08T22:05:48
pan,Consum,7425457,8436541921092,SINBLAT,"Pan Hamburguesa Sin Gluten, 2 Unidades",Panes especiales,1.75,1.75,,False,10.94,KILO,1 Kg,False,https://tienda.consum.es/es/p/pan-hamburguesa-sin-gluten-2-unidades/7425457,https://cdn-consum.aktiosdigitalservices.com/tol/consum/media/product/img/300x300/7425457.jpg?t=20260827103718,2026-10-08T22:05:48
pan,Consum,7247294,8437004218049,STAR,Pan de Pita Pack de 6 Unidades,Panes especiales,1.75,1.75,,False,4.38,KILO,1 Kg,False,https://tienda.consum.es/es/p/pan-de-pita-pack-de-6-unidades/7247294,https://cdn-consum.aktiosdigitalservices.com/tol/consum/media/product/img/300x300/7247294.jpg?t=20260812080245,2026-10-08T22:05:48
pan,Consum,7282494,7300400122092,WASA,Pan Vitalite,Tostadas y minibiscotes,2.45,2.45,,False,8.75,KILO,1 Kg,False,https://tienda.consum.es/es/p/pan-vitalite/7282494,https://cdn-consum.aktiosdigitalservices.com/tol/consum/media/product/img/300x300/7282494.jpg?t=20260812080257,2026-10-08T22:05:48
pan,Consum,7365687,8437006555043,PAIARROP,Pan de Dátil con Nueces,Fruta desecada,2.59,2.59,,False,12.95,KILO,1 Kg,False,https://tienda.consum.es/es/p/pan-de-datil-con-nueces/7365687,https://cdn-consum.aktiosdigitalservices.com/tol/consum/media/product/img/300x300/7365687.jpg?t=20251224080435,2026-10-08T22:05:48
pan,Consum,7282239,8410294003052,FRUMEN,Pan Rallado Estilo Japonés Panko,Pan rallado,1.65,1.65,,False,11.0,KILO,1 Kg,False,https://tienda.consum.es/es/p/pan-rallado-estilo-japones-panko/7282239,https://cdn-consum.aktiosdigitalservices.com/tol/consum/media/product/img/300x300/7282239.jpg?t=20260826075847,2026-10-08T22:05:48
pan,Consum,7365679,8437006555036,PAIARROP,Pan de Higo con Almendra,Fruta desecada,2.59,2.59,,False,12.95,KILO,1 Kg,False,https://tienda.consum.es/es/p/pan-de-higo-con-almendra/7365679,https://cdn-consum.aktiosdigitalservices.com/tol/consum/media/product/img/300x300/7365679.jpg?t=20251224080435,2026-10-08T22:05:48
pan,Consum,7418999,8414139006079,MAS PROTEIN,Pan Tostado Proteínas,Tostadas y minibiscotes,2.49,2.49,,False,12.45,KILO,1 Kg,False,https://tienda.consum.es/es/p/pan-tostado-proteinas/7418999,https://cdn-consum.aktiosdigitalservices.com/tol/consum/media/product/img/300x300/7418999.jpg?t=20260812080416,2026-10-08T22:05:48
pan,Consum,7429558,8410069020468,GALLO,Pan Rallado Sin Gluten,Pan rallado,2.2,2.2,,False,7.33,KILO,1 Kg,False,https://tienda.consum.es/es/p/pan-rallado-sin-gluten/7429558,https://cdn-consum.aktiosdigitalservices.com/tol/consum/media/product/img/300x300/7429558.jpg?t=20260812080426,2026-10-08T22:05:48
pan,Consum,7460913,8437024245049,MORDI GODI,Pan de Queso,Especial Navidad,3.29,3.29,,False,13.0,KILO,1 Kg,False,https://tienda.consum.es/es/p/pan-de-queso/7460913,https://cdn-consum.aktiosdigitalservices.com/tol/consum/media/product/img/300x300/7460913.jpg?t=20260901080519,2026-10-08T22:05:48
pan,Consum,7465623,,,Panini 4 Quesos 29%,Pizzas y hojaldres,1.59,1.59,,False,15.9,KILO,1 Kg,False,https://tienda.consum.es/es/p/panini-4-quesos-29/7465623,https://cdn-consum.aktiosdigitalservices.com/tol/consum/media/product/img/300x300/7465623.jpg?t=20260804081039,2026-10-08T22:05:48
pan,Consum,7436566,,,Panal de Cabello 36% 1 Unidad,Napolitanas y hojaldres,1.19,1.19,,False,10.17,KILO,1 Kg,False,https://tienda.consum.es/es/p/panal-de-cabello-36-1-unidad/7436566,https://cdn-consum.aktiosdigitalservices.com/tol/consum/media/product/img/300x300/7436566.jpg?t=20260715080030,2026-10-08T22:05:48
pan,Consum,7480510,8425514015616,,Panini Kebab Pollo 23% 1U,Pizzas y hojaldres,1.99,1.99,,False,16.58,KILO,1 Kg,False,https://tienda.consum.es/es/p/panini-kebab-pollo-23-1u/7480510,https://cdn-consum.aktiosdigitalservices.com/tol/consum/media/product/img/300x300/7480510.jpg?t=20260819080113,2026-10-08T22:05:48
pan,Consum,7480242,8425514014152,,Pañuelo Hot Dog,Pizzas y hojaldres,0.89,0.89,,False,10.47,KILO,1 Kg,False,https://tienda.consum.es/es/p/panuelo-hot-dog/7480242,https://cdn-consum.aktiosdigitalservices.com/tol/consum/media/product/img/300x300/7480242.jpg?t=20260721080601,2026-10-08T22:05:48
pan,Consum,7210896,8410705014400,MAHESO,Porras Prefritas,"Pan, churros y porras",2.5,3.29,2.5,True,7.81,KILO,1 Kg,False,https://tienda.consum.es/es/p/porras-prefritas/7210896,https://cdn-consum.aktiosdigitalservices.com/tol/consum/media/product/img/300x300/7210896.jpg?t=20260827100853,2026-10-08T22:05:48
pan,Consum,7320802,8410069000354,GALLO,Harina para Bizcochos Paquete,Harina,1.09,1.29,1.09,True,1.09,KILO,1 Kg,False,https://tienda.consum.es/es/p/harina-para-bizcochos-paquete/7320802,https://cdn-consum.aktiosdigitalservices.com/tol/consum/media/product/img/300x300/7320802.jpg?t=20260812080316,2026-10-08T22:05:48
pan,Consum,7337673,8410069017192,GALLO,Harina Integral Espelta Paquete,Harina,1.65,1.95,1.65,True,1.65,KILO,1 Kg,False,https://tienda.consum.es/es/p/harina-integral-espelta-paquete/7337673,https://cdn-consum.aktiosdigitalservices.com/tol/consum/media/product/img/300x300/7337673.jpg?t=20260812080324,2026-10-08T22:05:48
pan,Consum,7430197,8410705003091,MAHESO,Churros Lazo,"Pan, churros y porras",1.59,2.15,1.59,True,3.98,KILO,1 Kg,False,https://tienda.consum.es/es/p/churros-lazo/7430197,https://cdn-consum.aktiosdigitalservices.com/tol/consum/media/product/img/300x300/7430197.jpg?t=20260812080426,2026-10-08T22:05:48
pan,Consum,7426083,8414807557988,CONSUM,Harina de Trigo Repostería,Harina,1.05,1.05,,False,1.05,KILO,1 Kg,False,https://tienda.consum.es/es/p/harina-de-trigo-reposteria/7426083,https://cdn-consum.aktiosdigitalservices.com/tol/consum/media/product/img/300x300/7426083.jpg?t=20260812080423,2026-10-08T22:05:48
pan,Consum,7426104,8414807558022,CONSUM,Harina de Trigo 100% Integral,Harina,0.9,0.9,,False,0.9,KILO,1 Kg,False,https://tienda.consum.es/es/p/harina-de-trigo-100-integral/7426104,https://cdn-consum.aktiosdigitalservices.com/tol/consum/media/product/img/300x300/7426104.jpg?t=20260812080423,2026-10-08T22:05:48
pan,Consum,7426096,8414807558015,CONSUM,Harina de Trigo Fritos,Harina,1.2,1.2,,False,1.2,KILO,1 Kg,False,https://tienda.consum.es/es/p/harina-de-trigo-fritos/7426096,https://cdn-consum.aktiosdigitalservices.com/tol/consum/media/product/img/300x300/7426096.jpg?t=20260812080423,2026-10-08T22:05:48
pan,Consum,7426088,8414807557995,CONSUM,Harina de Trigo Fuerza,Harina,0.95,0.95,,False,0.95,KILO,1 Kg,False,https://tienda.consum.es/es/p/harina-de-trigo-fuerza/7426088,https://cdn-consum.aktiosdigitalservices.com/tol/consum/media/product/img/300x300/7426088.jpg?t=20260812080423,2026-10-08T22:05:48
pan,Consum,7390078,8412600018316,BIMBO,Bagels Clásico 4 Unidades,"Pan de hamburguesa, hot dog y wraps",2.79,2.79,,False,9.3,KILO,1 Kg,False,https://tienda.consum.es/es/p/bagels-clasico-4-unidades/7390078,https://cdn-consum.aktiosdigitalservices.com/tol/consum/media/product/img/300x300/7390078.jpg?t=20260827102844,2026-10-08T22:05:48
pan,Consum,7390086,8412600018323,BIMBO,Bagels Semillas 4 Unidades,"Pan de hamburguesa, hot dog y wraps",2.79,2.79,,False,9.3,KILO,1 Kg,False,https://tienda.consum.es/es/p/bagels-semillas-4-unidades/7390086,https://cdn-consum.aktiosdigitalservices.com/tol/consum/media/product/img/300x300/7390086.jpg?t=20260827102845,2026-10-08T22:05:48
pan,Consum,7478642,8410022118232,BIMBO,Hot Dog Rebanado 6 Unidades,"Pan de hamburguesa, hot dog y wraps",1.89,1.89,,False,5.73,KILO,1 Kg,False,https://tienda.consum.es/es/p/hot-dog-rebanado-6-unidades/7478642,https://cdn-consum.aktiosdigitalservices.com/tol/consum/media/product/img/300x300/7478642.jpg?t=20260812080528,2026-10-08T22:05:48
pan,Consum,7430650,8410087402383,DULCESOL,Hot Dog Rustic 6 Unidades,"Pan de hamburguesa, hot dog y wraps",1.45,1.45,,False,4.39,KILO,1 Kg,False,https://tienda.consum.es/es/p/hot-dog-rustic-6-unidades/7430650,https://cdn-consum.aktiosdigitalservices.com/tol/consum/media/product/img/300x300/7430650.jpg?t=20260827103848,2026-10-08T22:05:48
pan,Consum,170316,8410069021649,GALLO,Harina de Trigo Paquete,Harina,1.45,1.45,,False,1.45,KILO,1 Kg,False,https://tienda.consum.es/es/p/harina-de-trigo-paquete/170316,https://cdn-consum.aktiosdigitalservices.com/tol/consum/media/product/img/300x300/170316.jpg?t=20260827095220,2026-10-08T22:05:48
pan,Consum,7080419,8436005821753,LEVANOVA,Levadura Fresca Pack de 2 Unidades,Levadura,0.5,0.5,,False,10.0,KILO,1 Kg,False,https://tienda.consum.es/es/p/levadura-fresca-pack-de-2-unidades/7080419,https://cdn-consum.aktiosdigitalservices.com/tol/consum/media/product/img/300x300/7080419.jpg?t=20260812080201,2026-10-08T22:05:48
pan,Consum,7203313,8414472101844,ESGIR,Rebozado Crujiente Sin Gluten,Pan rallado,1.59,1.59,,False,7.95,KILO,1 Kg,False,https://tienda.consum.es/es/p/rebozado-crujiente-sin-gluten/7203313,https://cdn-consum.aktiosdigitalservices.com/tol/consum/media/product/img/300x300/7203313.jpg?t=20260827100827,2026-10-08T22:05:48
pan,Consum,7243723,8410069021304,GALLO,Harina de Fuerza Paquete,Harina,1.85,1.85,,False,1.85,KILO,1 Kg,False,https://tienda.consum.es/es/p/harina-de-fuerza-paquete/7243723,https://cdn-consum.aktiosdigitalservices.com/tol/consum/media/product/img/300x300/7243723.jpg?t=20260827101146,2026-10-08T22:05:48
pan,Consum,7233385,8711100080060,MAIZENA,Harina de Maíz Caja,Harina,2.99,2.99,,False,7.48,KILO,1 Kg,False,https://tienda.consum.es/es/p/harina-de-maiz-caja/7233385,https://cdn-consum.aktiosdigitalservices.com/tol/consum/media/product/img/300x300/7233385.jpg?t=20260812080240,2026-10-08T22:05:48
pan,Consum,7213650,8410069019639,GALLO,Harina de Repostería Paquete,Harina,1.7,1.7,,False,1.7,KILO,1 Kg,False,https://tienda.consum.es/es/p/harina-de-reposteria-paquete/7213650,https://cdn-consum.aktiosdigitalservices.com/tol/consum/media/product/img/300x300/7213650.jpg?t=20260827100913,2026-10-08T22:05:48
pan,Consum,7231355,8410069014412,GALLO,Harina Mix sin Gluten Múltiples Usos,Harina,3.05,3.05,,False,6.1,KILO,1 Kg,False,https://tienda.consum.es/es/p/harina-mix-sin-gluten-multiples-usos/7231355,https://cdn-consum.aktiosdigitalservices.com/tol/consum/media/product/img/300x300/7231355.jpg?t=20260812080239,2026-10-08T22:05:48
pan,Consum,7301096,8420813193744,HARIMSA,Harina Integral de Avena Paquete,Harina,1.75,1.75,,False,4.38,KILO,1 Kg,False,https://tienda.consum.es/es/p/harina-integral-de-avena-paquete/7301096,https://cdn-consum.aktiosdigitalservices.com/tol/consum/media/product/img/300x300/7301096.jpg?t=20260812080307,2026-10-08T22:05:48
pan,Consum,7399447,8436559782098,NATUR DACSA,Harina Trigo Sarraceno Alforfón,Harina,2.99,2.99,,False,5.98,KILO,1 Kg,False,https://tienda.consum.es/es/p/harina-trigo-sarraceno-alforfon/7399447,https://cdn-consum.aktiosdigitalservices.com/tol/consum/media/product/img/300x300/7399447.jpg?t=20260812080401,2026-10-08T22:05:48
pan,Consum,7474364,8437000623854,HARICAMAN,Harina Precocida de Maiz,Harina,1.6,1.6,,False,1.6,KILO,1 Kg,False,https://tienda.consum.es/es/p/harina-precocida-de-maiz/7474364,https://cdn-consum.aktiosdigitalservices.com/tol/consum/media/product/img/300x300/7474364.jpg?t=20260812080522,2026-10-08T22:05:48
pan,Consum,7310613,8410069013569,GALLO,Harina Integral Paquete,Harina,1.7,1.7,,False,1.7,KILO,1 Kg,False,https://tienda.consum.es/es/p/harina-integral-paquete/7310613,https://cdn-consum.aktiosdigitalservices.com/tol/consum/media/product/img/300x300/7310613.jpg?t=20260812080311,2026-10-08T22:05:48
pan,Consum,7321276,8420813194000,HARIMSA,Harina de Garbanzo Paquete,Harina,1.69,1.69,,False,4.23,KILO,1 Kg,False,https://tienda.consum.es/es/p/harina-de-garbanzo-paquete/7321276,https://cdn-consum.aktiosdigitalservices.com/tol/consum/media/product/img/300x300/7321276.jpg?t=20260812080316,2026-10-08T22:05:48
pan,Consum,7195196,8427398160000,LA ROCHA,Harina de Almorta,Harina,1.75,1.75,,False,3.5,KILO,1 Kg,False,https://tienda.consum.es/es/p/harina-de-almorta/7195196,https://cdn-consum.aktiosdigitalservices.com/tol/consum/media/product/img/300x300/7195196.jpg?t=20260602084613,2026-10-08T22:05:48
pan,Consum,7463433,8420813193485,HARIMSA,Harina Tortitas y Gofres Paquete,Harina,2.45,2.45,,False,4.9,KILO,1 Kg,False,https://tienda.consum.es/es/p/harina-tortitas-y-gofres-paquete/7463433,https://cdn-consum.aktiosdigitalservices.com/tol/consum/media/product/img/300x300/7463433.jpg?t=20260812080506,2026-10-08T22:05:48
pan,Consum,7463425,8420813193423,HARIMSA,Harina Pizza Paquete,Harina,1.49,1.49,,False,1.49,KILO,1 Kg,False,https://tienda.consum.es/es/p/harina-pizza-paquete/7463425,https://cdn-consum.aktiosdigitalservices.com/tol/consum/media/product/img/300x300/7463425.jpg?t=20260812080506,2026-10-08T22:05:48
pan,Consum,7467285,8410331001621,POLO,Focaccia Romero 4 Unidades,"Pan de hamburguesa, hot dog y wraps",2.15,2.15,,False,8.96,KILO,1 Kg,False,https://tienda.consum.es/es/p/focaccia-romero-4-unidades/7467285,https://cdn-consum.aktiosdigitalservices.com/tol/consum/media/product/img/300x300/7467285.jpg?t=20260812080510,2026-10-08T22:05:48
pan,Consum,7473189,8055186192379,PINSAMI,Mini Pinsa Clásica 2 Unidades,"Pan de hamburguesa, hot dog y wraps",2.99,2.99,,False,11.5,KILO,1 Kg,False,https://tienda.consum.es/es/p/mini-pinsa-clasica-2-unidades/7473189,https://cdn-consum.aktiosdigitalservices.com/tol/consum/media/product/img/300x300/7473189.jpg?t=20260827105352,2026-10-08T22:05:48
pan,Consum,7463438,8420813194178,HARIMSA,Mix Tortitas Avena Proteinas,Harina,3.99,3.99,,False,9.98,KILO,1 Kg,False,https://tienda.consum.es/es/p/mix-tortitas-avena-proteinas/7463438,https://cdn-consum.aktiosdigitalservices.com/tol/consum/media/product/img/300x300/7463438.jpg?t=20260812080506,2026-10-08T22:05:48
pan,Consum,7474369,8437019616854,HARICAMAN,Preparado Crujiente,Pan rallado,1.6,1.6,,False,4.0,KILO,1 Kg,False,https://tienda.consum.es/es/p/preparado-crujiente/7474369,https://cdn-consum.aktiosdigitalservices.com/tol/consum/media/product/img/300x300/7474369.jpg?t=20260812080522,2026-10-08T22:05:48
pan,Consum,7483493,8445291764354,MAGGI,Rebozado Airfryer Cheesycrispy,Pan rallado,1.39,1.39,,False,21.06,KILO,1 Kg,False,https://tienda.consum.es/es/p/rebozado-airfryer-cheesycrispy/7483493,https://cdn-consum.aktiosdigitalservices.com/tol/consum/media/product/img/300x300/7483493.jpg?t=20260825080110,2026-10-08T22:05:48
pan,Consum,993621,8421706125002,,Panceta de Cerdo Origen España,Cerdo,0.48,0.48,,False,6.25,KILO,1 Kg,False,https://tienda.consum.es/es/p/panceta-de-cerdo-origen-espana/993621,https://cdn-consum.aktiosdigitalservices.com/tol/consum/media/product/img/300x300/993621.jpg?t=20260901080635,2026-10-08T22:05:48
pan,Consum,36806,8412276504526,,Granada,Fruta de temporada,0.99,0.99,,False,3.29,KILO,1 Kg,False,https://tienda.consum.es/es/p/granada/36806,https://cdn-consum.aktiosdigitalservices.com/tol/consum/media/product/img/300x300/36806.jpg?t=20260110075711,2026-10-08T22:05:48
pan,Consum,237545,8410074002695,PANNINI,Paninis Jamón y Queso,Pizza congelada,2.85,3.39,2.85,True,11.4,KILO,1 Kg,False,https://tienda.consum.es/es/p/paninis-jamon-y-queso/237545,https://cdn-consum.aktiosdigitalservices.com/tol/consum/media/product/img/300x300/237545.jpg?t=20260812080131,2026-10-08T22:05:48
pan,Consum,7189582,5029053527574,HUGGIES,Pañal DryNites 4 a 7 Años Niño,Braguita noche,7.49,8.99,7.49,True,0.75,UNIDAD,1 U,False,https://tienda.consum.es/es/p/panal-drynites-4-a-7-anos-nino/7189582,https://cdn-consum.aktiosdigitalservices.com/tol/consum/media/product/img/300x300/7189582.jpg?t=20260827100725,2026-10-08T22:05:48
pan,Consum,7425580,8006540618882,DODOT,Pañal Bebé Seco Talla 5 De 11 kg a 16kg,Junior: Talla de 4 a 6,15.15,18.95,15.15,True,0.28,UNIDAD,1 U,False,https://tienda.consum.es/es/p/panal-bebe-seco-talla-5-de-11-kg-a-16kg/7425580,https://cdn-consum.aktiosdigitalservices.com/tol/consum/media/product/img/300x300/7425580.jpg?t=20260812080422,2026-10-08T22:05:48
pan,Consum,7457054,8700216493574,DODOT,Pañal Bebé Seco Talla 7 +15 Kg,Junior: Talla de 4 a 6,17.99,22.59,17.99,True,0.3,UNIDAD,1 U,False,https://tienda.consum.es/es/p/panal-bebe-seco-talla-7-15-kg/7457054,https://cdn-consum.aktiosdigitalservices.com/tol/consum/media/product/img/300x300/7457054.jpg?t=20260829075924,2026-10-08T22:05:48
pan,Consum,7457059,8001841144849,DODOT,Pañal Sensitive Talla 3 6-10 Kg,Bebé: Talla de 0 a 3,16.75,20.95,16.75,True,0.3,UNIDAD,1 U,False,https://tienda.consum.es/es/p/panal-sensitive-talla-3-6-10-kg/7457059,https://cdn-consum.aktiosdigitalservices.com/tol/consum/media/product/img/300x300/7457059.jpg?t=20260901080512,2026-10-08T22:05:48
pan,Consum,7457047,8700216493512,DODOT,Pañal Bebé Seco Talla 6 13-18 Kg,Junior: Talla de 4 a 6,17.99,22.59,17.99,True,0.27,UNIDAD,1 U,False,https://tienda.consum.es/es/p/panal-bebe-seco-talla-6-13-18-kg/7457047,https://cdn-consum.aktiosdigitalservices.com/tol/consum/media/product/img/300x300/7457047.jpg?t=20260829075923,2026-10-08T22:05:48
pan,Consum,7457062,8001841144870,DODOT,Pañal Sensitive Talla 4 9-14 Kg,Junior: Talla de 4 a 6,20.79,25.99,20.79,True,0.43,UNIDAD,1 U,False,https://tienda.consum.es/es/p/panal-sensitive-talla-4-9-14-kg/7457062,https://cdn-consum.aktiosdigitalservices.com/tol/consum/media/product/img/300x300/7457062.jpg?t=20260827104735,2026-10-08T22:05:48
pan,Consum,7079742,4001724415909,PANNINI,Paninis Barbacoa,Pizza congelada,2.85,3.39,2.85,True,11.4,KILO,1 Kg,False,https://tienda.consum.es/es/p/paninis-barbacoa/7079742,https://cdn-consum.aktiosdigitalservices.com/tol/consum/media/product/img/300x300/7079742.jpg?t=20260812080201,2026-10-08T22:05:48
pan,Consum,7189579,5029053527581,HUGGIES,Pañal DryNites 4 a 7 Años Niña,Braguita noche,7.49,8.99,7.49,True,0.75,UNIDAD,1 U,False,https://tienda.consum.es/es/p/panal-drynites-4-a-7-anos-nina/7189579,https://cdn-consum.aktiosdigitalservices.com/tol/consum/media/product/img/300x300/7189579.jpg?t=20260827100724,2026-10-08T22:05:48
pan,Consum,7189587,5029053527604,HUGGIES,Pañal DryNites 8 a 13 Años Niña,Braguita noche,7.49,8.99,7.49,True,0.83,UNIDAD,1 U,False,https://tienda.consum.es/es/p/panal-drynites-8-a-13-anos-nina/7189587,https://cdn-consum.aktiosdigitalservices.com/tol/consum/media/product/img/300x300/7189587.jpg?t=20260827100727,2026-10-08T22:05:48
pan,Consum,7189590,5029053527598,HUGGIES,Pañal DryNites 8 a 13 Años Niño,Braguita noche,7.49,8.99,7.49,True,0.83,UNIDAD,1 U,False,https://tienda.consum.es/es/p/panal-drynites-8-a-13-anos-nino/7189590,https://cdn-consum.aktiosdigitalservices.com/tol/consum/media/product/img/300x300/7189590.jpg?t=20260827100728,2026-10-08T22:05:48
pan,Consum,7359607,8001841677231,DODOT,Pañal Pants T 6 16-22 Kilos,Junior: Talla de 4 a 6,11.95,14.95,11.95,True,0.44,UNIDAD,1 U,False,https://tienda.consum.es/es/p/panal-pants-t-6-16-22-kilos/7359607,https://cdn-consum.aktiosdigitalservices.com/tol/consum/media/product/img/300x300/7359607.jpg?t=20260827102428,2026-10-08T22:05:48
pan,Consum,7379147,8001841677279,DODOT,Pañal Pant T 7 +17 Kg,Junior: Talla de 4 a 6,11.95,14.95,11.95,True,0.52,UNIDAD,1 U,False,https://tienda.consum.es/es/p/panal-pant-t-7-17-kg/7379147,https://cdn-consum.aktiosdigitalservices.com/tol/consum/media/product/img/300x300/7379147.jpg?t=20260827102722,2026-10-08T22:05:48
pan,Consum,7359581,8001841677156,DODOT,Pañal Pants T 4 9-15 Kilos,Junior: Talla de 4 a 6,11.95,14.95,11.95,True,0.36,UNIDAD,1 U,False,https://tienda.consum.es/es/p/panal-pants-t-4-9-15-kilos/7359581,https://cdn-consum.aktiosdigitalservices.com/tol/consum/media/product/img/300x300/7359581.jpg?t=20260827102425,2026-10-08T22:05:48
pan,Consum,7359594,8001841677194,DODOT,Pañal Pants T 5 12-18 Kilos,Junior: Talla de 4 a 6,11.95,14.95,11.95,True,0.4,UNIDAD,1 U,False,https://tienda.consum.es/es/p/panal-pants-t-5-12-18-kilos/7359594,https://cdn-consum.aktiosdigitalservices.com/tol/consum/media/product/img/300x300/7359594.jpg?t=20260827102426,2026-10-08T22:05:48
pan,Consum,7384204,8436586150266,NATURWASSY,Panela,Edulcorantes,1.49,1.85,1.49,True,3.31,KILO,1 Kg,False,https://tienda.consum.es/es/p/panela/7384204,https://cdn-consum.aktiosdigitalservices.com/tol/consum/media/product/img/300x300/7384204.jpg?t=20260812080349,2026-10-08T22:05:48
pan,Consum,7426570,8006540618851,DODOT,Pañal Bebé Seco T 4 De 9 a 14 KG,Junior: Talla de 4 a 6,15.15,18.95,15.15,True,0.26,UNIDAD,1 U,False,https://tienda.consum.es/es/p/panal-bebe-seco-t-4-de-9-a-14-kg/7426570,https://cdn-consum.aktiosdigitalservices.com/tol/consum/media/product/img/300x300/7426570.jpg?t=20260812080423,2026-10-08T22:05:48
pan,Consum,7233687,8410520055671,INDASEC,Pant Súper Talla Grande,Compresas y protegeslips,9.25,10.9,9.25,True,0.93,UNIDAD,1 U,False,https://tienda.consum.es/es/p/pant-super-talla-grande/7233687,https://cdn-consum.aktiosdigitalservices.com/tol/consum/media/product/img/300x300/7233687.jpg?t=20260812080240,2026-10-08T22:05:48
pan,Consum,7353881,8410074003944,PANNINI,Paninis 4 Quesos,Pizza congelada,2.85,3.39,2.85,True,11.4,KILO,1 Kg,False,https://tienda.consum.es/es/p/paninis-4-quesos/7353881,https://cdn-consum.aktiosdigitalservices.com/tol/consum/media/product/img/300x300/7353881.jpg?t=20260812080333,2026-10-08T22:05:48
pan,Consum,7023604,5029053018638,SCOTTEX,Pañuelos de Bolsillo,Pañuelos y tissues,1.89,2.19,1.89,True,0.16,UNIDAD,1 U,False,https://tienda.consum.es/es/p/panuelos-de-bolsillo/7023604,https://cdn-consum.aktiosdigitalservices.com/tol/consum/media/product/img/300x300/7023604.jpg?t=20260812080150,2026-10-08T22:05:48
pan,Consum,7430155,4015400846789,DODOT,Pañal Sensitive Talla 2 De 4 a 8 Kg,Bebé: Talla de 0 a 3,16.75,20.95,16.75,True,0.29,UNIDAD,1 U,False,https://tienda.consum.es/es/p/panal-sensitive-talla-2-de-4-a-8-kg/7430155,https://cdn-consum.aktiosdigitalservices.com/tol/consum/media/product/img/300x300/7430155.jpg?t=20260827103835,2026-10-08T22:05:48
pan,Consum,7450356,8700216488556,DODOT,Pañal Sensitive Talla 1 De 2 Kg a 5 Kg,Bebé: Talla de 0 a 3,16.75,20.95,16.75,True,0.29,UNIDAD,1 U,False,https://tienda.consum.es/es/p/panal-sensitive-talla-1-de-2-kg-a-5-kg/7450356,https://cdn-consum.aktiosdigitalservices.com/tol/consum/media/product/img/300x300/7450356.jpg?t=20260827104459,2026-10-08T22:05:48
pan,Consum,7198807,8410706004530,RECONDO,Hogaza de Pan Rústico,Tostadas y minibiscotes,1.99,2.49,1.99,True,8.3,KILO,1 Kg,False,https://tienda.consum.es/es/p/hogaza-de-pan-rustico/7198807,https://cdn-consum.aktiosdigitalservices.com/tol/consum/media/product/img/300x300/7198807.jpg?t=20260827100802,2026-10-08T22:05:48
pan,Consum,7252369,8410520055657,INDASEC,Pant Super Talla M,Compresas y protegeslips,9.25,10.9,9.25,True,0.93,UNIDAD,1 U,False,https://tienda.consum.es/es/p/pant-super-talla-m/7252369,https://cdn-consum.aktiosdigitalservices.com/tol/consum/media/product/img/300x300/7252369.jpg?t=20260812080246,2026-10-08T22:05:48
pan,Consum,7279227,5029053563596,SCOTTEX,Pañuelos Faciales 3 Capas Caja,Pañuelos y tissues,1.69,1.89,1.69,True,0.03,UNIDAD,1 U,False,https://tienda.consum.es/es/p/panuelos-faciales-3-capas-caja/7279227,https://cdn-consum.aktiosdigitalservices.com/tol/consum/media/product/img/300x300/7279227.jpg?t=20260827101438,2026-10-08T22:05:48
pan,Consum,7458123,8410998005376,VELARTE,Palitos de Pan Crujiente SABOR Pipas,"Rosquilletas, picos y snacks",1.35,1.59,1.35,True,7.5,KILO,1 Kg,False,https://tienda.consum.es/es/p/palitos-de-pan-crujiente-sabor-pipas/7458123,https://cdn-consum.aktiosdigitalservices.com/tol/consum/media/product/img/300x300/7458123.jpg?t=20260827104753,2026-10-08T22:05:48
pan,Consum,7290443,8414807541765,CONSUM,Pañuelo Compacto Cuatro Capas,Pañuelos y tissues,1.15,1.15,,False,0.12,UNIDAD,1 U,False,https://tienda.consum.es/es/p/panuelo-compacto-cuatro-capas/7290443,https://cdn-consum.aktiosdigitalservices.com/tol/consum/media/product/img/300x300/7290443.jpg?t=20260812080301,2026-10-08T22:05:48
pan,Consum,7116833,8414807518675,CONSUM,Panecillos Tostados Bolsa,Tostadas y minibiscotes,0.77,0.77,,False,3.85,KILO,1 Kg,False,https://tienda.consum.es/es/p/panecillos-tostados-bolsa/7116833,https://cdn-consum.aktiosdigitalservices.com/tol/consum/media/product/img/300x300/7116833.jpg?t=20260812080209,2026-10-08T22:05:48
pan,Consum,7116838,8414807518682,CONSUM,Panecillo Tostado Integral bolsa,Tostadas y minibiscotes,0.77,0.77,,False,3.85,KILO,1 Kg,False,https://tienda.consum.es/es/p/panecillo-tostado-integral-bolsa/7116838,https://cdn-consum.aktiosdigitalservices.com/tol/consum/media/product/img/300x300/7116838.jpg?t=20260812080209,2026-10-08T22:05:48
pan,Consum,7287121,8414807541475,CONSUM,Pañuelos Faciales Cuatro Capas,Pañuelos y tissues,2.35,2.35,,False,0.03,UNIDAD,1 U,False,https://tienda.consum.es/es/p/panuelos-faciales-cuatro-capas/7287121,https://cdn-consum.aktiosdigitalservices.com/tol/consum/media/product/img/300x300/7287121.jpg?t=20260812080259,2026-10-08T22:05:48
pan,Consum,7376507,8414807540133,CONSUM,Pañuelos Faciales Pequeños Espacios,Pañuelos y tissues,1.49,1.49,,False,0.03,UNIDAD,1 U,False,https://tienda.consum.es/es/p/panuelos-faciales-pequenos-espacios/7376507,https://cdn-consum.aktiosdigitalservices.com/tol/consum/media/product/img/300x300/7376507.jpg?t=20260812080345,2026-10-08T22:05:48
pan,Consum,7197858,8414807529411,CONSUM,Paño Multiusos Para Gafas y Pantallas,"Bayetas, gamuzas y plumeros",0.99,0.99,,False,0.5,UNIDAD,1 U,False,https://tienda.consum.es/es/p/pano-multiusos-para-gafas-y-pantallas/7197858,https://cdn-consum.aktiosdigitalservices.com/tol/consum/media/product/img/300x300/7197858.jpg?t=20260812080227,2026-10-08T22:05:48
pan,Consum,7290450,8414807541789,CONSUM,Pañuelo Compacto Aloe Cuatro Capas,Pañuelos y tissues,1.79,1.79,,False,0.18,UNIDAD,1 U,False,https://tienda.consum.es/es/p/panuelo-compacto-aloe-cuatro-capas/7290450,https://cdn-consum.aktiosdigitalservices.com/tol/consum/media/product/img/300x300/7290450.jpg?t=20260812080301,2026-10-08T22:05:48
pan,Consum,7290448,8414807541772,CONSUM,Pañuelo Compacto Mentol Cuatro Capas,Pañuelos y tissues,1.85,1.85,,False,0.19,UNIDAD,1 U,False,https://tienda.consum.es/es/p/panuelo-compacto-mentol-cuatro-capas/7290448,https://cdn-consum.aktiosdigitalservices.com/tol/consum/media/product/img/300x300/7290448.jpg?t=20260812080301,2026-10-08T22:05:48
pan,Consum,7312531,8414807544261,CONSUM,Paño Especial Vajillas,"Bayetas, gamuzas y plumeros",2.75,2.75,,False,1.38,UNIDAD,1 U,False,https://tienda.consum.es/es/p/pano-especial-vajillas/7312531,https://cdn-consum.aktiosdigitalservices.com/tol/consum/media/product/img/300x300/7312531.jpg?t=20260812080312,2026-10-08T22:05:48
pan,Consum,7228633,8414807534545,CONSUM,Pañuelos Faciales Dos Capas,Pañuelos y tissues,1.35,1.35,,False,0.01,UNIDAD,1 U,False,https://tienda.consum.es/es/p/panuelos-faciales-dos-capas/7228633,https://cdn-consum.aktiosdigitalservices.com/tol/consum/media/product/img/300x300/7228633.jpg?t=20260812080238,2026-10-08T22:05:48
pan,Consum,7415417,8410843145523,ELPOZO,Tiras de Bacón,Bacon y panceta,1.5,1.5,,False,15.0,KILO,1 Kg,False,https://tienda.consum.es/es/p/tiras-de-bacon/7415417,https://cdn-consum.aktiosdigitalservices.com/tol/consum/media/product/img/300x300/7415417.jpg?t=20260827103413,2026-10-08T22:05:48
pan,Consum,7320062,8008698003503,SCHÄR,Crackers Sin Gluten,Panes especiales,2.95,3.45,2.95,True,14.05,KILO,1 Kg,False,https://tienda.consum.es/es/p/crackers-sin-gluten/7320062,https://cdn-consum.aktiosdigitalservices.com/tol/consum/media/product/img/300x300/7320062.jpg?t=20260812080316,2026-10-08T22:05:48
pan,Consum,7320067,8008698023037,SCHÄR,Picos Sin Gluten,Panes especiales,1.25,1.49,1.25,True,20.83,KILO,1 Kg,False,https://tienda.consum.es/es/p/picos-sin-gluten/7320067,https://cdn-consum.aktiosdigitalservices.com/tol/consum/media/product/img/300x300/7320067.jpg?t=20260812080316,2026-10-08T22:05:48
pan,Consum,7352248,8436026530351,MUSFI'S,Briox Trenzado,Panes especiales,3.75,4.19,3.75,True,9.38,KILO,1 Kg,False,https://tienda.consum.es/es/p/briox-trenzado/7352248,https://cdn-consum.aktiosdigitalservices.com/tol/consum/media/product/img/300x300/7352248.jpg?t=20260812080332,2026-10-08T22:05:48
pan,Consum,7277288,8410998005277,VELARTE,Rosquilletas con Chocolate,"Rosquilletas, picos y snacks",1.0,1.19,1.0,True,14.29,KILO,1 Kg,False,https://tienda.consum.es/es/p/rosquilletas-con-chocolate/7277288,https://cdn-consum.aktiosdigitalservices.com/tol/consum/media/product/img/300x300/7277288.jpg?t=20260812080255,2026-10-08T22:05:48
pan,Consum,7297872,8410706004547,RECONDO,Hogaza Integral,Tostadas y minibiscotes,1.99,2.49,1.99,True,8.3,KILO,1 Kg,False,https://tienda.consum.es/es/p/hogaza-integral/7297872,https://cdn-consum.aktiosdigitalservices.com/tol/consum/media/product/img/300x300/7297872.jpg?t=20260827101724,2026-10-08T22:05:48
pan,Consum,7485683,8411929301765,MENDEZ,Campesinos Artesanos Crujientes,"Rosquilletas, picos y snacks",1.09,1.25,1.09,True,7.79,KILO,1 Kg,False,https://tienda.consum.es/es/p/campesinos-artesanos-crujientes/7485683,https://cdn-consum.aktiosdigitalservices.com/tol/consum/media/product/img/300x300/7485683.jpg?t=20260901080950,2026-10-08T22:05:48
pan,Consum,7478456,8436541920378,SINBLAT,Palitos Pipas Sin Gluten,Panes especiales,0.99,1.19,0.99,True,15.23,KILO,1 Kg,False,https://tienda.consum.es/es/p/palitos-pipas-sin-gluten/7478456,https://cdn-consum.aktiosdigitalservices.com/tol/consum/media/product/img/300x300/7478456.jpg?t=20260812080528,2026-10-08T22:05:48
pan,Consum,7303464,8410087080499,DULCESOL,Pandorino Cacao Pack 3 Unidades,Bollería,1.0,1.0,,False,7.41,KILO,1 Kg,False,https://tienda.consum.es/es/p/pandorino-cacao-pack-3-unidades/7303464,https://cdn-consum.aktiosdigitalservices.com/tol/consum/media/product/img/300x300/7303464.jpg?t=20260812080308,2026-10-08T22:05:48
pan,Consum,7155310,8414807520586,CONSUM,Picatostes Fritos Naturales,"Rosquilletas, picos y snacks",0.61,0.61,,False,8.13,KILO,1 Kg,False,https://tienda.consum.es/es/p/picatostes-fritos-naturales/7155310,https://cdn-consum.aktiosdigitalservices.com/tol/consum/media/product/img/300x300/7155310.jpg?t=20260812080214,2026-10-08T22:05:48
pan,Consum,7190135,8414807529688,CONSUM,Picos Camperos,"Rosquilletas, picos y snacks",1.0,1.0,,False,4.0,KILO,1 Kg,False,https://tienda.consum.es/es/p/picos-camperos/7190135,https://cdn-consum.aktiosdigitalservices.com/tol/consum/media/product/img/300x300/7190135.jpg?t=20260812080224,2026-10-08T22:05:48
pan,Consum,7190130,8414807529671,CONSUM,Regañas,"Rosquilletas, picos y snacks",1.05,1.05,,False,4.2,KILO,1 Kg,False,https://tienda.consum.es/es/p/reganas/7190130,https://cdn-consum.aktiosdigitalservices.com/tol/consum/media/product/img/300x300/7190130.jpg?t=20260812080224,2026-10-08T22:05:48
pan,Consum,7117591,8414807518743,CONSUM,Minibiscotte Normal,Tostadas y minibiscotes,0.76,0.76,,False,6.33,KILO,1 Kg,False,https://tienda.consum.es/es/p/minibiscotte-normal/7117591,https://cdn-consum.aktiosdigitalservices.com/tol/consum/media/product/img/300x300/7117591.jpg?t=20260812080209,2026-10-08T22:05:48
pan,Consum,7155315,8414807520593,CONSUM,Picatostes Fritos al Aroma de Ajo,"Rosquilletas, picos y snacks",0.61,0.61,,False,8.13,KILO,1 Kg,False,https://tienda.consum.es/es/p/picatostes-fritos-al-aroma-de-ajo/7155315,https://cdn-consum.aktiosdigitalservices.com/tol/consum/media/product/img/300x300/7155315.jpg?t=20260812080214,2026-10-08T22:05:48
pan,Consum,7271331,8414807539816,CONSUM,Rosquilletas Planas con Cacahuetes,"Rosquilletas, picos y snacks",1.3,1.3,,False,8.13,KILO,1 Kg,False,https://tienda.consum.es/es/p/rosquilletas-planas-con-cacahuetes/7271331,https://cdn-consum.aktiosdigitalservices.com/tol/consum/media/product/img/300x300/7271331.jpg?t=20260812080253,2026-10-08T22:05:48
pan,Consum,7082881,8414807514820,CONSUM,Saladitos Pack de 2,"Rosquilletas, picos y snacks",1.49,1.49,,False,8.28,KILO,1 Kg,False,https://tienda.consum.es/es/p/saladitos-pack-de-2/7082881,https://cdn-consum.aktiosdigitalservices.com/tol/consum/media/product/img/300x300/7082881.jpg?t=20260812080202,2026-10-08T22:05:48
pan,Consum,7271349,8414807539830,CONSUM,Rosquilletas Fibra,"Rosquilletas, picos y snacks",1.3,1.3,,False,8.13,KILO,1 Kg,False,https://tienda.consum.es/es/p/rosquilletas-fibra/7271349,https://cdn-consum.aktiosdigitalservices.com/tol/consum/media/product/img/300x300/7271349.jpg?t=20260812080253,2026-10-08T22:05:48
pan,Consum,7432920,8414807558299,CONSUM,Piquitos Bajos en Sal,"Rosquilletas, picos y snacks",1.23,1.23,,False,4.92,KILO,1 Kg,False,https://tienda.consum.es/es/p/piquitos-bajos-en-sal/7432920,https://cdn-consum.aktiosdigitalservices.com/tol/consum/media/product/img/300x300/7432920.jpg?t=20260812080429,2026-10-08T22:05:48
pan,Consum,7435191,8414807559272,CONSUM,Palitos con Queso,"Rosquilletas, picos y snacks",0.71,0.71,,False,12.68,KILO,1 Kg,False,https://tienda.consum.es/es/p/palitos-con-queso/7435191,https://cdn-consum.aktiosdigitalservices.com/tol/consum/media/product/img/300x300/7435191.jpg?t=20260812080432,2026-10-08T22:05:48
pan,Consum,7117596,8414807518750,CONSUM,Minibiscotte Integral,Tostadas y minibiscotes,0.76,0.76,,False,6.33,KILO,1 Kg,False,https://tienda.consum.es/es/p/minibiscotte-integral/7117596,https://cdn-consum.aktiosdigitalservices.com/tol/consum/media/product/img/300x300/7117596.jpg?t=20260812080209,2026-10-08T22:05:48
pan,Consum,7332765,8414807547088,CONSUM,Tostaditas Toque Pasas y Miel,Tostadas y minibiscotes,1.15,1.15,,False,9.58,KILO,1 Kg,False,https://tienda.consum.es/es/p/tostaditas-toque-pasas-y-miel/7332765,https://cdn-consum.aktiosdigitalservices.com/tol/consum/media/product/img/300x300/7332765.jpg?t=20260812080322,2026-10-08T22:05:48
pan,Consum,7154487,8414807520517,CONSUM,Bacón en Lonchas,Bacon y panceta,1.85,1.85,,False,9.25,KILO,1 Kg,False,https://tienda.consum.es/es/p/bacon-en-lonchas/7154487,https://cdn-consum.aktiosdigitalservices.com/tol/consum/media/product/img/300x300/7154487.jpg?t=20260812080214,2026-10-08T22:05:48
pan,Consum,7271323,8414807539809,CONSUM,Rosquilletas Planas con Pipas,"Rosquilletas, picos y snacks",1.3,1.3,,False,8.13,KILO,1 Kg,False,https://tienda.consum.es/es/p/rosquilletas-planas-con-pipas/7271323,https://cdn-consum.aktiosdigitalservices.com/tol/consum/media/product/img/300x300/7271323.jpg?t=20260812080253,2026-10-08T22:05:48
pan,Consum,7318038,8414807544971,CONSUM,Rosquilletas Con Choco Pack de 2,"Rosquilletas, picos y snacks",1.32,1.32,,False,8.25,KILO,1 Kg,False,https://tienda.consum.es/es/p/rosquilletas-con-choco-pack-de-2/7318038,https://cdn-consum.aktiosdigitalservices.com/tol/consum/media/product/img/300x300/7318038.jpg?t=20260812080315,2026-10-08T22:05:48
pan,Consum,7432917,8414807558282,CONSUM,Saladitos,"Rosquilletas, picos y snacks",1.15,1.15,,False,4.6,KILO,1 Kg,False,https://tienda.consum.es/es/p/saladitos/7432917,https://cdn-consum.aktiosdigitalservices.com/tol/consum/media/product/img/300x300/7432917.jpg?t=20260827103940,2026-10-08T22:05:48
pan,Consum,7450885,8700216419826,PANTENE,Acondicionador Repara y Protege,Acondicionadores,3.99,4.7,3.99,True,14.5,LITRO,100 ml,False,https://tienda.consum.es/es/p/acondicionador-repara-y-protege/7450885,https://cdn-consum.aktiosdigitalservices.com/tol/consum/media/product/img/300x300/7450885.jpg?t=20260827104515,2026-10-08T22:05:48
pan,Consum,7450976,8700216443814,PANTENE,Champú Nutri Plex Rizos,Champú,3.3,3.89,3.3,True,10.2,LITRO,100 ml,False,https://tienda.consum.es/es/p/champu-nutri-plex-rizos/7450976,https://cdn-consum.aktiosdigitalservices.com/tol/consum/media/product/img/300x300/7450976.jpg?t=20260827104521,2026-10-08T22:05:48
pan,Consum,7201291,8006540532782,PANTENE,Ampollas Rescate Color Fuerza y Brillo,"Serums, aceites y otros",3.7,4.35,3.7,True,1.23,UNIDAD,1 U,False,https://tienda.consum.es/es/p/ampollas-rescate-color-fuerza-y-brillo/7201291,https://cdn-consum.aktiosdigitalservices.com/tol/consum/media/product/img/300x300/7201291.jpg?t=20260901080646,2026-10-08T22:05:48
pan,Consum,7435006,8700216151269,PANTENE,Acondicionador Miracles Antiencrespamiento,Acondicionadores,3.75,4.99,3.75,True,23.4,LITRO,100 ml,False,https://tienda.consum.es/es/p/acondicionador-miracles-antiencrespamiento/7435006,https://cdn-consum.aktiosdigitalservices.com/tol/consum/media/product/img/300x300/7435006.jpg?t=20260829075946,2026-10-08T22:05:48
pan,Consum,7434996,8700216190633,PANTENE,Champú Cactus Miracles Antiencrespamiento,Champú,4.5,5.99,4.5,True,18.0,LITRO,100 ml,False,https://tienda.consum.es/es/p/champu-cactus-miracles-antiencrespamiento/7434996,https://cdn-consum.aktiosdigitalservices.com/tol/consum/media/product/img/300x300/7434996.jpg?t=20260827104016,2026-10-08T22:05:48
pan,Consum,7435019,8700216173186,PANTENE,Mascarilla Miracles Antiencrespamiento,Mascarillas cabello,7.5,9.99,7.5,True,25.0,LITRO,100 ml,False,https://tienda.consum.es/es/p/mascarilla-miracles-antiencrespamiento/7435019,https://cdn-consum.aktiosdigitalservices.com/tol/consum/media/product/img/300x300/7435019.jpg?t=20260827104019,2026-10-08T22:05:48
pan,Consum,7375835,8001841890210,PANTENE,Aceite Repara y Protege,"Serums, aceites y otros",6.8,7.99,6.8,True,68.0,LITRO,100 ml,False,https://tienda.consum.es/es/p/aceite-repara-y-protege/7375835,https://cdn-consum.aktiosdigitalservices.com/tol/consum/media/product/img/300x300/7375835.jpg?t=20260829075945,2026-10-08T22:05:48
pan,Consum,7411411,8006540637234,PANTENE,Espuma Rizos Definidos,Espumas y mousses,4.39,5.1,4.39,True,14.6,LITRO,100 ml,False,https://tienda.consum.es/es/p/espuma-rizos-definidos/7411411,https://cdn-consum.aktiosdigitalservices.com/tol/consum/media/product/img/300x300/7411411.jpg?t=20260827103314,2026-10-08T22:05:48
pan,Consum,7450930,8700216419949,PANTENE,Champú Nutri Plex Repara y Protege,Champú,3.3,3.89,3.3,True,10.2,LITRO,100 ml,False,https://tienda.consum.es/es/p/champu-nutri-plex-repara-y-protege/7450930,https://cdn-consum.aktiosdigitalservices.com/tol/consum/media/product/img/300x300/7450930.jpg?t=20260827104516,2026-10-08T22:05:48
pan,Consum,7407877,8412600019290,BIMBO,Cruapan Clásico,Panes especiales,3.49,3.49,,False,9.18,KILO,1 Kg,False,https://tienda.consum.es/es/p/cruapan-clasico/7407877,https://cdn-consum.aktiosdigitalservices.com/tol/consum/media/product/img/300x300/7407877.jpg?t=20260812080407,2026-10-08T22:05:48
pan,Consum,7362544,8410087363004,DULCESOL,Burger Brioche,Panes y tostadas,1.85,1.85,,False,5.44,KILO,1 Kg,False,https://tienda.consum.es/es/p/burger-brioche/7362544,https://cdn-consum.aktiosdigitalservices.com/tol/consum/media/product/img/300x300/7362544.jpg?t=20260827102447,2026-10-08T22:05:48
pan,Consum,7481208,8410087375441,DULCESOL,Mini Burger Black 8 Unidades,Panes y tostadas,1.99,1.99,,False,10.47,KILO,1 Kg,False,https://tienda.consum.es/es/p/mini-burger-black-8-unidades/7481208,https://cdn-consum.aktiosdigitalservices.com/tol/consum/media/product/img/300x300/7481208.jpg?t=20261001081816,2026-10-08T22:05:48
pan,Consum,7352347,,CONSUM KIDS,Pañales Bebe Talla 5 13 - 18 Kg,Junior: Talla de 4 a 6,8.85,8.85,,False,0.2,UNIDAD,1 U,False,https://tienda.consum.es/es/p/panales-bebe-talla-5-13---18-kg/7352347,https://cdn-consum.aktiosdigitalservices.com/tol/consum/media/product/img/300x300/7352347.jpg?t=20260812080332,2026-10-08T22:05:48
pan,Consum,7352354,8414807549563,CONSUM KIDS,Pañal Talla 6 17-28 Kg,Junior: Talla de 4 a 6,7.7,7.7,,False,0.29,UNIDAD,1 U,False,https://tienda.consum.es/es/p/panal-talla-6-17-28-kg/7352354,https://cdn-consum.aktiosdigitalservices.com/tol/consum/media/product/img/300x300/7352354.jpg?t=20260812080332,2026-10-08T22:05:48
pan,Consum,7352342,8414807549549,CONSUM KIDS,Pañales Bebe Talla 4 9 - 15 Kg,Junior: Talla de 4 a 6,8.6,8.6,,False,0.17,UNIDAD,1 U,False,https://tienda.consum.es/es/p/panales-bebe-talla-4-9---15-kg/7352342,https://cdn-consum.aktiosdigitalservices.com/tol/consum/media/product/img/300x300/7352342.jpg?t=20260812080332,2026-10-08T22:05:48
pan,Consum,7366529,5410792402497,CREAPAN,Pancakes,Preparados refrigerados,1.99,1.99,,False,12.44,KILO,1 Kg,False,https://tienda.consum.es/es/p/pancakes/7366529,https://cdn-consum.aktiosdigitalservices.com/tol/consum/media/product/img/300x300/7366529.jpg?t=20260812080339,2026-10-08T22:05:48
pan,Consum,7386050,4003160216409,WEISELLA,Obleas Pan de Jengibre Surtidas con Chocolate,Dulces de Navidad,2.85,2.85,,False,14.25,KILO,1 Kg,False,https://tienda.consum.es/es/p/obleas-pan-de-jengibre-surtidas-con-chocolate/7386050,https://cdn-consum.aktiosdigitalservices.com/tol/consum/media/product/img/300x300/7386050.jpg?t=20251224080436,2026-10-08T22:05:48
pan,Consum,7425754,8002734102816,D.FORNERIA,Panettone con Pepitas de Chocolate,Dulces de Navidad,7.3,7.3,,False,8.11,KILO,1 Kg,False,https://tienda.consum.es/es/p/panettone-con-pepitas-de-chocolate/7425754,https://cdn-consum.aktiosdigitalservices.com/tol/consum/media/product/img/300x300/7425754.jpg?t=20251224080440,2026-10-08T22:05:48
pan,Consum,7425911,8410520065380,CHELINO,Pañal Bebé Talla 6 de 17 a 28 kg,Junior: Talla de 4 a 6,8.75,8.75,,False,0.32,UNIDAD,1 U,False,https://tienda.consum.es/es/p/panal-bebe-talla-6-de-17-a-28-kg/7425911,https://cdn-consum.aktiosdigitalservices.com/tol/consum/media/product/img/300x300/7425911.jpg?t=20260827103729,2026-10-08T22:05:48
pan,Consum,7349517,8414807549198,CONSUM KIDS,Pañal Braguita Talla 6 de 16 a 25 Kilos,Junior: Talla de 4 a 6,6.59,6.59,,False,0.31,UNIDAD,1 U,False,https://tienda.consum.es/es/p/panal-braguita-talla-6-de-16-a-25-kilos/7349517,https://cdn-consum.aktiosdigitalservices.com/tol/consum/media/product/img/300x300/7349517.jpg?t=20260812080330,2026-10-08T22:05:48
pan,Consum,7425908,8410520065366,CHELINO,Pañal Bebé Talla 5 de 13 a 18 Kg,Junior: Talla de 4 a 6,8.75,8.75,,False,0.29,UNIDAD,1 U,False,https://tienda.consum.es/es/p/panal-bebe-talla-5-de-13-a-18-kg/7425908,https://cdn-consum.aktiosdigitalservices.com/tol/consum/media/product/img/300x300/7425908.jpg?t=20260827103728,2026-10-08T22:05:48
pan,Consum,7349512,8414807549181,CONSUM KIDS,Pañal Braguita Talla 5 de 13 a 20 Kilos,Junior: Talla de 4 a 6,6.59,6.59,,False,0.29,UNIDAD,1 U,False,https://tienda.consum.es/es/p/panal-braguita-talla-5-de-13-a-20-kilos/7349512,https://cdn-consum.aktiosdigitalservices.com/tol/consum/media/product/img/300x300/7349512.jpg?t=20260812080330,2026-10-08T22:05:48
pan,Consum,7352339,8414807549532,CONSUM KIDS,Pañal Talla 3 4-10 Kg,Bebé: Talla de 0 a 3,8.6,8.6,,False,0.15,UNIDAD,1 U,False,https://tienda.consum.es/es/p/panal-talla-3-4-10-kg/7352339,https://cdn-consum.aktiosdigitalservices.com/tol/consum/media/product/img/300x300/7352339.jpg?t=20260812080332,2026-10-08T22:05:48
pan,Consum,7451557,5414874014608,COMFY,Pañal Junior Braguita Noche 8-11 Años 25-37K,Braguita noche,9.75,9.75,,False,0.7,UNIDAD,1 U,False,https://tienda.consum.es/es/p/panal-junior-braguita-noche-8-11-anos-25-37k/7451557,https://cdn-consum.aktiosdigitalservices.com/tol/consum/media/product/img/300x300/7451557.jpg?t=20260812080449,2026-10-08T22:05:48
pan,Consum,7452790,5414874014585,COMFY,Pañal Braguita Junior Noche 4 - 7 Años 17-27 K,Braguita noche,9.75,9.75,,False,0.7,UNIDAD,1 U,False,https://tienda.consum.es/es/p/panal-braguita-junior-noche-4---7-anos-17-27-k/7452790,https://cdn-consum.aktiosdigitalservices.com/tol/consum/media/product/img/300x300/7452790.jpg?t=20260812080451,2026-10-08T22:05:48
pan,Consum,7417640,8433111004216,FOXY,Pañuelos De Bolsillo Alivia,Pañuelos y tissues,1.89,1.89,,False,0.19,UNIDAD,1 U,False,https://tienda.consum.es/es/p/panuelos-de-bolsillo-alivia/7417640,https://cdn-consum.aktiosdigitalservices.com/tol/consum/media/product/img/300x300/7417640.jpg?t=20260812080414,2026-10-08T22:05:48
pan,Consum,7425895,8410520065328,CHELINO,Pañal Bebé Talla 3 De 4 a 10 Kg,Bebé: Talla de 0 a 3,8.75,8.75,,False,0.24,UNIDAD,1 U,False,https://tienda.consum.es/es/p/panal-bebe-talla-3-de-4-a-10-kg/7425895,https://cdn-consum.aktiosdigitalservices.com/tol/consum/media/product/img/300x300/7425895.jpg?t=20260827103725,2026-10-08T22:05:48
pan,Consum,7425903,8410520065342,CHELINO,Pañal Bebé Talla 4 de 9 a 15 Kg,Junior: Talla de 4 a 6,8.75,8.75,,False,0.26,UNIDAD,1 U,False,https://tienda.consum.es/es/p/panal-bebe-talla-4-de-9-a-15-kg/7425903,https://cdn-consum.aktiosdigitalservices.com/tol/consum/media/product/img/300x300/7425903.jpg?t=20260827103726,2026-10-08T22:05:48
pan,Consum,7434413,80050100,NUTELLA,Nutella&Go Crema Cacao y Palitos de Pan,Chocolatinas,1.89,1.89,,False,23.63,KILO,1 Kg,False,https://tienda.consum.es/es/p/nutellago-crema-cacao-y-palitos-de-pan/7434413,https://cdn-consum.aktiosdigitalservices.com/tol/consum/media/product/img/300x300/7434413.jpg?t=20260813080231,2026-10-08T22:05:48
pan,Consum,7204493,8437016317112,NANA,Panceta Curada Doble,Curados especialidades,16.5,16.5,,False,16.5,KILO,1 Kg,False,https://tienda.consum.es/es/p/panceta-curada-doble/7204493,https://cdn-consum.aktiosdigitalservices.com/tol/consum/media/product/img/300x300/7204493.jpg?t=20260901080646,2026-10-08T22:05:48
pan,Consum,7377166,8437016317679,EDIGAPA,Panceta Curada Salada,Curados especialidades,14.9,14.9,,False,14.9,KILO,1 Kg,False,https://tienda.consum.es/es/p/panceta-curada-salada/7377166,https://cdn-consum.aktiosdigitalservices.com/tol/consum/media/product/img/300x300/7377166.jpg?t=20260901080715,2026-10-08T22:05:48
pan,Consum,7281231,5029053539737,DEPEND,Pant Hombre Talla S/M,Compresas y protegeslips,13.49,13.49,,False,1.35,UNIDAD,1 U,False,https://tienda.consum.es/es/p/pant-hombre-talla-s-m/7281231,https://cdn-consum.aktiosdigitalservices.com/tol/consum/media/product/img/300x300/7281231.jpg?t=20260901080102,2026-10-08T22:05:48
pan,Consum,7355589,8437007383089,DAVEIGA,Tostas de Pan con Aceite de Oliva,Tostadas y minibiscotes,2.32,2.32,,False,11.6,KILO,1 Kg,False,https://tienda.consum.es/es/p/tostas-de-pan-con-aceite-de-oliva/7355589,https://cdn-consum.aktiosdigitalservices.com/tol/consum/media/product/img/300x300/7355589.jpg?t=20260812080333,2026-10-08T22:05:48
pan,Consum,7319304,8002734225232,D.FORNERIA,Panettone de Tiramisú,Dulces de Navidad,7.95,7.95,,False,10.6,KILO,1 Kg,False,https://tienda.consum.es/es/p/panettone-de-tiramisu/7319304,https://cdn-consum.aktiosdigitalservices.com/tol/consum/media/product/img/300x300/7319304.jpg?t=20251224080432,2026-10-08T22:05:48
pan,Consum,7352334,,CONSUM KIDS,Pañales Talla 2 3-5 Kg,Bebé: Talla de 0 a 3,4.75,4.75,,False,0.17,UNIDAD,1 U,False,https://tienda.consum.es/es/p/panales-talla-2-3-5-kg/7352334,https://cdn-consum.aktiosdigitalservices.com/tol/consum/media/product/img/300x300/7352334.jpg?t=20260812080332,2026-10-08T22:05:48
pan,Consum,7432008,8436568454429,OXFAM,Panela Bio Tierra Madre Azúcar de Caña Integral,Despensa,1.99,1.99,,False,4.98,KILO,1 Kg,False,https://tienda.consum.es/es/p/panela-bio-tierra-madre-azucar-de-cana-integral/7432008,https://cdn-consum.aktiosdigitalservices.com/tol/consum/media/product/img/300x300/7432008.jpg?t=20260812080428,2026-10-08T22:05:48
pan,Consum,7434699,5029053574400,HUGGIES,Pañal Extra Care Talla 3 de 6 a 10 Kilos,Bebé: Talla de 0 a 3,16.99,16.99,,False,0.42,UNIDAD,1 U,False,https://tienda.consum.es/es/p/panal-extra-care-talla-3-de-6-a-10-kilos/7434699,https://cdn-consum.aktiosdigitalservices.com/tol/consum/media/product/img/300x300/7434699.jpg?t=20260901080404,2026-10-08T22:05:48
pan,Consum,7434702,5029053583143,HUGGIES,Pañal Extra Care Talla 4 de 8 a 16 Kilos,Junior: Talla de 4 a 6,16.99,16.99,,False,0.51,UNIDAD,1 U,False,https://tienda.consum.es/es/p/panal-extra-care-talla-4-de-8-a-16-kilos/7434702,https://cdn-consum.aktiosdigitalservices.com/tol/consum/media/product/img/300x300/7434702.jpg?t=20260901080405,2026-10-08T22:05:48
pan,Consum,7434707,5029053583150,HUGGIES,Pañal Extra Care Talla 5 de 11 a 25 Kilos,Junior: Talla de 4 a 6,16.99,16.99,,False,0.61,UNIDAD,1 U,False,https://tienda.consum.es/es/p/panal-extra-care-talla-5-de-11-a-25-kilos/7434707,https://cdn-consum.aktiosdigitalservices.com/tol/consum/media/product/img/300x300/7434707.jpg?t=20260901080407,2026-10-08T22:05:48
pan,Consum,7447951,8410520065304,CHELINO,Pañal Talla 2 Nature 3-6 kg,Bebé: Talla de 0 a 3,6.5,6.5,,False,0.23,UNIDAD,1 U,False,https://tienda.consum.es/es/p/panal-talla-2-nature-3-6-kg/7447951,https://cdn-consum.aktiosdigitalservices.com/tol/consum/media/product/img/300x300/7447951.jpg?t=20260827104419,2026-10-08T22:05:48
pan,Consum,7390375,5029053038759,KLEENEX,Pañuelo Facial Collection,Pañuelos y tissues,2.19,2.19,,False,0.05,UNIDAD,1 U,False,https://tienda.consum.es/es/p/panuelo-facial-collection/7390375,https://cdn-consum.aktiosdigitalservices.com/tol/consum/media/product/img/300x300/7390375.jpg?t=20260827102846,2026-10-08T22:05:48
pan,Consum,7434694,5029053550275,HUGGIES,Pañal Extra Care Talla 2 de 3 a 6 Kilos,Bebé: Talla de 0 a 3,7.99,7.99,,False,0.33,UNIDAD,1 U,False,https://tienda.consum.es/es/p/panal-extra-care-talla-2-de-3-a-6-kilos/7434694,https://cdn-consum.aktiosdigitalservices.com/tol/consum/media/product/img/300x300/7434694.jpg?t=20260901080402,2026-10-08T22:05:48
pan,Consum,926212,8437013967143,IBERIAN MEAT,Panceta Ibérica,Cerdo,1.48,1.48,,False,7.39,KILO,1 Kg,False,https://tienda.consum.es/es/p/panceta-iberica/926212,https://cdn-consum.aktiosdigitalservices.com/tol/consum/media/product/img/300x300/926212.jpg?t=20260812080141,2026-10-08T22:05:48
pan,Consum,7031698,8410520043722,INDASLIP,Pañal Adulto Talla M 80-125 cm,Pañal adulto y protectores,13.55,13.55,,False,0.68,UNIDAD,1 U,False,https://tienda.consum.es/es/p/panal-adulto-talla-m-80-125-cm/7031698,https://cdn-consum.aktiosdigitalservices.com/tol/consum/media/product/img/300x300/7031698.jpg?t=20260812080151,2026-10-08T22:05:48
pan,Consum,7116994,8410706004417,RECONDO,Hogaza de Pan Tostado 9 Cereales,Tostadas y minibiscotes,2.49,2.49,,False,10.38,KILO,1 Kg,False,https://tienda.consum.es/es/p/hogaza-de-pan-tostado-9-cereales/7116994,https://cdn-consum.aktiosdigitalservices.com/tol/consum/media/product/img/300x300/7116994.jpg?t=20260901075925,2026-10-08T22:05:48
pan,Consum,7328867,5029053539744,DEPEND,Pant Hombre Talla L/XL,Compresas y protegeslips,13.49,13.49,,False,1.5,UNIDAD,1 U,False,https://tienda.consum.es/es/p/pant-hombre-talla-l-xl/7328867,https://cdn-consum.aktiosdigitalservices.com/tol/consum/media/product/img/300x300/7328867.jpg?t=20260901080200,2026-10-08T22:05:48
pan,Consum,7369833,,CONSUM KIDS,Pañal Talla 1 2-4 Kg,Bebé: Talla de 0 a 3,6.05,6.05,,False,0.22,UNIDAD,1 U,False,https://tienda.consum.es/es/p/panal-talla-1-2-4-kg/7369833,https://cdn-consum.aktiosdigitalservices.com/tol/consum/media/product/img/300x300/7369833.jpg?t=20260812080340,2026-10-08T22:05:48
pan,Consum,7445802,8410520043746,INDASLIP,Pañal Adulto Talla L.110 a 150 Cm,Pañal adulto y protectores,14.8,14.8,,False,0.74,UNIDAD,1 U,False,https://tienda.consum.es/es/p/panal-adulto-talla-l110-a-150-cm/7445802,https://cdn-consum.aktiosdigitalservices.com/tol/consum/media/product/img/300x300/7445802.jpg?t=20260812080444,2026-10-08T22:05:48
pan,Consum,7447480,5029053028620,KLEENEX,Pañuelo Bolsillo Collection,Pañuelos y tissues,2.65,2.65,,False,0.18,UNIDAD,1 U,False,https://tienda.consum.es/es/p/panuelo-bolsillo-collection/7447480,https://cdn-consum.aktiosdigitalservices.com/tol/consum/media/product/img/300x300/7447480.jpg?t=20260827104410,2026-10-08T22:05:48
pan,Consum,7407419,8437016317587,EDIGAPA,Panceta Natural Curada Duroc,Curados especialidades,2.35,2.35,,False,19.58,KILO,1 Kg,False,https://tienda.consum.es/es/p/panceta-natural-curada-duroc/7407419,https://cdn-consum.aktiosdigitalservices.com/tol/consum/media/product/img/300x300/7407419.jpg?t=20260812080407,2026-10-08T22:05:48
pan,Consum,7446201,8053830200579,CLEAN PAPER,Pañuelos 4 Capas,Pañuelos y tissues,1.5,1.5,,False,0.25,UNIDAD,1 U,False,https://tienda.consum.es/es/p/panuelos-4-capas/7446201,https://cdn-consum.aktiosdigitalservices.com/tol/consum/media/product/img/300x300/7446201.jpg?t=20260818080136,2026-10-08T22:05:48
pan,Consum,7483956,8005190409239,MAINA,Panettone Frutas Regalo,Dulces de Navidad,10.95,10.95,,False,14.6,KILO,1 Kg,False,https://tienda.consum.es/es/p/panettone-frutas-regalo/7483956,https://cdn-consum.aktiosdigitalservices.com/tol/consum/media/product/img/300x300/7483956.jpg?t=20260922080612,2026-10-08T22:05:48
pan,Consum,7483931,8001585077939,BALCONI,Pandoro Clásico,Dulces de Navidad,5.25,5.25,,False,10.5,KILO,1 Kg,False,https://tienda.consum.es/es/p/pandoro-clasico/7483931,https://cdn-consum.aktiosdigitalservices.com/tol/consum/media/product/img/300x300/7483931.jpg?t=20260922080610,2026-10-08T22:05:48
pan,Consum,7483944,8001585077953,BALCONI,Pandoro Relleno de Chocolate,Dulces de Navidad,6.25,6.25,,False,12.5,KILO,1 Kg,False,https://tienda.consum.es/es/p/pandoro-relleno-de-chocolate/7483944,https://cdn-consum.aktiosdigitalservices.com/tol/consum/media/product/img/300x300/7483944.jpg?t=20260922080611,2026-10-08T22:05:48
pan,Consum,7483951,8005190409291,MAINA,Panettones Frutas Especial,Dulces de Navidad,9.95,9.95,,False,13.27,KILO,1 Kg,False,https://tienda.consum.es/es/p/panettones-frutas-especial/7483951,https://cdn-consum.aktiosdigitalservices.com/tol/consum/media/product/img/300x300/7483951.jpg?t=20260922080612,2026-10-08T22:05:48
pan,Consum,7251267,8002734101642,D.FORNERIA,Panettone Clásico con Frutas,Dulces de Navidad,6.9,6.9,,False,7.67,KILO,1 Kg,False,https://tienda.consum.es/es/p/panettone-clasico-con-frutas/7251267,https://cdn-consum.aktiosdigitalservices.com/tol/consum/media/product/img/300x300/7251267.jpg?t=20251224080429,2026-10-08T22:05:48
pan,Consum,3347564,8410843043782,CONSUM,Filetes Panceta de Cerdo,Cerdo,3.0,3.0,,False,5.99,KILO,1 Kg,False,https://tienda.consum.es/es/p/filetes-panceta-de-cerdo/3347564,https://cdn-consum.aktiosdigitalservices.com/tol/consum/media/product/img/300x300/3347564.jpg?t=20260812080145,2026-10-08T22:05:48
pan,Consum,216309,8410486081011,OSCAR MAYER,Bacón en Lonchas,Bacon y panceta,2.35,2.35,,False,15.67,KILO,1 Kg,False,https://tienda.consum.es/es/p/bacon-en-lonchas/216309,https://cdn-consum.aktiosdigitalservices.com/tol/consum/media/product/img/300x300/216309.jpg?t=20260812080130,2026-10-08T22:05:48
pan,Consum,7022648,8410998000548,VELARTE,Rosquilletas con Pipas Artesanas,"Rosquilletas, picos y snacks",1.12,1.12,,False,14.0,KILO,1 Kg,False,https://tienda.consum.es/es/p/rosquilletas-con-pipas-artesanas/7022648,https://cdn-consum.aktiosdigitalservices.com/tol/consum/media/product/img/300x300/7022648.jpg?t=20260812080150,2026-10-08T22:05:48
pan,Consum,7403848,8410843142201,ELPOZO,Bacón en Lonchas,Bacon y panceta,1.5,1.5,,False,13.64,KILO,1 Kg,False,https://tienda.consum.es/es/p/bacon-en-lonchas/7403848,https://cdn-consum.aktiosdigitalservices.com/tol/consum/media/product/img/300x300/7403848.jpg?t=20260901080316,2026-10-08T22:05:48
pan,Consum,7264740,8410998003877,VELARTE,Saladitos Bolsa 4 Paquetes,"Rosquilletas, picos y snacks",1.75,1.75,,False,14.58,KILO,1 Kg,False,https://tienda.consum.es/es/p/saladitos-bolsa-4-paquetes/7264740,https://cdn-consum.aktiosdigitalservices.com/tol/consum/media/product/img/300x300/7264740.jpg?t=20260827101330,2026-10-08T22:05:48
pan,Consum,219477,8410762002891,TARRADELLAS,Cintas de Bacón,Bacon y panceta,1.89,1.89,,False,12.6,KILO,1 Kg,False,https://tienda.consum.es/es/p/cintas-de-bacon/219477,https://cdn-consum.aktiosdigitalservices.com/tol/consum/media/product/img/300x300/219477.jpg?t=20260901075738,2026-10-08T22:05:48
pan,Consum,7325368,8414807543790,KYREY,Protector Absorbente,Pañal adulto y protectores,6.39,6.39,,False,0.43,UNIDAD,1 U,False,https://tienda.consum.es/es/p/protector-absorbente/7325368,https://cdn-consum.aktiosdigitalservices.com/tol/consum/media/product/img/300x300/7325368.jpg?t=20260812080318,2026-10-08T22:05:48
pan,Consum,7413917,8411929302250,MENDEZ,Picos Integrales,"Rosquilletas, picos y snacks",0.89,0.89,,False,3.87,KILO,1 Kg,False,https://tienda.consum.es/es/p/picos-integrales/7413917,https://cdn-consum.aktiosdigitalservices.com/tol/consum/media/product/img/300x300/7413917.jpg?t=20260812080411,2026-10-08T22:05:48
pan,Consum,407114,8410998000128,VELARTE,Rosquilletas,"Rosquilletas, picos y snacks",1.12,1.12,,False,12.44,KILO,1 Kg,False,https://tienda.consum.es/es/p/rosquilletas/407114,https://cdn-consum.aktiosdigitalservices.com/tol/consum/media/product/img/300x300/407114.jpg?t=20260827095508,2026-10-08T22:05:48
pan,Consum,7205367,8412558000012,BONDIA,Galletas Artesanas con Cañamon,Tostadas y minibiscotes,1.22,1.22,,False,9.76,KILO,1 Kg,False,https://tienda.consum.es/es/p/galletas-artesanas-con-canamon/7205367,https://cdn-consum.aktiosdigitalservices.com/tol/consum/media/product/img/300x300/7205367.jpg?t=20260812080229,2026-10-08T22:05:48
pan,Consum,7308208,8414139005997,MASTRIGO,Crackers de Espelta Caja de 4 Paquetes,Tostadas y minibiscotes,1.65,1.65,,False,6.88,KILO,1 Kg,False,https://tienda.consum.es/es/p/crackers-de-espelta-caja-de-4-paquetes/7308208,https://cdn-consum.aktiosdigitalservices.com/tol/consum/media/product/img/300x300/7308208.jpg?t=20260827101832,2026-10-08T22:05:48
pan,Consum,7357221,8414139006840,MASTRIGO,Crackers Fibra y Sésamo Harina Integral Centeno,Tostadas y minibiscotes,1.18,1.18,,False,4.92,KILO,1 Kg,False,https://tienda.consum.es/es/p/crackers-fibra-y-sesamo-harina-integral-centeno/7357221,https://cdn-consum.aktiosdigitalservices.com/tol/consum/media/product/img/300x300/7357221.jpg?t=20260812080334,2026-10-08T22:05:48
pan,Consum,7433063,8412170039339,SANTIVERIBIO,Tostadas Sarraceno 0% Azúcares Añadidos,Tostadas y minibiscotes,2.85,2.85,,False,28.5,KILO,1 Kg,False,https://tienda.consum.es/es/p/tostadas-sarraceno-0-azucares-anadidos/7433063,https://cdn-consum.aktiosdigitalservices.com/tol/consum/media/product/img/300x300/7433063.jpg?t=20260812080429,2026-10-08T22:05:48
pan,Consum,7081482,8410998000913,VELARTE,Rosquilletas Artesanas con Queso,"Rosquilletas, picos y snacks",1.12,1.12,,False,14.0,KILO,1 Kg,False,https://tienda.consum.es/es/p/rosquilletas-artesanas-con-queso/7081482,https://cdn-consum.aktiosdigitalservices.com/tol/consum/media/product/img/300x300/7081482.jpg?t=20260812080202,2026-10-08T22:05:48
pan,Consum,1092469,8410998005147,VELARTE,Palitos Fibra Bolsa,"Rosquilletas, picos y snacks",1.95,1.95,,False,8.13,KILO,1 Kg,False,https://tienda.consum.es/es/p/palitos-fibra-bolsa/1092469,https://cdn-consum.aktiosdigitalservices.com/tol/consum/media/product/img/300x300/1092469.jpg?t=20260827095642,2026-10-08T22:05:48
pan,Consum,7376275,8413164009819,SNATT'S,Multipack Snatts Palitos Pipas,"Rosquilletas, picos y snacks",2.79,2.79,,False,17.44,KILO,1 Kg,False,https://tienda.consum.es/es/p/multipack-snatts-palitos-pipas/7376275,https://cdn-consum.aktiosdigitalservices.com/tol/consum/media/product/img/300x300/7376275.jpg?t=20260812080345,2026-10-08T22:05:48
pan,Consum,7305535,8008698020760,SCHÄR,Baguette Sin Gluten,Panes especiales,2.25,2.25,,False,12.86,KILO,1 Kg,False,https://tienda.consum.es/es/p/baguette-sin-gluten/7305535,https://cdn-consum.aktiosdigitalservices.com/tol/consum/media/product/img/300x300/7305535.jpg?t=20260812080309,2026-10-08T22:05:48
pan,Consum,7396505,8410706999904,RECONDO,Chapata Rústica,Tostadas y minibiscotes,2.49,2.49,,False,13.83,KILO,1 Kg,False,https://tienda.consum.es/es/p/chapata-rustica/7396505,https://cdn-consum.aktiosdigitalservices.com/tol/consum/media/product/img/300x300/7396505.jpg?t=20260812080358,2026-10-08T22:05:48
pan,Consum,7416790,8411929302243,MENDEZ,Picos Finos Bolsa,"Rosquilletas, picos y snacks",0.89,0.89,,False,3.87,KILO,1 Kg,False,https://tienda.consum.es/es/p/picos-finos-bolsa/7416790,https://cdn-consum.aktiosdigitalservices.com/tol/consum/media/product/img/300x300/7416790.jpg?t=20260812080414,2026-10-08T22:05:48
pan,Consum,7432466,8413164024119,GREFUSA,Saladitos Snatt's,"Rosquilletas, picos y snacks",1.95,1.95,,False,8.13,KILO,1 Kg,False,https://tienda.consum.es/es/p/saladitos-snatts/7432466,https://cdn-consum.aktiosdigitalservices.com/tol/consum/media/product/img/300x300/7432466.jpg?t=20260827103926,2026-10-08T22:05:48
pan,Consum,7443067,8436541920880,SINBLAT,Hogaza Sin Gluten,Panes especiales,2.97,2.97,,False,9.9,KILO,1 Kg,False,https://tienda.consum.es/es/p/hogaza-sin-gluten/7443067,https://cdn-consum.aktiosdigitalservices.com/tol/consum/media/product/img/300x300/7443067.jpg?t=20260827104259,2026-10-08T22:05:48
pan,Consum,78329,8410998005123,VELARTE,Saladitos Bolsa,"Rosquilletas, picos y snacks",1.95,1.95,,False,8.13,KILO,1 Kg,False,https://tienda.consum.es/es/p/saladitos-bolsa/78329,https://cdn-consum.aktiosdigitalservices.com/tol/consum/media/product/img/300x300/78329.jpg?t=20260812080128,2026-10-08T22:05:48
pan,Consum,570812,8000270018004,ORTIZ,Mini Tostas Rectangulares,Tostadas y minibiscotes,1.99,1.99,,False,19.9,KILO,1 Kg,False,https://tienda.consum.es/es/p/mini-tostas-rectangulares/570812,https://cdn-consum.aktiosdigitalservices.com/tol/consum/media/product/img/300x300/570812.jpg?t=20260827095539,2026-10-08T22:05:48
pan,Consum,7208247,8411477907525,MONELLS,Taco de Bacón,Bacon y panceta,2.59,2.59,,False,8.63,KILO,1 Kg,False,https://tienda.consum.es/es/p/taco-de-bacon/7208247,https://cdn-consum.aktiosdigitalservices.com/tol/consum/media/product/img/300x300/7208247.jpg?t=20260812080230,2026-10-08T22:05:48
pan,Consum,7248235,8008698001059,SCHÄR,Medias Noches Panecillos Sin Gluten,Panes especiales,2.99,2.99,,False,14.95,KILO,1 Kg,False,https://tienda.consum.es/es/p/medias-noches-panecillos-sin-gluten/7248235,https://cdn-consum.aktiosdigitalservices.com/tol/consum/media/product/img/300x300/7248235.jpg?t=20260812080245,2026-10-08T22:05:48
pan,Consum,7264737,8410998003839,VELARTE,Salaqueso Bolsa 4 Paquetes,"Rosquilletas, picos y snacks",2.45,2.45,,False,15.31,KILO,1 Kg,False,https://tienda.consum.es/es/p/salaqueso-bolsa-4-paquetes/7264737,https://cdn-consum.aktiosdigitalservices.com/tol/consum/media/product/img/300x300/7264737.jpg?t=20260827101329,2026-10-08T22:05:48
pan,Consum,7309144,8413164005583,SNATT'S,Palitos de Cereales Con Pipas,"Rosquilletas, picos y snacks",1.19,1.19,,False,19.19,KILO,1 Kg,False,https://tienda.consum.es/es/p/palitos-de-cereales-con-pipas/7309144,https://cdn-consum.aktiosdigitalservices.com/tol/consum/media/product/img/300x300/7309144.jpg?t=20260827101843,2026-10-08T22:05:48
pan,Consum,7325723,8412558000050,BONDIA,Galleta Artesana Cacahuete,Tostadas y minibiscotes,1.22,1.22,,False,9.04,KILO,1 Kg,False,https://tienda.consum.es/es/p/galleta-artesana-cacahuete/7325723,https://cdn-consum.aktiosdigitalservices.com/tol/consum/media/product/img/300x300/7325723.jpg?t=20260812080318,2026-10-08T22:05:48
pan,Consum,7445752,8436574641004,AIROS,Tostadas Sin Gluten Integrales,Panes especiales,4.59,4.59,,False,20.4,KILO,1 Kg,False,https://tienda.consum.es/es/p/tostadas-sin-gluten-integrales/7445752,https://cdn-consum.aktiosdigitalservices.com/tol/consum/media/product/img/300x300/7445752.jpg?t=20260827104350,2026-10-08T22:05:48
pan,Consum,7477102,8411929302465,MENDEZ,Campesinos con Semillas,"Rosquilletas, picos y snacks",1.25,1.25,,False,9.62,KILO,1 Kg,False,https://tienda.consum.es/es/p/campesinos-con-semillas/7477102,https://cdn-consum.aktiosdigitalservices.com/tol/consum/media/product/img/300x300/7477102.jpg?t=20260827105605,2026-10-08T22:05:48
pan,Consum,7470631,8414807563071,KYREY PHARMA,Protector Absorbente Cama 60 x 90 cm,Pañal adulto y protectores,8.5,8.5,,False,0.43,UNIDAD,1 U,False,https://tienda.consum.es/es/p/protector-absorbente-cama-60-x-90-cm/7470631,https://cdn-consum.aktiosdigitalservices.com/tol/consum/media/product/img/300x300/7470631.jpg?t=20260825080055,2026-10-08T22:05:48
pan,Consum,7187672,8410706004325,RECONDO,Tostada Canapé Cuadrada,Tostadas y minibiscotes,3.89,3.89,,False,19.45,KILO,1 Kg,False,https://tienda.consum.es/es/p/tostada-canape-cuadrada/7187672,https://cdn-consum.aktiosdigitalservices.com/tol/consum/media/product/img/300x300/7187672.jpg?t=20260812080222,2026-10-08T22:05:48
pan,Consum,7264732,8410998003822,VELARTE,Salapipas Bolsa 4 Paquetes,"Rosquilletas, picos y snacks",2.45,2.45,,False,15.31,KILO,1 Kg,False,https://tienda.consum.es/es/p/salapipas-bolsa-4-paquetes/7264732,https://cdn-consum.aktiosdigitalservices.com/tol/consum/media/product/img/300x300/7264732.jpg?t=20260827101328,2026-10-08T22:05:48
pan,Consum,7022643,8410998000555,VELARTE,Rosquilletas Cereales Plus,"Rosquilletas, picos y snacks",1.12,1.12,,False,14.0,KILO,1 Kg,False,https://tienda.consum.es/es/p/rosquilletas-cereales-plus/7022643,https://cdn-consum.aktiosdigitalservices.com/tol/consum/media/product/img/300x300/7022643.jpg?t=20260827095844,2026-10-08T22:05:48
pan,Consum,7186547,8412600022665,ORTIZ,Mini Tosta con Arándanos,Tostadas y minibiscotes,1.99,1.99,,False,22.11,KILO,1 Kg,False,https://tienda.consum.es/es/p/mini-tosta-con-arandanos/7186547,https://cdn-consum.aktiosdigitalservices.com/tol/consum/media/product/img/300x300/7186547.jpg?t=20260827100649,2026-10-08T22:05:48
pan,Consum,7109296,7622210128362,TUC,Cracker,Tostadas y minibiscotes,2.99,2.99,,False,11.96,KILO,1 Kg,False,https://tienda.consum.es/es/p/cracker/7109296,https://cdn-consum.aktiosdigitalservices.com/tol/consum/media/product/img/300x300/7109296.jpg?t=20260812080208,2026-10-08T22:05:48
pan,Consum,7332294,5029053538426,HUGGIES,Bañador Desechable Little Swimmers T 5-6,Bañadores,7.49,7.49,,False,0.68,UNIDAD,1 U,False,https://tienda.consum.es/es/p/banador-desechable-little-swimmers-t-5-6/7332294,https://cdn-consum.aktiosdigitalservices.com/tol/consum/media/product/img/300x300/7332294.jpg?t=20260812080321,2026-10-08T22:05:48
pan,Consum,7285112,8410998003945,VELARTE,Rosquilletas con Anises Horno Tradicional,"Rosquilletas, picos y snacks",1.29,1.29,,False,15.18,KILO,1 Kg,False,https://tienda.consum.es/es/p/rosquilletas-con-anises-horno-tradicional/7285112,https://cdn-consum.aktiosdigitalservices.com/tol/consum/media/product/img/300x300/7285112.jpg?t=20260812080258,2026-10-08T22:05:48
pan,Consum,7309131,8413164009888,SNATT'S,Palitos de Cereales Con Olivas y Sésamo,"Rosquilletas, picos y snacks",1.19,1.19,,False,19.83,KILO,1 Kg,False,https://tienda.consum.es/es/p/palitos-de-cereales-con-olivas-y-sesamo/7309131,https://cdn-consum.aktiosdigitalservices.com/tol/consum/media/product/img/300x300/7309131.jpg?t=20260827101841,2026-10-08T22:05:48
pan,Consum,7332286,36000183399,HUGGIES,Bañador Desechable Little Swimmers T 3-4,Bañadores,7.49,7.49,,False,0.62,UNIDAD,1 U,False,https://tienda.consum.es/es/p/banador-desechable-little-swimmers-t-3-4/7332286,https://cdn-consum.aktiosdigitalservices.com/tol/consum/media/product/img/300x300/7332286.jpg?t=20260901080208,2026-10-08T22:05:48
pan,Consum,7336840,8410706000952,RECONDO,Cracker Naturales,Tostadas y minibiscotes,2.49,2.49,,False,9.96,KILO,1 Kg,False,https://tienda.consum.es/es/p/cracker-naturales/7336840,https://cdn-consum.aktiosdigitalservices.com/tol/consum/media/product/img/300x300/7336840.jpg?t=20260812080323,2026-10-08T22:05:48
pan,Consum,7344914,8410706000105,RECONDO,Mini Chapata Rústica,Tostadas y minibiscotes,1.99,1.99,,False,19.9,KILO,1 Kg,False,https://tienda.consum.es/es/p/mini-chapata-rustica/7344914,https://cdn-consum.aktiosdigitalservices.com/tol/consum/media/product/img/300x300/7344914.jpg?t=20260808075806,2026-10-08T22:05:48
pan,Consum,7352503,8410998004942,VELARTE,Bocaditos Sabor Pizza,Tostadas y minibiscotes,1.29,1.29,,False,16.13,KILO,1 Kg,False,https://tienda.consum.es/es/p/bocaditos-sabor-pizza/7352503,https://cdn-consum.aktiosdigitalservices.com/tol/consum/media/product/img/300x300/7352503.jpg?t=20260812080332,2026-10-08T22:05:48
pan,Consum,7366888,3800200450981,KRAMBALS,Bruschetta Queso Cremoso,Tostadas y minibiscotes,0.94,0.94,,False,13.43,KILO,1 Kg,False,https://tienda.consum.es/es/p/bruschetta-queso-cremoso/7366888,https://cdn-consum.aktiosdigitalservices.com/tol/consum/media/product/img/300x300/7366888.jpg?t=20260812080339,2026-10-08T22:05:48
pan,Consum,7409428,8436540923684,MELS,Mini Tartaletas 12 Unidades,Tostadas y minibiscotes,1.89,1.89,,False,22.5,KILO,1 Kg,False,https://tienda.consum.es/es/p/mini-tartaletas-12-unidades/7409428,https://cdn-consum.aktiosdigitalservices.com/tol/consum/media/product/img/300x300/7409428.jpg?t=20260827103248,2026-10-08T22:05:48
pan,Consum,7412984,8413164005002,SNATT'S,Palitos Con Queso,"Rosquilletas, picos y snacks",1.19,1.19,,False,21.64,KILO,1 Kg,False,https://tienda.consum.es/es/p/palitos-con-queso/7412984,https://cdn-consum.aktiosdigitalservices.com/tol/consum/media/product/img/300x300/7412984.jpg?t=20260827103342,2026-10-08T22:05:48
pan,Consum,7429335,8413164023334,SNATT'S,Bocaditos Ajo y Perejil,Tostadas y minibiscotes,1.49,1.49,,False,13.55,KILO,1 Kg,False,https://tienda.consum.es/es/p/bocaditos-ajo-y-perejil/7429335,https://cdn-consum.aktiosdigitalservices.com/tol/consum/media/product/img/300x300/7429335.jpg?t=20260812080425,2026-10-08T22:05:48
pan,Consum,7449866,5203064008202,ELITE,Crackers Espinaca y Eneldo,Tostadas y minibiscotes,1.29,1.29,,False,12.29,KILO,1 Kg,False,https://tienda.consum.es/es/p/crackers-espinaca-y-eneldo/7449866,https://cdn-consum.aktiosdigitalservices.com/tol/consum/media/product/img/300x300/7449866.jpg?t=20260901080458,2026-10-08T22:05:48
pan,Consum,7424000,8410706003052,RECONDO,Crackers 42% Integrales de Trigo,Tostadas y minibiscotes,2.49,2.49,,False,9.96,KILO,1 Kg,False,https://tienda.consum.es/es/p/crackers-42-integrales-de-trigo/7424000,https://cdn-consum.aktiosdigitalservices.com/tol/consum/media/product/img/300x300/7424000.jpg?t=20260812080420,2026-10-08T22:05:48
pan,Consum,7430606,8411929302267,MENDEZ,Rosquillas Bolsa,"Rosquilletas, picos y snacks",1.09,1.09,,False,4.74,KILO,1 Kg,False,https://tienda.consum.es/es/p/rosquillas-bolsa/7430606,https://cdn-consum.aktiosdigitalservices.com/tol/consum/media/product/img/300x300/7430606.jpg?t=20260812080427,2026-10-08T22:05:48
pan,Consum,7452345,4012970018820,BURGER,Cracker Sésamo,Tostadas y minibiscotes,1.69,1.69,,False,6.76,KILO,1 Kg,False,https://tienda.consum.es/es/p/cracker-sesamo/7452345,https://cdn-consum.aktiosdigitalservices.com/tol/consum/media/product/img/300x300/7452345.jpg?t=20260812080450,2026-10-08T22:05:48
pan,Consum,7458797,8413164024850,SNATT'S,Snack Pipas y 5 Cereales,"Rosquilletas, picos y snacks",1.35,1.35,,False,22.5,KILO,1 Kg,False,https://tienda.consum.es/es/p/snack-pipas-y-5-cereales/7458797,https://cdn-consum.aktiosdigitalservices.com/tol/consum/media/product/img/300x300/7458797.jpg?t=20260827104807,2026-10-08T22:05:48
pan,Consum,7461569,8002590095987,COLUSSI,Crackers Clásicos Salado en superficie,Tostadas y minibiscotes,1.84,1.84,,False,3.68,KILO,1 Kg,False,https://tienda.consum.es/es/p/crackers-clasicos-salado-en-superficie/7461569,https://cdn-consum.aktiosdigitalservices.com/tol/consum/media/product/img/300x300/7461569.jpg?t=20260812080503,2026-10-08T22:05:48
pan,Consum,7461572,8002590096007,COLUSSI,Crackers Integrales,Tostadas y minibiscotes,1.84,1.84,,False,3.68,KILO,1 Kg,False,https://tienda.consum.es/es/p/crackers-integrales/7461572,https://cdn-consum.aktiosdigitalservices.com/tol/consum/media/product/img/300x300/7461572.jpg?t=20260812080503,2026-10-08T22:05:48
pan,Consum,7464068,8004583711416,ORAZIO,Grissini Sesamo 2 Bolsitas,"Rosquilletas, picos y snacks",1.0,1.0,,False,8.33,KILO,1 Kg,False,https://tienda.consum.es/es/p/grissini-sesamo-2-bolsitas/7464068,https://cdn-consum.aktiosdigitalservices.com/tol/consum/media/product/img/300x300/7464068.jpg?t=20260812080507,2026-10-08T22:05:48
pan,Consum,7480390,8055323132022,ZII MATÍ,Tarallini con AOVE Sabor Mediterráneo,"Rosquilletas, picos y snacks",1.59,1.59,,False,6.36,KILO,1 Kg,False,https://tienda.consum.es/es/p/tarallini-con-aove-sabor-mediterraneo/7480390,https://cdn-consum.aktiosdigitalservices.com/tol/consum/media/product/img/300x300/7480390.jpg?t=20260827105725,2026-10-08T22:05:48
pan,Consum,7480387,8055323131971,ZII MATÍ,Tarallini con AOVE Sabor Clásico,"Rosquilletas, picos y snacks",1.59,1.59,,False,6.36,KILO,1 Kg,False,https://tienda.consum.es/es/p/tarallini-con-aove-sabor-clasico/7480387,https://cdn-consum.aktiosdigitalservices.com/tol/consum/media/product/img/300x300/7480387.jpg?t=20260827105724,2026-10-08T22:05:48
pan,Consum,7266943,8411477907501,MONELLS,Bacón Ahumado con Madera Haya 93%Carne,Bacon y panceta,14.9,14.9,,False,14.9,KILO,1 Kg,False,https://tienda.consum.es/es/p/bacon-ahumado-con-madera-haya-93carne/7266943,https://cdn-consum.aktiosdigitalservices.com/tol/consum/media/product/img/300x300/7266943.jpg?t=20260901080653,2026-10-08T22:05:48
pan,Consum,7464055,8004583111063,ORAZIO,Grissini Torinesi 5 Bolsitas,"Rosquilletas, picos y snacks",1.65,1.65,,False,6.6,KILO,1 Kg,False,https://tienda.consum.es/es/p/grissini-torinesi-5-bolsitas/7464055,https://cdn-consum.aktiosdigitalservices.com/tol/consum/media/product/img/300x300/7464055.jpg?t=20260827105028,2026-10-08T22:05:48
pan,Consum,7465383,3800200452107,KRAMBALS,Bruscheta Olivas & Sea Sal,Tostadas y minibiscotes,0.94,0.94,,False,13.43,KILO,1 Kg,False,https://tienda.consum.es/es/p/bruscheta-olivas-sea-sal/7465383,https://cdn-consum.aktiosdigitalservices.com/tol/consum/media/product/img/300x300/7465383.jpg?t=20260812080509,2026-10-08T22:05:48
pan,Consum,7468481,8412170041288,SANTIVERIBIO,Tostadas Crujientes Lentejas,Tostadas y minibiscotes,2.85,2.85,,False,28.5,KILO,1 Kg,False,https://tienda.consum.es/es/p/tostadas-crujientes-lentejas/7468481,https://cdn-consum.aktiosdigitalservices.com/tol/consum/media/product/img/300x300/7468481.jpg?t=20260812080512,2026-10-08T22:05:48
pan,Consum,7481104,8437004449023,PASTOR,Rosquilletas con Pimentón de la Vera,"Rosquilletas, picos y snacks",0.99,0.99,,False,16.5,KILO,1 Kg,False,https://tienda.consum.es/es/p/rosquilletas-con-pimenton-de-la-vera/7481104,https://cdn-consum.aktiosdigitalservices.com/tol/consum/media/product/img/300x300/7481104.jpg?t=20260812080531,2026-10-08T22:05:48
pan,Consum,5948591,8411477117016,MONELLS,Cintas de Bacón,Bacon y panceta,1.9,1.9,,False,9.5,KILO,1 Kg,False,https://tienda.consum.es/es/p/cintas-de-bacon/5948591,https://cdn-consum.aktiosdigitalservices.com/tol/consum/media/product/img/300x300/5948591.jpg?t=20260812080147,2026-10-08T22:05:48
pan,Consum,7339695,8437004449016,PASTOR,Rosquilletas Saladas,"Rosquilletas, picos y snacks",1.05,1.05,,False,17.5,KILO,1 Kg,False,https://tienda.consum.es/es/p/rosquilletas-saladas/7339695,https://cdn-consum.aktiosdigitalservices.com/tol/consum/media/product/img/300x300/7339695.jpg?t=20260812080325,2026-10-08T22:05:48
pan,Consum,7339708,8437004449030,PASTOR,Rosquilletas Natural,"Rosquilletas, picos y snacks",1.05,1.05,,False,17.5,KILO,1 Kg,False,https://tienda.consum.es/es/p/rosquilletas-natural/7339708,https://cdn-consum.aktiosdigitalservices.com/tol/consum/media/product/img/300x300/7339708.jpg?t=20260812080325,2026-10-08T22:05:48
pan,Consum,7393411,8006540417119,PANTENE,Mascarilla Repara y Protege,Mascarillas cabello,4.25,4.25,,False,14.2,LITRO,100 ml,False,https://tienda.consum.es/es/p/mascarilla-repara-y-protege/7393411,https://cdn-consum.aktiosdigitalservices.com/tol/consum/media/product/img/300x300/7393411.jpg?t=20260827102932,2026-10-08T22:05:48
pan,Consum,7411551,8006540346679,PANTENE,Laca Extrafuerte,Lacas,5.25,5.25,,False,14.2,LITRO,100 ml,False,https://tienda.consum.es/es/p/laca-extrafuerte/7411551,https://cdn-consum.aktiosdigitalservices.com/tol/consum/media/product/img/300x300/7411551.jpg?t=20260827103318,2026-10-08T22:05:48
pan,Consum,7450971,8700216442978,PANTENE,Champú Clásico,Champú,3.89,3.89,,False,12.0,LITRO,100 ml,False,https://tienda.consum.es/es/p/champu-clasico/7450971,https://cdn-consum.aktiosdigitalservices.com/tol/consum/media/product/img/300x300/7450971.jpg?t=20260827104520,2026-10-08T22:05:48
pan,Consum,7411341,8006540346631,PANTENE,Laca Volumen,Lacas,5.49,5.49,,False,14.8,LITRO,100 ml,False,https://tienda.consum.es/es/p/laca-volumen/7411341,https://cdn-consum.aktiosdigitalservices.com/tol/consum/media/product/img/300x300/7411341.jpg?t=20260827103308,2026-10-08T22:05:48
pan,Consum,7393408,8006540417157,PANTENE,Mascarilla Suave y Liso,Mascarillas cabello,4.25,4.25,,False,14.2,LITRO,100 ml,False,https://tienda.consum.es/es/p/mascarilla-suave-y-liso/7393408,https://cdn-consum.aktiosdigitalservices.com/tol/consum/media/product/img/300x300/7393408.jpg?t=20260827102931,2026-10-08T22:05:48
pan,Consum,7214518,8412600025536,PANTERA ROSA,Pastelito Pantera Rosa Pack de 3,Pastelitos,2.49,2.49,,False,15.09,KILO,1 Kg,False,https://tienda.consum.es/es/p/pastelito-pantera-rosa-pack-de-3/7214518,https://cdn-consum.aktiosdigitalservices.com/tol/consum/media/product/img/300x300/7214518.jpg?t=20260812080232,2026-10-08T22:05:48
pan,Consum,7436327,8437009575741,PANACELIAC,Base Pizza S/Gluten,Bases congeladas,3.95,3.95,,False,9.88,KILO,1 Kg,False,https://tienda.consum.es/es/p/base-pizza-s-gluten/7436327,https://cdn-consum.aktiosdigitalservices.com/tol/consum/media/product/img/300x300/7436327.jpg?t=20260812080434,2026-10-08T22:05:48
pan,Consum,7481877,8700216940412,PANTENE,Champú Nutritivo Hydra Revitaliza,Champú,3.89,3.89,,False,12.0,LITRO,100 ml,False,https://tienda.consum.es/es/p/champu-nutritivo-hydra-revitaliza/7481877,https://cdn-consum.aktiosdigitalservices.com/tol/consum/media/product/img/300x300/7481877.jpg?t=20260825080104,2026-10-08T22:05:48
pan,Consum,7481880,8700216939560,PANTENE,Hydra Revitaliza Heat & Glow,"Serums, aceites y otros",9.99,9.99,,False,74.0,LITRO,100 ml,False,https://tienda.consum.es/es/p/hydra-revitaliza-heat-glow/7481880,https://cdn-consum.aktiosdigitalservices.com/tol/consum/media/product/img/300x300/7481880.jpg?t=20260818080144,2026-10-08T22:05:48
pan,Consum,7450935,8700216442954,PANTENE,Champú Nutri Plex Suave y Liso,Cabello normal,3.89,3.89,,False,12.0,LITRO,100 ml,False,https://tienda.consum.es/es/p/champu-nutri-plex-suave-y-liso/7450935,https://cdn-consum.aktiosdigitalservices.com/tol/consum/media/product/img/300x300/7450935.jpg?t=20260827104518,2026-10-08T22:05:48
pan,Consum,7358281,8435119220186,MOLINO REAL,Gelatina Neutra en Polvo 2 Sobres x 10 gr,Gelatinas,1.69,1.69,,False,84.5,KILO,100 Gr,False,https://tienda.consum.es/es/p/gelatina-neutra-en-polvo-2-sobres-x-10-gr/7358281,https://cdn-consum.aktiosdigitalservices.com/tol/consum/media/product/img/300x300/7358281.jpg?t=20260827102413,2026-10-08T22:05:48
pan,Consum,7376358,7622210176523,ROYAL,Levadura Panadería 5 Sobres,Levadura,2.29,2.29,,False,83.3,KILO,100 Gr,False,https://tienda.consum.es/es/p/levadura-panaderia-5-sobres/7376358,https://cdn-consum.aktiosdigitalservices.com/tol/consum/media/product/img/300x300/7376358.jpg?t=20260827102657,2026-10-08T22:05:48
pan,Consum,7217263,8410219640188,VAHINÉ,Aroma Vainilla,Decoración postres,4.49,4.49,,False,22.45,LITRO,1 L,False,https://tienda.consum.es/es/p/aroma-vainilla/7217263,https://cdn-consum.aktiosdigitalservices.com/tol/consum/media/product/img/300x300/7217263.jpg?t=20260827100939,2026-10-08T22:05:48
pan,Consum,7215056,8425190291786,MARY LEE,Tortitas Americanas Original Pancake,Postres en polvo,1.75,1.75,,False,11.22,KILO,1 Kg,False,https://tienda.consum.es/es/p/tortitas-americanas-original-pancake/7215056,https://cdn-consum.aktiosdigitalservices.com/tol/consum/media/product/img/300x300/7215056.jpg?t=20260827100922,2026-10-08T22:05:48
pan,Consum,7468994,8447467001058,VOSTOQ,Filete Panga,Pescado congelado,5.59,5.59,,False,6.99,KILO,1 Kg,False,https://tienda.consum.es/es/p/filete-panga/7468994,https://cdn-consum.aktiosdigitalservices.com/tol/consum/media/product/img/300x300/7468994.jpg?t=20260812080513,2026-10-08T22:05:48
pan,Consum,314823,3179140173923,VAHINÉ,Levadura de Panadería 4 Sobres,Levadura,1.89,1.89,,False,102.7,KILO,100 Gr,False,https://tienda.consum.es/es/p/levadura-de-panaderia-4-sobres/314823,https://cdn-consum.aktiosdigitalservices.com/tol/consum/media/product/img/300x300/314823.jpg?t=20260812080133,2026-10-08T22:05:48
pan,Consum,7368897,8410706010340,PASQUIER,Tortitas Panquecas,Bollería,2.99,2.99,,False,10.68,KILO,1 Kg,False,https://tienda.consum.es/es/p/tortitas-panquecas/7368897,https://cdn-consum.aktiosdigitalservices.com/tol/consum/media/product/img/300x300/7368897.jpg?t=20260827102547,2026-10-08T22:05:48
pan,Consum,7398527,8414807552204,CONSUM KIDS,Crema Pañal Sin Perfume,"Cremas, lociones y colonia",2.75,2.75,,False,27.5,LITRO,100 ml,False,https://tienda.consum.es/es/p/crema-panal-sin-perfume/7398527,https://cdn-consum.aktiosdigitalservices.com/tol/consum/media/product/img/300x300/7398527.jpg?t=20260812080400,2026-10-08T22:05:48
pan,Consum,7473853,4000400156570,MAIZENA,Preparado Tortitas Pancakes,Postres en polvo,2.99,2.99,,False,13.91,KILO,1 Kg,False,https://tienda.consum.es/es/p/preparado-tortitas-pancakes/7473853,https://cdn-consum.aktiosdigitalservices.com/tol/consum/media/product/img/300x300/7473853.jpg?t=20260812080521,2026-10-08T22:05:48
pan,Consum,7004153,8437012491021,EL DULZE,Hierbabuena Bandeja,Verduras,1.25,1.25,,False,62.5,KILO,100 Gr,False,https://tienda.consum.es/es/p/hierbabuena-bandeja/7004153,https://cdn-consum.aktiosdigitalservices.com/tol/consum/media/product/img/300x300/7004153.jpg?t=20260812080148,2026-10-08T22:05:48
pan,Consum,7111529,8434164441836,GRANJA S.FCO,Miel Milflores Panal Dosificador,Miel,6.77,6.77,,False,15.93,KILO,1 Kg,False,https://tienda.consum.es/es/p/miel-milflores-panal-dosificador/7111529,https://cdn-consum.aktiosdigitalservices.com/tol/consum/media/product/img/300x300/7111529.jpg?t=20260812080208,2026-10-08T22:05:48
pan,Consum,7479926,8428141367769,QUTTIN,Cuchillo Panero 20 cm Bull Ivory,Hogar,7.99,7.99,,False,7.99,UNIDAD,1 U,False,https://tienda.consum.es/es/p/cuchillo-panero-20-cm-bull-ivory/7479926,https://cdn-consum.aktiosdigitalservices.com/tol/consum/media/product/img/300x300/7479926.jpg?t=20260901080835,2026-10-08T22:05:48
pan,Consum,7484699,8431487431797,LEIVA,Manopla + Paño Horno Cocina,Menaje cocina,2.0,2.0,,False,2.0,UNIDAD,1 U,False,https://tienda.consum.es/es/p/manopla-pano-horno-cocina/7484699,https://cdn-consum.aktiosdigitalservices.com/tol/consum/media/product/img/300x300/7484699.jpg?t=20260925080402,2026-10-08T22:05:48
pan,Consum,455873,8410199810656,CHEETOS,Aperitivo Frito Pandilla Sabor Queso,Snacks y otros aperitivos,1.65,1.65,,False,22.0,KILO,1 Kg,False,https://tienda.consum.es/es/p/aperitivo-frito-pandilla-sabor-queso/455873,https://cdn-consum.aktiosdigitalservices.com/tol/consum/media/product/img/300x300/455873.jpg?t=20260827095521,2026-10-08T22:05:48
pan,Consum,7425549,8032755325673,ORE LIETE,Mini Panettone Choco,Dulces de Navidad,1.69,1.69,,False,16.9,KILO,1 Kg,False,https://tienda.consum.es/es/p/mini-panettone-choco/7425549,https://cdn-consum.aktiosdigitalservices.com/tol/consum/media/product/img/300x300/7425549.jpg?t=20260108152441,2026-10-08T22:05:48
pan,Consum,7425551,8032755325659,ORE LIETE,Mini Panettone Clásico,Dulces de Navidad,1.59,1.59,,False,15.9,KILO,1 Kg,False,https://tienda.consum.es/es/p/mini-panettone-clasico/7425551,https://cdn-consum.aktiosdigitalservices.com/tol/consum/media/product/img/300x300/7425551.jpg?t=20260108152442,2026-10-08T22:05:48
pollo,Consum,218115,8436041980469,CONSUM,Pollo Limpio,Aves,7.0,7.0,,False,3.5,KILO,1 Kg,False,https://tienda.consum.es/es/p/pollo-limpio/218115,https://cdn-consum.aktiosdigitalservices.com/tol/consum/media/product/img/300x300/218115.jpg?t=20260818075645,2026-10-08T22:05:52
pollo,Consum,4378345,8436041984313,CONSUM,Pollo Limpio Origen España,Aves,8.0,8.0,,False,3.6,KILO,1 Kg,False,https://tienda.consum.es/es/p/pollo-limpio-origen-espana/4378345,https://cdn-consum.aktiosdigitalservices.com/tol/consum/media/product/img/300x300/4378345.jpg?t=20260901080637,2026-10-08T22:05:52
pollo,Consum,5336268,8436041981923,CONSUM,Pollo Troceado,Aves,3.68,3.68,,False,4.09,KILO,1 Kg,False,https://tienda.consum.es/es/p/pollo-troceado/5336268,https://cdn-consum.aktiosdigitalservices.com/tol/consum/media/product/img/300x300/5336268.jpg?t=20260812080147,2026-10-08T22:05:52
pollo,Consum,601609,8436041980377,CONSUM,Filetes Pechuga de Pollo,Aves,4.91,4.91,,False,8.15,KILO,1 Kg,False,https://tienda.consum.es/es/p/filetes-pechuga-de-pollo/601609,https://cdn-consum.aktiosdigitalservices.com/tol/consum/media/product/img/300x300/601609.jpg?t=20260812080139,2026-10-08T22:05:52
pollo,Consum,7181639,8436041983965,CONSUM,Pollo Certificado Origen España,Aves,11.11,11.11,,False,5.0,KILO,1 Kg,False,https://tienda.consum.es/es/p/pollo-certificado-origen-espana/7181639,https://cdn-consum.aktiosdigitalservices.com/tol/consum/media/product/img/300x300/7181639.jpg?t=20260901080643,2026-10-08T22:05:52
pollo,Consum,7435605,8436000461886,,Pollo y Zanahoria Burger Meat,Picadas y hamburguesas,1.39,1.39,,False,11.12,KILO,1 Kg,False,https://tienda.consum.es/es/p/pollo-y-zanahoria-burger-meat/7435605,https://cdn-consum.aktiosdigitalservices.com/tol/consum/media/product/img/300x300/7435605.jpg?t=20260901080735,2026-10-08T22:05:52
pollo,Consum,7435613,8436041983972,,Pollo y 2 Quesos Burger Meat,Picadas y hamburguesas,1.49,1.49,,False,12.42,KILO,1 Kg,False,https://tienda.consum.es/es/p/pollo-y-2-quesos-burger-meat/7435613,https://cdn-consum.aktiosdigitalservices.com/tol/consum/media/product/img/300x300/7435613.jpg?t=20260901080735,2026-10-08T22:05:52
pollo,Consum,7479673,8436590822340,,Pollo Certificado Burger Meat,Picadas y hamburguesas,2.39,2.39,,False,13.28,KILO,1 Kg,False,https://tienda.consum.es/es/p/pollo-certificado-burger-meat/7479673,https://cdn-consum.aktiosdigitalservices.com/tol/consum/media/product/img/300x300/7479673.jpg?t=20260901080758,2026-10-08T22:05:52
pollo,Consum,7358232,8436590821176,,Pollo Burger Meat,Picadas y hamburguesas,1.19,1.19,,False,9.92,KILO,1 Kg,False,https://tienda.consum.es/es/p/pollo-burger-meat/7358232,https://cdn-consum.aktiosdigitalservices.com/tol/consum/media/product/img/300x300/7358232.jpg?t=20260901080714,2026-10-08T22:05:52
pollo,Consum,7388825,8436000464696,,Pollo Calabacín Queso Burger Meat,Picadas y hamburguesas,1.28,1.39,1.28,True,10.24,KILO,1 Kg,False,https://tienda.consum.es/es/p/pollo-calabacin-queso-burger-meat/7388825,https://cdn-consum.aktiosdigitalservices.com/tol/consum/media/product/img/300x300/7388825.jpg?t=20260901080716,2026-10-08T22:05:52
pollo,Consum,7235617,8414807552884,CONSUM,Burger Meat Pollo 4 Unidades,Aves,2.65,2.65,,False,7.36,KILO,1 Kg,False,https://tienda.consum.es/es/p/burger-meat-pollo-4-unidades/7235617,https://cdn-consum.aktiosdigitalservices.com/tol/consum/media/product/img/300x300/7235617.jpg?t=20260812080240,2026-10-08T22:05:52
pollo,Consum,7454739,8437000405054,CARLOTEÑA,Pollo Relleno Almendra 0.25% y 97% Carne,Cocidos de pollo,17.5,17.5,,False,17.5,KILO,1 Kg,False,https://tienda.consum.es/es/p/pollo-relleno-almendra-025-y-97-carne/7454739,https://cdn-consum.aktiosdigitalservices.com/tol/consum/media/product/img/300x300/7454739.jpg?t=20260901080742,2026-10-08T22:05:52
pollo,Consum,7317675,8436565360440,CARLOTEÑA,Pollo Asado al Horno Lonchas 95% carne,Cocidos de pollo,2.3,2.4,2.3,True,15.33,KILO,1 Kg,False,https://tienda.consum.es/es/p/pollo-asado-al-horno-lonchas-95-carne/7317675,https://cdn-consum.aktiosdigitalservices.com/tol/consum/media/product/img/300x300/7317675.jpg?t=20260812080315,2026-10-08T22:05:52
pollo,Consum,7447964,8414807560575,CONSUM,Pollo Empanado,Carne,2.59,2.59,,False,8.63,KILO,1 Kg,False,https://tienda.consum.es/es/p/pollo-empanado/7447964,https://cdn-consum.aktiosdigitalservices.com/tol/consum/media/product/img/300x300/7447964.jpg?t=20260812080446,2026-10-08T22:05:52
pollo,Consum,305474,8436041980124,CONSUM,Cuarto Trasero de Pollo,Aves,2.36,2.36,,False,3.35,KILO,1 Kg,False,https://tienda.consum.es/es/p/cuarto-trasero-de-pollo/305474,https://cdn-consum.aktiosdigitalservices.com/tol/consum/media/product/img/300x300/305474.jpg?t=20260812080132,2026-10-08T22:05:52
pollo,Consum,220707,8436041980247,CONSUM,Muslitos de Pollo,Aves,2.85,2.85,,False,4.05,KILO,1 Kg,False,https://tienda.consum.es/es/p/muslitos-de-pollo/220707,https://cdn-consum.aktiosdigitalservices.com/tol/consum/media/product/img/300x300/220707.jpg?t=20260812080130,2026-10-08T22:05:52
pollo,Consum,224972,8436041980520,CONSUM,Carcasas de Pollo,Aves,1.55,1.55,,False,1.55,KILO,1 Kg,False,https://tienda.consum.es/es/p/carcasas-de-pollo/224972,https://cdn-consum.aktiosdigitalservices.com/tol/consum/media/product/img/300x300/224972.jpg?t=20260812080131,2026-10-08T22:05:52
pollo,Consum,7294861,8413679061074,CONSUM,Cuarto Trasero Pollo Familiar,Aves,6.38,6.38,,False,3.19,KILO,1 Kg,False,https://tienda.consum.es/es/p/cuarto-trasero-pollo-familiar/7294861,https://cdn-consum.aktiosdigitalservices.com/tol/consum/media/product/img/300x300/7294861.jpg?t=20260812080304,2026-10-08T22:05:52
pollo,Consum,7112266,8436041981237,CONSUM,Solomillo de Pollo .,Aves,4.2,4.2,,False,8.39,KILO,1 Kg,False,https://tienda.consum.es/es/p/solomillo-de-pollo-/7112266,https://cdn-consum.aktiosdigitalservices.com/tol/consum/media/product/img/300x300/7112266.jpg?t=20260812080208,2026-10-08T22:05:52
pollo,Consum,7334357,8412610043254,CONSUM,Patas de Pollo Limpias,Aves,1.84,1.84,,False,4.6,KILO,1 Kg,False,https://tienda.consum.es/es/p/patas-de-pollo-limpias/7334357,https://cdn-consum.aktiosdigitalservices.com/tol/consum/media/product/img/300x300/7334357.jpg?t=20260812080323,2026-10-08T22:05:52
pollo,Consum,7377583,8414807552549,CONSUM,Mollejas de Pollo,Aves,1.6,1.6,,False,5.33,KILO,1 Kg,False,https://tienda.consum.es/es/p/mollejas-de-pollo/7377583,https://cdn-consum.aktiosdigitalservices.com/tol/consum/media/product/img/300x300/7377583.jpg?t=20260812080345,2026-10-08T22:05:52
pollo,Consum,7409902,8414807556035,CONSUM,Nuggets de Pollo,Aves,2.49,2.49,,False,9.76,KILO,1 Kg,False,https://tienda.consum.es/es/p/nuggets-de-pollo/7409902,https://cdn-consum.aktiosdigitalservices.com/tol/consum/media/product/img/300x300/7409902.jpg?t=20260812080408,2026-10-08T22:05:52
pollo,Consum,5336235,8436041980414,CONSUM,Alas de Pollo,Aves,3.5,3.5,,False,4.65,KILO,1 Kg,False,https://tienda.consum.es/es/p/alas-de-pollo/5336235,https://cdn-consum.aktiosdigitalservices.com/tol/consum/media/product/img/300x300/5336235.jpg?t=20260812080147,2026-10-08T22:05:52
pollo,Consum,7272941,8436041985846,CONSUM,Pechuga Fileteada Pollo Certificado,Aves,6.08,6.08,,False,10.1,KILO,1 Kg,False,https://tienda.consum.es/es/p/pechuga-fileteada-pollo-certificado/7272941,https://cdn-consum.aktiosdigitalservices.com/tol/consum/media/product/img/300x300/7272941.jpg?t=20260812080254,2026-10-08T22:05:52
pollo,Consum,7308414,8436041987796,CONSUM,Filete Extrafino Pechuga de Pollo,Aves,3.15,3.15,,False,8.99,KILO,1 Kg,False,https://tienda.consum.es/es/p/filete-extrafino-pechuga-de-pollo/7308414,https://cdn-consum.aktiosdigitalservices.com/tol/consum/media/product/img/300x300/7308414.jpg?t=20260812080310,2026-10-08T22:05:52
pollo,Consum,5948997,8436041980216,CONSUM,Contramuslos de Pollo Deshuesados,Aves,4.08,4.08,,False,7.39,KILO,1 Kg,False,https://tienda.consum.es/es/p/contramuslos-de-pollo-deshuesados/5948997,https://cdn-consum.aktiosdigitalservices.com/tol/consum/media/product/img/300x300/5948997.jpg?t=20260812080147,2026-10-08T22:05:52
pollo,Consum,7416969,8436590822098,CONSUM,Extratierno de Pechuga Pollo,Aves,3.51,3.51,,False,9.99,KILO,1 Kg,False,https://tienda.consum.es/es/p/extratierno-de-pechuga-pollo/7416969,https://cdn-consum.aktiosdigitalservices.com/tol/consum/media/product/img/300x300/7416969.jpg?t=20260901080328,2026-10-08T22:05:52
pollo,Consum,7272933,8436041985877,CONSUM,Cuarto Trasero Pollo Certificado,Aves,2.71,2.71,,False,4.9,KILO,1 Kg,False,https://tienda.consum.es/es/p/cuarto-trasero-pollo-certificado/7272933,https://cdn-consum.aktiosdigitalservices.com/tol/consum/media/product/img/300x300/7272933.jpg?t=20260812080254,2026-10-08T22:05:52
pollo,Consum,7290323,8436041986065,CONSUM,Alas Partidas Pollo Certificado,Aves,3.0,3.0,,False,6.0,KILO,1 Kg,False,https://tienda.consum.es/es/p/alas-partidas-pollo-certificado/7290323,https://cdn-consum.aktiosdigitalservices.com/tol/consum/media/product/img/300x300/7290323.jpg?t=20260812080301,2026-10-08T22:05:52
pollo,Consum,7333362,8436041989318,CONSUM,Muslitos Pollo Certificado,Aves,4.42,4.42,,False,5.35,KILO,1 Kg,False,https://tienda.consum.es/es/p/muslitos-pollo-certificado/7333362,https://cdn-consum.aktiosdigitalservices.com/tol/consum/media/product/img/300x300/7333362.jpg?t=20260812080322,2026-10-08T22:05:52
pollo,Consum,7377567,8414807552532,CONSUM,Higaditos de Pollo,Aves,1.55,1.55,,False,5.17,KILO,1 Kg,False,https://tienda.consum.es/es/p/higaditos-de-pollo/7377567,https://cdn-consum.aktiosdigitalservices.com/tol/consum/media/product/img/300x300/7377567.jpg?t=20260812080345,2026-10-08T22:05:52
pollo,Consum,7272883,8436041985815,CONSUM,Muslo de Pollo Deshuesado,Aves,2.95,2.95,,False,5.9,KILO,1 Kg,False,https://tienda.consum.es/es/p/muslo-de-pollo-deshuesado/7272883,https://cdn-consum.aktiosdigitalservices.com/tol/consum/media/product/img/300x300/7272883.jpg?t=20260812080254,2026-10-08T22:05:52
pollo,Consum,140814,8436041980308,CONSUM,Pechuga de Pollo,Aves,5.56,5.56,,False,6.95,KILO,1 Kg,False,https://tienda.consum.es/es/p/pechuga-de-pollo/140814,https://cdn-consum.aktiosdigitalservices.com/tol/consum/media/product/img/300x300/140814.jpg?t=20260812080129,2026-10-08T22:05:52
pollo,Consum,7112365,8436041980810,CONSUM,Alas Partidas de Pollo,Aves,2.73,2.73,,False,5.45,KILO,1 Kg,False,https://tienda.consum.es/es/p/alas-partidas-de-pollo/7112365,https://cdn-consum.aktiosdigitalservices.com/tol/consum/media/product/img/300x300/7112365.jpg?t=20260812080208,2026-10-08T22:05:52
pollo,Consum,4374864,8436041980094,CONSUM,Cuarto Trasero de Pollo Origen España,Especial Navidad,1.48,1.48,,False,3.7,KILO,1 Kg,False,https://tienda.consum.es/es/p/cuarto-trasero-de-pollo-origen-espana/4374864,https://cdn-consum.aktiosdigitalservices.com/tol/consum/media/product/img/300x300/4374864.jpg?t=20260901080637,2026-10-08T22:05:52
pollo,Consum,107383,8436041982326,CONSUM,Alas de Pollo Origen España,Especial Navidad,0.53,0.53,,False,4.8,KILO,1 Kg,False,https://tienda.consum.es/es/p/alas-de-pollo-origen-espana/107383,https://cdn-consum.aktiosdigitalservices.com/tol/consum/media/product/img/300x300/107383.jpg?t=20260901080633,2026-10-08T22:05:52
pollo,Consum,7185002,8436041987628,CONSUM,1/4 Trasero Pollo Certific Origen España,Aves,1.67,1.67,,False,5.0,KILO,1 Kg,False,https://tienda.consum.es/es/p/1-4-trasero-pollo-certific-origen-espana/7185002,https://cdn-consum.aktiosdigitalservices.com/tol/consum/media/product/img/300x300/7185002.jpg?t=20260901080643,2026-10-08T22:05:52
pollo,Consum,107359,8436041980322,CONSUM,Pechugas de  Pollo Origen España,Especial Navidad,1.89,1.89,,False,7.25,KILO,1 Kg,False,https://tienda.consum.es/es/p/pechugas-de-pollo-origen-espana/107359,https://cdn-consum.aktiosdigitalservices.com/tol/consum/media/product/img/300x300/107359.jpg?t=20260901080633,2026-10-08T22:05:52
pollo,Consum,7234300,8414807552921,CONSUM,Preparado Picada Pollo,Picadas y hamburguesas,3.55,3.55,,False,8.88,KILO,1 Kg,False,https://tienda.consum.es/es/p/preparado-picada-pollo/7234300,https://cdn-consum.aktiosdigitalservices.com/tol/consum/media/product/img/300x300/7234300.jpg?t=20260812080240,2026-10-08T22:05:52
pollo,Consum,7422830,8414807557629,CONSUM,Burger Pollo y Verduras,Picadas y hamburguesas,2.65,2.65,,False,11.04,KILO,1 Kg,False,https://tienda.consum.es/es/p/burger-pollo-y-verduras/7422830,https://cdn-consum.aktiosdigitalservices.com/tol/consum/media/product/img/300x300/7422830.jpg?t=20260901080340,2026-10-08T22:05:52
pollo,Consum,7422835,8414807557636,CONSUM,Burger de Pollo y Queso,Picadas y hamburguesas,3.98,3.98,,False,11.06,KILO,1 Kg,False,https://tienda.consum.es/es/p/burger-de-pollo-y-queso/7422835,https://cdn-consum.aktiosdigitalservices.com/tol/consum/media/product/img/300x300/7422835.jpg?t=20260901080342,2026-10-08T22:05:52
pollo,Consum,7293603,8414807552914,CONSUM,Burger de Pollo certificado,Picadas y hamburguesas,2.85,2.85,,False,11.88,KILO,1 Kg,False,https://tienda.consum.es/es/p/burger-de-pollo-certificado/7293603,https://cdn-consum.aktiosdigitalservices.com/tol/consum/media/product/img/300x300/7293603.jpg?t=20260812080303,2026-10-08T22:05:52
pollo,Consum,7388007,8414807553348,CONSUM,Albóndigas de Pollo,Picadas y hamburguesas,3.19,3.19,,False,9.11,KILO,1 Kg,False,https://tienda.consum.es/es/p/albondigas-de-pollo/7388007,https://cdn-consum.aktiosdigitalservices.com/tol/consum/media/product/img/300x300/7388007.jpg?t=20260812080351,2026-10-08T22:05:52
pollo,Consum,7461556,8436000460858,ALDELIS,Pops de Pollo Extracrujientes,Aves,3.29,3.29,,False,13.71,KILO,1 Kg,False,https://tienda.consum.es/es/p/pops-de-pollo-extracrujientes/7461556,https://cdn-consum.aktiosdigitalservices.com/tol/consum/media/product/img/300x300/7461556.jpg?t=20260901080523,2026-10-08T22:05:52
pollo,Consum,7405277,8436000462432,ALDELIS,Pechuga Pollo Marinada al Ajillo,Aves,3.85,3.85,,False,8.55,KILO,1 Kg,False,https://tienda.consum.es/es/p/pechuga-pollo-marinada-al-ajillo/7405277,https://cdn-consum.aktiosdigitalservices.com/tol/consum/media/product/img/300x300/7405277.jpg?t=20260812080405,2026-10-08T22:05:52
pollo,Consum,7484822,8436000461039,ALDELIS,Croqueta Pollo y Jamón,Aves,3.75,3.75,,False,9.87,KILO,1 Kg,False,https://tienda.consum.es/es/p/croqueta-pollo-y-jamon/7484822,https://cdn-consum.aktiosdigitalservices.com/tol/consum/media/product/img/300x300/7484822.jpg?t=20260901080945,2026-10-08T22:05:52
pollo,Consum,7450856,8410783411344,NOEL,Pollo Asado,Especial Navidad,6.97,6.97,,False,5.99,KILO,1 Kg,False,https://tienda.consum.es/es/p/pollo-asado/7450856,https://cdn-consum.aktiosdigitalservices.com/tol/consum/media/product/img/300x300/7450856.jpg?t=20260829075919,2026-10-08T22:05:52
pollo,Consum,7323009,8436041988151,CONSUM,Longaniza de Pollo,Embutido,2.89,2.89,,False,7.79,KILO,1 Kg,False,https://tienda.consum.es/es/p/longaniza-de-pollo/7323009,https://cdn-consum.aktiosdigitalservices.com/tol/consum/media/product/img/300x300/7323009.jpg?t=20260812080317,2026-10-08T22:05:52
pollo,Consum,7192727,8436533101570,CONSUM,Arreglo para Paella de Pollo y Conejo,Arreglos,6.24,6.24,,False,7.3,KILO,1 Kg,False,https://tienda.consum.es/es/p/arreglo-para-paella-de-pollo-y-conejo/7192727,https://cdn-consum.aktiosdigitalservices.com/tol/consum/media/product/img/300x300/7192727.jpg?t=20260901080006,2026-10-08T22:05:52
pollo,Consum,7428274,8436613310007,LASSAL,Pollo Roquefort,Platos para llevar,4.99,4.99,,False,16.63,KILO,1 Kg,False,https://tienda.consum.es/es/p/pollo-roquefort/7428274,https://cdn-consum.aktiosdigitalservices.com/tol/consum/media/product/img/300x300/7428274.jpg?t=20260620075849,2026-10-08T22:05:52
pollo,Consum,7406770,8436573391870,GRANJA GOURM,Pollo Asado Troceado,Especial Navidad,9.01,9.01,,False,7.39,KILO,1 Kg,False,https://tienda.consum.es/es/p/pollo-asado-troceado/7406770,https://cdn-consum.aktiosdigitalservices.com/tol/consum/media/product/img/300x300/7406770.jpg?t=20260827103233,2026-10-08T22:05:52
pollo,Consum,7396018,8410324400134,DELINATUR,Pollo Tikka Masala con Cuscús,Preparados de carne y pescado,3.59,3.59,,False,12.82,KILO,1 Kg,False,https://tienda.consum.es/es/p/pollo-tikka-masala-con-cuscus/7396018,https://cdn-consum.aktiosdigitalservices.com/tol/consum/media/product/img/300x300/7396018.jpg?t=20260812080358,2026-10-08T22:05:52
pollo,Consum,7458172,8410416005780,CARRETILLA,Pollo al Ajillo con Patatas Asadas,Preparados de carne  ,4.39,4.39,,False,17.56,KILO,1 Kg,False,https://tienda.consum.es/es/p/pollo-al-ajillo-con-patatas-asadas/7458172,https://cdn-consum.aktiosdigitalservices.com/tol/consum/media/product/img/300x300/7458172.jpg?t=20260812080458,2026-10-08T22:05:52
pollo,Consum,7422447,8436548780715,NATURAVIA,Filete Pechuga de Pollo Empanado,Aves,4.35,4.35,,False,8.69,KILO,1 Kg,False,https://tienda.consum.es/es/p/filete-pechuga-de-pollo-empanado/7422447,https://cdn-consum.aktiosdigitalservices.com/tol/consum/media/product/img/300x300/7422447.jpg?t=20260812080419,2026-10-08T22:05:52
pollo,Consum,7443794,8436548784904,NATURAVIA,Pincho Pechuga Pollo Teriyaki,Aves,4.49,4.49,,False,12.79,KILO,1 Kg,False,https://tienda.consum.es/es/p/pincho-pechuga-pollo-teriyaki/7443794,https://cdn-consum.aktiosdigitalservices.com/tol/consum/media/product/img/300x300/7443794.jpg?t=20260812080442,2026-10-08T22:05:52
pollo,Consum,7462054,8411396001588,NATURAVIA,Solomillo de Pollo Crujiente,Aves,4.78,4.78,,False,9.55,KILO,1 Kg,False,https://tienda.consum.es/es/p/solomillo-de-pollo-crujiente/7462054,https://cdn-consum.aktiosdigitalservices.com/tol/consum/media/product/img/300x300/7462054.jpg?t=20260812080503,2026-10-08T22:05:52
pollo,Consum,7224421,8436000466928,ALDELIS,Hamburguesa Pollo y Espinacas,Picadas y hamburguesas,3.49,3.49,,False,11.15,KILO,1 Kg,False,https://tienda.consum.es/es/p/hamburguesa-pollo-y-espinacas/7224421,https://cdn-consum.aktiosdigitalservices.com/tol/consum/media/product/img/300x300/7224421.jpg?t=20260818075834,2026-10-08T22:05:52
pollo,Consum,7440449,8436000460247,ALDELIS,Burger Meat Pollo y Pavo,Picadas y hamburguesas,2.75,2.75,,False,11.46,KILO,1 Kg,False,https://tienda.consum.es/es/p/burger-meat-pollo-y-pavo/7440449,https://cdn-consum.aktiosdigitalservices.com/tol/consum/media/product/img/300x300/7440449.jpg?t=20260812080438,2026-10-08T22:05:52
pollo,Consum,7404952,8436000460117,ALDELIS,Burger Crispy Chicken,Picadas y hamburguesas,2.45,2.45,,False,10.21,KILO,1 Kg,False,https://tienda.consum.es/es/p/burger-crispy-chicken/7404952,https://cdn-consum.aktiosdigitalservices.com/tol/consum/media/product/img/300x300/7404952.jpg?t=20260812080405,2026-10-08T22:05:52
pollo,Consum,7463250,8410783356638,NOEL,Pechuguita Pollo Cocida Delizias 99% Carne,Cocidos de pollo,2.0,2.0,,False,20.0,KILO,1 Kg,False,https://tienda.consum.es/es/p/pechuguita-pollo-cocida-delizias-99-carne/7463250,https://cdn-consum.aktiosdigitalservices.com/tol/consum/media/product/img/300x300/7463250.jpg?t=20260812080506,2026-10-08T22:05:52
pollo,Consum,7208523,8410320187862,CAMPOFRÍO,Fiambre Pechuga Pollo B/G Lonchas,Cocidos de pollo,1.0,1.0,,False,13.33,KILO,1 Kg,False,https://tienda.consum.es/es/p/fiambre-pechuga-pollo-b-g-lonchas/7208523,https://cdn-consum.aktiosdigitalservices.com/tol/consum/media/product/img/300x300/7208523.jpg?t=20260812080230,2026-10-08T22:05:52
pollo,Consum,7383156,8414881060718,TELLO,Pechuga de Pollo 90% Carne Esencia,Cocidos de pollo,14.8,18.5,14.8,True,14.8,KILO,1 Kg,False,https://tienda.consum.es/es/p/pechuga-de-pollo-90-carne-esencia/7383156,https://cdn-consum.aktiosdigitalservices.com/tol/consum/media/product/img/300x300/7383156.jpg?t=20260901080715,2026-10-08T22:05:52
pollo,Consum,7430598,8410843148722,BIENSTAR,Pechuga de Pollo +Proteína - 95% Carne,Cocidos de pollo,1.99,1.99,,False,16.58,KILO,1 Kg,False,https://tienda.consum.es/es/p/pechuga-de-pollo-proteina---95-carne/7430598,https://cdn-consum.aktiosdigitalservices.com/tol/consum/media/product/img/300x300/7430598.jpg?t=20260901080357,2026-10-08T22:05:52
pollo,Consum,7472884,8410843158622,ELPOZO,Pechuga de Pollo Lonchas Finas 93%carne,Cocidos de pollo,2.0,2.0,,False,16.67,KILO,1 Kg,False,https://tienda.consum.es/es/p/pechuga-de-pollo-lonchas-finas-93carne/7472884,https://cdn-consum.aktiosdigitalservices.com/tol/consum/media/product/img/300x300/7472884.jpg?t=20260827105333,2026-10-08T22:05:52
pollo,Consum,7070936,8410843129745,BIENSTAR,Pechuga de Pollo sin Grasa,Cocidos de pollo,3.69,3.69,,False,10.85,KILO,1 Kg,False,https://tienda.consum.es/es/p/pechuga-de-pollo-sin-grasa/7070936,https://cdn-consum.aktiosdigitalservices.com/tol/consum/media/product/img/300x300/7070936.jpg?t=20260827100029,2026-10-08T22:05:52
pollo,Consum,7295165,8414696011202,LA BROCHE,Tiras de Pollo Asado 99% pollo,Cocidos de pollo,2.69,2.69,,False,21.52,KILO,1 Kg,False,https://tienda.consum.es/es/p/tiras-de-pollo-asado-99-pollo/7295165,https://cdn-consum.aktiosdigitalservices.com/tol/consum/media/product/img/300x300/7295165.jpg?t=20260812080304,2026-10-08T22:05:52
pollo,Consum,7479269,8410843156673,ELPOZO,Pechuga de Pollo Kebab,Cocidos de pollo,1.0,1.0,,False,13.33,KILO,1 Kg,False,https://tienda.consum.es/es/p/pechuga-de-pollo-kebab/7479269,https://cdn-consum.aktiosdigitalservices.com/tol/consum/media/product/img/300x300/7479269.jpg?t=20260812080529,2026-10-08T22:05:52
pollo,Consum,7463230,8411030048368,SERRANO,Toppings Pechuga Pollo 98% carne al Horno,Cocidos de pollo,2.29,2.29,,False,16.36,KILO,1 Kg,False,https://tienda.consum.es/es/p/toppings-pechuga-pollo-98-carne-al-horno/7463230,https://cdn-consum.aktiosdigitalservices.com/tol/consum/media/product/img/300x300/7463230.jpg?t=20260827105002,2026-10-08T22:05:52
pollo,Consum,7463495,8411030048375,SERRANO,Toppings Pechuga Pollo 98% carne sabor Natural,Cocidos de pollo,2.29,2.29,,False,16.36,KILO,1 Kg,False,https://tienda.consum.es/es/p/toppings-pechuga-pollo-98-carne-sabor-natural/7463495,https://cdn-consum.aktiosdigitalservices.com/tol/consum/media/product/img/300x300/7463495.jpg?t=20260812080506,2026-10-08T22:05:52
pollo,Consum,7483980,8410320424554,CAMPOFRIO,Pechuga Pollo Naturarte 99% Carne,Cocidos de pollo,17.9,17.9,,False,17.9,KILO,1 Kg,False,https://tienda.consum.es/es/p/pechuga-pollo-naturarte-99-carne/7483980,https://cdn-consum.aktiosdigitalservices.com/tol/consum/media/product/img/300x300/7483980.jpg?t=20260901080941,2026-10-08T22:05:52
pollo,Consum,7036155,8414807300188,CONSUM,Mozzarella Rallada Especial Pizza,Quesos Rallados,1.6,1.6,,False,8.0,KILO,1 Kg,False,https://tienda.consum.es/es/p/mozzarella-rallada-especial-pizza/7036155,https://cdn-consum.aktiosdigitalservices.com/tol/consum/media/product/img/300x300/7036155.jpg?t=20260813075802,2026-10-08T22:05:52
pollo,Consum,7054307,8414807000040,CONSUM,Lechuga Iceberg Bolsa,Ensaladas y brotes,0.95,0.95,,False,3.8,KILO,1 Kg,False,https://tienda.consum.es/es/p/lechuga-iceberg-bolsa/7054307,https://cdn-consum.aktiosdigitalservices.com/tol/consum/media/product/img/300x300/7054307.jpg?t=20260825075718,2026-10-08T22:05:52
pollo,Consum,7425929,8436000465129,ALDELIS,Tortitas Pollo Asado con Queso Fundido,Otros elaborados,2.79,2.79,,False,10.33,KILO,1 Kg,False,https://tienda.consum.es/es/p/tortitas-pollo-asado-con-queso-fundido/7425929,https://cdn-consum.aktiosdigitalservices.com/tol/consum/media/product/img/300x300/7425929.jpg?t=20260818080011,2026-10-08T22:05:52
pollo,Consum,7413909,8436000463255,ALDELIS,Kebab de Pollo con dos salsas,Otros elaborados,3.45,3.45,,False,10.33,KILO,1 Kg,False,https://tienda.consum.es/es/p/kebab-de-pollo-con-dos-salsas/7413909,https://cdn-consum.aktiosdigitalservices.com/tol/consum/media/product/img/300x300/7413909.jpg?t=20260812080411,2026-10-08T22:05:52
pollo,Consum,7403640,8436000462609,,Croqueta de la Abuela Pollo y Jamón,Picadas y hamburguesas,0.69,0.69,,False,11.04,KILO,1 Kg,False,https://tienda.consum.es/es/p/croqueta-de-la-abuela-pollo-y-jamon/7403640,https://cdn-consum.aktiosdigitalservices.com/tol/consum/media/product/img/300x300/7403640.jpg?t=20260901080727,2026-10-08T22:05:52
pollo,Consum,7177165,8422837118420,,Lima Bandeja,Cítricos,1.59,1.59,,False,6.36,KILO,1 Kg,False,https://tienda.consum.es/es/p/lima-bandeja/7177165,https://cdn-consum.aktiosdigitalservices.com/tol/consum/media/product/img/300x300/7177165.jpg?t=20260812080218,2026-10-08T22:05:52
pollo,Consum,7336006,8436000469707,ALDELIS,Pechuga de Pollo al Natural Pack de 2,Cocidos de pavo,2.49,2.49,,False,23.94,KILO,1 Kg,False,https://tienda.consum.es/es/p/pechuga-de-pollo-al-natural-pack-de-2/7336006,https://cdn-consum.aktiosdigitalservices.com/tol/consum/media/product/img/300x300/7336006.jpg?t=20260812080323,2026-10-08T22:05:52
pollo,Consum,7004138,8423230203218,EL DULZE,Cilantro Bandeja,Aromáticos,1.25,1.25,,False,62.5,KILO,100 Gr,False,https://tienda.consum.es/es/p/cilantro-bandeja/7004138,https://cdn-consum.aktiosdigitalservices.com/tol/consum/media/product/img/300x300/7004138.jpg?t=20260812080148,2026-10-08T22:05:52
pollo,Consum,7226785,8414807534316,CONSUM,Caldo de Pollo Bajo en Sal Brik,Caldo liquido,1.2,1.2,,False,1.2,LITRO,1 L,False,https://tienda.consum.es/es/p/caldo-de-pollo-bajo-en-sal-brik/7226785,https://cdn-consum.aktiosdigitalservices.com/tol/consum/media/product/img/300x300/7226785.jpg?t=20260812080238,2026-10-08T22:05:52
pollo,Consum,7283869,8414807541086,CONSUM,Salsa Pesto,Salsas calientes,1.95,1.95,,False,10.54,KILO,1 Kg,False,https://tienda.consum.es/es/p/salsa-pesto/7283869,https://cdn-consum.aktiosdigitalservices.com/tol/consum/media/product/img/300x300/7283869.jpg?t=20260827101516,2026-10-08T22:05:52
pollo,Consum,7395445,8414807554383,CONSUM,Croqueta Pollo,Croquetas y empanadillas,1.59,1.59,,False,3.18,KILO,1 Kg,False,https://tienda.consum.es/es/p/croqueta-pollo/7395445,https://cdn-consum.aktiosdigitalservices.com/tol/consum/media/product/img/300x300/7395445.jpg?t=20260812080357,2026-10-08T22:05:52
pollo,Consum,7429413,8414807558411,CONSUM,Salteado Verduras y Pollo,Salteados y revueltos,2.2,2.2,,False,4.89,KILO,1 Kg,False,https://tienda.consum.es/es/p/salteado-verduras-y-pollo/7429413,https://cdn-consum.aktiosdigitalservices.com/tol/consum/media/product/img/300x300/7429413.jpg?t=20260812080425,2026-10-08T22:05:52
pollo,Consum,7428253,8414807558367,CONSUM,Caldo de Pollo 100% Natural,Caldo liquido,1.15,1.15,,False,1.15,LITRO,1 L,False,https://tienda.consum.es/es/p/caldo-de-pollo-100-natural/7428253,https://cdn-consum.aktiosdigitalservices.com/tol/consum/media/product/img/300x300/7428253.jpg?t=20260812080425,2026-10-08T22:05:52
pollo,Consum,7392256,8414807553850,CONSUM,Tortillas de Maíz 10 Unidades,Mexicano,2.09,2.09,,False,8.36,KILO,1 Kg,False,https://tienda.consum.es/es/p/tortillas-de-maiz-10-unidades/7392256,https://cdn-consum.aktiosdigitalservices.com/tol/consum/media/product/img/300x300/7392256.jpg?t=20260812080354,2026-10-08T22:05:52
pollo,Consum,7116804,8412500910604,LA PIARA,Paté de Pollo Lata Pack de 2,Foie y paté de ave,3.99,3.99,,False,26.6,KILO,1 Kg,False,https://tienda.consum.es/es/p/pate-de-pollo-lata-pack-de-2/7116804,https://cdn-consum.aktiosdigitalservices.com/tol/consum/media/product/img/300x300/7116804.jpg?t=20260812080209,2026-10-08T22:05:52
pollo,Consum,7203818,8414807531759,CONSUM,Pizza Pollo Masa Rústica al Horno de Piedra,Pizzas  ,2.9,2.9,,False,7.25,KILO,1 Kg,False,https://tienda.consum.es/es/p/pizza-pollo-masa-rustica-al-horno-de-piedra/7203818,https://cdn-consum.aktiosdigitalservices.com/tol/consum/media/product/img/300x300/7203818.jpg?t=20260812080229,2026-10-08T22:05:52
pollo,Consum,7392231,8414807553805,CONSUM,Jalapeños en Rodajas Bote,Mexicano,2.49,2.49,,False,19.92,KILO,1 Kg,False,https://tienda.consum.es/es/p/jalapenos-en-rodajas-bote/7392231,https://cdn-consum.aktiosdigitalservices.com/tol/consum/media/product/img/300x300/7392231.jpg?t=20260812080354,2026-10-08T22:05:52
pollo,Consum,7431596,8414516144325,FLORETTE,Ensalada Xtreme Pollo Completa,Ensaladas preparadas y guacamole,4.09,4.09,,False,19.48,KILO,1 Kg,False,https://tienda.consum.es/es/p/ensalada-xtreme-pollo-completa/7431596,https://cdn-consum.aktiosdigitalservices.com/tol/consum/media/product/img/300x300/7431596.jpg?t=20260825075925,2026-10-08T22:05:52
pollo,Consum,7069292,8414807512185,CONSUM,Caldo Líquido Casero de Pollo  Brik,Caldo liquido,0.75,0.75,,False,0.75,LITRO,1 L,False,https://tienda.consum.es/es/p/caldo-liquido-casero-de-pollo-brik/7069292,https://cdn-consum.aktiosdigitalservices.com/tol/consum/media/product/img/300x300/7069292.jpg?t=20260812080159,2026-10-08T22:05:52
pollo,Consum,7178705,8414807527165,CONSUM,Caldo de Pollo 12 Pastillas,Caldo en pastillas,0.75,0.75,,False,6.25,KILO,1 Kg,False,https://tienda.consum.es/es/p/caldo-de-pollo-12-pastillas/7178705,https://cdn-consum.aktiosdigitalservices.com/tol/consum/media/product/img/300x300/7178705.jpg?t=20260812080219,2026-10-08T22:05:52
pollo,Consum,7423122,8414807557674,CONSUM,Nuggets de Pollo,Carne,2.16,2.16,,False,5.4,KILO,1 Kg,False,https://tienda.consum.es/es/p/nuggets-de-pollo/7423122,https://cdn-consum.aktiosdigitalservices.com/tol/consum/media/product/img/300x300/7423122.jpg?t=20260812080419,2026-10-08T22:05:52
pollo,Consum,7436558,,,"Empanadilla Pollo 12% y Champiñones 3,7% 1U",Empanadillas,1.59,1.59,,False,14.45,KILO,1 Kg,False,https://tienda.consum.es/es/p/empanadilla-pollo-12-y-champinones-37-1u/7436558,https://cdn-consum.aktiosdigitalservices.com/tol/consum/media/product/img/300x300/7436558.jpg?t=20260818080027,2026-10-08T22:05:52
pollo,Consum,2536688,7613032881399,GOURMET,Comida Húmeda Gatos Gourmet Gold Pollo,Comida Húmeda,0.92,0.92,,False,10.82,KILO,1 Kg,False,https://tienda.consum.es/es/p/comida-humeda-gatos-gourmet-gold-pollo/2536688,https://cdn-consum.aktiosdigitalservices.com/tol/consum/media/product/img/300x300/2536688.jpg?t=20260827095710,2026-10-08T22:05:52
pollo,Consum,396671,8410175050021,HERO,Tarrito Verduras con Pollo y Ternera,Potitos de Carne,1.8,1.8,,False,7.66,KILO,1 Kg,False,https://tienda.consum.es/es/p/tarrito-verduras-con-pollo-y-ternera/396671,https://cdn-consum.aktiosdigitalservices.com/tol/consum/media/product/img/300x300/396671.jpg?t=20260812080136,2026-10-08T22:05:52
pollo,Consum,7187813,8410300348993,G.BLANCA,Caldo Casero Pollo Bajo en Sal Brik,Caldo liquido,2.3,2.3,,False,2.3,LITRO,1 L,False,https://tienda.consum.es/es/p/caldo-casero-pollo-bajo-en-sal-brik/7187813,https://cdn-consum.aktiosdigitalservices.com/tol/consum/media/product/img/300x300/7187813.jpg?t=20260812080222,2026-10-08T22:05:52
pollo,Consum,7282226,8420321076812,FRIPOZO,Tenders Pollo Barbacoa y Miel,Snacks,2.99,2.99,,False,11.96,KILO,1 Kg,False,https://tienda.consum.es/es/p/tenders-pollo-barbacoa-y-miel/7282226,https://cdn-consum.aktiosdigitalservices.com/tol/consum/media/product/img/300x300/7282226.jpg?t=20260901080106,2026-10-08T22:05:52
pollo,Consum,7346823,8414807548764,VITALITY,Stick para Perros Sabor Pollo,Sticks Dentales,1.1,1.1,,False,5.5,KILO,1 Kg,False,https://tienda.consum.es/es/p/stick-para-perros-sabor-pollo/7346823,https://cdn-consum.aktiosdigitalservices.com/tol/consum/media/product/img/300x300/7346823.jpg?t=20260829075945,2026-10-08T22:05:52
pollo,Consum,7353709,8414807549709,VITALITY,Comida Húmeda Gatos Rico en Pollo,Comida Húmeda,0.39,0.39,,False,3.9,KILO,1 Kg,False,https://tienda.consum.es/es/p/comida-humeda-gatos-rico-en-pollo/7353709,https://cdn-consum.aktiosdigitalservices.com/tol/consum/media/product/img/300x300/7353709.jpg?t=20260812080332,2026-10-08T22:05:52
pollo,Consum,7204563,8410300349129,G.BLANCA,Caldo de Pollo Pack de 2,Caldo liquido,4.29,4.29,,False,2.15,LITRO,1 L,False,https://tienda.consum.es/es/p/caldo-de-pollo-pack-de-2/7204563,https://cdn-consum.aktiosdigitalservices.com/tol/consum/media/product/img/300x300/7204563.jpg?t=20260827100830,2026-10-08T22:05:52
pollo,Consum,7353720,8414807549730,VITALITY,Comida Húmeda Gatos Rico en Pollo Junior,Comida Húmeda,0.39,0.39,,False,3.9,KILO,1 Kg,False,https://tienda.consum.es/es/p/comida-humeda-gatos-rico-en-pollo-junior/7353720,https://cdn-consum.aktiosdigitalservices.com/tol/consum/media/product/img/300x300/7353720.jpg?t=20260818080128,2026-10-08T22:05:52
pollo,Consum,7353725,8414807549747,VITALITY,Comida Húmeda Gato Rico en Pollo Sénior,Comida Húmeda,0.39,0.39,,False,3.9,KILO,1 Kg,False,https://tienda.consum.es/es/p/comida-humeda-gato-rico-en-pollo-senior/7353725,https://cdn-consum.aktiosdigitalservices.com/tol/consum/media/product/img/300x300/7353725.jpg?t=20260820075928,2026-10-08T22:05:52
pollo,Consum,7353741,8414807549778,VITALITY,Tarrina Paté Perro Adulto Rico en Pollo y Verduras,Comida Húmeda,0.85,0.85,,False,5.67,KILO,1 Kg,False,https://tienda.consum.es/es/p/tarrina-pate-perro-adulto-rico-en-pollo-y-verduras/7353741,https://cdn-consum.aktiosdigitalservices.com/tol/consum/media/product/img/300x300/7353741.jpg?t=20260812080333,2026-10-08T22:05:52
pollo,Consum,485300,8410300100010,AVECREM,Caldo de Pollo Deshidratado24Pastillas,Caldo en pastillas,2.95,2.95,,False,12.29,KILO,1 Kg,False,https://tienda.consum.es/es/p/caldo-de-pollo-deshidratado24pastillas/485300,https://cdn-consum.aktiosdigitalservices.com/tol/consum/media/product/img/300x300/485300.jpg?t=20260812080138,2026-10-08T22:05:52
pollo,Consum,7010135,8410748201003,ANETO,Caldo Líquido de Pollo Brik,Caldo liquido,4.45,4.45,,False,4.45,LITRO,1 L,False,https://tienda.consum.es/es/p/caldo-liquido-de-pollo-brik/7010135,https://cdn-consum.aktiosdigitalservices.com/tol/consum/media/product/img/300x300/7010135.jpg?t=20260812080148,2026-10-08T22:05:52
pollo,Consum,7353746,8414807549785,VITALITY,Tarrina Paté Perro Adulto Rica en Buey y Pollo,Comida Húmeda,0.85,0.85,,False,5.67,KILO,1 Kg,False,https://tienda.consum.es/es/p/tarrina-pate-perro-adulto-rica-en-buey-y-pollo/7353746,https://cdn-consum.aktiosdigitalservices.com/tol/consum/media/product/img/300x300/7353746.jpg?t=20260812080333,2026-10-08T22:05:52
pollo,Consum,7338932,8414807547569,VITALITY,Galletas Perro Rellenas Pollo-Buey-Salmón,Premios y Galletas,1.4,1.4,,False,4.0,KILO,1 Kg,False,https://tienda.consum.es/es/p/galletas-perro-rellenas-pollo-buey-salmon/7338932,https://cdn-consum.aktiosdigitalservices.com/tol/consum/media/product/img/300x300/7338932.jpg?t=20260812080324,2026-10-08T22:05:52
pollo,Consum,7219884,8410422002117,CHOVI,Mayonesa Ajonesa Bote,Mayonesa,3.39,3.39,,False,8.48,LITRO,1 L,False,https://tienda.consum.es/es/p/mayonesa-ajonesa-bote/7219884,https://cdn-consum.aktiosdigitalservices.com/tol/consum/media/product/img/300x300/7219884.jpg?t=20260827100957,2026-10-08T22:05:52
pollo,Consum,7260276,8420321076706,FRIPOZO,Crunchy de Pollo con Salsa Barbacoa,Snacks,2.85,2.85,,False,9.5,KILO,1 Kg,False,https://tienda.consum.es/es/p/crunchy-de-pollo-con-salsa-barbacoa/7260276,https://cdn-consum.aktiosdigitalservices.com/tol/consum/media/product/img/300x300/7260276.jpg?t=20260827101253,2026-10-08T22:05:52
pollo,Consum,7285364,8410300347378,G.BLANCA,Caldo Pollo Gourmet Brick,Caldo liquido,2.99,2.99,,False,2.99,LITRO,1 L,False,https://tienda.consum.es/es/p/caldo-pollo-gourmet-brick/7285364,https://cdn-consum.aktiosdigitalservices.com/tol/consum/media/product/img/300x300/7285364.jpg?t=20260812080258,2026-10-08T22:05:52
pollo,Consum,7442937,8436593403607,WILD BALANCE,Comida natural perro lata Ragut de ternera y pollo,Comida Húmeda,2.99,2.99,,False,7.48,KILO,1 Kg,False,https://tienda.consum.es/es/p/comida-natural-perro-lata-ragut-de-ternera-y-pollo/7442937,https://cdn-consum.aktiosdigitalservices.com/tol/consum/media/product/img/300x300/7442937.jpg?t=20260827104256,2026-10-08T22:05:52
pollo,Consum,2037653,8410650892313,ULTIMA,Comida Seca Perros Ultima de Pollo y Verdura,Comida Seca,13.45,13.45,,False,4.48,KILO,1 Kg,False,https://tienda.consum.es/es/p/comida-seca-perros-ultima-de-pollo-y-verdura/2037653,https://cdn-consum.aktiosdigitalservices.com/tol/consum/media/product/img/300x300/2037653.jpg?t=20260827095705,2026-10-08T22:05:52
pollo,Consum,7109858,5906013001018,ORZECH,Pepinillos Estilo Alemán Agridulce Grande,Pepinillos,4.29,4.29,,False,4.88,KILO,1 Kg,False,https://tienda.consum.es/es/p/pepinillos-estilo-aleman-agridulce-grande/7109858,https://cdn-consum.aktiosdigitalservices.com/tol/consum/media/product/img/300x300/7109858.jpg?t=20260812080208,2026-10-08T22:05:52
pollo,Consum,7231504,8410300373193,YATEKOMO,Yakisoba de Pollo Yatekomo,Noodles,1.99,1.99,,False,21.4,KILO,1 Kg,False,https://tienda.consum.es/es/p/yakisoba-de-pollo-yatekomo/7231504,https://cdn-consum.aktiosdigitalservices.com/tol/consum/media/product/img/300x300/7231504.jpg?t=20260812080239,2026-10-08T22:05:52
pollo,Consum,7209286,8410300349990,YATEKOMO,Yatekomo Pollo con Soja Bolsa,Noodles,1.15,1.15,,False,14.56,KILO,1 Kg,False,https://tienda.consum.es/es/p/yatekomo-pollo-con-soja-bolsa/7209286,https://cdn-consum.aktiosdigitalservices.com/tol/consum/media/product/img/300x300/7209286.jpg?t=20260812080230,2026-10-08T22:05:52
pollo,Consum,7048569,8410175013903,HERO,Tarrito Buenas Noches Pollo y Verduritas Pack 2,Potitos de Carne,2.89,3.29,2.89,True,7.61,KILO,1 Kg,False,https://tienda.consum.es/es/p/tarrito-buenas-noches-pollo-y-verduritas-pack-2/7048569,https://cdn-consum.aktiosdigitalservices.com/tol/consum/media/product/img/300x300/7048569.jpg?t=20260812080154,2026-10-08T22:05:52
pollo,Consum,7153906,4008429063350,CESAR,Comida Húmeda Perros Pollo Tarrina 150,Comida Húmeda,1.29,1.79,1.29,True,8.6,KILO,1 Kg,False,https://tienda.consum.es/es/p/comida-humeda-perros-pollo-tarrina-150/7153906,https://cdn-consum.aktiosdigitalservices.com/tol/consum/media/product/img/300x300/7153906.jpg?t=20260828075731,2026-10-08T22:05:52
pollo,Consum,7341303,8410300359890,G.BLANCA,Crema Casera Pollo con Verduras,Cremas,1.99,1.99,,False,3.98,LITRO,1 L,False,https://tienda.consum.es/es/p/crema-casera-pollo-con-verduras/7341303,https://cdn-consum.aktiosdigitalservices.com/tol/consum/media/product/img/300x300/7341303.jpg?t=20260827102237,2026-10-08T22:05:52
pollo,Consum,7346831,8414807548788,VITALITY,Huesitos Blandos Perro Pollo y Ternerra,Sticks Dentales,1.3,1.3,,False,13.0,KILO,1 Kg,False,https://tienda.consum.es/es/p/huesitos-blandos-perro-pollo-y-ternerra/7346831,https://cdn-consum.aktiosdigitalservices.com/tol/consum/media/product/img/300x300/7346831.jpg?t=20260812080329,2026-10-08T22:05:52
pollo,Consum,7405822,8420321033358,FRIPOZO,Nuggets de Pollo,Carne,2.45,2.45,,False,8.17,KILO,1 Kg,False,https://tienda.consum.es/es/p/nuggets-de-pollo/7405822,https://cdn-consum.aktiosdigitalservices.com/tol/consum/media/product/img/300x300/7405822.jpg?t=20260827103227,2026-10-08T22:05:52
pollo,Consum,7412547,8410069019998,GALLO,Caldo Natural de Pollo Brick,Caldo liquido,2.4,2.4,,False,2.4,LITRO,1 L,False,https://tienda.consum.es/es/p/caldo-natural-de-pollo-brick/7412547,https://cdn-consum.aktiosdigitalservices.com/tol/consum/media/product/img/300x300/7412547.jpg?t=20260812080410,2026-10-08T22:05:52
pollo,Consum,7428761,8410300368489,G.BLANCA,Caldo Pollo con Jamón Gourmet,Caldo liquido,2.99,2.99,,False,2.99,LITRO,1 L,False,https://tienda.consum.es/es/p/caldo-pollo-con-jamon-gourmet/7428761,https://cdn-consum.aktiosdigitalservices.com/tol/consum/media/product/img/300x300/7428761.jpg?t=20260827103814,2026-10-08T22:05:52
pollo,Consum,7470701,8424058040566,ÑAMING,Sandwich Pro-Pollo,Bocadillos y sándwiches,2.49,2.49,,False,14.23,KILO,1 Kg,False,https://tienda.consum.es/es/p/sandwich-pro-pollo/7470701,https://cdn-consum.aktiosdigitalservices.com/tol/consum/media/product/img/300x300/7470701.jpg?t=20260812080516,2026-10-08T22:05:52
pollo,Consum,7469034,8414221069050,BIOZOO,Snack Dental Perro Cuero envuelto en Pollo,Naturales,1.99,1.99,,False,24.88,KILO,1 Kg,False,https://tienda.consum.es/es/p/snack-dental-perro-cuero-envuelto-en-pollo/7469034,https://cdn-consum.aktiosdigitalservices.com/tol/consum/media/product/img/300x300/7469034.jpg?t=20260728080135,2026-10-08T22:05:52
pollo,Consum,366112,84103529,AVECREM,Caldo de Pollo Deshidratado 12 Pastillas,Caldo en pastillas,1.85,1.85,,False,15.42,KILO,1 Kg,False,https://tienda.consum.es/es/p/caldo-de-pollo-deshidratado-12-pastillas/366112,https://cdn-consum.aktiosdigitalservices.com/tol/consum/media/product/img/300x300/366112.jpg?t=20260812080136,2026-10-08T22:05:52
pollo,Consum,862870,8410300100928,G.BLANCA,Sopinstant Crema y Pollo Caja,Sopas en sobre,1.45,1.45,,False,23.02,KILO,1 Kg,False,https://tienda.consum.es/es/p/sopinstant-crema-y-pollo-caja/862870,https://cdn-consum.aktiosdigitalservices.com/tol/consum/media/product/img/300x300/862870.jpg?t=20260827095612,2026-10-08T22:05:52
pollo,Consum,7199297,3166296400317,DUCROS,Sazonador Pollo Tarro,Sazonadores,2.85,2.85,,False,38.0,KILO,1 Kg,False,https://tienda.consum.es/es/p/sazonador-pollo-tarro/7199297,https://cdn-consum.aktiosdigitalservices.com/tol/consum/media/product/img/300x300/7199297.jpg?t=20260812080227,2026-10-08T22:05:52
pollo,Consum,7052970,8410650891200,ULTIMA,Comida Seca Perros Dog Mini Adulto Pollo,Comida Seca,7.99,7.99,,False,5.33,KILO,1 Kg,False,https://tienda.consum.es/es/p/comida-seca-perros-dog-mini-adulto-pollo/7052970,https://cdn-consum.aktiosdigitalservices.com/tol/consum/media/product/img/300x300/7052970.jpg?t=20260827095937,2026-10-08T22:05:52
pollo,Consum,7363265,8414807550811,VITALITY,Comida Seca Perro Razas Pequeñas Pollo,Comida Seca,3.85,3.85,,False,1.93,KILO,1 Kg,False,https://tienda.consum.es/es/p/comida-seca-perro-razas-pequenas-pollo/7363265,https://cdn-consum.aktiosdigitalservices.com/tol/consum/media/product/img/300x300/7363265.jpg?t=20260825075850,2026-10-08T22:05:52
pollo,Consum,7298552,5998749117774,MARS,Snack para Gatos Catisfaction Pollo,Snacks,2.09,2.09,,False,34.83,KILO,1 Kg,False,https://tienda.consum.es/es/p/snack-para-gatos-catisfaction-pollo/7298552,https://cdn-consum.aktiosdigitalservices.com/tol/consum/media/product/img/300x300/7298552.jpg?t=20260828075807,2026-10-08T22:05:52
pollo,Consum,7317253,8410762221667,TARRADELLAS,Pizza Pollo y Bacón con Masa 5 Semillas,Pizzas  ,3.19,3.19,,False,7.78,KILO,1 Kg,False,https://tienda.consum.es/es/p/pizza-pollo-y-bacon-con-masa-5-semillas/7317253,https://cdn-consum.aktiosdigitalservices.com/tol/consum/media/product/img/300x300/7317253.jpg?t=20260812080315,2026-10-08T22:05:52
pollo,Consum,7380116,7613287079787,GOURMET,Comida Gato Lata Revelations Pollo Pack 4,Comida Húmeda,3.59,3.59,,False,15.75,KILO,1 Kg,False,https://tienda.consum.es/es/p/comida-gato-lata-revelations-pollo-pack-4/7380116,https://cdn-consum.aktiosdigitalservices.com/tol/consum/media/product/img/300x300/7380116.jpg?t=20260827102734,2026-10-08T22:05:52
pollo,Consum,7409279,8410902040097,LA NOREÑENSE,Albóndigas de Pollo Lata,Preparados de carne  ,1.69,1.69,,False,4.07,KILO,1 Kg,False,https://tienda.consum.es/es/p/albondigas-de-pollo-lata/7409279,https://cdn-consum.aktiosdigitalservices.com/tol/consum/media/product/img/300x300/7409279.jpg?t=20260812080408,2026-10-08T22:05:52
pollo,Consum,7217292,8410748201034,ANETO,Caldo de Pollo Bajo en Sal,Caldo liquido,4.45,4.45,,False,4.45,LITRO,1 L,False,https://tienda.consum.es/es/p/caldo-de-pollo-bajo-en-sal/7217292,https://cdn-consum.aktiosdigitalservices.com/tol/consum/media/product/img/300x300/7217292.jpg?t=20260827100943,2026-10-08T22:05:52
pollo,Consum,7235224,8410650208749,ULTIMA,Comida Seca Perros Mini Junior Pollo,Comida Seca,4.99,4.99,,False,6.24,KILO,1 Kg,False,https://tienda.consum.es/es/p/comida-seca-perros-mini-junior-pollo/7235224,https://cdn-consum.aktiosdigitalservices.com/tol/consum/media/product/img/300x300/7235224.jpg?t=20260812080240,2026-10-08T22:05:52
pollo,Consum,7282317,3222270297370,FRISKIES,Comida Seca Gato con Buey y Pollo,Comida Seca,5.75,5.75,,False,3.83,KILO,1 Kg,False,https://tienda.consum.es/es/p/comida-seca-gato-con-buey-y-pollo/7282317,https://cdn-consum.aktiosdigitalservices.com/tol/consum/media/product/img/300x300/7282317.jpg?t=20260812080257,2026-10-08T22:05:52
pollo,Consum,7322956,8410136003448,PEDIGREE,Comida Húmeda Perros 2Pollo-2Buey y Verdura,Comida Húmeda,3.49,3.49,,False,8.73,KILO,1 Kg,False,https://tienda.consum.es/es/p/comida-humeda-perros-2pollo-2buey-y-verdura/7322956,https://cdn-consum.aktiosdigitalservices.com/tol/consum/media/product/img/300x300/7322956.jpg?t=20260828075816,2026-10-08T22:05:52
pollo,Consum,7359938,3065890146266,CESAR,Comida Húmeda Perros Tarrina Pollo,Comida Húmeda,2.99,2.99,,False,9.97,KILO,1 Kg,False,https://tienda.consum.es/es/p/comida-humeda-perros-tarrina-pollo/7359938,https://cdn-consum.aktiosdigitalservices.com/tol/consum/media/product/img/300x300/7359938.jpg?t=20260828075826,2026-10-08T22:05:52
pollo,Consum,7359409,8410650162065,ULTIMA,Comida Seca Pollo Gatos Esterilizados,Comida Seca,10.95,10.95,,False,7.3,KILO,1 Kg,False,https://tienda.consum.es/es/p/comida-seca-pollo-gatos-esterilizados/7359409,https://cdn-consum.aktiosdigitalservices.com/tol/consum/media/product/img/300x300/7359409.jpg?t=20260827102420,2026-10-08T22:05:52
pollo,Consum,7363286,8414807550859,VITALITY,Comida Seca Gato Rico en Pollo y Guisantes,Comida Seca,4.3,4.3,,False,1.43,KILO,1 Kg,False,https://tienda.consum.es/es/p/comida-seca-gato-rico-en-pollo-y-guisantes/7363286,https://cdn-consum.aktiosdigitalservices.com/tol/consum/media/product/img/300x300/7363286.jpg?t=20260812080338,2026-10-08T22:05:52
pollo,Consum,7374445,8436558315464,TA-TUNG,Gyoza de Pollo al Vapor,Comida étnica,3.79,3.79,,False,26.32,KILO,1 Kg,False,https://tienda.consum.es/es/p/gyoza-de-pollo-al-vapor/7374445,https://cdn-consum.aktiosdigitalservices.com/tol/consum/media/product/img/300x300/7374445.jpg?t=20260827102630,2026-10-08T22:05:52
pollo,Consum,7371743,8414807551863,VITALITY,Comida Seca Gato Rico en Pollo y Buey,Comida Seca,9.19,9.19,,False,1.31,KILO,1 Kg,False,https://tienda.consum.es/es/p/comida-seca-gato-rico-en-pollo-y-buey/7371743,https://cdn-consum.aktiosdigitalservices.com/tol/consum/media/product/img/300x300/7371743.jpg?t=20260812080342,2026-10-08T22:05:52
pollo,Consum,7363299,8414807550873,VITALITY,Comida Seca Perro Júnior Rico Pollo,Comida Seca,6.25,6.25,,False,1.56,KILO,1 Kg,False,https://tienda.consum.es/es/p/comida-seca-perro-junior-rico-pollo/7363299,https://cdn-consum.aktiosdigitalservices.com/tol/consum/media/product/img/300x300/7363299.jpg?t=20260812080338,2026-10-08T22:05:52
pollo,Consum,7404429,8410748002945,ANETO,Caldo Natural de Pollo Con Jamón,Caldo liquido,4.45,4.45,,False,4.45,LITRO,1 L,False,https://tienda.consum.es/es/p/caldo-natural-de-pollo-con-jamon/7404429,https://cdn-consum.aktiosdigitalservices.com/tol/consum/media/product/img/300x300/7404429.jpg?t=20260812080404,2026-10-08T22:05:52
pollo,Consum,7427854,8410300368403,G.BLANCA,Caldo de Pollo con 8 Verduras,Caldo liquido,2.3,2.3,,False,2.3,LITRO,1 L,False,https://tienda.consum.es/es/p/caldo-de-pollo-con-8-verduras/7427854,https://cdn-consum.aktiosdigitalservices.com/tol/consum/media/product/img/300x300/7427854.jpg?t=20260812080424,2026-10-08T22:05:52
pollo,Consum,7363252,8414807550781,VITALITY,"Comida Seca Perro Buey, Pollo y Vegetales",Comida Seca,13.95,13.95,,False,1.4,KILO,1 Kg,False,https://tienda.consum.es/es/p/comida-seca-perro-buey-pollo-y-vegetales/7363252,https://cdn-consum.aktiosdigitalservices.com/tol/consum/media/product/img/300x300/7363252.jpg?t=20260812080338,2026-10-08T22:05:52
pollo,Consum,7459340,5060960663474,ITSU,Dumplings de Pollo,Oriental,3.99,3.99,,False,23.75,KILO,1 Kg,False,https://tienda.consum.es/es/p/dumplings-de-pollo/7459340,https://cdn-consum.aktiosdigitalservices.com/tol/consum/media/product/img/300x300/7459340.jpg?t=20260901080515,2026-10-08T22:05:52
pollo,Consum,7235034,8410650153322,BREKKIES,Comida para Perros Mini Pollo y Verduras,Comida Seca,6.45,6.45,,False,4.3,KILO,1 Kg,False,https://tienda.consum.es/es/p/comida-para-perros-mini-pollo-y-verduras/7235034,https://cdn-consum.aktiosdigitalservices.com/tol/consum/media/product/img/300x300/7235034.jpg?t=20260827101056,2026-10-08T22:05:52
pollo,Consum,7230209,8410300350798,AVECREM,Avecrem Pollo 30% menos de Sal,Caldo en pastillas,1.55,1.55,,False,16.32,KILO,1 Kg,False,https://tienda.consum.es/es/p/avecrem-pollo-30-menos-de-sal/7230209,https://cdn-consum.aktiosdigitalservices.com/tol/consum/media/product/img/300x300/7230209.jpg?t=20260812080239,2026-10-08T22:05:52
pollo,Consum,7105435,8410650818719,ULTIMA,Comida Seca Gatos Ultima de Pollo,Comida Seca,10.95,10.95,,False,7.3,KILO,1 Kg,False,https://tienda.consum.es/es/p/comida-seca-gatos-ultima-de-pollo/7105435,https://cdn-consum.aktiosdigitalservices.com/tol/consum/media/product/img/300x300/7105435.jpg?t=20260812080207,2026-10-08T22:05:52
pollo,Consum,7300622,8414807543110,VITALITY,Comida Seca Gatos Pollo,Comida Seca,1.89,1.89,,False,4.2,KILO,1 Kg,False,https://tienda.consum.es/es/p/comida-seca-gatos-pollo/7300622,https://cdn-consum.aktiosdigitalservices.com/tol/consum/media/product/img/300x300/7300622.jpg?t=20260812080306,2026-10-08T22:05:52
pollo,Consum,7364904,8410300362692,AVECREM,Avecrem Pollo 100% Natural Estuche,Caldo en pastillas,1.63,1.63,,False,18.11,KILO,1 Kg,False,https://tienda.consum.es/es/p/avecrem-pollo-100-natural-estuche/7364904,https://cdn-consum.aktiosdigitalservices.com/tol/consum/media/product/img/300x300/7364904.jpg?t=20260812080338,2026-10-08T22:05:52
pollo,Consum,7363294,8414807550866,VITALITY,Comida Seca Perros Mini Júnior Pollo Fresco,Comida Seca,5.25,5.25,,False,3.5,KILO,1 Kg,False,https://tienda.consum.es/es/p/comida-seca-perros-mini-junior-pollo-fresco/7363294,https://cdn-consum.aktiosdigitalservices.com/tol/consum/media/product/img/300x300/7363294.jpg?t=20260812080338,2026-10-08T22:05:52
pollo,Consum,2500619,3065895970002,PEDIGREE,Comida Húmeda Perros Cordero Pollo Tarrina,Comida Húmeda,2.99,2.99,,False,9.97,KILO,1 Kg,False,https://tienda.consum.es/es/p/comida-humeda-perros-cordero-pollo-tarrina/2500619,https://cdn-consum.aktiosdigitalservices.com/tol/consum/media/product/img/300x300/2500619.jpg?t=20260828075653,2026-10-08T22:05:52
pollo,Consum,7369056,8410748000163,ANETO,Caldo Natural de Pollo Pack de 2,Caldo liquido,7.75,7.75,,False,3.88,LITRO,1 L,False,https://tienda.consum.es/es/p/caldo-natural-de-pollo-pack-de-2/7369056,https://cdn-consum.aktiosdigitalservices.com/tol/consum/media/product/img/300x300/7369056.jpg?t=20251030080737,2026-10-08T22:05:52
pollo,Consum,7363336,8414807550958,VITALITY,Comida Seca Gato Sénior Rico en Pollo y Verduras,Comida Seca,3.65,3.65,,False,2.43,KILO,1 Kg,False,https://tienda.consum.es/es/p/comida-seca-gato-senior-rico-en-pollo-y-verduras/7363336,https://cdn-consum.aktiosdigitalservices.com/tol/consum/media/product/img/300x300/7363336.jpg?t=20260812080338,2026-10-08T22:05:52
pollo,Consum,7387046,8434702001935,LA COCINERA,Nuggets de Pollo sin Gluten sin Lactosa,Carne,4.89,6.99,4.89,True,10.75,KILO,1 Kg,False,https://tienda.consum.es/es/p/nuggets-de-pollo-sin-gluten-sin-lactosa/7387046,https://cdn-consum.aktiosdigitalservices.com/tol/consum/media/product/img/300x300/7387046.jpg?t=20260812080350,2026-10-08T22:05:52
pollo,Consum,7405327,7613038125695,PURINA,Snack Gato Adulto Gourmet Nature Pollo,Líquidos,2.69,2.69,,False,53.8,KILO,1 Kg,False,https://tienda.consum.es/es/p/snack-gato-adulto-gourmet-nature-pollo/7405327,https://cdn-consum.aktiosdigitalservices.com/tol/consum/media/product/img/300x300/7405327.jpg?t=20260827103217,2026-10-08T22:05:52
pollo,Consum,7430010,4260431687966,JUST SPICES,Sazonador de Pollo,Sazonadores,4.99,4.99,,False,63.16,KILO,1 Kg,False,https://tienda.consum.es/es/p/sazonador-de-pollo/7430010,https://cdn-consum.aktiosdigitalservices.com/tol/consum/media/product/img/300x300/7430010.jpg?t=20260827103834,2026-10-08T22:05:52
pollo,Consum,7452738,8470214421014,UNUSUAL,Alitas de Pollo Asadas Sabor a L'Ast,Comida étnica,3.59,3.59,,False,10.26,KILO,1 Kg,False,https://tienda.consum.es/es/p/alitas-de-pollo-asadas-sabor-a-last/7452738,https://cdn-consum.aktiosdigitalservices.com/tol/consum/media/product/img/300x300/7452738.jpg?t=20260827104546,2026-10-08T22:05:52
pollo,Consum,7426026,8410300356370,YATEKOMO,Yakisoba de Pollo Bolsa,Noodles,1.49,1.49,,False,16.02,KILO,1 Kg,False,https://tienda.consum.es/es/p/yakisoba-de-pollo-bolsa/7426026,https://cdn-consum.aktiosdigitalservices.com/tol/consum/media/product/img/300x300/7426026.jpg?t=20260827103734,2026-10-08T22:05:52
pollo,Consum,7445302,8436593403669,WILD BALANCE,Comida natural gato lata Pollo con verduras,Natural,1.69,1.69,,False,21.13,KILO,1 Kg,False,https://tienda.consum.es/es/p/comida-natural-gato-lata-pollo-con-verduras/7445302,https://cdn-consum.aktiosdigitalservices.com/tol/consum/media/product/img/300x300/7445302.jpg?t=20260812080443,2026-10-08T22:05:52
pollo,Consum,7449119,8410300369684,YATEKOMO,Yarroz Pollo Salsa Teriyaki,Noodles,1.99,1.99,,False,23.98,KILO,1 Kg,False,https://tienda.consum.es/es/p/yarroz-pollo-salsa-teriyaki/7449119,https://cdn-consum.aktiosdigitalservices.com/tol/consum/media/product/img/300x300/7449119.jpg?t=20260827104437,2026-10-08T22:05:52
pollo,Consum,7453640,8412100030603,LOZANO,Albóndigas de Pollo,Preparados de carne  ,1.95,2.19,1.95,True,4.7,KILO,1 Kg,False,https://tienda.consum.es/es/p/albondigas-de-pollo/7453640,https://cdn-consum.aktiosdigitalservices.com/tol/consum/media/product/img/300x300/7453640.jpg?t=20260812080452,2026-10-08T22:05:52
pollo,Consum,7466907,8410300582007,G.BLANCA,Caldo de Pollo Jamón,Caldo liquido,2.3,2.3,,False,2.3,LITRO,1 L,False,https://tienda.consum.es/es/p/caldo-de-pollo-jamon/7466907,https://cdn-consum.aktiosdigitalservices.com/tol/consum/media/product/img/300x300/7466907.jpg?t=20260812080510,2026-10-08T22:05:52
pollo,Consum,7487379,8410300375326,G.BLANCA,Crema de Pollo con Verduras,Cremas,2.99,2.99,,False,9.52,KILO,1 Kg,False,https://tienda.consum.es/es/p/crema-de-pollo-con-verduras/7487379,https://cdn-consum.aktiosdigitalservices.com/tol/consum/media/product/img/300x300/7487379.jpg?t=20260929080846,2026-10-08T22:05:52
pollo,Consum,7457302,8436611390421,COCOSI,Lata Albóndigas Perros sabor Pollo,Comida Húmeda,2.95,2.95,,False,7.38,KILO,1 Kg,False,https://tienda.consum.es/es/p/lata-albondigas-perros-sabor-pollo/7457302,https://cdn-consum.aktiosdigitalservices.com/tol/consum/media/product/img/300x300/7457302.jpg?t=20260812080457,2026-10-08T22:05:52
pollo,Consum,7464725,8413236750434,CORBI,Pepinillos en Rodajas Agridulces,Pepinillos,1.45,1.45,,False,7.63,KILO,1 Kg,False,https://tienda.consum.es/es/p/pepinillos-en-rodajas-agridulces/7464725,https://cdn-consum.aktiosdigitalservices.com/tol/consum/media/product/img/300x300/7464725.jpg?t=20260812080508,2026-10-08T22:05:52
pollo,Consum,7476398,5900951353932,CESAR,Comida Seca Perros Mini pollo y salmón,Comida Seca,6.99,6.99,,False,4.99,KILO,1 Kg,False,https://tienda.consum.es/es/p/comida-seca-perros-mini-pollo-y-salmon/7476398,https://cdn-consum.aktiosdigitalservices.com/tol/consum/media/product/img/300x300/7476398.jpg?t=20260827105531,2026-10-08T22:05:52
pollo,Consum,7484285,8710378861159,DELITUSS,Ensaladilla Pollo al Curry,Ensaladas y humus,2.5,2.95,2.5,True,10.87,KILO,1 Kg,False,https://tienda.consum.es/es/p/ensaladilla-pollo-al-curry/7484285,https://cdn-consum.aktiosdigitalservices.com/tol/consum/media/product/img/300x300/7484285.jpg?t=20260825080024,2026-10-08T22:05:52
pollo,Consum,7487358,8410300375067,G.BLANCA,Yatekomo Pollo Thai Cup,Noodles,1.65,1.65,,False,27.5,KILO,1 Kg,False,https://tienda.consum.es/es/p/yatekomo-pollo-thai-cup/7487358,https://cdn-consum.aktiosdigitalservices.com/tol/consum/media/product/img/300x300/7487358.jpg?t=20260929080843,2026-10-08T22:05:52
pollo,Consum,7187839,8410300349051,G.BLANCA,Caldo Casero de Pollo Brik,Caldo liquido,2.3,2.3,,False,2.3,LITRO,1 L,False,https://tienda.consum.es/es/p/caldo-casero-de-pollo-brik/7187839,https://cdn-consum.aktiosdigitalservices.com/tol/consum/media/product/img/300x300/7187839.jpg?t=20260827100701,2026-10-08T22:05:52
pollo,Consum,7355431,8410300360759,G.BLANCA,Caldo Casero de Pollo Brik,Caldo liquido,1.45,1.45,,False,2.9,LITRO,1 L,False,https://tienda.consum.es/es/p/caldo-casero-de-pollo-brik/7355431,https://cdn-consum.aktiosdigitalservices.com/tol/consum/media/product/img/300x300/7355431.jpg?t=20260812080333,2026-10-08T22:05:52
pollo,Consum,7353766,8414807549822,VITALITY,Tarrina Paté Perro Sénior Pollo Hígado y Verduras,Comida Húmeda,1.1,1.1,,False,3.67,KILO,1 Kg,False,https://tienda.consum.es/es/p/tarrina-pate-perro-senior-pollo-higado-y-verduras/7353766,https://cdn-consum.aktiosdigitalservices.com/tol/consum/media/product/img/300x300/7353766.jpg?t=20260812080333,2026-10-08T22:05:52
pollo,Consum,7353774,8414807549839,VITALITY,Comida Perros Gelatina Buey/Pollo,Comida Húmeda,1.55,1.55,,False,3.88,KILO,1 Kg,False,https://tienda.consum.es/es/p/comida-perros-gelatina-buey-pollo/7353774,https://cdn-consum.aktiosdigitalservices.com/tol/consum/media/product/img/300x300/7353774.jpg?t=20260818080129,2026-10-08T22:05:52
pollo,Consum,7353779,8414807549846,VITALITY,Comida Perros Salsa Buey/Pollo,Comida Húmeda,1.55,1.55,,False,3.88,KILO,1 Kg,False,https://tienda.consum.es/es/p/comida-perros-salsa-buey-pollo/7353779,https://cdn-consum.aktiosdigitalservices.com/tol/consum/media/product/img/300x300/7353779.jpg?t=20260812080333,2026-10-08T22:05:52
pollo,Consum,7305717,7613036226868,GOURMET,Comida Húmeda Gatos Pollo,Comida Húmeda,0.92,0.92,,False,10.82,KILO,1 Kg,False,https://tienda.consum.es/es/p/comida-humeda-gatos-pollo/7305717,https://cdn-consum.aktiosdigitalservices.com/tol/consum/media/product/img/300x300/7305717.jpg?t=20260827101819,2026-10-08T22:05:52
pollo,Consum,7337280,8425402490600,OZ QUEBAB,Kebab Loncheado Pollo,Rebozados,3.89,3.89,,False,15.56,KILO,1 Kg,False,https://tienda.consum.es/es/p/kebab-loncheado-pollo/7337280,https://cdn-consum.aktiosdigitalservices.com/tol/consum/media/product/img/300x300/7337280.jpg?t=20260812080324,2026-10-08T22:05:52
pollo,Consum,7335292,8414807547248,VITALITY,Pocket Gato Pollo,Snacks,0.99,0.99,,False,16.5,KILO,1 Kg,False,https://tienda.consum.es/es/p/pocket-gato-pollo/7335292,https://cdn-consum.aktiosdigitalservices.com/tol/consum/media/product/img/300x300/7335292.jpg?t=20260812080323,2026-10-08T22:05:52
pollo,Consum,7353753,8414807549792,VITALITY,Tarrina Paté Perro Adulto Rico en Pollo,Comida Húmeda,0.95,0.95,,False,3.17,KILO,1 Kg,False,https://tienda.consum.es/es/p/tarrina-pate-perro-adulto-rico-en-pollo/7353753,https://cdn-consum.aktiosdigitalservices.com/tol/consum/media/product/img/300x300/7353753.jpg?t=20260812080333,2026-10-08T22:05:52
pollo,Consum,7353688,8414807549662,VITALITY,Comida Gatos Salsa Buey/Pollo,Comida Húmeda,1.26,1.26,,False,3.15,KILO,1 Kg,False,https://tienda.consum.es/es/p/comida-gatos-salsa-buey-pollo/7353688,https://cdn-consum.aktiosdigitalservices.com/tol/consum/media/product/img/300x300/7353688.jpg?t=20260812080332,2026-10-08T22:05:52
pollo,Consum,7376580,8414221069012,BIOZOO,Snack Perro Tiras de Pollo,Naturales,2.79,2.79,,False,27.9,KILO,1 Kg,False,https://tienda.consum.es/es/p/snack-perro-tiras-de-pollo/7376580,https://cdn-consum.aktiosdigitalservices.com/tol/consum/media/product/img/300x300/7376580.jpg?t=20260812080345,2026-10-08T22:05:52
pollo,Consum,7385813,8009470009133,SIMBA,Comida Húmeda Perros Bocaditos Pollo en Salsa	,Comida Húmeda,1.5,1.5,,False,1.22,KILO,1 Kg,False,https://tienda.consum.es/es/p/comida-humeda-perros-bocaditos-pollo-en-salsa	/7385813,https://cdn-consum.aktiosdigitalservices.com/tol/consum/media/product/img/300x300/7385813.jpg?t=20260812080350,2026-10-08T22:05:52
pollo,Consum,7397045,5060262487440,ITSU,Gyoza Pollo,Oriental,4.59,4.59,,False,19.13,KILO,1 Kg,False,https://tienda.consum.es/es/p/gyoza-pollo/7397045,https://cdn-consum.aktiosdigitalservices.com/tol/consum/media/product/img/300x300/7397045.jpg?t=20260901080303,2026-10-08T22:05:52
carne picada,Consum,922823,8414807552525,CONSUM,Preparado Picada de Vacuno,Picadas y hamburguesas,4.39,4.39,,False,10.98,KILO,1 Kg,False,https://tienda.consum.es/es/p/preparado-picada-de-vacuno/922823,https://cdn-consum.aktiosdigitalservices.com/tol/consum/media/product/img/300x300/922823.jpg?t=20260812080141,2026-10-08T22:05:53
carne picada,Consum,925594,8414807552501,CONSUM,Preparado Picada Mixta,Picadas y hamburguesas,3.29,3.29,,False,8.23,KILO,1 Kg,False,https://tienda.consum.es/es/p/preparado-picada-mixta/925594,https://cdn-consum.aktiosdigitalservices.com/tol/consum/media/product/img/300x300/925594.jpg?t=20260812080141,2026-10-08T22:05:53
carne picada,Consum,926204,8414807552495,CONSUM,Preparado Picada de Cerdo,Picadas y hamburguesas,2.41,2.41,,False,6.03,KILO,1 Kg,False,https://tienda.consum.es/es/p/preparado-picada-de-cerdo/926204,https://cdn-consum.aktiosdigitalservices.com/tol/consum/media/product/img/300x300/926204.jpg?t=20260812080141,2026-10-08T22:05:53
carne picada,Consum,7158488,8414807552488,CONSUM,Preparado Picada Mixta Boloñesa,Picadas y hamburguesas,2.85,2.85,,False,11.4,KILO,1 Kg,False,https://tienda.consum.es/es/p/preparado-picada-mixta-bolonesa/7158488,https://cdn-consum.aktiosdigitalservices.com/tol/consum/media/product/img/300x300/7158488.jpg?t=20260818075808,2026-10-08T22:05:53
carne picada,Consum,7265452,8414807552518,CONSUM,Preparado Picada Mixta,Picadas y hamburguesas,2.95,2.95,,False,11.8,KILO,1 Kg,False,https://tienda.consum.es/es/p/preparado-picada-mixta/7265452,https://cdn-consum.aktiosdigitalservices.com/tol/consum/media/product/img/300x300/7265452.jpg?t=20260812080251,2026-10-08T22:05:53
carne picada,Consum,7303436,8431891001388,CONSUM,Bolitas de Carne Cerdo y Ternera,Picadas y hamburguesas,2.85,2.85,,False,12.67,KILO,1 Kg,False,https://tienda.consum.es/es/p/bolitas-de-carne-cerdo-y-ternera/7303436,https://cdn-consum.aktiosdigitalservices.com/tol/consum/media/product/img/300x300/7303436.jpg?t=20260812080308,2026-10-08T22:05:53
carne picada,Consum,7036150,8414807300171,CONSUM,Queso Rallado Emmental,Quesos Rallados,1.65,1.65,,False,8.25,KILO,1 Kg,False,https://tienda.consum.es/es/p/queso-rallado-emmental/7036150,https://cdn-consum.aktiosdigitalservices.com/tol/consum/media/product/img/300x300/7036150.jpg?t=20260812080152,2026-10-08T22:05:53
carne picada,Consum,7145688,8436534683242,,Guacamole,Ensaladas preparadas y guacamole,1.8,1.8,,False,9.0,KILO,1 Kg,False,https://tienda.consum.es/es/p/guacamole/7145688,https://cdn-consum.aktiosdigitalservices.com/tol/consum/media/product/img/300x300/7145688.jpg?t=20260812080212,2026-10-08T22:05:53
carne picada,Consum,7391824,8414807553720,CONSUM,Salsa Mexicana Tarro,Mexicano,1.25,1.25,,False,4.1,KILO,1 Kg,False,https://tienda.consum.es/es/p/salsa-mexicana-tarro/7391824,https://cdn-consum.aktiosdigitalservices.com/tol/consum/media/product/img/300x300/7391824.jpg?t=20260812080354,2026-10-08T22:05:53
carne picada,Consum,7392244,8414807553829,CONSUM,Sazonador para Fajitas,Mexicano,1.29,1.29,,False,43.0,KILO,100 Gr,False,https://tienda.consum.es/es/p/sazonador-para-fajitas/7392244,https://cdn-consum.aktiosdigitalservices.com/tol/consum/media/product/img/300x300/7392244.jpg?t=20260812080354,2026-10-08T22:05:53
salmón,Consum,7453694,8414807561206,CONSUM,Salmón Ahumado Noruego Marinado,Ahumados,3.5,3.5,,False,43.75,KILO,1 Kg,False,https://tienda.consum.es/es/p/salmon-ahumado-noruego-marinado/7453694,https://cdn-consum.aktiosdigitalservices.com/tol/consum/media/product/img/300x300/7453694.jpg?t=20260812080452,2026-10-08T22:05:55
salmón,Consum,7453678,8414807561176,CONSUM,Salmón Ahumado Noruego,Ahumados,3.7,3.7,,False,37.0,KILO,1 Kg,False,https://tienda.consum.es/es/p/salmon-ahumado-noruego/7453678,https://cdn-consum.aktiosdigitalservices.com/tol/consum/media/product/img/300x300/7453678.jpg?t=20260812080452,2026-10-08T22:05:55
salmón,Consum,7209625,8436047890113,,Salmón Entero o Mitades,Pescado azul,28.43,28.43,,False,9.95,KILO,1 Kg,False,https://tienda.consum.es/es/p/salmon-entero-o-mitades/7209625,https://cdn-consum.aktiosdigitalservices.com/tol/consum/media/product/img/300x300/7209625.jpg?t=20260901080023,2026-10-08T22:05:55
salmón,Consum,7453686,8414807561190,CONSUM,Salmón Ahumado Noruego,Ahumados,7.55,7.55,,False,37.75,KILO,1 Kg,False,https://tienda.consum.es/es/p/salmon-ahumado-noruego/7453686,https://cdn-consum.aktiosdigitalservices.com/tol/consum/media/product/img/300x300/7453686.jpg?t=20260812080452,2026-10-08T22:05:55
salmón,Consum,7411239,8424289011328,LA BALINESA,Salmón Ahumado Noruego,Ahumados,8.99,8.99,,False,56.19,KILO,1 Kg,False,https://tienda.consum.es/es/p/salmon-ahumado-noruego/7411239,https://cdn-consum.aktiosdigitalservices.com/tol/consum/media/product/img/300x300/7411239.jpg?t=20260827103302,2026-10-08T22:05:55
salmón,Consum,142752,8438001529978,,Porción de Salmón,Pescado azul,5.3,5.3,,False,26.5,KILO,1 Kg,False,https://tienda.consum.es/es/p/porcion-de-salmon/142752,https://cdn-consum.aktiosdigitalservices.com/tol/consum/media/product/img/300x300/142752.jpg?t=20260812080129,2026-10-08T22:05:55
salmón,Consum,7434744,8435435981990,,Filete de Salmón 200 grs Aprox,Pescado en bandeja,4.83,4.83,,False,24.15,KILO,1 Kg,False,https://tienda.consum.es/es/p/filete-de-salmon-200-grs-aprox/7434744,https://cdn-consum.aktiosdigitalservices.com/tol/consum/media/product/img/300x300/7434744.jpg?t=20260812080431,2026-10-08T22:05:55
salmón,Consum,7453699,8414807561213,CONSUM,Taquitos de Salmón Ahumado Noruego,Ahumados,2.85,2.85,,False,38.0,KILO,1 Kg,False,https://tienda.consum.es/es/p/taquitos-de-salmon-ahumado-noruego/7453699,https://cdn-consum.aktiosdigitalservices.com/tol/consum/media/product/img/300x300/7453699.jpg?t=20260812080452,2026-10-08T22:05:55
salmón,Consum,7462042,8410090912473,CALVO,Salmón Al Natural Pack 3,Otras conservas pescado,4.49,4.49,,False,29.93,KILO,1 Kg,False,https://tienda.consum.es/es/p/salmon-al-natural-pack-3/7462042,https://cdn-consum.aktiosdigitalservices.com/tol/consum/media/product/img/300x300/7462042.jpg?t=20260827104929,2026-10-08T22:05:55
salmón,Consum,7435563,8414807559326,CONSUM,Porciones de Salmón Rosado,Pescado congelado,5.7,5.7,,False,21.9,KILO,1 Kg,False,https://tienda.consum.es/es/p/porciones-de-salmon-rosado/7435563,https://cdn-consum.aktiosdigitalservices.com/tol/consum/media/product/img/300x300/7435563.jpg?t=20260812080433,2026-10-08T22:05:55
salmón,Consum,7443331,8421003008558,GIMAR,Sashimi de Salmón,Pescado en bandeja,7.18,7.99,7.18,True,51.28,KILO,1 Kg,False,https://tienda.consum.es/es/p/sashimi-de-salmon/7443331,https://cdn-consum.aktiosdigitalservices.com/tol/consum/media/product/img/300x300/7443331.jpg?t=20260827104308,2026-10-08T22:05:55
salmón,Consum,7456200,8435435904562,,Marineras Salmon,Pescado en bandeja,2.99,2.99,,False,18.69,KILO,1 Kg,False,https://tienda.consum.es/es/p/marineras-salmon/7456200,https://cdn-consum.aktiosdigitalservices.com/tol/consum/media/product/img/300x300/7456200.jpg?t=20260827104708,2026-10-08T22:05:55
salmón,Consum,7437317,8414807558190,CONSUM,Lomito Salmón,Pescado congelado,7.99,7.99,,False,39.95,KILO,1 Kg,False,https://tienda.consum.es/es/p/lomito-salmon/7437317,https://cdn-consum.aktiosdigitalservices.com/tol/consum/media/product/img/300x300/7437317.jpg?t=20260812080435,2026-10-08T22:05:55
salmón,Consum,7443294,8421003008497,GIMAR,Poke de Salmón,Pescado en bandeja,5.38,5.99,5.38,True,53.8,KILO,1 Kg,False,https://tienda.consum.es/es/p/poke-de-salmon/7443294,https://cdn-consum.aktiosdigitalservices.com/tol/consum/media/product/img/300x300/7443294.jpg?t=20260827104306,2026-10-08T22:05:55
salmón,Consum,7481554,7090028511032,FROYA,Lomo Salmon Ultrafresco,Pescado en bandeja,14.5,14.5,,False,48.33,KILO,1 Kg,False,https://tienda.consum.es/es/p/lomo-salmon-ultrafresco/7481554,https://cdn-consum.aktiosdigitalservices.com/tol/consum/media/product/img/300x300/7481554.jpg?t=20260827105748,2026-10-08T22:05:55
salmón,Consum,7442788,8410762002273,TARRADELLAS,Paté de Salmón,Paté pescado y marisco,1.39,1.39,,False,11.12,KILO,1 Kg,False,https://tienda.consum.es/es/p/pate-de-salmon/7442788,https://cdn-consum.aktiosdigitalservices.com/tol/consum/media/product/img/300x300/7442788.jpg?t=20260812080440,2026-10-08T22:05:55
salmón,Consum,7448137,8410218218685,APIS,Pate de Salmón,Paté pescado y marisco,1.35,1.35,,False,10.8,KILO,1 Kg,False,https://tienda.consum.es/es/p/pate-de-salmon/7448137,https://cdn-consum.aktiosdigitalservices.com/tol/consum/media/product/img/300x300/7448137.jpg?t=20260812080446,2026-10-08T22:05:55
salmón,Consum,7453033,8435274110766,,Supremas Salmón Plateado,Pescado congelado,6.53,6.53,,False,26.12,KILO,1 Kg,False,https://tienda.consum.es/es/p/supremas-salmon-plateado/7453033,https://cdn-consum.aktiosdigitalservices.com/tol/consum/media/product/img/300x300/7453033.jpg?t=20260827104559,2026-10-08T22:05:55
salmón,Consum,511782,8436556320033,,Trucha Arcoiris Salmonada,Pescado azul,6.3,6.3,,False,8.95,KILO,1 Kg,False,https://tienda.consum.es/es/p/trucha-arcoiris-salmonada/511782,https://cdn-consum.aktiosdigitalservices.com/tol/consum/media/product/img/300x300/511782.jpg?t=20260812080138,2026-10-08T22:05:55
salmón,Consum,7184245,8437006584241,,Salmonete Lonjas del Mediterráneo,Pescado blanco,16.5,16.5,,False,16.5,KILO,1 Kg,False,https://tienda.consum.es/es/p/salmonete-lonjas-del-mediterraneo/7184245,https://cdn-consum.aktiosdigitalservices.com/tol/consum/media/product/img/300x300/7184245.jpg?t=20260812080221,2026-10-08T22:05:55
salmón,Consum,7404114,8437001160631,,Espárrago Triguero,Espárragos,2.79,2.79,,False,11.16,KILO,1 Kg,False,https://tienda.consum.es/es/p/esparrago-triguero/7404114,https://cdn-consum.aktiosdigitalservices.com/tol/consum/media/product/img/300x300/7404114.jpg?t=20260901080318,2026-10-08T22:05:55
salmón,Consum,7428337,8436613310182,LASSAL,Salmón Teriyaki,Platos para llevar,4.99,4.99,,False,14.51,KILO,1 Kg,False,https://tienda.consum.es/es/p/salmon-teriyaki/7428337,https://cdn-consum.aktiosdigitalservices.com/tol/consum/media/product/img/300x300/7428337.jpg?t=20260620075850,2026-10-08T22:05:55
salmón,Consum,7237485,8424631100250,,Champiñón Granel,Champiñones y setas,5.79,5.79,,False,5.79,KILO,1 Kg,False,https://tienda.consum.es/es/p/champinon-granel/7237485,https://cdn-consum.aktiosdigitalservices.com/tol/consum/media/product/img/300x300/7237485.jpg?t=20260901080046,2026-10-08T22:05:55
salmón,Consum,7331171,8420814800115,,Boniato Micro,Verduras microondas,2.5,2.5,,False,6.25,KILO,1 Kg,False,https://tienda.consum.es/es/p/boniato-micro/7331171,https://cdn-consum.aktiosdigitalservices.com/tol/consum/media/product/img/300x300/7331171.jpg?t=20260812080321,2026-10-08T22:05:55
salmón,Consum,7171804,8426756021045,,Pepino Holandes Peso Aproximado 300 gr,Pepino y pimiento,0.99,0.99,,False,3.3,KILO,1 Kg,False,https://tienda.consum.es/es/p/pepino-holandes-peso-aproximado-300-gr/7171804,https://cdn-consum.aktiosdigitalservices.com/tol/consum/media/product/img/300x300/7171804.jpg?t=20260812080217,2026-10-08T22:05:55
salmón,Consum,7423973,8427610006154,SPHERIKA,Perlas de Salmón,Surimis y salazones,5.25,5.25,,False,52.5,KILO,1 Kg,False,https://tienda.consum.es/es/p/perlas-de-salmon/7423973,https://cdn-consum.aktiosdigitalservices.com/tol/consum/media/product/img/300x300/7423973.jpg?t=20260827103620,2026-10-08T22:05:55
salmón,Consum,7395338,8411701011844,G.CANTABRICO,Filete Anchoa Ahumado en Aceite de Oliva,Surimis y salazones,2.15,2.15,,False,134.4,KILO,100 Gr,False,https://tienda.consum.es/es/p/filete-anchoa-ahumado-en-aceite-de-oliva/7395338,https://cdn-consum.aktiosdigitalservices.com/tol/consum/media/product/img/300x300/7395338.jpg?t=20260812080357,2026-10-08T22:05:55
salmón,Consum,7216125,8414807532466,CONSUM,Rúcula Bolsa,Ensaladas y brotes,0.85,0.85,,False,17.0,KILO,1 Kg,False,https://tienda.consum.es/es/p/rucula-bolsa/7216125,https://cdn-consum.aktiosdigitalservices.com/tol/consum/media/product/img/300x300/7216125.jpg?t=20260812080233,2026-10-08T22:05:55
salmón,Consum,7404408,8414807555557,CONSUM,Salchichas Frankfurt sabor Ahumado,Salchichas,1.35,1.35,,False,2.73,KILO,1 Kg,False,https://tienda.consum.es/es/p/salchichas-frankfurt-sabor-ahumado/7404408,https://cdn-consum.aktiosdigitalservices.com/tol/consum/media/product/img/300x300/7404408.jpg?t=20260812080404,2026-10-08T22:05:55
salmón,Consum,7272458,7622210991652,PHILADELPHIA,Philadelphia Salmón,Quesos Para untar,2.7,2.7,,False,18.0,KILO,1 Kg,False,https://tienda.consum.es/es/p/philadelphia-salmon/7272458,https://cdn-consum.aktiosdigitalservices.com/tol/consum/media/product/img/300x300/7272458.jpg?t=20260812080254,2026-10-08T22:05:55
salmón,Consum,7463961,8422107007652,KRISSIA,Ensalada Salmón Queso Cabra y Mango,Ensaladas preparadas y guacamole,4.29,4.29,,False,26.81,KILO,1 Kg,False,https://tienda.consum.es/es/p/ensalada-salmon-queso-cabra-y-mango/7463961,https://cdn-consum.aktiosdigitalservices.com/tol/consum/media/product/img/300x300/7463961.jpg?t=20260812080507,2026-10-08T22:05:55
salmón,Consum,7477404,8410547986040,,Filete de Salmonete Limpio,Pescado congelado,4.79,4.79,,False,23.95,KILO,1 Kg,False,https://tienda.consum.es/es/p/filete-de-salmonete-limpio/7477404,https://cdn-consum.aktiosdigitalservices.com/tol/consum/media/product/img/300x300/7477404.jpg?t=20260827105614,2026-10-08T22:05:55
salmón,Consum,7309391,8414807544018,CONSUM,Mostaza,Mostaza,0.99,0.99,,False,3.3,KILO,1 Kg,False,https://tienda.consum.es/es/p/mostaza/7309391,https://cdn-consum.aktiosdigitalservices.com/tol/consum/media/product/img/300x300/7309391.jpg?t=20260812080310,2026-10-08T22:05:55
salmón,Consum,7435886,8414807559500,CONSUM,Romero,Especias,1.35,1.35,,False,38.6,KILO,100 Gr,False,https://tienda.consum.es/es/p/romero/7435886,https://cdn-consum.aktiosdigitalservices.com/tol/consum/media/product/img/300x300/7435886.jpg?t=20260812080433,2026-10-08T22:05:55
salmón,Consum,7265671,8414807539403,CONSUM,Aceite de Oliva Virgen Botella,Aceite de oliva virgen y virgen extra,4.1,4.1,,False,4.1,LITRO,1 L,False,https://tienda.consum.es/es/p/aceite-de-oliva-virgen-botella/7265671,https://cdn-consum.aktiosdigitalservices.com/tol/consum/media/product/img/300x300/7265671.jpg?t=20260812080251,2026-10-08T22:05:55
salmón,Consum,7408474,8414807555960,CONSUM,Cacahuete Tostado Sin Sal Bolsa,Cacahuetes,1.05,1.05,,False,5.25,KILO,1 Kg,False,https://tienda.consum.es/es/p/cacahuete-tostado-sin-sal-bolsa/7408474,https://cdn-consum.aktiosdigitalservices.com/tol/consum/media/product/img/300x300/7408474.jpg?t=20260812080407,2026-10-08T22:05:55
salmón,Consum,7353712,8414807549716,VITALITY,Comida Húmeda Gatos Rico en Salmón,Comida Húmeda,0.39,0.39,,False,3.9,KILO,1 Kg,False,https://tienda.consum.es/es/p/comida-humeda-gatos-rico-en-salmon/7353712,https://cdn-consum.aktiosdigitalservices.com/tol/consum/media/product/img/300x300/7353712.jpg?t=20260820075925,2026-10-08T22:05:55
salmón,Consum,7313034,7613036496353,PURINA ONE,Comida Húmeda Gato Salmón-Pavo,Comida Húmeda,2.65,3.29,2.65,True,7.8,KILO,1 Kg,False,https://tienda.consum.es/es/p/comida-humeda-gato-salmon-pavo/7313034,https://cdn-consum.aktiosdigitalservices.com/tol/consum/media/product/img/300x300/7313034.jpg?t=20260812080312,2026-10-08T22:05:55
salmón,Consum,7376556,7610376164232,VITAKRAFT,Snack Liquido Gatos Salmón Omega 3,Líquidos,2.65,2.65,,False,29.44,KILO,1 Kg,False,https://tienda.consum.es/es/p/snack-liquido-gatos-salmon-omega-3/7376556,https://cdn-consum.aktiosdigitalservices.com/tol/consum/media/product/img/300x300/7376556.jpg?t=20260812080345,2026-10-08T22:05:55
salmón,Consum,7393726,8428919150289,MAPLE JOE,Jarabe de Arce,Salsas y siropes,4.69,4.69,,False,31.27,KILO,1 Kg,False,https://tienda.consum.es/es/p/jarabe-de-arce/7393726,https://cdn-consum.aktiosdigitalservices.com/tol/consum/media/product/img/300x300/7393726.jpg?t=20260812080355,2026-10-08T22:05:55
salmón,Consum,7226368,8413236990250,CORBI,Cebolla Roja,Cebollitas,2.99,2.99,,False,5.98,KILO,1 Kg,False,https://tienda.consum.es/es/p/cebolla-roja/7226368,https://cdn-consum.aktiosdigitalservices.com/tol/consum/media/product/img/300x300/7226368.jpg?t=20260827101019,2026-10-08T22:05:55
salmón,Consum,7442929,8436593403614,WILD BALANCE,Comida natural perro lata Guiso de salmón y cerdo,Comida Húmeda,2.99,2.99,,False,7.48,KILO,1 Kg,False,https://tienda.consum.es/es/p/comida-natural-perro-lata-guiso-de-salmon-y-cerdo/7442929,https://cdn-consum.aktiosdigitalservices.com/tol/consum/media/product/img/300x300/7442929.jpg?t=20260827104254,2026-10-08T22:05:55
salmón,Consum,7180433,4008239393142,VITAKRAFT,Snack para Gatos Mini Salmón Pack,Snacks,1.2,1.2,,False,0.4,UNIDAD,1 U,False,https://tienda.consum.es/es/p/snack-para-gatos-mini-salmon-pack/7180433,https://cdn-consum.aktiosdigitalservices.com/tol/consum/media/product/img/300x300/7180433.jpg?t=20260812080220,2026-10-08T22:05:55
salmón,Consum,7207579,5998749117750,MARS,Snacks para Gatos Catisfaction de Salmón,Snacks,2.09,2.09,,False,34.83,KILO,1 Kg,False,https://tienda.consum.es/es/p/snacks-para-gatos-catisfaction-de-salmon/7207579,https://cdn-consum.aktiosdigitalservices.com/tol/consum/media/product/img/300x300/7207579.jpg?t=20260827100839,2026-10-08T22:05:55
salmón,Consum,7308158,8410650171425,ULTIMA,Comida Seca Gatos Esterilizados Salmon,Comida Seca,8.99,10.95,8.99,True,5.99,KILO,1 Kg,False,https://tienda.consum.es/es/p/comida-seca-gatos-esterilizados-salmon/7308158,https://cdn-consum.aktiosdigitalservices.com/tol/consum/media/product/img/300x300/7308158.jpg?t=20260829075850,2026-10-08T22:05:55
salmón,Consum,7376846,7613287080080,GOURMET,Comida Gato Lata Revelation Salmón Pack4,Comida Húmeda,3.59,3.59,,False,15.75,KILO,1 Kg,False,https://tienda.consum.es/es/p/comida-gato-lata-revelation-salmon-pack4/7376846,https://cdn-consum.aktiosdigitalservices.com/tol/consum/media/product/img/300x300/7376846.jpg?t=20260827102658,2026-10-08T22:05:55
salmón,Consum,7370729,8414807551764,VITALITY,Comida Seca Gato Salmón y Atún,Comida Seca,4.3,4.3,,False,1.43,KILO,1 Kg,False,https://tienda.consum.es/es/p/comida-seca-gato-salmon-y-atun/7370729,https://cdn-consum.aktiosdigitalservices.com/tol/consum/media/product/img/300x300/7370729.jpg?t=20260812080341,2026-10-08T22:05:55
salmón,Consum,7347540,8410650819716,ULTIMA,Comida Seca Gato Adulto Salmón,Comida Seca,10.95,10.95,,False,7.3,KILO,1 Kg,False,https://tienda.consum.es/es/p/comida-seca-gato-adulto-salmon/7347540,https://cdn-consum.aktiosdigitalservices.com/tol/consum/media/product/img/300x300/7347540.jpg?t=20260812080329,2026-10-08T22:05:55
salmón,Consum,7306723,3083681079647,BONDUELLE,Edamame Pack de 2 Habas Soja,Otros vegetales,2.99,2.99,,False,23.0,KILO,1 Kg,False,https://tienda.consum.es/es/p/edamame-pack-de-2-habas-soja/7306723,https://cdn-consum.aktiosdigitalservices.com/tol/consum/media/product/img/300x300/7306723.jpg?t=20260707080916,2026-10-08T22:05:55
salmón,Consum,7313013,8445291745735,PURINA ONE,Comida Húmeda Gato Salmón - Zanahoria,Comida Húmeda,2.65,3.29,2.65,True,7.8,KILO,1 Kg,False,https://tienda.consum.es/es/p/comida-humeda-gato-salmon---zanahoria/7313013,https://cdn-consum.aktiosdigitalservices.com/tol/consum/media/product/img/300x300/7313013.jpg?t=20260812080312,2026-10-08T22:05:55
salmón,Consum,7331361,7613036724111,DENTALIFE,Dentalife Gato Salmón Snack Gato,Sticks Dentales,1.99,1.99,,False,49.8,KILO,100 Gr,False,https://tienda.consum.es/es/p/dentalife-gato-salmon-snack-gato/7331361,https://cdn-consum.aktiosdigitalservices.com/tol/consum/media/product/img/300x300/7331361.jpg?t=20260827102124,2026-10-08T22:05:55
salmón,Consum,7370930,8436587805004,JUST LOADING,Crema de Sesamo Tahini Tarro,Asiático,2.95,2.95,,False,14.75,KILO,1 Kg,False,https://tienda.consum.es/es/p/crema-de-sesamo-tahini-tarro/7370930,https://cdn-consum.aktiosdigitalservices.com/tol/consum/media/product/img/300x300/7370930.jpg?t=20260812080341,2026-10-08T22:05:55
salmón,Consum,7363331,8414807550941,VITALITY,Comida Seca Gato Salmón Fresco,Comida Seca,5.0,5.0,,False,3.33,KILO,1 Kg,False,https://tienda.consum.es/es/p/comida-seca-gato-salmon-fresco/7363331,https://cdn-consum.aktiosdigitalservices.com/tol/consum/media/product/img/300x300/7363331.jpg?t=20260812080338,2026-10-08T22:05:55
salmón,Consum,7392702,8410650216409,ULTIMA,Comida Seca Perros Mini Sensible Salmón,Comida Seca,8.99,8.99,,False,5.99,KILO,1 Kg,False,https://tienda.consum.es/es/p/comida-seca-perros-mini-sensible-salmon/7392702,https://cdn-consum.aktiosdigitalservices.com/tol/consum/media/product/img/300x300/7392702.jpg?t=20260812080355,2026-10-08T22:05:55
salmón,Consum,7452337,8422584318227,NATURCESTA,Semillas De Sésamo Tostado,Semillas,2.49,2.49,,False,9.96,KILO,1 Kg,False,https://tienda.consum.es/es/p/semillas-de-sesamo-tostado/7452337,https://cdn-consum.aktiosdigitalservices.com/tol/consum/media/product/img/300x300/7452337.jpg?t=20260827104539,2026-10-08T22:05:55
salmón,Consum,7363307,8414807550897,VITALITY,Comida Seca Perro Salmón Fresco,Comida Seca,24.5,24.5,,False,2.45,KILO,1 Kg,False,https://tienda.consum.es/es/p/comida-seca-perro-salmon-fresco/7363307,https://cdn-consum.aktiosdigitalservices.com/tol/consum/media/product/img/300x300/7363307.jpg?t=20260812080338,2026-10-08T22:05:55
salmón,Consum,7363315,8414807550910,VITALITY,Comida Seca Perro Mini Salmón Fresco,Comida Seca,5.59,5.59,,False,2.8,KILO,1 Kg,False,https://tienda.consum.es/es/p/comida-seca-perro-mini-salmon-fresco/7363315,https://cdn-consum.aktiosdigitalservices.com/tol/consum/media/product/img/300x300/7363315.jpg?t=20260812080338,2026-10-08T22:05:55
salmón,Consum,7258908,8414807538291,VITALITY,Comida Húmeda Gatos Mousse Salmón Gamba,Comida Húmeda,0.54,0.54,,False,6.35,KILO,1 Kg,False,https://tienda.consum.es/es/p/comida-humeda-gatos-mousse-salmon-gamba/7258908,https://cdn-consum.aktiosdigitalservices.com/tol/consum/media/product/img/300x300/7258908.jpg?t=20260812080248,2026-10-08T22:05:55
salmón,Consum,7335284,8414807547224,VITALITY,Pocket Gato Salmón,Snacks,0.99,0.99,,False,16.5,KILO,1 Kg,False,https://tienda.consum.es/es/p/pocket-gato-salmon/7335284,https://cdn-consum.aktiosdigitalservices.com/tol/consum/media/product/img/300x300/7335284.jpg?t=20260812080323,2026-10-08T22:05:55
salmón,Consum,7353691,8414807549679,VITALITY,Comida Gatos Gelatina Atún/Salmón,Comida Húmeda,1.26,1.26,,False,3.15,KILO,1 Kg,False,https://tienda.consum.es/es/p/comida-gatos-gelatina-atun-salmon/7353691,https://cdn-consum.aktiosdigitalservices.com/tol/consum/media/product/img/300x300/7353691.jpg?t=20260818080128,2026-10-08T22:05:55
yogur,Consum,7420156,8437023761007,YOWUP!,Yogur Natural para Perros,Naturales,1.59,1.99,1.59,True,10.6,KILO,1 Kg,False,https://tienda.consum.es/es/p/yogur-natural-para-perros/7420156,https://cdn-consum.aktiosdigitalservices.com/tol/consum/media/product/img/300x300/7420156.jpg?t=20260901080730,2026-10-08T22:05:57
yogur,Consum,7420144,8437023761014,YOWUP!,Yogur Natural para Gatos,Líquidos,1.65,1.65,,False,19.41,KILO,1 Kg,False,https://tienda.consum.es/es/p/yogur-natural-para-gatos/7420144,https://cdn-consum.aktiosdigitalservices.com/tol/consum/media/product/img/300x300/7420144.jpg?t=20260813080202,2026-10-08T22:05:57
yogur,Consum,7309412,8414807544056,CONSUM,Salsa Yogur,Salsas frías,1.19,1.19,,False,3.97,LITRO,1 L,False,https://tienda.consum.es/es/p/salsa-yogur/7309412,https://cdn-consum.aktiosdigitalservices.com/tol/consum/media/product/img/300x300/7309412.jpg?t=20260812080311,2026-10-08T22:05:57
yogur,Consum,1772516,8410175057402,HERO,Tarrito Queso y Fruta Pack de 2,Yogures,2.85,2.85,,False,17.81,KILO,1 Kg,False,https://tienda.consum.es/es/p/tarrito-queso-y-fruta-pack-de-2/1772516,https://cdn-consum.aktiosdigitalservices.com/tol/consum/media/product/img/300x300/1772516.jpg?t=20260812080143,2026-10-08T22:05:57
yogur,Consum,7370500,8410087603056,BE PLUS,Natilla con Galleta Tarrito,Yogures,1.99,1.99,,False,9.95,KILO,1 Kg,False,https://tienda.consum.es/es/p/natilla-con-galleta-tarrito/7370500,https://cdn-consum.aktiosdigitalservices.com/tol/consum/media/product/img/300x300/7370500.jpg?t=20260812080341,2026-10-08T22:05:57
yogur,Consum,7279912,8414807540881,CONSUM,Tarrina Yogurt F.Bosque,Tarrinas,3.99,3.99,,False,8.11,KILO,1 Kg,False,https://tienda.consum.es/es/p/tarrina-yogurt-fbosque/7279912,https://cdn-consum.aktiosdigitalservices.com/tol/consum/media/product/img/300x300/7279912.jpg?t=20260812080256,2026-10-08T22:05:57
yogur,Consum,7415313,8437017636250,SMILEAT,Pouche Yogur y Avena Ecológico,Despensa,1.39,1.69,1.39,True,13.9,KILO,1 Kg,False,https://tienda.consum.es/es/p/pouche-yogur-y-avena-ecologico/7415313,https://cdn-consum.aktiosdigitalservices.com/tol/consum/media/product/img/300x300/7415313.jpg?t=20260812080412,2026-10-08T22:05:57
yogur,Consum,7460751,8437017636267,SMILEAT,Pouch Yogur Frambuesa Ecológico,Despensa,1.39,1.69,1.39,True,13.9,KILO,1 Kg,False,https://tienda.consum.es/es/p/pouch-yogur-frambuesa-ecologico/7460751,https://cdn-consum.aktiosdigitalservices.com/tol/consum/media/product/img/300x300/7460751.jpg?t=20260812080501,2026-10-08T22:05:57
yogur,Consum,7171622,8410422001981,CHOVI,Salsa Yogurt para Ensaladas,Salsas frías,2.69,2.69,,False,10.76,LITRO,1 L,False,https://tienda.consum.es/es/p/salsa-yogurt-para-ensaladas/7171622,https://cdn-consum.aktiosdigitalservices.com/tol/consum/media/product/img/300x300/7171622.jpg?t=20260827100601,2026-10-08T22:05:57
yogur,Consum,7434434,5201583086510,ZERO,Caramelo Fresa con Nata Yogur Griego sin Azúcar,Caramelos,0.99,0.99,,False,30.9,KILO,100 Gr,False,https://tienda.consum.es/es/p/caramelo-fresa-con-nata-yogur-griego-sin-azucar/7434434,https://cdn-consum.aktiosdigitalservices.com/tol/consum/media/product/img/300x300/7434434.jpg?t=20260813080236,2026-10-08T22:05:57
yogur,Consum,7451784,8414807560919,CONSUM,Tarrina Yogur Miel Nueces,Tarrinas,3.15,3.49,3.15,True,9.0,KILO,1 Kg,False,https://tienda.consum.es/es/p/tarrina-yogur-miel-nueces/7451784,https://cdn-consum.aktiosdigitalservices.com/tol/consum/media/product/img/300x300/7451784.jpg?t=20260812080449,2026-10-08T22:05:57
yogur,Consum,7280196,8410175063267,HERO,Pouche Supernanos Yogur Griego y Cookies,Pouches,1.25,1.25,,False,12.5,KILO,1 Kg,False,https://tienda.consum.es/es/p/pouche-supernanos-yogur-griego-y-cookies/7280196,https://cdn-consum.aktiosdigitalservices.com/tol/consum/media/product/img/300x300/7280196.jpg?t=20260812080256,2026-10-08T22:05:57
yogur,Consum,7246791,8710378562070,DELITUSS,Tzaziki Crema Yogur con Pepino,Ensaladas y humus,1.59,1.59,,False,10.6,KILO,1 Kg,False,https://tienda.consum.es/es/p/tzaziki-crema-yogur-con-pepino/7246791,https://cdn-consum.aktiosdigitalservices.com/tol/consum/media/product/img/300x300/7246791.jpg?t=20260812080244,2026-10-08T22:05:57
yogur,Consum,7482698,8426777088461,,Tarta Yogur Con Frutos Rojos,Tartas ,7.99,7.99,,False,21.31,KILO,1 Kg,False,https://tienda.consum.es/es/p/tarta-yogur-con-frutos-rojos/7482698,https://cdn-consum.aktiosdigitalservices.com/tol/consum/media/product/img/300x300/7482698.jpg?t=20260901080618,2026-10-08T22:05:57
queso,Consum,7142052,8414807519757,CONSUM,Queso Tierno Mezcla Lonchas,Quesos,1.99,1.99,,False,9.95,KILO,1 Kg,False,https://tienda.consum.es/es/p/queso-tierno-mezcla-lonchas/7142052,https://cdn-consum.aktiosdigitalservices.com/tol/consum/media/product/img/300x300/7142052.jpg?t=20260812080212,2026-10-08T22:06:02
queso,Consum,7452162,8414807560940,CONSUM,Queso Edam Lonchas,En lonchas,1.4,1.4,,False,7.0,KILO,1 Kg,False,https://tienda.consum.es/es/p/queso-edam-lonchas/7452162,https://cdn-consum.aktiosdigitalservices.com/tol/consum/media/product/img/300x300/7452162.jpg?t=20260827104536,2026-10-08T22:06:02
queso,Consum,7173847,8414807526410,CONSUM,Queso Tierno Light Lonchas,En lonchas,2.37,2.37,,False,11.85,KILO,1 Kg,False,https://tienda.consum.es/es/p/queso-tierno-light-lonchas/7173847,https://cdn-consum.aktiosdigitalservices.com/tol/consum/media/product/img/300x300/7173847.jpg?t=20260812080218,2026-10-08T22:06:02
queso,Consum,7430635,5711953167690,ARLA,Rallado 3 Quesos Light Proteínico,Quesos Rallados,3.45,3.45,,False,19.71,KILO,1 Kg,False,https://tienda.consum.es/es/p/rallado-3-quesos-light-proteinico/7430635,https://cdn-consum.aktiosdigitalservices.com/tol/consum/media/product/img/300x300/7430635.jpg?t=20260827103846,2026-10-08T22:06:02
queso,Consum,7237118,8414807535894,CONSUM,Queso Rallado Hilo,Quesos Rallados,0.64,0.64,,False,5.82,KILO,1 Kg,False,https://tienda.consum.es/es/p/queso-rallado-hilo/7237118,https://cdn-consum.aktiosdigitalservices.com/tol/consum/media/product/img/300x300/7237118.jpg?t=20260812080241,2026-10-08T22:06:02
queso,Consum,7318322,8414807545138,CONSUM,Queso sin Lactosa Lonchas,En lonchas,2.04,2.04,,False,13.6,KILO,1 Kg,False,https://tienda.consum.es/es/p/queso-sin-lactosa-lonchas/7318322,https://cdn-consum.aktiosdigitalservices.com/tol/consum/media/product/img/300x300/7318322.jpg?t=20260812080315,2026-10-08T22:06:02
queso,Consum,7142057,8414807519764,CONSUM,Queso Mezcla Semi Lonchas,En lonchas,2.44,2.44,,False,12.2,KILO,1 Kg,False,https://tienda.consum.es/es/p/queso-mezcla-semi-lonchas/7142057,https://cdn-consum.aktiosdigitalservices.com/tol/consum/media/product/img/300x300/7142057.jpg?t=20260812080212,2026-10-08T22:06:02
queso,Consum,7422616,8414807557575,CONSUM,Queso Havarti Lonchas IGP,En lonchas,3.55,3.55,,False,11.83,KILO,1 Kg,False,https://tienda.consum.es/es/p/queso-havarti-lonchas-igp/7422616,https://cdn-consum.aktiosdigitalservices.com/tol/consum/media/product/img/300x300/7422616.jpg?t=20260812080419,2026-10-08T22:06:02
queso,Consum,7061252,8414807300614,CONSUM,Queso Fresco Pack de 2 Unidades,Frescos y para ensaladas,2.05,2.05,,False,4.1,KILO,1 Kg,False,https://tienda.consum.es/es/p/queso-fresco-pack-de-2-unidades/7061252,https://cdn-consum.aktiosdigitalservices.com/tol/consum/media/product/img/300x300/7061252.jpg?t=20260812080157,2026-10-08T22:06:02
queso,Consum,7034523,8414807300225,CONSUM,Queso Fresco 0% Pack de 4 Unidades,Frescos y para ensaladas,1.15,1.15,,False,4.6,KILO,1 Kg,False,https://tienda.consum.es/es/p/queso-fresco-0-pack-de-4-unidades/7034523,https://cdn-consum.aktiosdigitalservices.com/tol/consum/media/product/img/300x300/7034523.jpg?t=20260812080152,2026-10-08T22:06:02
queso,Consum,7227721,8414807534255,CONSUM,Queso Fresco 0% Pack de 2 Unidades,Frescos y para ensaladas,2.05,2.05,,False,4.1,KILO,1 Kg,False,https://tienda.consum.es/es/p/queso-fresco-0-pack-de-2-unidades/7227721,https://cdn-consum.aktiosdigitalservices.com/tol/consum/media/product/img/300x300/7227721.jpg?t=20260812080238,2026-10-08T22:06:02
queso,Consum,7034411,8414807300201,CONSUM,Queso Fresco sin Sal Pack de 4 Unidades,Frescos y para ensaladas,1.75,1.75,,False,7.0,KILO,1 Kg,False,https://tienda.consum.es/es/p/queso-fresco-sin-sal-pack-de-4-unidades/7034411,https://cdn-consum.aktiosdigitalservices.com/tol/consum/media/product/img/300x300/7034411.jpg?t=20260812080152,2026-10-08T22:06:02
queso,Consum,7034395,8414807300195,CONSUM,Queso Fresco Pack de 4 Unidades,Frescos y para ensaladas,1.15,1.15,,False,4.6,KILO,1 Kg,False,https://tienda.consum.es/es/p/queso-fresco-pack-de-4-unidades/7034395,https://cdn-consum.aktiosdigitalservices.com/tol/consum/media/product/img/300x300/7034395.jpg?t=20260812080152,2026-10-08T22:06:02
queso,Consum,7101728,8414807517494,CONSUM,Queso Fresco Tradicional Tarrina,Frescos y para ensaladas,2.54,2.54,,False,10.16,KILO,1 Kg,False,https://tienda.consum.es/es/p/queso-fresco-tradicional-tarrina/7101728,https://cdn-consum.aktiosdigitalservices.com/tol/consum/media/product/img/300x300/7101728.jpg?t=20260827100217,2026-10-08T22:06:02
queso,Consum,7173094,8414807526366,CONSUM,Queso Mozzarella Fresca,Frescos y para ensaladas,0.9,0.9,,False,7.2,KILO,1 Kg,False,https://tienda.consum.es/es/p/queso-mozzarella-fresca/7173094,https://cdn-consum.aktiosdigitalservices.com/tol/consum/media/product/img/300x300/7173094.jpg?t=20260812080218,2026-10-08T22:06:02
queso,Consum,7225563,8414807533128,CONSUM,Queso Rallado en Polvo,Quesos Rallados,1.25,1.25,,False,8.33,KILO,1 Kg,False,https://tienda.consum.es/es/p/queso-rallado-en-polvo/7225563,https://cdn-consum.aktiosdigitalservices.com/tol/consum/media/product/img/300x300/7225563.jpg?t=20260812080237,2026-10-08T22:06:02
queso,Consum,7412781,8414807556561,CONSUM,Queso Rallado Gouda,Quesos Rallados,1.69,1.69,,False,8.45,KILO,1 Kg,False,https://tienda.consum.es/es/p/queso-rallado-gouda/7412781,https://cdn-consum.aktiosdigitalservices.com/tol/consum/media/product/img/300x300/7412781.jpg?t=20260812080410,2026-10-08T22:06:02
queso,Consum,7412786,8414807556578,CONSUM,Queso Rallado Sin Lactosa,Quesos Rallados,1.8,1.8,,False,12.0,KILO,1 Kg,False,https://tienda.consum.es/es/p/queso-rallado-sin-lactosa/7412786,https://cdn-consum.aktiosdigitalservices.com/tol/consum/media/product/img/300x300/7412786.jpg?t=20260812080410,2026-10-08T22:06:02
queso,Consum,7412773,8414807556547,CONSUM,Queso Rallado 4 Quesos,Quesos Rallados,1.75,1.75,,False,8.75,KILO,1 Kg,False,https://tienda.consum.es/es/p/queso-rallado-4-quesos/7412773,https://cdn-consum.aktiosdigitalservices.com/tol/consum/media/product/img/300x300/7412773.jpg?t=20260812080410,2026-10-08T22:06:02
queso,Consum,7173834,8414807526380,CONSUM,Queso Tierno Precortado,Cuña tierno y saludable,3.09,3.09,,False,12.36,KILO,1 Kg,False,https://tienda.consum.es/es/p/queso-tierno-precortado/7173834,https://cdn-consum.aktiosdigitalservices.com/tol/consum/media/product/img/300x300/7173834.jpg?t=20260812080218,2026-10-08T22:06:02
queso,Consum,7173839,8414807526397,CONSUM,Queso Semicurado Precortado,Cuña semicurado,3.28,3.28,,False,13.12,KILO,1 Kg,False,https://tienda.consum.es/es/p/queso-semicurado-precortado/7173839,https://cdn-consum.aktiosdigitalservices.com/tol/consum/media/product/img/300x300/7173839.jpg?t=20260812080218,2026-10-08T22:06:02
queso,Consum,7142045,8414807519740,CONSUM,Queso Fundido Porciones,Fundidos y porciones,1.37,1.37,,False,5.48,KILO,1 Kg,False,https://tienda.consum.es/es/p/queso-fundido-porciones/7142045,https://cdn-consum.aktiosdigitalservices.com/tol/consum/media/product/img/300x300/7142045.jpg?t=20260812080212,2026-10-08T22:06:02
queso,Consum,7173842,8414807526403,CONSUM,Queso Mezcla Curado Precortado L.Pasteurizad,Cuña curado,3.73,3.73,,False,14.92,KILO,1 Kg,False,https://tienda.consum.es/es/p/queso-mezcla-curado-precortado-lpasteurizad/7173842,https://cdn-consum.aktiosdigitalservices.com/tol/consum/media/product/img/300x300/7173842.jpg?t=20260812080218,2026-10-08T22:06:02
queso,Consum,7450492,8414807560797,CONSUM,Queso Tierno Cuña,Cuña tierno y saludable,2.92,2.92,,False,8.95,KILO,1 Kg,False,https://tienda.consum.es/es/p/queso-tierno-cuna/7450492,https://cdn-consum.aktiosdigitalservices.com/tol/consum/media/product/img/300x300/7450492.jpg?t=20260827104506,2026-10-08T22:06:02
queso,Consum,7450505,8414807560759,CONSUM,Queso Curado Mezcla Cuña,Cuña curado,3.72,3.72,,False,11.97,KILO,1 Kg,False,https://tienda.consum.es/es/p/queso-curado-mezcla-cuna/7450505,https://cdn-consum.aktiosdigitalservices.com/tol/consum/media/product/img/300x300/7450505.jpg?t=20260828075901,2026-10-08T22:06:02
queso,Consum,7419021,8414807557421,CONSUM,Queso Gouda Tierno Cuña,Quesos de importación,2.82,2.82,,False,8.06,KILO,1 Kg,False,https://tienda.consum.es/es/p/queso-gouda-tierno-cuna/7419021,https://cdn-consum.aktiosdigitalservices.com/tol/consum/media/product/img/300x300/7419021.jpg?t=20260812080416,2026-10-08T22:06:02
queso,Consum,7142032,8414807519719,CONSUM,Queso Fundido Light Porciones,Fundidos y porciones,1.5,1.5,,False,6.0,KILO,1 Kg,False,https://tienda.consum.es/es/p/queso-fundido-light-porciones/7142032,https://cdn-consum.aktiosdigitalservices.com/tol/consum/media/product/img/300x300/7142032.jpg?t=20260812080212,2026-10-08T22:06:02
queso,Consum,7415664,8414807556943,CONSUM,Queso Manchego Viejo D.O.P Cuña,Cuña curado,4.99,4.99,,False,19.96,KILO,1 Kg,False,https://tienda.consum.es/es/p/queso-manchego-viejo-dop-cuna/7415664,https://cdn-consum.aktiosdigitalservices.com/tol/consum/media/product/img/300x300/7415664.jpg?t=20260812080413,2026-10-08T22:06:02
queso,Consum,7419026,8414807557438,CONSUM,Queso Gouda Semi Cuña,Quesos de importación,3.39,3.39,,False,11.3,KILO,1 Kg,False,https://tienda.consum.es/es/p/queso-gouda-semi-cuna/7419026,https://cdn-consum.aktiosdigitalservices.com/tol/consum/media/product/img/300x300/7419026.jpg?t=20260812080416,2026-10-08T22:06:02
queso,Consum,7450518,8414807560834,CONSUM,Queso Mezcla Viejo Cuña,Cuña curado,4.27,4.27,,False,14.22,KILO,1 Kg,False,https://tienda.consum.es/es/p/queso-mezcla-viejo-cuna/7450518,https://cdn-consum.aktiosdigitalservices.com/tol/consum/media/product/img/300x300/7450518.jpg?t=20260820080029,2026-10-08T22:06:02
queso,Consum,7117302,8414807518736,CONSUM,Queso Fundido Light 16 Lonchas,Fundidos y porciones,1.85,1.85,,False,6.17,KILO,1 Kg,False,https://tienda.consum.es/es/p/queso-fundido-light-16-lonchas/7117302,https://cdn-consum.aktiosdigitalservices.com/tol/consum/media/product/img/300x300/7117302.jpg?t=20260812080209,2026-10-08T22:06:02
queso,Consum,7450521,8414807560773,CONSUM,Queso Tierno Light Cuña,Cuña tierno y saludable,2.91,2.91,,False,11.62,KILO,1 Kg,False,https://tienda.consum.es/es/p/queso-tierno-light-cuna/7450521,https://cdn-consum.aktiosdigitalservices.com/tol/consum/media/product/img/300x300/7450521.jpg?t=20260821075842,2026-10-08T22:06:02
queso,Consum,7450526,8414807560780,CONSUM,Queso Tierno Bajo en Sal Cuña,Cuña tierno y saludable,2.91,2.91,,False,11.62,KILO,1 Kg,False,https://tienda.consum.es/es/p/queso-tierno-bajo-en-sal-cuna/7450526,https://cdn-consum.aktiosdigitalservices.com/tol/consum/media/product/img/300x300/7450526.jpg?t=20260826080022,2026-10-08T22:06:02
queso,Consum,7258390,8414807537973,CONSUM,Queso Untar Natural Tarrina,Quesos Para untar,1.28,1.28,,False,5.12,KILO,1 Kg,False,https://tienda.consum.es/es/p/queso-untar-natural-tarrina/7258390,https://cdn-consum.aktiosdigitalservices.com/tol/consum/media/product/img/300x300/7258390.jpg?t=20260812080248,2026-10-08T22:06:02
queso,Consum,7045144,8414807300454,CONSUM,Queso  Lonchas Fundido 16 Lonchas,Fundidos y porciones,1.33,1.33,,False,4.43,KILO,1 Kg,False,https://tienda.consum.es/es/p/queso-lonchas-fundido-16-lonchas/7045144,https://cdn-consum.aktiosdigitalservices.com/tol/consum/media/product/img/300x300/7045144.jpg?t=20260812080154,2026-10-08T22:06:02
queso,Consum,7258395,8414807537980,CONSUM,Queso Untar Light Tarrina,Quesos Para untar,1.28,1.28,,False,5.12,KILO,1 Kg,False,https://tienda.consum.es/es/p/queso-untar-light-tarrina/7258395,https://cdn-consum.aktiosdigitalservices.com/tol/consum/media/product/img/300x300/7258395.jpg?t=20260812080248,2026-10-08T22:06:02
queso,Consum,7419039,8414807557452,CONSUM,Queso Maasdam Cuña,Quesos de importación,3.09,3.09,,False,8.24,KILO,1 Kg,False,https://tienda.consum.es/es/p/queso-maasdam-cuna/7419039,https://cdn-consum.aktiosdigitalservices.com/tol/consum/media/product/img/300x300/7419039.jpg?t=20260812080416,2026-10-08T22:06:02
queso,Consum,7450497,8414807560827,CONSUM,Queso Semicurado Cuña,Cuña semicurado,3.16,3.16,,False,9.7,KILO,1 Kg,False,https://tienda.consum.es/es/p/queso-semicurado-cuna/7450497,https://cdn-consum.aktiosdigitalservices.com/tol/consum/media/product/img/300x300/7450497.jpg?t=20260827104507,2026-10-08T22:06:02
queso,Consum,7423890,8412289007380,G.BAQUERO,Queso Tierno Lonchas,Quesos,1.5,1.5,,False,16.67,KILO,1 Kg,False,https://tienda.consum.es/es/p/queso-tierno-lonchas/7423890,https://cdn-consum.aktiosdigitalservices.com/tol/consum/media/product/img/300x300/7423890.jpg?t=20260812080420,2026-10-08T22:06:02
queso,Consum,7102903,8412289000930,G.BAQUERO,Queso Cabra Semi Lonchas,En lonchas,2.87,3.19,2.87,True,22.96,KILO,1 Kg,False,https://tienda.consum.es/es/p/queso-cabra-semi-lonchas/7102903,https://cdn-consum.aktiosdigitalservices.com/tol/consum/media/product/img/300x300/7102903.jpg?t=20260812080206,2026-10-08T22:06:02
queso,Consum,7152049,8412289003818,G.BAQUERO,Queso sin Lactosa Lonchas,En lonchas,3.15,3.15,,False,21.0,KILO,1 Kg,False,https://tienda.consum.es/es/p/queso-sin-lactosa-lonchas/7152049,https://cdn-consum.aktiosdigitalservices.com/tol/consum/media/product/img/300x300/7152049.jpg?t=20260812080213,2026-10-08T22:06:02
queso,Consum,7010473,8412289000879,G.BAQUERO,Queso Mezcla Semi Lonchas,En lonchas,3.95,3.95,,False,19.75,KILO,1 Kg,False,https://tienda.consum.es/es/p/queso-mezcla-semi-lonchas/7010473,https://cdn-consum.aktiosdigitalservices.com/tol/consum/media/product/img/300x300/7010473.jpg?t=20260827095829,2026-10-08T22:06:02
queso,Consum,7295447,8412289010250,G.BAQUERO,Queso Lonchas Cremosas,Quesos,1.49,1.49,,False,18.63,KILO,1 Kg,False,https://tienda.consum.es/es/p/queso-lonchas-cremosas/7295447,https://cdn-consum.aktiosdigitalservices.com/tol/consum/media/product/img/300x300/7295447.jpg?t=20260812080304,2026-10-08T22:06:02
queso,Consum,7102882,8412289011530,G.BAQUERO,Queso Tierno Mezcla Lonchas,Quesos,2.75,2.75,,False,18.33,KILO,1 Kg,False,https://tienda.consum.es/es/p/queso-tierno-mezcla-lonchas/7102882,https://cdn-consum.aktiosdigitalservices.com/tol/consum/media/product/img/300x300/7102882.jpg?t=20260812080206,2026-10-08T22:06:02
queso,Consum,7329055,5711953084850,ARLA,Queso Havarti Lonchas,En lonchas,4.99,4.99,,False,16.63,KILO,1 Kg,False,https://tienda.consum.es/es/p/queso-havarti-lonchas/7329055,https://cdn-consum.aktiosdigitalservices.com/tol/consum/media/product/img/300x300/7329055.jpg?t=20260827102111,2026-10-08T22:06:02
queso,Consum,7068260,5711953019197,ARLA,Queso Mozzarella Lonchas,En lonchas,2.99,2.99,,False,19.93,KILO,1 Kg,False,https://tienda.consum.es/es/p/queso-mozzarella-lonchas/7068260,https://cdn-consum.aktiosdigitalservices.com/tol/consum/media/product/img/300x300/7068260.jpg?t=20260827100005,2026-10-08T22:06:02
queso,Consum,7240179,5711953168260,ARLA,Queso Havarti Light Lonchas,En lonchas,3.45,3.45,,False,19.71,KILO,1 Kg,False,https://tienda.consum.es/es/p/queso-havarti-light-lonchas/7240179,https://cdn-consum.aktiosdigitalservices.com/tol/consum/media/product/img/300x300/7240179.jpg?t=20260827101130,2026-10-08T22:06:02
queso,Consum,7389120,5711953175152,ARLA,Queso Protein Lonchas,En lonchas,3.45,3.45,,False,23.0,KILO,1 Kg,False,https://tienda.consum.es/es/p/queso-protein-lonchas/7389120,https://cdn-consum.aktiosdigitalservices.com/tol/consum/media/product/img/300x300/7389120.jpg?t=20260827102838,2026-10-08T22:06:02
queso,Consum,7260649,5711953019425,ARLA,Queso Cheddar Lonchas,En lonchas,2.95,2.95,,False,19.67,KILO,1 Kg,False,https://tienda.consum.es/es/p/queso-cheddar-lonchas/7260649,https://cdn-consum.aktiosdigitalservices.com/tol/consum/media/product/img/300x300/7260649.jpg?t=20260827101256,2026-10-08T22:06:02
queso,Consum,7399249,8436034671305,SANABRIA,Queso Cheddar en Lonchas,En lonchas,2.39,2.39,,False,11.95,KILO,1 Kg,False,https://tienda.consum.es/es/p/queso-cheddar-en-lonchas/7399249,https://cdn-consum.aktiosdigitalservices.com/tol/consum/media/product/img/300x300/7399249.jpg?t=20260812080401,2026-10-08T22:06:02
queso,Consum,7419567,8436034672678,SANABRIA,Queso de Cabra Tierno Lonchas,En lonchas,3.29,3.29,,False,20.56,KILO,1 Kg,False,https://tienda.consum.es/es/p/queso-de-cabra-tierno-lonchas/7419567,https://cdn-consum.aktiosdigitalservices.com/tol/consum/media/product/img/300x300/7419567.jpg?t=20260812080417,2026-10-08T22:06:02
queso,Consum,7402811,8436034676812,SANABRIA,Queso Oveja Semicurado en lonchas,En lonchas,2.05,2.05,,False,20.5,KILO,1 Kg,False,https://tienda.consum.es/es/p/queso-oveja-semicurado-en-lonchas/7402811,https://cdn-consum.aktiosdigitalservices.com/tol/consum/media/product/img/300x300/7402811.jpg?t=20260812080403,2026-10-08T22:06:02
queso,Consum,7440365,8412289001203,G.BAQUERO,Queso Fresco Burgos Línea,Frescos y para ensaladas,4.99,4.99,,False,4.99,KILO,1 Kg,False,https://tienda.consum.es/es/p/queso-fresco-burgos-linea/7440365,https://cdn-consum.aktiosdigitalservices.com/tol/consum/media/product/img/300x300/7440365.jpg?t=20260812080438,2026-10-08T22:06:02
queso,Consum,7478154,7311870011618,ARLA,Queso Cottage Proteina 13%,Frescos y para ensaladas,1.99,2.39,1.99,True,9.04,KILO,1 Kg,False,https://tienda.consum.es/es/p/queso-cottage-proteina-13/7478154,https://cdn-consum.aktiosdigitalservices.com/tol/consum/media/product/img/300x300/7478154.jpg?t=20260827105627,2026-10-08T22:06:02
queso,Consum,7019693,5760466630016,ARLA,Queso Fresco Apetina en Salmuera,Frescos y para ensaladas,3.49,3.49,,False,17.45,KILO,1 Kg,False,https://tienda.consum.es/es/p/queso-fresco-apetina-en-salmuera/7019693,https://cdn-consum.aktiosdigitalservices.com/tol/consum/media/product/img/300x300/7019693.jpg?t=20260827095835,2026-10-08T22:06:02
queso,Consum,7086580,5760466600552,ARLA,Queso Fresco Apetina en Aceite Tarro,Frescos y para ensaladas,2.95,3.89,2.95,True,19.66,KILO,1 Kg,False,https://tienda.consum.es/es/p/queso-fresco-apetina-en-aceite-tarro/7086580,https://cdn-consum.aktiosdigitalservices.com/tol/consum/media/product/img/300x300/7086580.jpg?t=20260827100131,2026-10-08T22:06:02
queso,Consum,7109937,5711953165153,ARLA,Queso Rallado Mozzarella Bolsa,Quesos Rallados,3.45,3.45,,False,19.71,KILO,1 Kg,False,https://tienda.consum.es/es/p/queso-rallado-mozzarella-bolsa/7109937,https://cdn-consum.aktiosdigitalservices.com/tol/consum/media/product/img/300x300/7109937.jpg?t=20260827100252,2026-10-08T22:06:02
queso,Consum,7347537,8437001300624,GRANJA RINYA,Queso Fresco Tradicional Cabra,Frescos y para ensaladas,3.45,3.45,,False,13.8,KILO,1 Kg,False,https://tienda.consum.es/es/p/queso-fresco-tradicional-cabra/7347537,https://cdn-consum.aktiosdigitalservices.com/tol/consum/media/product/img/300x300/7347537.jpg?t=20260812080329,2026-10-08T22:06:02
queso,Consum,3779436,8437001300211,GRANJA RINYA,Queso Fresco Cassoleta Tarrina,Frescos y para ensaladas,2.79,2.79,,False,11.16,KILO,1 Kg,False,https://tienda.consum.es/es/p/queso-fresco-cassoleta-tarrina/3779436,https://cdn-consum.aktiosdigitalservices.com/tol/consum/media/product/img/300x300/3779436.jpg?t=20260812080145,2026-10-08T22:06:02
queso,Consum,7399264,8436034671374,SANABRIA,Queso Cheddar Rallado,Quesos Rallados,2.5,2.5,,False,16.67,KILO,1 Kg,False,https://tienda.consum.es/es/p/queso-cheddar-rallado/7399264,https://cdn-consum.aktiosdigitalservices.com/tol/consum/media/product/img/300x300/7399264.jpg?t=20260812080401,2026-10-08T22:06:02
queso,Consum,7442002,8713734032699,ROYAL ORANGE,Queso Gouda Tierno Lonchas,En lonchas,1.69,1.69,,False,8.45,KILO,1 Kg,False,https://tienda.consum.es/es/p/queso-gouda-tierno-lonchas/7442002,https://cdn-consum.aktiosdigitalservices.com/tol/consum/media/product/img/300x300/7442002.jpg?t=20260812080439,2026-10-08T22:06:02
queso,Consum,7109932,8411049027620,GRAN CAPITAN,Queso Mezcla Curado Lonchas,En lonchas,3.79,3.79,,False,27.07,KILO,1 Kg,False,https://tienda.consum.es/es/p/queso-mezcla-curado-lonchas/7109932,https://cdn-consum.aktiosdigitalservices.com/tol/consum/media/product/img/300x300/7109932.jpg?t=20260812080208,2026-10-08T22:06:02
queso,Consum,7363554,5907070001096,LAZUR,Queso Azul en Lonchas sin Lactosa,En lonchas,2.29,2.29,,False,22.9,KILO,1 Kg,False,https://tienda.consum.es/es/p/queso-azul-en-lonchas-sin-lactosa/7363554,https://cdn-consum.aktiosdigitalservices.com/tol/consum/media/product/img/300x300/7363554.jpg?t=20260827102501,2026-10-08T22:06:02
queso,Consum,7387418,8413376042222,EL PASTOR,Queso Tierno Lonchas Light Bajo en Sal Santtum,En lonchas,1.69,1.69,,False,21.13,KILO,1 Kg,False,https://tienda.consum.es/es/p/queso-tierno-lonchas-light-bajo-en-sal-santtum/7387418,https://cdn-consum.aktiosdigitalservices.com/tol/consum/media/product/img/300x300/7387418.jpg?t=20260812080351,2026-10-08T22:06:02
queso,Consum,7474161,8410285105574,EL VENTERO,Queso Tierno Mezcla Lonchas,Quesos,2.69,2.99,2.69,True,19.22,KILO,1 Kg,False,https://tienda.consum.es/es/p/queso-tierno-mezcla-lonchas/7474161,https://cdn-consum.aktiosdigitalservices.com/tol/consum/media/product/img/300x300/7474161.jpg?t=20260812080522,2026-10-08T22:06:02
queso,Consum,7474166,8410285105581,EL VENTERO,Queso Tierno Light Lonchas,En lonchas,2.69,2.99,2.69,True,19.22,KILO,1 Kg,False,https://tienda.consum.es/es/p/queso-tierno-light-lonchas/7474166,https://cdn-consum.aktiosdigitalservices.com/tol/consum/media/product/img/300x300/7474166.jpg?t=20260812080522,2026-10-08T22:06:02
queso,Consum,7476419,8412289007182,PAMBRE,Queso Lonchas Gallegas Cremosas,Quesos,2.45,2.85,2.45,True,16.33,KILO,1 Kg,False,https://tienda.consum.es/es/p/queso-lonchas-gallegas-cremosas/7476419,https://cdn-consum.aktiosdigitalservices.com/tol/consum/media/product/img/300x300/7476419.jpg?t=20260827105532,2026-10-08T22:06:02
queso,Consum,7474273,8410297141577,ASTURIANA,Queso Tierno Lonchas,Quesos,2.65,2.65,,False,14.72,KILO,1 Kg,False,https://tienda.consum.es/es/p/queso-tierno-lonchas/7474273,https://cdn-consum.aktiosdigitalservices.com/tol/consum/media/product/img/300x300/7474273.jpg?t=20260901080549,2026-10-08T22:06:02
queso,Consum,937243,8413100611175,BURGO ARIAS,Queso Burgo de Arias Pack de 3 Unidades,Frescos y para ensaladas,3.4,3.4,,False,15.74,KILO,1 Kg,False,https://tienda.consum.es/es/p/queso-burgo-de-arias-pack-de-3-unidades/937243,https://cdn-consum.aktiosdigitalservices.com/tol/consum/media/product/img/300x300/937243.jpg?t=20260827095622,2026-10-08T22:06:02
queso,Consum,7303790,8413100614992,BURGO ARIAS,Queso Burgo de Arias Cabra,Frescos y para ensaladas,3.62,4.49,3.62,True,17.24,KILO,1 Kg,False,https://tienda.consum.es/es/p/queso-burgo-de-arias-cabra/7303790,https://cdn-consum.aktiosdigitalservices.com/tol/consum/media/product/img/300x300/7303790.jpg?t=20260827101803,2026-10-08T22:06:02
queso,Consum,7347412,8410285190709,EL VENTERO,Queso Burgos sin Lactosa,Frescos y para ensaladas,1.97,1.97,,False,7.88,KILO,1 Kg,False,https://tienda.consum.es/es/p/queso-burgos-sin-lactosa/7347412,https://cdn-consum.aktiosdigitalservices.com/tol/consum/media/product/img/300x300/7347412.jpg?t=20260827102309,2026-10-08T22:06:02
queso,Consum,7393080,8718164547058,SÈNA,Queso de Cabra 100% Estilo Griego,Frescos y para ensaladas,2.19,2.19,,False,14.6,KILO,1 Kg,False,https://tienda.consum.es/es/p/queso-de-cabra-100-estilo-griego/7393080,https://cdn-consum.aktiosdigitalservices.com/tol/consum/media/product/img/300x300/7393080.jpg?t=20260812080355,2026-10-08T22:06:02
queso,Consum,7472657,7622202819506,PHILADELPHIA,Queso Cottage,Frescos y para ensaladas,1.5,1.5,,False,8.57,KILO,1 Kg,False,https://tienda.consum.es/es/p/queso-cottage/7472657,https://cdn-consum.aktiosdigitalservices.com/tol/consum/media/product/img/300x300/7472657.jpg?t=20260812080519,2026-10-08T22:06:02
queso,Consum,7197523,8413100610109,BURGO ARIAS,Queso Burgo Arias Natural,Frescos y para ensaladas,1.29,1.29,,False,10.75,KILO,1 Kg,False,https://tienda.consum.es/es/p/queso-burgo-arias-natural/7197523,https://cdn-consum.aktiosdigitalservices.com/tol/consum/media/product/img/300x300/7197523.jpg?t=20260812080227,2026-10-08T22:06:02
queso,Consum,4237582,8413100611182,BURGO ARIAS,Queso Fresco 0% Pack de 3 Unidades,Frescos y para ensaladas,3.4,3.4,,False,15.74,KILO,1 Kg,False,https://tienda.consum.es/es/p/queso-fresco-0-pack-de-3-unidades/4237582,https://cdn-consum.aktiosdigitalservices.com/tol/consum/media/product/img/300x300/4237582.jpg?t=20260827095743,2026-10-08T22:06:02
queso,Consum,7411051,8718164547898,SÈNA,Queso de Vaca 100% Estilo Griego,Frescos y para ensaladas,1.99,1.99,,False,13.27,KILO,1 Kg,False,https://tienda.consum.es/es/p/queso-de-vaca-100-estilo-griego/7411051,https://cdn-consum.aktiosdigitalservices.com/tol/consum/media/product/img/300x300/7411051.jpg?t=20260812080408,2026-10-08T22:06:02
queso,Consum,7452782,8436039432871,ASTURIANA,Queso Fresco Batido,Frescos y para ensaladas,1.79,1.79,,False,4.48,KILO,1 Kg,False,https://tienda.consum.es/es/p/queso-fresco-batido/7452782,https://cdn-consum.aktiosdigitalservices.com/tol/consum/media/product/img/300x300/7452782.jpg?t=20260827104553,2026-10-08T22:06:02
queso,Consum,7474278,8436039432932,ASTURIANA,Queso Fresco Batido Proteína con Arándanos,Frescos y para ensaladas,2.1,2.45,2.1,True,5.25,KILO,1 Kg,False,https://tienda.consum.es/es/p/queso-fresco-batido-proteina-con-arandanos/7474278,https://cdn-consum.aktiosdigitalservices.com/tol/consum/media/product/img/300x300/7474278.jpg?t=20260827105438,2026-10-08T22:06:02
queso,Consum,7484913,8429781500127,TGT,Queso Fresco Latino Especial Tequeños,Frescos y para ensaladas,3.89,3.89,,False,12.97,KILO,1 Kg,False,https://tienda.consum.es/es/p/queso-fresco-latino-especial-tequenos/7484913,https://cdn-consum.aktiosdigitalservices.com/tol/consum/media/product/img/300x300/7484913.jpg?t=20260825080122,2026-10-08T22:06:02
queso,Consum,7486850,5202425000107,HOTOS,Queso Feta D.O.P,Frescos y para ensaladas,3.15,3.15,,False,21.0,KILO,1 Kg,False,https://tienda.consum.es/es/p/queso-feta-dop/7486850,https://cdn-consum.aktiosdigitalservices.com/tol/consum/media/product/img/300x300/7486850.jpg?t=20260929080836,2026-10-08T22:06:02
queso,Consum,7195431,8021398256802,IGOR,Queso Gorgonzola D.O.P,Quesos Rallados,3.15,3.15,,False,15.75,KILO,1 Kg,False,https://tienda.consum.es/es/p/queso-gorgonzola-dop/7195431,https://cdn-consum.aktiosdigitalservices.com/tol/consum/media/product/img/300x300/7195431.jpg?t=20260827100749,2026-10-08T22:06:02
queso,Consum,7318897,8410634718127,HOCHLAND,Queso Rallado Estilo Italiano,Quesos Rallados,1.67,1.67,,False,16.7,KILO,1 Kg,False,https://tienda.consum.es/es/p/queso-rallado-estilo-italiano/7318897,https://cdn-consum.aktiosdigitalservices.com/tol/consum/media/product/img/300x300/7318897.jpg?t=20260812080316,2026-10-08T22:06:02
queso,Consum,7057912,3228022030035,PRESIDENT,Queso Rallado  Emmental Francés,Quesos Rallados,2.49,2.49,,False,27.67,KILO,1 Kg,False,https://tienda.consum.es/es/p/queso-rallado-emmental-frances/7057912,https://cdn-consum.aktiosdigitalservices.com/tol/consum/media/product/img/300x300/7057912.jpg?t=20260827095943,2026-10-08T22:06:02
queso,Consum,938209,7622201751456,EL CASERIO,Queso Rallado 4 Quesos 100% Natural,Quesos Rallados,2.99,2.99,,False,24.92,KILO,1 Kg,False,https://tienda.consum.es/es/p/queso-rallado-4-quesos-100-natural/938209,https://cdn-consum.aktiosdigitalservices.com/tol/consum/media/product/img/300x300/938209.jpg?t=20260827095623,2026-10-08T22:06:02
queso,Consum,7224900,8410634015868,FORVAL,Queso Rallado Pizzas 5 Quesos con Azul,Quesos Rallados,2.19,2.7,2.19,True,14.6,KILO,1 Kg,False,https://tienda.consum.es/es/p/queso-rallado-pizzas-5-quesos-con-azul/7224900,https://cdn-consum.aktiosdigitalservices.com/tol/consum/media/product/img/300x300/7224900.jpg?t=20260812080237,2026-10-08T22:06:02
queso,Consum,445957,7622201107680,EL CASERIO,Queso Rallado Filatto Bolsa,Quesos Rallados,1.65,1.65,,False,20.63,KILO,1 Kg,False,https://tienda.consum.es/es/p/queso-rallado-filatto-bolsa/445957,https://cdn-consum.aktiosdigitalservices.com/tol/consum/media/product/img/300x300/445957.jpg?t=20260827095520,2026-10-08T22:06:02
queso,Consum,7472660,8002670008418,GRANAROLO,Queso Rallado Pecorino D.O.P,Quesos Rallados,2.15,2.15,,False,30.71,KILO,1 Kg,False,https://tienda.consum.es/es/p/queso-rallado-pecorino-dop/7472660,https://cdn-consum.aktiosdigitalservices.com/tol/consum/media/product/img/300x300/7472660.jpg?t=20260812080519,2026-10-08T22:06:02
queso,Consum,7170442,8008706602285,FERRARINI,Queso Rallado Parmigiano Reggiano,Quesos Rallados,2.15,2.15,,False,35.83,KILO,1 Kg,False,https://tienda.consum.es/es/p/queso-rallado-parmigiano-reggiano/7170442,https://cdn-consum.aktiosdigitalservices.com/tol/consum/media/product/img/300x300/7170442.jpg?t=20260827100554,2026-10-08T22:06:02
queso,Consum,7043292,8412289001500,G.BAQUERO,Queso Mezcla Semicurado Ya Cortado,Cuña semicurado,4.69,4.69,,False,20.84,KILO,1 Kg,False,https://tienda.consum.es/es/p/queso-mezcla-semicurado-ya-cortado/7043292,https://cdn-consum.aktiosdigitalservices.com/tol/consum/media/product/img/300x300/7043292.jpg?t=20260812080153,2026-10-08T22:06:02
queso,Consum,7067098,8412289003030,G.BAQUERO,Queso Mezcla Tierno Cuña,Cuña tierno y saludable,5.09,5.09,,False,15.66,KILO,1 Kg,False,https://tienda.consum.es/es/p/queso-mezcla-tierno-cuna/7067098,https://cdn-consum.aktiosdigitalservices.com/tol/consum/media/product/img/300x300/7067098.jpg?t=20260812080158,2026-10-08T22:06:02
queso,Consum,7269574,8412289006000,G.BAQUERO,Queso de Cava Barus Cuña,Cuña curado,5.55,5.55,,False,22.2,KILO,1 Kg,False,https://tienda.consum.es/es/p/queso-de-cava-barus-cuna/7269574,https://cdn-consum.aktiosdigitalservices.com/tol/consum/media/product/img/300x300/7269574.jpg?t=20260812080253,2026-10-08T22:06:02
queso,Consum,7467657,8412289006321,G.BAQUERO,Queso Semicurado con Trufa,Cuña curado,3.19,3.55,3.19,True,21.27,KILO,1 Kg,False,https://tienda.consum.es/es/p/queso-semicurado-con-trufa/7467657,https://cdn-consum.aktiosdigitalservices.com/tol/consum/media/product/img/300x300/7467657.jpg?t=20260812080511,2026-10-08T22:06:02
queso,Consum,7149565,8412289001517,G.BAQUERO,Queso Mezcla Curado Ya Cortado L Pasteurizad,Cuña curado,4.79,4.79,,False,21.29,KILO,1 Kg,False,https://tienda.consum.es/es/p/queso-mezcla-curado-ya-cortado-l-pasteurizad/7149565,https://cdn-consum.aktiosdigitalservices.com/tol/consum/media/product/img/300x300/7149565.jpg?t=20260812080213,2026-10-08T22:06:02
queso,Consum,7317295,8412289001524,G.BAQUERO,Queso Tierno Ya Cortado,Cuña tierno y saludable,4.49,4.49,,False,19.96,KILO,1 Kg,False,https://tienda.consum.es/es/p/queso-tierno-ya-cortado/7317295,https://cdn-consum.aktiosdigitalservices.com/tol/consum/media/product/img/300x300/7317295.jpg?t=20260827101930,2026-10-08T22:06:02
queso,Consum,7317287,8421957005238,G.BAQUERO,Queso Pok Añejo Ya cortado,Quesos de Oveja,5.4,6.29,5.4,True,27.0,KILO,1 Kg,False,https://tienda.consum.es/es/p/queso-pok-anejo-ya-cortado/7317287,https://cdn-consum.aktiosdigitalservices.com/tol/consum/media/product/img/300x300/7317287.jpg?t=20260827101928,2026-10-08T22:06:02
queso,Consum,7473192,8412289006253,G.BAQUERO,Queso Reserva Ya Cortado,Cuña curado,5.49,5.49,,False,27.45,KILO,1 Kg,False,https://tienda.consum.es/es/p/queso-reserva-ya-cortado/7473192,https://cdn-consum.aktiosdigitalservices.com/tol/consum/media/product/img/300x300/7473192.jpg?t=20260812080520,2026-10-08T22:06:02
queso,Consum,7411747,5711953158476,ARLA,Queso Untar Natural sin Lactosa,Quesos Para untar,1.75,2.15,1.75,True,8.75,KILO,1 Kg,False,https://tienda.consum.es/es/p/queso-untar-natural-sin-lactosa/7411747,https://cdn-consum.aktiosdigitalservices.com/tol/consum/media/product/img/300x300/7411747.jpg?t=20260812080409,2026-10-08T22:06:02
queso,Consum,7483477,5711953158513,ARLA,Queso en Crema Piña,Quesos Para untar,1.65,2.15,1.65,True,8.25,KILO,1 Kg,False,https://tienda.consum.es/es/p/queso-en-crema-pina/7483477,https://cdn-consum.aktiosdigitalservices.com/tol/consum/media/product/img/300x300/7483477.jpg?t=20260829075942,2026-10-08T22:06:02
queso,Consum,7416365,8436034672388,SANABRIA,Queso Fundido Lonchas Sándwich,Fundidos y porciones,1.54,1.54,,False,9.63,KILO,1 Kg,False,https://tienda.consum.es/es/p/queso-fundido-lonchas-sandwich/7416365,https://cdn-consum.aktiosdigitalservices.com/tol/consum/media/product/img/300x300/7416365.jpg?t=20260812080413,2026-10-08T22:06:02
queso,Consum,7069102,8436591110262,GRANJA RINYA,Queso Mezcla Tronchón Cuña,Cuña tierno y saludable,2.59,2.59,,False,12.95,KILO,1 Kg,False,https://tienda.consum.es/es/p/queso-mezcla-tronchon-cuna/7069102,https://cdn-consum.aktiosdigitalservices.com/tol/consum/media/product/img/300x300/7069102.jpg?t=20260812080158,2026-10-08T22:06:02
queso,Consum,231514,8410259101069,VACA QUE RIE,Queso Fundido 16 Porciones,Fundidos y porciones,2.99,2.99,,False,11.96,KILO,1 Kg,False,https://tienda.consum.es/es/p/queso-fundido-16-porciones/231514,https://cdn-consum.aktiosdigitalservices.com/tol/consum/media/product/img/300x300/231514.jpg?t=20260827095246,2026-10-08T22:06:02
queso,Consum,7200702,7622201520724,EL CASERIO,Queso Lonchas,Fundidos y porciones,1.85,1.85,,False,12.33,KILO,1 Kg,False,https://tienda.consum.es/es/p/queso-lonchas/7200702,https://cdn-consum.aktiosdigitalservices.com/tol/consum/media/product/img/300x300/7200702.jpg?t=20260901080017,2026-10-08T22:06:02
queso,Consum,7360548,3492843748008,F.OCCITANES,Queso Roquefort DOP,"Brie, camembert y cremosos",2.17,2.17,,False,21.7,KILO,1 Kg,False,https://tienda.consum.es/es/p/queso-roquefort-dop/7360548,https://cdn-consum.aktiosdigitalservices.com/tol/consum/media/product/img/300x300/7360548.jpg?t=20260812080336,2026-10-08T22:06:02
queso,Consum,7265742,8423294003205,LEISTON,Queso Cheddar Reserva Mature,Quesos de importación,3.29,3.29,,False,16.45,KILO,1 Kg,False,https://tienda.consum.es/es/p/queso-cheddar-reserva-mature/7265742,https://cdn-consum.aktiosdigitalservices.com/tol/consum/media/product/img/300x300/7265742.jpg?t=20260827101336,2026-10-08T22:06:02
queso,Consum,205468,8413100062106,SAN MILLAN,Queso Untar Natural,Quesos Para untar,1.99,1.99,,False,9.95,KILO,1 Kg,False,https://tienda.consum.es/es/p/queso-untar-natural/205468,https://cdn-consum.aktiosdigitalservices.com/tol/consum/media/product/img/300x300/205468.jpg?t=20260812080130,2026-10-08T22:06:02
queso,Consum,7382120,3161710000135,CAPRICE,Queso Caprice des Dieux,"Brie, camembert y cremosos",2.85,2.85,,False,22.8,KILO,1 Kg,False,https://tienda.consum.es/es/p/queso-caprice-des-dieux/7382120,https://cdn-consum.aktiosdigitalservices.com/tol/consum/media/product/img/300x300/7382120.jpg?t=20260812080348,2026-10-08T22:06:02
queso,Consum,221309,8411620001155,EL CASERIO,Queso Fundido Porciones,Fundidos y porciones,3.15,3.15,,False,12.6,KILO,1 Kg,False,https://tienda.consum.es/es/p/queso-fundido-porciones/221309,https://cdn-consum.aktiosdigitalservices.com/tol/consum/media/product/img/300x300/221309.jpg?t=20260827095241,2026-10-08T22:06:02
queso,Consum,238311,8410259103049,VACA QUE RIE,Queso Fundido Light 16 Porciones,Fundidos y porciones,2.99,2.99,,False,11.96,KILO,1 Kg,False,https://tienda.consum.es/es/p/queso-fundido-light-16-porciones/238311,https://cdn-consum.aktiosdigitalservices.com/tol/consum/media/product/img/300x300/238311.jpg?t=20260827095250,2026-10-08T22:06:02
queso,Consum,4908406,8410285808086,FLOR ESGUEVA,Queso Oveja Cuña,Quesos de Oveja,6.89,6.89,,False,27.56,KILO,1 Kg,False,https://tienda.consum.es/es/p/queso-oveja-cuna/4908406,https://cdn-consum.aktiosdigitalservices.com/tol/consum/media/product/img/300x300/4908406.jpg?t=20260827095758,2026-10-08T22:06:02
queso,Consum,7317548,5028482101690,EATLEAN,Queso Proteínico,Cuña tierno y saludable,3.15,3.93,3.15,True,15.75,KILO,1 Kg,False,https://tienda.consum.es/es/p/queso-proteinico/7317548,https://cdn-consum.aktiosdigitalservices.com/tol/consum/media/product/img/300x300/7317548.jpg?t=20260812080315,2026-10-08T22:06:02
queso,Consum,7317808,4006402025128,BERGADER,Queso Bavaria Blue Mini,"Brie, camembert y cremosos",2.65,2.65,,False,17.67,KILO,1 Kg,False,https://tienda.consum.es/es/p/queso-bavaria-blue-mini/7317808,https://cdn-consum.aktiosdigitalservices.com/tol/consum/media/product/img/300x300/7317808.jpg?t=20260812080315,2026-10-08T22:06:02
queso,Consum,7317311,8710243910067,WESTLAND,Queso Old Amsterdam Cortadas,Quesos de importación,5.15,5.15,,False,25.75,KILO,1 Kg,False,https://tienda.consum.es/es/p/queso-old-amsterdam-cortadas/7317311,https://cdn-consum.aktiosdigitalservices.com/tol/consum/media/product/img/300x300/7317311.jpg?t=20260827101931,2026-10-08T22:06:02
queso,Consum,7293814,7622201679910,EL CASERIO,Queso Fundido Lonchas sin Lactosa,Fundidos y porciones,2.65,2.65,,False,14.32,KILO,1 Kg,False,https://tienda.consum.es/es/p/queso-fundido-lonchas-sin-lactosa/7293814,https://cdn-consum.aktiosdigitalservices.com/tol/consum/media/product/img/300x300/7293814.jpg?t=20260812080303,2026-10-08T22:06:02
queso,Consum,7309172,3073780963893,KIRI,Queso Fresco con Nata 6 Porciones,Fundidos y porciones,2.37,2.37,,False,21.94,KILO,1 Kg,False,https://tienda.consum.es/es/p/queso-fresco-con-nata-6-porciones/7309172,https://cdn-consum.aktiosdigitalservices.com/tol/consum/media/product/img/300x300/7309172.jpg?t=20260812080310,2026-10-08T22:06:02
queso,Consum,7402001,3123930657025,ENTREMONT,Queso Gruyère France IGP,Quesos de importación,3.35,3.35,,False,16.75,KILO,1 Kg,False,https://tienda.consum.es/es/p/queso-gruyere-france-igp/7402001,https://cdn-consum.aktiosdigitalservices.com/tol/consum/media/product/img/300x300/7402001.jpg?t=20260827103123,2026-10-08T22:06:02
queso,Consum,7451586,3123930650026,ENTREMONT,Queso Cuña Comté DOP,Quesos de importación,4.09,4.09,,False,20.45,KILO,1 Kg,False,https://tienda.consum.es/es/p/queso-cuna-comte-dop/7451586,https://cdn-consum.aktiosdigitalservices.com/tol/consum/media/product/img/300x300/7451586.jpg?t=20260812080449,2026-10-08T22:06:02
queso,Consum,7224335,8413376037327,EL PASTOR,Queso Tapas Cortaditas Mezcla Curado Santtum,Cuña curado,3.29,3.29,,False,19.94,KILO,1 Kg,False,https://tienda.consum.es/es/p/queso-tapas-cortaditas-mezcla-curado-santtum/7224335,https://cdn-consum.aktiosdigitalservices.com/tol/consum/media/product/img/300x300/7224335.jpg?t=20260812080236,2026-10-08T22:06:02
queso,Consum,228221,8410634080187,HOCHLAND,Queso Fundido Entero Lonchas,Fundidos y porciones,2.55,2.55,,False,8.5,KILO,1 Kg,False,https://tienda.consum.es/es/p/queso-fundido-entero-lonchas/228221,https://cdn-consum.aktiosdigitalservices.com/tol/consum/media/product/img/300x300/228221.jpg?t=20260812080131,2026-10-08T22:06:02
queso,Consum,7173862,3228023920090,PRESIDENT,Queso Camembert Porciones,"Brie, camembert y cremosos",3.89,3.89,,False,15.56,KILO,1 Kg,False,https://tienda.consum.es/es/p/queso-camembert-porciones/7173862,https://cdn-consum.aktiosdigitalservices.com/tol/consum/media/product/img/300x300/7173862.jpg?t=20260827100611,2026-10-08T22:06:02
queso,Consum,7280642,8436559633000,CARMEN,Queso Oveja Viejo con Romero,Cuña curado,4.75,4.75,,False,23.75,KILO,1 Kg,False,https://tienda.consum.es/es/p/queso-oveja-viejo-con-romero/7280642,https://cdn-consum.aktiosdigitalservices.com/tol/consum/media/product/img/300x300/7280642.jpg?t=20260812080256,2026-10-08T22:06:02
queso,Consum,7282296,3073781083552,VACA QUE RIE,Queso Fundido Light Queso Azul 16 Porciones,Fundidos y porciones,2.99,2.99,,False,11.96,KILO,1 Kg,False,https://tienda.consum.es/es/p/queso-fundido-light-queso-azul-16-porciones/7282296,https://cdn-consum.aktiosdigitalservices.com/tol/consum/media/product/img/300x300/7282296.jpg?t=20260812080257,2026-10-08T22:06:02
queso,Consum,7294148,3073781083569,VACA QUE RIE,Queso Semicurado Light 16 Porciones,Fundidos y porciones,2.99,2.99,,False,11.96,KILO,1 Kg,False,https://tienda.consum.es/es/p/queso-semicurado-light-16-porciones/7294148,https://cdn-consum.aktiosdigitalservices.com/tol/consum/media/product/img/300x300/7294148.jpg?t=20260812080304,2026-10-08T22:06:02
queso,Consum,7294804,8436559632973,CARMEN,Queso Oveja al Pedro Ximénez,Cuña curado,4.45,4.45,,False,22.25,KILO,1 Kg,False,https://tienda.consum.es/es/p/queso-oveja-al-pedro-ximenez/7294804,https://cdn-consum.aktiosdigitalservices.com/tol/consum/media/product/img/300x300/7294804.jpg?t=20260812080304,2026-10-08T22:06:02
queso,Consum,110262,7610900038190,FROMALP,Queso Fondue Caja,Fundidos y porciones,4.49,4.49,,False,11.23,KILO,1 Kg,False,https://tienda.consum.es/es/p/queso-fondue-caja/110262,https://cdn-consum.aktiosdigitalservices.com/tol/consum/media/product/img/300x300/110262.jpg?t=20260812080129,2026-10-08T22:06:02
queso,Consum,7351380,3073781111910,VACA QUE RIE,Queso sin Lactosa Porciones,Fundidos y porciones,2.03,2.03,,False,16.92,KILO,1 Kg,False,https://tienda.consum.es/es/p/queso-sin-lactosa-porciones/7351380,https://cdn-consum.aktiosdigitalservices.com/tol/consum/media/product/img/300x300/7351380.jpg?t=20260812080331,2026-10-08T22:06:02
queso,Consum,7382133,3073781164572,VACA QUE RIE,Queso Cheddar 8 Loncha Tranchettes,Fundidos y porciones,2.14,2.14,,False,14.27,KILO,1 Kg,False,https://tienda.consum.es/es/p/queso-cheddar-8-loncha-tranchettes/7382133,https://cdn-consum.aktiosdigitalservices.com/tol/consum/media/product/img/300x300/7382133.jpg?t=20260827102753,2026-10-08T22:06:02
queso,Consum,7318298,8436559634533,CARMEN,Queso Oveja Curado a la Trufa,Cuña curado,4.65,5.19,4.65,True,23.25,KILO,1 Kg,False,https://tienda.consum.es/es/p/queso-oveja-curado-a-la-trufa/7318298,https://cdn-consum.aktiosdigitalservices.com/tol/consum/media/product/img/300x300/7318298.jpg?t=20260812080315,2026-10-08T22:06:02
queso,Consum,7432875,8410285102702,GRAN CAPITAN,Queso Mezcla Tostado,Cuña curado,4.35,4.35,,False,21.75,KILO,1 Kg,False,https://tienda.consum.es/es/p/queso-mezcla-tostado/7432875,https://cdn-consum.aktiosdigitalservices.com/tol/consum/media/product/img/300x300/7432875.jpg?t=20260827103939,2026-10-08T22:06:02
queso,Consum,7440373,3153126826003,LE RUSTIQUE,Queso Camembert,"Brie, camembert y cremosos",3.99,3.99,,False,15.96,KILO,1 Kg,False,https://tienda.consum.es/es/p/queso-camembert/7440373,https://cdn-consum.aktiosdigitalservices.com/tol/consum/media/product/img/300x300/7440373.jpg?t=20260827104211,2026-10-08T22:06:02
queso,Consum,7427458,8436010213154,OLD AMSTERDA,Queso Gouda Curado Cuña,Quesos de importación,4.99,4.99,,False,24.95,KILO,1 Kg,False,https://tienda.consum.es/es/p/queso-gouda-curado-cuna/7427458,https://cdn-consum.aktiosdigitalservices.com/tol/consum/media/product/img/300x300/7427458.jpg?t=20260827103804,2026-10-08T22:06:02
queso,Consum,7430676,3177890001008,PAPILLON,Queso Roquefort Cuña,"Brie, camembert y cremosos",2.99,2.99,,False,29.9,KILO,1 Kg,False,https://tienda.consum.es/es/p/queso-roquefort-cuna/7430676,https://cdn-consum.aktiosdigitalservices.com/tol/consum/media/product/img/300x300/7430676.jpg?t=20260812080427,2026-10-08T22:06:02
queso,Consum,7484363,8436579752507,ORO HOLANDA,Queso Edam Tierno Bola Cuña,Quesos de importación,2.42,2.42,,False,8.07,KILO,1 Kg,False,https://tienda.consum.es/es/p/queso-edam-tierno-bola-cuna/7484363,https://cdn-consum.aktiosdigitalservices.com/tol/consum/media/product/img/300x300/7484363.jpg?t=20260825080117,2026-10-08T22:06:02
queso,Consum,7470748,8436559633536,CARMEN,Queso Oveja Curado con Ajo Negro,Cuña curado,3.99,3.99,,False,19.95,KILO,1 Kg,False,https://tienda.consum.es/es/p/queso-oveja-curado-con-ajo-negro/7470748,https://cdn-consum.aktiosdigitalservices.com/tol/consum/media/product/img/300x300/7470748.jpg?t=20260812080516,2026-10-08T22:06:02
queso,Consum,7474281,8437008383996,ASTURIANA,Queso Crema Con fermento de Kéfir,Quesos Para untar,1.95,2.39,1.95,True,9.75,KILO,1 Kg,False,https://tienda.consum.es/es/p/queso-crema-con-fermento-de-kefir/7474281,https://cdn-consum.aktiosdigitalservices.com/tol/consum/media/product/img/300x300/7474281.jpg?t=20260812080522,2026-10-08T22:06:02
queso,Consum,7479251,3073781227208,MINIBABYBEL,Queso Minibabybel Mix 8 unidades,Fundidos y porciones,3.99,3.99,,False,24.94,KILO,1 Kg,False,https://tienda.consum.es/es/p/queso-minibabybel-mix-8-unidades/7479251,https://cdn-consum.aktiosdigitalservices.com/tol/consum/media/product/img/300x300/7479251.jpg?t=20260812080529,2026-10-08T22:06:02
queso,Consum,7486616,8436559635363,CARMEN,Queso Oveja Curado con Aceituna Negra,Cuña curado,3.99,3.99,,False,19.95,KILO,1 Kg,False,https://tienda.consum.es/es/p/queso-oveja-curado-con-aceituna-negra/7486616,https://cdn-consum.aktiosdigitalservices.com/tol/consum/media/product/img/300x300/7486616.jpg?t=20260929080831,2026-10-08T22:06:02
queso,Consum,7486624,8436559635356,CARMEN,Queso Oveja Curado con Pesto,Cuña curado,4.45,4.45,,False,22.25,KILO,1 Kg,False,https://tienda.consum.es/es/p/queso-oveja-curado-con-pesto/7486624,https://cdn-consum.aktiosdigitalservices.com/tol/consum/media/product/img/300x300/7486624.jpg?t=20260929080832,2026-10-08T22:06:02
queso,Consum,7332922,8006663006467,SPIGA,Queso Grana Padano D.O.P.,Quesos de importación,2.86,2.86,,False,15.89,KILO,1 Kg,False,https://tienda.consum.es/es/p/queso-grana-padano-dop/7332922,https://cdn-consum.aktiosdigitalservices.com/tol/consum/media/product/img/300x300/7332922.jpg?t=20260812080322,2026-10-08T22:06:02
queso,Consum,7360543,3492844947004,F.OCCITANES,Queso Azul D'Auvergne DOP,"Brie, camembert y cremosos",1.51,1.51,,False,15.1,KILO,1 Kg,False,https://tienda.consum.es/es/p/queso-azul-dauvergne-dop/7360543,https://cdn-consum.aktiosdigitalservices.com/tol/consum/media/product/img/300x300/7360543.jpg?t=20260812080336,2026-10-08T22:06:02
queso,Consum,7459704,3073781217919,BABYBEL,Queso Minibabybel Malla 8 Unidades,Fundidos y porciones,3.9,3.9,,False,24.38,KILO,1 Kg,False,https://tienda.consum.es/es/p/queso-minibabybel-malla-8-unidades/7459704,https://cdn-consum.aktiosdigitalservices.com/tol/consum/media/product/img/300x300/7459704.jpg?t=20260827104828,2026-10-08T22:06:02
queso,Consum,7475564,8437001300983,GRANJA RINYA,Queso Fresco Villalón Vaca,Frescos y para ensaladas,9.9,9.9,,False,9.9,KILO,1 Kg,False,https://tienda.consum.es/es/p/queso-fresco-villalon-vaca/7475564,https://cdn-consum.aktiosdigitalservices.com/tol/consum/media/product/img/300x300/7475564.jpg?t=20260901080757,2026-10-08T22:06:02
queso,Consum,7221166,8412289007038,G.BAQUERO,Queso Reserva 12 Meses L. Pasteurizada Mezcla,Quesos Nacionales,21.3,21.3,,False,21.3,KILO,1 Kg,False,https://tienda.consum.es/es/p/queso-reserva-12-meses-l-pasteurizada-mezcla/7221166,https://cdn-consum.aktiosdigitalservices.com/tol/consum/media/product/img/300x300/7221166.jpg?t=20260901080648,2026-10-08T22:06:02
queso,Consum,7309941,8412289000909,G.BAQUERO,Queso Semicurado Barra Le.Mezcla Pasteurizada,Quesos de Barra,19.1,19.1,,False,19.1,KILO,1 Kg,False,https://tienda.consum.es/es/p/queso-semicurado-barra-lemezcla-pasteurizada/7309941,https://cdn-consum.aktiosdigitalservices.com/tol/consum/media/product/img/300x300/7309941.jpg?t=20260901080657,2026-10-08T22:06:02
queso,Consum,7289072,8437017857594,GRANJA RINYA,Queso Rulo Papaya(27%) L.Pasteurizada Cabr-Vac,Quesos Para untar,16.9,16.9,,False,16.9,KILO,1 Kg,False,https://tienda.consum.es/es/p/queso-rulo-papaya27-lpasteurizada-cabr-vac/7289072,https://cdn-consum.aktiosdigitalservices.com/tol/consum/media/product/img/300x300/7289072.jpg?t=20260901080656,2026-10-08T22:06:02
queso,Consum,7317449,8437018116089,V.SOTUELAMOS,Queso de Oveja Trufado L. de Oveja Pasteurizada,Quesos Nacionales,28.6,28.6,,False,28.6,KILO,1 Kg,False,https://tienda.consum.es/es/p/queso-de-oveja-trufado-l-de-oveja-pasteurizada/7317449,https://cdn-consum.aktiosdigitalservices.com/tol/consum/media/product/img/300x300/7317449.jpg?t=20260901080705,2026-10-08T22:06:02
queso,Consum,700971,8410633012073,EL VENTERO,Queso Tierno Barra Lec.Mezcla Pasteurizada,Quesos de Barra,17.95,17.95,,False,17.95,KILO,1 Kg,False,https://tienda.consum.es/es/p/queso-tierno-barra-lecmezcla-pasteurizada/700971,https://cdn-consum.aktiosdigitalservices.com/tol/consum/media/product/img/300x300/700971.jpg?t=20260901080635,2026-10-08T22:06:02
queso,Consum,7142441,8437001300389,CARMEN,Queso Tierno Barra Lec.Mezcla Pasteurizada,Quesos de Barra,15.5,15.5,,False,15.5,KILO,1 Kg,False,https://tienda.consum.es/es/p/queso-tierno-barra-lecmezcla-pasteurizada/7142441,https://cdn-consum.aktiosdigitalservices.com/tol/consum/media/product/img/300x300/7142441.jpg?t=20260901080640,2026-10-08T22:06:02
queso,Consum,7482982,8413376051064,EL PASTOR,Queso Tostado Añejo L.Mezcla Pasteurizada,Quesos Nacionales,21.5,21.5,,False,21.5,KILO,1 Kg,False,https://tienda.consum.es/es/p/queso-tostado-anejo-lmezcla-pasteurizada/7482982,https://cdn-consum.aktiosdigitalservices.com/tol/consum/media/product/img/300x300/7482982.jpg?t=20260901080930,2026-10-08T22:06:02
queso,Consum,7173859,8414807526434,CONSUM,Tabla Mixta de Quesos,Tablas,2.99,2.99,,False,19.93,KILO,1 Kg,False,https://tienda.consum.es/es/p/tabla-mixta-de-quesos/7173859,https://cdn-consum.aktiosdigitalservices.com/tol/consum/media/product/img/300x300/7173859.jpg?t=20260812080218,2026-10-08T22:06:02
queso,Consum,7455413,8412289062051,G.BAQUERO,Keos Ensalada Queso de Vaca Cremoso,Frescos y para ensaladas,2.05,2.05,,False,20.5,KILO,1 Kg,False,https://tienda.consum.es/es/p/keos-ensalada-queso-de-vaca-cremoso/7455413,https://cdn-consum.aktiosdigitalservices.com/tol/consum/media/product/img/300x300/7455413.jpg?t=20260827104654,2026-10-08T22:06:02
queso,Consum,7361934,8413376042215,EL PASTOR,Lonchas de Queso Semicurado Santtum,En lonchas,1.59,1.59,,False,19.88,KILO,1 Kg,False,https://tienda.consum.es/es/p/lonchas-de-queso-semicurado-santtum/7361934,https://cdn-consum.aktiosdigitalservices.com/tol/consum/media/product/img/300x300/7361934.jpg?t=20260812080337,2026-10-08T22:06:02
queso,Consum,7201460,8437001300556,GRANJA RINYA,Requesón,Frescos y para ensaladas,1.0,1.0,,False,5.0,KILO,1 Kg,False,https://tienda.consum.es/es/p/requeson/7201460,https://cdn-consum.aktiosdigitalservices.com/tol/consum/media/product/img/300x300/7201460.jpg?t=20260812080228,2026-10-08T22:06:02
queso,Consum,7336266,5202390015878,VIOLIFE,Lonchas Veganas Sabor Original,En lonchas,3.89,3.89,,False,19.45,KILO,1 Kg,False,https://tienda.consum.es/es/p/lonchas-veganas-sabor-original/7336266,https://cdn-consum.aktiosdigitalservices.com/tol/consum/media/product/img/300x300/7336266.jpg?t=20260827102205,2026-10-08T22:06:02
queso,Consum,7362952,8435115058134,JUAN LUNA,Dados de Queso 100% Cabra,Frescos y para ensaladas,2.39,2.39,,False,23.9,KILO,1 Kg,False,https://tienda.consum.es/es/p/dados-de-queso-100-cabra/7362952,https://cdn-consum.aktiosdigitalservices.com/tol/consum/media/product/img/300x300/7362952.jpg?t=20260827102451,2026-10-08T22:06:02
queso,Consum,7260664,8008706616404,FERRARINI,Escamas de Queso Parmigiano Reggiano,Quesos Rallados,3.29,3.29,,False,41.13,KILO,1 Kg,False,https://tienda.consum.es/es/p/escamas-de-queso-parmigiano-reggiano/7260664,https://cdn-consum.aktiosdigitalservices.com/tol/consum/media/product/img/300x300/7260664.jpg?t=20260812080249,2026-10-08T22:06:02
queso,Consum,7459878,8002670007466,GRANAROLO,Burrata,Frescos y para ensaladas,2.35,2.35,,False,18.8,KILO,1 Kg,False,https://tienda.consum.es/es/p/burrata/7459878,https://cdn-consum.aktiosdigitalservices.com/tol/consum/media/product/img/300x300/7459878.jpg?t=20260827104837,2026-10-08T22:06:02
queso,Consum,7207371,8000430133141,GALBANI,Mozzarella,Frescos y para ensaladas,1.59,1.59,,False,15.9,KILO,1 Kg,False,https://tienda.consum.es/es/p/mozzarella/7207371,https://cdn-consum.aktiosdigitalservices.com/tol/consum/media/product/img/300x300/7207371.jpg?t=20260812080230,2026-10-08T22:06:02
queso,Consum,7317170,8032644502901,SPIGA,Burrata Vassetto,Frescos y para ensaladas,2.9,2.9,,False,23.2,KILO,1 Kg,False,https://tienda.consum.es/es/p/burrata-vassetto/7317170,https://cdn-consum.aktiosdigitalservices.com/tol/consum/media/product/img/300x300/7317170.jpg?t=20260812080315,2026-10-08T22:06:02
queso,Consum,7300015,8718300887406,VIVERA,Tofu Bio,Frescos y refrigerados,3.45,3.45,,False,8.63,KILO,1 Kg,False,https://tienda.consum.es/es/p/tofu-bio/7300015,https://cdn-consum.aktiosdigitalservices.com/tol/consum/media/product/img/300x300/7300015.jpg?t=20260812080306,2026-10-08T22:06:02
queso,Consum,7464548,4019300174348,EXQUISA,Cottage Natural,Frescos y para ensaladas,1.95,1.95,,False,9.75,KILO,1 Kg,False,https://tienda.consum.es/es/p/cottage-natural/7464548,https://cdn-consum.aktiosdigitalservices.com/tol/consum/media/product/img/300x300/7464548.jpg?t=20260811080226,2026-10-08T22:06:02
queso,Consum,7262673,8437020652858,SPIGA,Mozzarella Buffala DOP,Frescos y para ensaladas,2.15,2.15,,False,17.2,KILO,1 Kg,False,https://tienda.consum.es/es/p/mozzarella-buffala-dop/7262673,https://cdn-consum.aktiosdigitalservices.com/tol/consum/media/product/img/300x300/7262673.jpg?t=20260812080250,2026-10-08T22:06:02
queso,Consum,7361715,8435115054983,JUAN LUNA,"Dados Ensaladas Edam,Gouda y Cheddar",Frescos y para ensaladas,1.49,1.49,,False,14.9,KILO,1 Kg,False,https://tienda.consum.es/es/p/dados-ensaladas-edamgouda-y-cheddar/7361715,https://cdn-consum.aktiosdigitalservices.com/tol/consum/media/product/img/300x300/7361715.jpg?t=20260812080337,2026-10-08T22:06:02
queso,Consum,7417665,8413100618150,BURGO ARIAS,Burgo de Arias Protein Plus,Frescos y para ensaladas,2.49,2.49,,False,11.86,KILO,1 Kg,False,https://tienda.consum.es/es/p/burgo-de-arias-protein-plus/7417665,https://cdn-consum.aktiosdigitalservices.com/tol/consum/media/product/img/300x300/7417665.jpg?t=20260812080414,2026-10-08T22:06:02
queso,Consum,7213866,8000430172010,GALBANI,Mascarpone,Frescos y para ensaladas,3.4,3.95,3.4,True,13.6,KILO,1 Kg,False,https://tienda.consum.es/es/p/mascarpone/7213866,https://cdn-consum.aktiosdigitalservices.com/tol/consum/media/product/img/300x300/7213866.jpg?t=20260812080232,2026-10-08T22:06:02
queso,Consum,7459886,8002670002010,GRANAROLO,Mascarpone,Frescos y para ensaladas,3.15,3.15,,False,12.6,KILO,1 Kg,False,https://tienda.consum.es/es/p/mascarpone/7459886,https://cdn-consum.aktiosdigitalservices.com/tol/consum/media/product/img/300x300/7459886.jpg?t=20260812080500,2026-10-08T22:06:02
queso,Consum,7484355,8436593330736,SPIGA,Ricotta Di Vaca Cremosa Gourmet,Frescos y para ensaladas,1.99,1.99,,False,7.96,KILO,1 Kg,False,https://tienda.consum.es/es/p/ricotta-di-vaca-cremosa-gourmet/7484355,https://cdn-consum.aktiosdigitalservices.com/tol/consum/media/product/img/300x300/7484355.jpg?t=20260825080117,2026-10-08T22:06:02
queso,Consum,7457885,8000430137019,GALBANI,Mozzarella Light,Frescos y para ensaladas,1.89,1.89,,False,15.12,KILO,1 Kg,False,https://tienda.consum.es/es/p/mozzarella-light/7457885,https://cdn-consum.aktiosdigitalservices.com/tol/consum/media/product/img/300x300/7457885.jpg?t=20260827104747,2026-10-08T22:06:02
queso,Consum,7413953,8432022000010,MARGUI,Cottage Natural 0% Materia Grasa,Frescos y para ensaladas,1.35,1.35,,False,6.75,KILO,1 Kg,False,https://tienda.consum.es/es/p/cottage-natural-0-materia-grasa/7413953,https://cdn-consum.aktiosdigitalservices.com/tol/consum/media/product/img/300x300/7413953.jpg?t=20260812080411,2026-10-08T22:06:02
queso,Consum,7336337,5202390019319,VIOLIFE,Rallado Vegano Estilo Mozzarella,Quesos Rallados,3.89,3.89,,False,19.45,KILO,1 Kg,False,https://tienda.consum.es/es/p/rallado-vegano-estilo-mozzarella/7336337,https://cdn-consum.aktiosdigitalservices.com/tol/consum/media/product/img/300x300/7336337.jpg?t=20260812080323,2026-10-08T22:06:02
queso,Consum,7338882,8412289006680,G.BAQUERO,Tabla de Quesos Gourmet,Tablas,3.95,3.95,,False,26.33,KILO,1 Kg,False,https://tienda.consum.es/es/p/tabla-de-quesos-gourmet/7338882,https://cdn-consum.aktiosdigitalservices.com/tol/consum/media/product/img/300x300/7338882.jpg?t=20260812080324,2026-10-08T22:06:02
queso,Consum,7189926,8414807529640,CONSUM,Salchichas con Queso 7 Unidades,Salchichas,1.34,1.34,,False,3.19,KILO,1 Kg,False,https://tienda.consum.es/es/p/salchichas-con-queso-7-unidades/7189926,https://cdn-consum.aktiosdigitalservices.com/tol/consum/media/product/img/300x300/7189926.jpg?t=20260812080224,2026-10-08T22:06:02
queso,Consum,7028343,3228022040195,PRESIDENT,Crema de Queso Semicurado Tarrina,Quesos Para untar,1.99,1.99,,False,15.92,KILO,1 Kg,False,https://tienda.consum.es/es/p/crema-de-queso-semicurado-tarrina/7028343,https://cdn-consum.aktiosdigitalservices.com/tol/consum/media/product/img/300x300/7028343.jpg?t=20260827095854,2026-10-08T22:06:02
queso,Consum,7372550,5902899144382,CREMETTE,Crema de Queso Finas Hierbas,Especial Navidad,2.13,2.13,,False,14.2,KILO,1 Kg,False,https://tienda.consum.es/es/p/crema-de-queso-finas-hierbas/7372550,https://cdn-consum.aktiosdigitalservices.com/tol/consum/media/product/img/300x300/7372550.jpg?t=20260827102614,2026-10-08T22:06:02
queso,Consum,7028350,3228022040201,PRESIDENT,Crema de Queso Azul Tarrina,Quesos Para untar,1.99,1.99,,False,15.92,KILO,1 Kg,False,https://tienda.consum.es/es/p/crema-de-queso-azul-tarrina/7028350,https://cdn-consum.aktiosdigitalservices.com/tol/consum/media/product/img/300x300/7028350.jpg?t=20260827095856,2026-10-08T22:06:02
queso,Consum,7359466,3228023050469,PRESIDENT,Crema de Queso Cheddar,Quesos Para untar,1.99,1.99,,False,15.92,KILO,1 Kg,False,https://tienda.consum.es/es/p/crema-de-queso-cheddar/7359466,https://cdn-consum.aktiosdigitalservices.com/tol/consum/media/product/img/300x300/7359466.jpg?t=20260827102423,2026-10-08T22:06:02
queso,Consum,7386048,8410285127835,EL VENTERO,Cortaditas Queso Tierno sin Lactosa,Cuña tierno y saludable,3.99,3.99,,False,19.95,KILO,1 Kg,False,https://tienda.consum.es/es/p/cortaditas-queso-tierno-sin-lactosa/7386048,https://cdn-consum.aktiosdigitalservices.com/tol/consum/media/product/img/300x300/7386048.jpg?t=20260812080350,2026-10-08T22:06:02
queso,Consum,7103658,7622210103314,PHILADELPHIA,Philadelphia Natural Tarrina,Quesos Para untar,2.28,2.59,2.28,True,11.4,KILO,1 Kg,False,https://tienda.consum.es/es/p/philadelphia-natural-tarrina/7103658,https://cdn-consum.aktiosdigitalservices.com/tol/consum/media/product/img/300x300/7103658.jpg?t=20260812080207,2026-10-08T22:06:02
queso,Consum,7214757,7622210103673,PHILADELPHIA,Philadelphia Natural Tarrina,Quesos Para untar,3.73,3.73,,False,10.66,KILO,1 Kg,False,https://tienda.consum.es/es/p/philadelphia-natural-tarrina/7214757,https://cdn-consum.aktiosdigitalservices.com/tol/consum/media/product/img/300x300/7214757.jpg?t=20260827100918,2026-10-08T22:06:02
queso,Consum,7214765,7622210103253,PHILADELPHIA,Philadelphia Light Tarrina,Quesos Para untar,3.73,3.73,,False,10.66,KILO,1 Kg,False,https://tienda.consum.es/es/p/philadelphia-light-tarrina/7214765,https://cdn-consum.aktiosdigitalservices.com/tol/consum/media/product/img/300x300/7214765.jpg?t=20260827100920,2026-10-08T22:06:02
queso,Consum,7422020,3123930612383,ENTREMONT,Emmental Francés Cuña,Quesos de importación,3.05,3.05,,False,13.86,KILO,1 Kg,False,https://tienda.consum.es/es/p/emmental-frances-cuna/7422020,https://cdn-consum.aktiosdigitalservices.com/tol/consum/media/product/img/300x300/7422020.jpg?t=20260812080418,2026-10-08T22:06:02
queso,Consum,7121601,8008706608225,FERRARINI,Parmigiano Reggiano Cuña,Quesos de importación,5.75,5.75,,False,31.94,KILO,1 Kg,False,https://tienda.consum.es/es/p/parmigiano-reggiano-cuna/7121601,https://cdn-consum.aktiosdigitalservices.com/tol/consum/media/product/img/300x300/7121601.jpg?t=20260827100352,2026-10-08T22:06:02
queso,Consum,2000362,3228021000145,PRESIDENT,Crema de Camembert Tarrina,Quesos Para untar,1.99,1.99,,False,15.92,KILO,1 Kg,False,https://tienda.consum.es/es/p/crema-de-camembert-tarrina/2000362,https://cdn-consum.aktiosdigitalservices.com/tol/consum/media/product/img/300x300/2000362.jpg?t=20260827095704,2026-10-08T22:06:02
queso,Consum,7197023,3228020110029,NORMANDIE,Camembert,"Brie, camembert y cremosos",1.99,1.99,,False,8.29,KILO,1 Kg,False,https://tienda.consum.es/es/p/camembert/7197023,https://cdn-consum.aktiosdigitalservices.com/tol/consum/media/product/img/300x300/7197023.jpg?t=20260812080226,2026-10-08T22:06:02
queso,Consum,7307312,3073781067057,MINIBABYBEL,Minibabybel Enrollado 5 Unidades,Fundidos y porciones,2.65,2.65,,False,31.18,KILO,1 Kg,False,https://tienda.consum.es/es/p/minibabybel-enrollado-5-unidades/7307312,https://cdn-consum.aktiosdigitalservices.com/tol/consum/media/product/img/300x300/7307312.jpg?t=20260812080310,2026-10-08T22:06:02
queso,Consum,7084288,7622210103338,PHILADELPHIA,Philadelphia Light Tarrina,Quesos Para untar,2.29,2.59,2.29,True,11.45,KILO,1 Kg,False,https://tienda.consum.es/es/p/philadelphia-light-tarrina/7084288,https://cdn-consum.aktiosdigitalservices.com/tol/consum/media/product/img/300x300/7084288.jpg?t=20260812080203,2026-10-08T22:06:02
queso,Consum,684639,3073780810661,VACA QUE RIE,Palitos Pic y Croq 4 Paquetes,Fundidos y porciones,2.33,2.59,2.33,True,16.64,KILO,1 Kg,False,https://tienda.consum.es/es/p/palitos-pic-y-croq-4-paquetes/684639,https://cdn-consum.aktiosdigitalservices.com/tol/consum/media/product/img/300x300/684639.jpg?t=20260812080139,2026-10-08T22:06:02
queso,Consum,7333342,8436593331160,SPIGA,Provolone Dolce Oregano,Fundidos y porciones,1.99,1.99,,False,13.27,KILO,1 Kg,False,https://tienda.consum.es/es/p/provolone-dolce-oregano/7333342,https://cdn-consum.aktiosdigitalservices.com/tol/consum/media/product/img/300x300/7333342.jpg?t=20260812080322,2026-10-08T22:06:02
queso,Consum,7347524,8435115056482,JUAN LUNA,Tabla de Quesos Nacionales 12 Cuñitas,Tablas,4.17,4.17,,False,20.85,KILO,1 Kg,False,https://tienda.consum.es/es/p/tabla-de-quesos-nacionales-12-cunitas/7347524,https://cdn-consum.aktiosdigitalservices.com/tol/consum/media/product/img/300x300/7347524.jpg?t=20260812080329,2026-10-08T22:06:02
queso,Consum,7426740,7622201745752,PHILADELPHIA,Philadelphia Vegetal 100% Vegano,Quesos Para untar,3.15,3.15,,False,21.72,KILO,1 Kg,False,https://tienda.consum.es/es/p/philadelphia-vegetal-100-vegano/7426740,https://cdn-consum.aktiosdigitalservices.com/tol/consum/media/product/img/300x300/7426740.jpg?t=20260812080423,2026-10-08T22:06:02
queso,Consum,7120900,7622210981141,PHILADELPHIA,Philadelphia Finas Hierbas,Quesos Para untar,2.7,2.7,,False,18.0,KILO,1 Kg,False,https://tienda.consum.es/es/p/philadelphia-finas-hierbas/7120900,https://cdn-consum.aktiosdigitalservices.com/tol/consum/media/product/img/300x300/7120900.jpg?t=20260812080210,2026-10-08T22:06:02
queso,Consum,7225019,8422237252892,SANTA TERESA,Membrillo en Lonchas,Membrillo,3.25,3.25,,False,21.67,KILO,1 Kg,False,https://tienda.consum.es/es/p/membrillo-en-lonchas/7225019,https://cdn-consum.aktiosdigitalservices.com/tol/consum/media/product/img/300x300/7225019.jpg?t=20260812080237,2026-10-08T22:06:02
queso,Consum,7302057,8422237252663,SANTA TERESA,Membrillo Bio,Membrillo,4.59,4.59,,False,15.83,KILO,1 Kg,False,https://tienda.consum.es/es/p/membrillo-bio/7302057,https://cdn-consum.aktiosdigitalservices.com/tol/consum/media/product/img/300x300/7302057.jpg?t=20260827101750,2026-10-08T22:06:02
queso,Consum,7322662,3228021180120,PRESIDENT,Crema de  Brie con Trufa,Especial Navidad,1.99,1.99,,False,18.95,KILO,1 Kg,False,https://tienda.consum.es/es/p/crema-de-brie-con-trufa/7322662,https://cdn-consum.aktiosdigitalservices.com/tol/consum/media/product/img/300x300/7322662.jpg?t=20260827101958,2026-10-08T22:06:02
queso,Consum,7334345,4003655070486,COBURGER,Camembert Empanado,"Brie, camembert y cremosos",3.99,3.99,,False,11.4,KILO,1 Kg,False,https://tienda.consum.es/es/p/camembert-empanado/7334345,https://cdn-consum.aktiosdigitalservices.com/tol/consum/media/product/img/300x300/7334345.jpg?t=20260812080323,2026-10-08T22:06:02
queso,Consum,7361405,8422237252243,SANTA TERESA,Membrillo para Untar,Membrillo,2.19,2.19,,False,12.51,KILO,1 Kg,False,https://tienda.consum.es/es/p/membrillo-para-untar/7361405,https://cdn-consum.aktiosdigitalservices.com/tol/consum/media/product/img/300x300/7361405.jpg?t=20260812080337,2026-10-08T22:06:02
queso,Consum,7434988,3123931280338,ENTREMONT,Raclette,Fundidos y porciones,3.19,3.19,,False,12.76,KILO,1 Kg,False,https://tienda.consum.es/es/p/raclette/7434988,https://cdn-consum.aktiosdigitalservices.com/tol/consum/media/product/img/300x300/7434988.jpg?t=20260812080432,2026-10-08T22:06:02
queso,Consum,7459084,7622202302206,PHILADELPHIA,Philadelpia Natural Monodosis,Quesos Para untar,1.85,1.85,,False,13.21,KILO,1 Kg,False,https://tienda.consum.es/es/p/philadelpia-natural-monodosis/7459084,https://cdn-consum.aktiosdigitalservices.com/tol/consum/media/product/img/300x300/7459084.jpg?t=20260827104811,2026-10-08T22:06:02
queso,Consum,7467731,8435115062346,JUAN LUNA,Tabla Gourmet Quesos Internacionales,Tablas,2.99,2.99,,False,19.93,KILO,1 Kg,False,https://tienda.consum.es/es/p/tabla-gourmet-quesos-internacionales/7467731,https://cdn-consum.aktiosdigitalservices.com/tol/consum/media/product/img/300x300/7467731.jpg?t=20260707081004,2026-10-08T22:06:02
queso,Consum,7171338,8436591110248,GRANJA RINYA,Tarta de Queso Artesana,Frescos y para ensaladas,8.79,9.99,8.79,True,8.79,KILO,1 Kg,False,https://tienda.consum.es/es/p/tarta-de-queso-artesana/7171338,https://cdn-consum.aktiosdigitalservices.com/tol/consum/media/product/img/300x300/7171338.jpg?t=20260901080643,2026-10-08T22:06:02
queso,Consum,7033202,8414807501103,CONSUM,Galletas María Pack de 4,Desayuno y maría,1.35,1.35,,False,1.69,KILO,1 Kg,False,https://tienda.consum.es/es/p/galletas-maria-pack-de-4/7033202,https://cdn-consum.aktiosdigitalservices.com/tol/consum/media/product/img/300x300/7033202.jpg?t=20260818075732,2026-10-08T22:06:02
queso,Consum,7410061,8414807556059,CONSUM,Pistacho Tostado con Cáscara y sin Sal,Pistachos,3.4,3.4,,False,13.6,KILO,1 Kg,False,https://tienda.consum.es/es/p/pistacho-tostado-con-cascara-y-sin-sal/7410061,https://cdn-consum.aktiosdigitalservices.com/tol/consum/media/product/img/300x300/7410061.jpg?t=20260812080408,2026-10-08T22:06:02
queso,Consum,7435840,8414807559418,CONSUM,Ajo Molido,Especias,0.95,0.95,,False,11.18,KILO,1 Kg,False,https://tienda.consum.es/es/p/ajo-molido/7435840,https://cdn-consum.aktiosdigitalservices.com/tol/consum/media/product/img/300x300/7435840.jpg?t=20260812080433,2026-10-08T22:06:02
queso,Consum,7056559,8414807502933,CONSUM,Ganchito Maíz Sabor Queso Bolsa,Snacks y otros aperitivos,0.75,0.75,,False,9.38,KILO,1 Kg,False,https://tienda.consum.es/es/p/ganchito-maiz-sabor-queso-bolsa/7056559,https://cdn-consum.aktiosdigitalservices.com/tol/consum/media/product/img/300x300/7056559.jpg?t=20260812080156,2026-10-08T22:06:02
queso,Consum,7391811,8414807553706,CONSUM,Salsa Mexicana Queso Tarro,Mexicano,1.69,1.69,,False,5.63,LITRO,1 L,False,https://tienda.consum.es/es/p/salsa-mexicana-queso-tarro/7391811,https://cdn-consum.aktiosdigitalservices.com/tol/consum/media/product/img/300x300/7391811.jpg?t=20260812080354,2026-10-08T22:06:02
queso,Consum,294181,84150684,OSCAR MAYER,Salchichas Wieners Queso,Salchichas,1.35,1.35,,False,6.75,KILO,1 Kg,False,https://tienda.consum.es/es/p/salchichas-wieners-queso/294181,https://cdn-consum.aktiosdigitalservices.com/tol/consum/media/product/img/300x300/294181.jpg?t=20260827095256,2026-10-08T22:06:02
queso,Consum,5526686,8412276413330,,Berenjena Negra,"Calabaza, calabacín y berenjena",0.89,0.89,,False,2.3,KILO,1 Kg,False,https://tienda.consum.es/es/p/berenjena-negra/5526686,https://cdn-consum.aktiosdigitalservices.com/tol/consum/media/product/img/300x300/5526686.jpg?t=20260901075843,2026-10-08T22:06:02
queso,Consum,7303691,8437014941777,DIQUESÍ,Ensalada Completa Queso de cabra,Ensaladas preparadas y guacamole,3.35,3.35,,False,23.1,KILO,1 Kg,False,https://tienda.consum.es/es/p/ensalada-completa-queso-de-cabra/7303691,https://cdn-consum.aktiosdigitalservices.com/tol/consum/media/product/img/300x300/7303691.jpg?t=20260812080308,2026-10-08T22:06:02
queso,Consum,7448384,8414807560643,CONSUM,Cheeskis Snack Maíz Sabor Queso,Snacks y otros aperitivos,1.1,1.1,,False,10.0,KILO,1 Kg,False,https://tienda.consum.es/es/p/cheeskis-snack-maiz-sabor-queso/7448384,https://cdn-consum.aktiosdigitalservices.com/tol/consum/media/product/img/300x300/7448384.jpg?t=20260812080446,2026-10-08T22:06:02
queso,Consum,7461564,8436000460025,ALDELIS,Librito Lomo de Cerdo Con Bacon y Queso,Cerdo,2.43,2.43,,False,12.15,KILO,1 Kg,False,https://tienda.consum.es/es/p/librito-lomo-de-cerdo-con-bacon-y-queso/7461564,https://cdn-consum.aktiosdigitalservices.com/tol/consum/media/product/img/300x300/7461564.jpg?t=20260812080503,2026-10-08T22:06:02
queso,Consum,7050326,8410486078400,OSCAR MAYER,Salchichas con Queso Jumbo,Salchichas,2.39,2.7,2.39,True,6.82,KILO,1 Kg,False,https://tienda.consum.es/es/p/salchichas-con-queso-jumbo/7050326,https://cdn-consum.aktiosdigitalservices.com/tol/consum/media/product/img/300x300/7050326.jpg?t=20260827095929,2026-10-08T22:06:02
queso,Consum,7440902,8437026509057,,Guacamole con Queso de Cabra,Ensaladas preparadas y guacamole,1.99,1.99,,False,15.92,KILO,1 Kg,False,https://tienda.consum.es/es/p/guacamole-con-queso-de-cabra/7440902,https://cdn-consum.aktiosdigitalservices.com/tol/consum/media/product/img/300x300/7440902.jpg?t=20260812080439,2026-10-08T22:06:02
queso,Consum,7461551,8436000466423,ALDELIS,Flamenquines De Pavo y Queso,Aves,3.21,3.49,3.21,True,12.59,KILO,1 Kg,False,https://tienda.consum.es/es/p/flamenquines-de-pavo-y-queso/7461551,https://cdn-consum.aktiosdigitalservices.com/tol/consum/media/product/img/300x300/7461551.jpg?t=20260812080503,2026-10-08T22:06:02
queso,Consum,7483519,8413158089162,MÜBO,Burger Mixta Carrillera&Queso,Picadas y hamburguesas,4.95,4.95,,False,19.04,KILO,1 Kg,False,https://tienda.consum.es/es/p/burger-mixta-carrilleraqueso/7483519,https://cdn-consum.aktiosdigitalservices.com/tol/consum/media/product/img/300x300/7483519.jpg?t=20260901080625,2026-10-08T22:06:02
queso,Consum,31096,8437013524254,,Melocotón Rojo,Fruta de temporada,0.61,0.61,,False,2.99,KILO,1 Kg,False,https://tienda.consum.es/es/p/melocoton-rojo/31096,https://cdn-consum.aktiosdigitalservices.com/tol/consum/media/product/img/300x300/31096.jpg?t=20260901075712,2026-10-08T22:06:02
queso,Consum,7448392,8414807560650,CONSUM,Conos de Maíz Sabor Queso y Bacón,Snacks y otros aperitivos,0.8,0.8,,False,8.0,KILO,1 Kg,False,https://tienda.consum.es/es/p/conos-de-maiz-sabor-queso-y-bacon/7448392,https://cdn-consum.aktiosdigitalservices.com/tol/consum/media/product/img/300x300/7448392.jpg?t=20260812080446,2026-10-08T22:06:02
queso,Consum,7471258,8425779053057,,"Barqueta Micro Brocoli, Bacon y Queso",Verduras microondas,3.59,3.59,,False,15.61,KILO,1 Kg,False,https://tienda.consum.es/es/p/barqueta-micro-brocoli-bacon-y-queso/7471258,https://cdn-consum.aktiosdigitalservices.com/tol/consum/media/product/img/300x300/7471258.jpg?t=20260812080516,2026-10-08T22:06:02
queso,Consum,4501375,8412276246518,,Zanahoria Tierna Bolsa,Zanahorias y otras raíces,0.8,0.8,,False,1.6,KILO,1 Kg,False,https://tienda.consum.es/es/p/zanahoria-tierna-bolsa/4501375,https://cdn-consum.aktiosdigitalservices.com/tol/consum/media/product/img/300x300/4501375.jpg?t=20260812080146,2026-10-08T22:06:02
queso,Consum,7033207,8414807501110,CONSUM,Galletas Doradas Pack de 4,Desayuno y maría,1.35,1.35,,False,1.69,KILO,1 Kg,False,https://tienda.consum.es/es/p/galletas-doradas-pack-de-4/7033207,https://cdn-consum.aktiosdigitalservices.com/tol/consum/media/product/img/300x300/7033207.jpg?t=20260818075733,2026-10-08T22:06:02
queso,Consum,7142474,8414807519771,CONSUM,Pizza Jamón y Queso al Horno de Piedra,Pizzas  ,2.5,2.5,,False,6.25,KILO,1 Kg,False,https://tienda.consum.es/es/p/pizza-jamon-y-queso-al-horno-de-piedra/7142474,https://cdn-consum.aktiosdigitalservices.com/tol/consum/media/product/img/300x300/7142474.jpg?t=20260812080212,2026-10-08T22:06:02
queso,Consum,7151343,8414807520296,CONSUM,Pizza Jamón y Queso,Pizza congelada,2.5,2.5,,False,6.58,KILO,1 Kg,False,https://tienda.consum.es/es/p/pizza-jamon-y-queso/7151343,https://cdn-consum.aktiosdigitalservices.com/tol/consum/media/product/img/300x300/7151343.jpg?t=20260812080213,2026-10-08T22:06:02
queso,Consum,7034051,8414807500588,CONSUM,Aceitunas Negras sin Hueso  Lata,Aceitunas sin hueso,1.19,1.19,,False,7.93,KILO,1 Kg,False,https://tienda.consum.es/es/p/aceitunas-negras-sin-hueso-lata/7034051,https://cdn-consum.aktiosdigitalservices.com/tol/consum/media/product/img/300x300/7034051.jpg?t=20260812080151,2026-10-08T22:06:02
queso,Consum,7055267,8414807503039,CONSUM,Mermelada Melocotón Frasco,Mermeladas y confituras,1.29,1.29,,False,3.15,KILO,1 Kg,False,https://tienda.consum.es/es/p/mermelada-melocoton-frasco/7055267,https://cdn-consum.aktiosdigitalservices.com/tol/consum/media/product/img/300x300/7055267.jpg?t=20260812080156,2026-10-08T22:06:02
queso,Consum,56911,8420814032769,,Patata  Selección Nueva de España,Patatas,0.59,0.59,,False,1.9,KILO,1 Kg,False,https://tienda.consum.es/es/p/patata-seleccion-nueva-de-espana/56911,https://cdn-consum.aktiosdigitalservices.com/tol/consum/media/product/img/300x300/56911.jpg?t=20260831075632,2026-10-08T22:06:02
queso,Consum,489831,8437006708609,,Mandarina Granel,Cítricos,0.33,0.33,,False,2.65,KILO,1 Kg,False,https://tienda.consum.es/es/p/mandarina-granel/489831,https://cdn-consum.aktiosdigitalservices.com/tol/consum/media/product/img/300x300/489831.jpg?t=20260901075759,2026-10-08T22:06:02
queso,Consum,7069917,8008706620142,FERRARINI,Q Parmigiano Reggiano D.O.P. L.Cruda de Vaca,Otros quesos importación,33.9,33.9,,False,33.9,KILO,1 Kg,False,https://tienda.consum.es/es/p/q-parmigiano-reggiano-dop-lcruda-de-vaca/7069917,https://cdn-consum.aktiosdigitalservices.com/tol/consum/media/product/img/300x300/7069917.jpg?t=20260901080638,2026-10-08T22:06:02
queso,Consum,7179398,8422237252984,SANTA TERESA,Membrillo Artesano Natural sin Gluten,Membrillo,15.9,15.9,,False,15.9,KILO,1 Kg,False,https://tienda.consum.es/es/p/membrillo-artesano-natural-sin-gluten/7179398,https://cdn-consum.aktiosdigitalservices.com/tol/consum/media/product/img/300x300/7179398.jpg?t=20260901080643,2026-10-08T22:06:02
queso,Consum,7142479,8414807519788,CONSUM,Pizza 4 Quesos al Horno de Piedra,Pizzas  ,2.9,2.9,,False,7.25,KILO,1 Kg,False,https://tienda.consum.es/es/p/pizza-4-quesos-al-horno-de-piedra/7142479,https://cdn-consum.aktiosdigitalservices.com/tol/consum/media/product/img/300x300/7142479.jpg?t=20260812080212,2026-10-08T22:06:02
queso,Consum,7151335,8414807520289,CONSUM,Pizza 5 Quesos,Pizza congelada,2.5,2.5,,False,7.25,KILO,1 Kg,False,https://tienda.consum.es/es/p/pizza-5-quesos/7151335,https://cdn-consum.aktiosdigitalservices.com/tol/consum/media/product/img/300x300/7151335.jpg?t=20260812080213,2026-10-08T22:06:02
queso,Consum,4222840,8410762220806,TARRADELLAS,Pizza Jamón y Queso Pack de 2 Unidades,Pizzas  ,3.19,3.19,,False,7.25,KILO,1 Kg,False,https://tienda.consum.es/es/p/pizza-jamon-y-queso-pack-de-2-unidades/4222840,https://cdn-consum.aktiosdigitalservices.com/tol/consum/media/product/img/300x300/4222840.jpg?t=20260812080146,2026-10-08T22:06:02
queso,Consum,315499,8410199790958,CHEETOS,Aperitivo de Maíz Pelotazos Sabor Queso,Snacks y otros aperitivos,1.65,1.65,,False,12.69,KILO,1 Kg,False,https://tienda.consum.es/es/p/aperitivo-de-maiz-pelotazos-sabor-queso/315499,https://cdn-consum.aktiosdigitalservices.com/tol/consum/media/product/img/300x300/315499.jpg?t=20260827095346,2026-10-08T22:06:02
queso,Consum,505552,8410762220059,TARRADELLAS,Pizza Jamón y Queso,Pizzas  ,3.19,3.19,,False,7.88,KILO,1 Kg,False,https://tienda.consum.es/es/p/pizza-jamon-y-queso/505552,https://cdn-consum.aktiosdigitalservices.com/tol/consum/media/product/img/300x300/505552.jpg?t=20260812080138,2026-10-08T22:06:02
queso,Consum,7242480,8423207208031,BICENTURY,"Tortita Maíz Seta, Trufa y Queso",Tortitas,2.39,2.39,,False,19.35,KILO,1 Kg,False,https://tienda.consum.es/es/p/tortita-maiz-seta-trufa-y-queso/7242480,https://cdn-consum.aktiosdigitalservices.com/tol/consum/media/product/img/300x300/7242480.jpg?t=20260827101140,2026-10-08T22:06:02
queso,Consum,7044105,8445290581129,BUITONI,Piccolinis de Jamón y Queso,Pizza congelada,3.99,3.99,,False,14.78,KILO,1 Kg,False,https://tienda.consum.es/es/p/piccolinis-de-jamon-y-queso/7044105,https://cdn-consum.aktiosdigitalservices.com/tol/consum/media/product/img/300x300/7044105.jpg?t=20260901075859,2026-10-08T22:06:02
queso,Consum,7201841,8410175042194,HERO,"Tarrito Calabacín, Jamón y Queso Pack de 2",Potitos de Carne,2.89,3.29,2.89,True,7.61,KILO,1 Kg,False,https://tienda.consum.es/es/p/tarrito-calabacin-jamon-y-queso-pack-de-2/7201841,https://cdn-consum.aktiosdigitalservices.com/tol/consum/media/product/img/300x300/7201841.jpg?t=20260812080229,2026-10-08T22:06:02
queso,Consum,7315950,8425514140134,,Palito Queso y Anchoa 4 Unidades,Empanadillas,1.49,1.49,,False,14.19,KILO,1 Kg,False,https://tienda.consum.es/es/p/palito-queso-y-anchoa-4-unidades/7315950,https://cdn-consum.aktiosdigitalservices.com/tol/consum/media/product/img/300x300/7315950.jpg?t=20260812080314,2026-10-08T22:06:02
queso,Consum,7437267,8413164024454,SNATTS,Snatt's Lenteja Queso y Eneldo,Snacks y otros aperitivos,1.99,1.99,,False,22.11,KILO,1 Kg,False,https://tienda.consum.es/es/p/snatts-lenteja-queso-y-eneldo/7437267,https://cdn-consum.aktiosdigitalservices.com/tol/consum/media/product/img/300x300/7437267.jpg?t=20260827104111,2026-10-08T22:06:02
queso,Consum,7465404,8411859553081,RISI,Risketos Sabor Queso,Snacks y otros aperitivos,1.45,1.45,,False,12.08,KILO,1 Kg,False,https://tienda.consum.es/es/p/risketos-sabor-queso/7465404,https://cdn-consum.aktiosdigitalservices.com/tol/consum/media/product/img/300x300/7465404.jpg?t=20260827105107,2026-10-08T22:06:02
queso,Consum,7392629,8437011727060,,Tarta de Queso al Horno,Tartas ,7.8,7.8,,False,15.6,KILO,1 Kg,False,https://tienda.consum.es/es/p/tarta-de-queso-al-horno/7392629,https://cdn-consum.aktiosdigitalservices.com/tol/consum/media/product/img/300x300/7392629.jpg?t=20260812080354,2026-10-08T22:06:02
queso,Consum,7436517,,,"Calzone Jamón 11,5% y Queso 21,5%",Pizzas y hojaldres,1.59,1.59,,False,10.26,KILO,1 Kg,False,https://tienda.consum.es/es/p/calzone-jamon-115-y-queso-215/7436517,https://cdn-consum.aktiosdigitalservices.com/tol/consum/media/product/img/300x300/7436517.jpg?t=20260901080414,2026-10-08T22:06:02
queso,Consum,7262215,8410705012543,MAHESO,Varitas de Queso,Especial Navidad,2.35,3.15,2.35,True,9.8,KILO,1 Kg,False,https://tienda.consum.es/es/p/varitas-de-queso/7262215,https://cdn-consum.aktiosdigitalservices.com/tol/consum/media/product/img/300x300/7262215.jpg?t=20260827101308,2026-10-08T22:06:02
queso,Consum,7296320,8400240150008,VITAL,Sándwich Jamón York y Queso sin Corteza,Bocadillos y sándwiches,1.85,1.85,,False,12.33,KILO,1 Kg,False,https://tienda.consum.es/es/p/sandwich-jamon-york-y-queso-sin-corteza/7296320,https://cdn-consum.aktiosdigitalservices.com/tol/consum/media/product/img/300x300/7296320.jpg?t=20260812080305,2026-10-08T22:06:02
queso,Consum,7310303,8410320288453,CAMPOFRÍO,Pizza Vegalia de Verdura y Queso Curado,Pizzas  ,3.39,3.39,,False,9.42,KILO,1 Kg,False,https://tienda.consum.es/es/p/pizza-vegalia-de-verdura-y-queso-curado/7310303,https://cdn-consum.aktiosdigitalservices.com/tol/consum/media/product/img/300x300/7310303.jpg?t=20260812080311,2026-10-08T22:06:02
queso,Consum,7317246,8410762221353,TARRADELLAS,Pizza Jamón y Queso sin Gluten y sin Lactosa,Pizzas  ,3.39,3.39,,False,8.07,KILO,1 Kg,False,https://tienda.consum.es/es/p/pizza-jamon-y-queso-sin-gluten-y-sin-lactosa/7317246,https://cdn-consum.aktiosdigitalservices.com/tol/consum/media/product/img/300x300/7317246.jpg?t=20260812080315,2026-10-08T22:06:02
queso,Consum,7468007,8425514010628,,Empanada Hojaldre Bacon 11% Queso 32%,Pizzas y hojaldres,1.4,1.4,,False,14.74,KILO,1 Kg,False,https://tienda.consum.es/es/p/empanada-hojaldre-bacon-11-queso-32/7468007,https://cdn-consum.aktiosdigitalservices.com/tol/consum/media/product/img/300x300/7468007.jpg?t=20260723131109,2026-10-08T22:06:02
queso,Consum,7475952,8425514016262,,Mini Empanadilla Selecta Espinacas Queso 4 Und.,Empanadillas,1.99,1.99,,False,11.85,KILO,1 Kg,False,https://tienda.consum.es/es/p/mini-empanadilla-selecta-espinacas-queso-4-und/7475952,https://cdn-consum.aktiosdigitalservices.com/tol/consum/media/product/img/300x300/7475952.jpg?t=20260812080524,2026-10-08T22:06:02
queso,Consum,7100824,7613032372378,BUITONI,Pizza Forno Jamón y Queso,Pizza congelada,3.0,3.65,3.0,True,8.57,KILO,1 Kg,False,https://tienda.consum.es/es/p/pizza-forno-jamon-y-queso/7100824,https://cdn-consum.aktiosdigitalservices.com/tol/consum/media/product/img/300x300/7100824.jpg?t=20260827100209,2026-10-08T22:06:02
queso,Consum,7154156,8436533731470,DE ORO,Rosca Rústica Serrana con Bacón y Queso,Bocadillos y sándwiches,3.45,3.45,,False,7.19,KILO,1 Kg,False,https://tienda.consum.es/es/p/rosca-rustica-serrana-con-bacon-y-queso/7154156,https://cdn-consum.aktiosdigitalservices.com/tol/consum/media/product/img/300x300/7154156.jpg?t=20260901075944,2026-10-08T22:06:02
queso,Consum,7268253,8426777081172,,Tarta Galleta Arándanos Nata y Queso,Tartas ,9.99,9.99,,False,19.98,KILO,1 Kg,False,https://tienda.consum.es/es/p/tarta-galleta-arandanos-nata-y-queso/7268253,https://cdn-consum.aktiosdigitalservices.com/tol/consum/media/product/img/300x300/7268253.jpg?t=20260812080252,2026-10-08T22:06:02
queso,Consum,7296346,8400240240075,VITAL,Sándwich Pavo y Queso con Espinacas,Bocadillos y sándwiches,1.85,1.85,,False,9.74,KILO,1 Kg,False,https://tienda.consum.es/es/p/sandwich-pavo-y-queso-con-espinacas/7296346,https://cdn-consum.aktiosdigitalservices.com/tol/consum/media/product/img/300x300/7296346.jpg?t=20260812080305,2026-10-08T22:06:02
queso,Consum,7439821,7622300571351,TUC,Galletas Tuc Queso,Galletas saladas,1.59,1.59,,False,15.9,KILO,1 Kg,False,https://tienda.consum.es/es/p/galletas-tuc-queso/7439821,https://cdn-consum.aktiosdigitalservices.com/tol/consum/media/product/img/300x300/7439821.jpg?t=20260827104203,2026-10-08T22:06:02
queso,Consum,7393288,8410076500236,OLD EL PASO,Salsa de Queso Frasco,Mexicano,2.99,3.59,2.99,True,9.34,KILO,1 Kg,False,https://tienda.consum.es/es/p/salsa-de-queso-frasco/7393288,https://cdn-consum.aktiosdigitalservices.com/tol/consum/media/product/img/300x300/7393288.jpg?t=20260827102925,2026-10-08T22:06:02
queso,Consum,7462377,8437024304753,GUAPIZZIMA,Calzone Jamón y Queso,Pizzas  ,3.5,3.5,,False,9.72,KILO,1 Kg,False,https://tienda.consum.es/es/p/calzone-jamon-y-queso/7462377,https://cdn-consum.aktiosdigitalservices.com/tol/consum/media/product/img/300x300/7462377.jpg?t=20260825075952,2026-10-08T22:06:02
queso,Consum,7463404,8437025516285,ALOLOCO,Empanada Queso Cabra Nueces y Cebolla 2 Uds.,Bocadillos y sándwiches,2.95,2.95,,False,18.44,KILO,1 Kg,False,https://tienda.consum.es/es/p/empanada-queso-cabra-nueces-y-cebolla-2-uds/7463404,https://cdn-consum.aktiosdigitalservices.com/tol/consum/media/product/img/300x300/7463404.jpg?t=20260827105013,2026-10-08T22:06:02
queso,Consum,7475577,8410199028525,LAY'S,Patatas Fritas Sabor Queso Curado,Patatas fritas,1.99,1.99,,False,14.21,KILO,1 Kg,False,https://tienda.consum.es/es/p/patatas-fritas-sabor-queso-curado/7475577,https://cdn-consum.aktiosdigitalservices.com/tol/consum/media/product/img/300x300/7475577.jpg?t=20260827105505,2026-10-08T22:06:02
queso,Consum,7446354,8437011727145,,"Empanada Bacon York, Queso y Champ.",Pizzas y hojaldres,1.49,1.49,,False,12.42,KILO,1 Kg,False,https://tienda.consum.es/es/p/empanada-bacon-york-queso-y-champ/7446354,https://cdn-consum.aktiosdigitalservices.com/tol/consum/media/product/img/300x300/7446354.jpg?t=20260825075939,2026-10-08T22:06:02
queso,Consum,7460058,7622202303524,ROYAL,Preparado para Tarta de Queso,Postres en polvo,4.65,4.65,,False,15.5,KILO,1 Kg,False,https://tienda.consum.es/es/p/preparado-para-tarta-de-queso/7460058,https://cdn-consum.aktiosdigitalservices.com/tol/consum/media/product/img/300x300/7460058.jpg?t=20260812080500,2026-10-08T22:06:02
queso,Consum,7465321,8420878637986,PALACIOS,Pizza Jamón y Queso Rectangular,Pizzas  ,4.39,4.39,,False,5.85,KILO,1 Kg,False,https://tienda.consum.es/es/p/pizza-jamon-y-queso-rectangular/7465321,https://cdn-consum.aktiosdigitalservices.com/tol/consum/media/product/img/300x300/7465321.jpg?t=20260812080508,2026-10-08T22:06:02
queso,Consum,7484710,8429618305208,,Triangulo Cebolla 23% Queso 16% y Jamón 3%,Pizzas y hojaldres,1.39,1.39,,False,13.9,KILO,1 Kg,False,https://tienda.consum.es/es/p/triangulo-cebolla-23-queso-16-y-jamon-3/7484710,https://cdn-consum.aktiosdigitalservices.com/tol/consum/media/product/img/300x300/7484710.jpg?t=20260825080117,2026-10-08T22:06:02
queso,Consum,7455046,8410199027337,LAY'S,Conos de Maíz 3D'S Queso y Bacon,Snacks y otros aperitivos,1.5,1.5,,False,17.65,KILO,1 Kg,False,https://tienda.consum.es/es/p/conos-de-maiz-3ds-queso-y-bacon/7455046,https://cdn-consum.aktiosdigitalservices.com/tol/consum/media/product/img/300x300/7455046.jpg?t=20260827104641,2026-10-08T22:06:02
queso,Consum,7069581,4001724038870,RISTORANTE,Pizza Ristorante 4 Quesos,Pizza congelada,3.95,3.95,,False,11.62,KILO,1 Kg,False,https://tienda.consum.es/es/p/pizza-ristorante-4-quesos/7069581,https://cdn-consum.aktiosdigitalservices.com/tol/consum/media/product/img/300x300/7069581.jpg?t=20260827100024,2026-10-08T22:06:02
queso,Consum,7120848,8001665702386,RANA,Salsa Fresca 4 Quesos,Salsas frías,2.5,2.5,,False,13.89,KILO,1 Kg,False,https://tienda.consum.es/es/p/salsa-fresca-4-quesos/7120848,https://cdn-consum.aktiosdigitalservices.com/tol/consum/media/product/img/300x300/7120848.jpg?t=20260901075932,2026-10-08T22:06:02
queso,Consum,7410426,8410762220820,TARRADELLAS,Pizza 4 Quesos Pack de 2 Unidades,Pizzas  ,3.19,3.19,,False,7.6,KILO,1 Kg,False,https://tienda.consum.es/es/p/pizza-4-quesos-pack-de-2-unidades/7410426,https://cdn-consum.aktiosdigitalservices.com/tol/consum/media/product/img/300x300/7410426.jpg?t=20260812080408,2026-10-08T22:06:02
queso,Consum,7272532,4001724010784,RUSTICA,Pizza Rústica Cuatro Quesos,Pizza congelada,5.59,5.59,,False,10.07,KILO,1 Kg,False,https://tienda.consum.es/es/p/pizza-rustica-cuatro-quesos/7272532,https://cdn-consum.aktiosdigitalservices.com/tol/consum/media/product/img/300x300/7272532.jpg?t=20260812080254,2026-10-08T22:06:02
queso,Consum,7101348,4001724015635,CASA DI MAMA,Pizza Casa Di Mama 4 Quesos,Pizza congelada,3.95,4.65,3.95,True,10.0,KILO,1 Kg,False,https://tienda.consum.es/es/p/pizza-casa-di-mama-4-quesos/7101348,https://cdn-consum.aktiosdigitalservices.com/tol/consum/media/product/img/300x300/7101348.jpg?t=20260827100213,2026-10-08T22:06:02
queso,Consum,7256407,8445290581181,BUITONI,Piccolinis 3 Quesos,Pizza congelada,3.99,3.99,,False,14.78,KILO,1 Kg,False,https://tienda.consum.es/es/p/piccolinis-3-quesos/7256407,https://cdn-consum.aktiosdigitalservices.com/tol/consum/media/product/img/300x300/7256407.jpg?t=20260901080053,2026-10-08T22:06:02
queso,Consum,7486769,4001724055587,DR.OETKER,Pizza Rustica 5 Quesos Borde Relleno,Pizza congelada,5.59,5.59,,False,11.07,KILO,1 Kg,False,https://tienda.consum.es/es/p/pizza-rustica-5-quesos-borde-relleno/7486769,https://cdn-consum.aktiosdigitalservices.com/tol/consum/media/product/img/300x300/7486769.jpg?t=20260922080634,2026-10-08T22:06:02
queso,Consum,500652,8410762220042,TARRADELLAS,Pizza 4 Quesos,Pizzas  ,3.19,3.19,,False,8.18,KILO,1 Kg,False,https://tienda.consum.es/es/p/pizza-4-quesos/500652,https://cdn-consum.aktiosdigitalservices.com/tol/consum/media/product/img/300x300/500652.jpg?t=20260812080138,2026-10-08T22:06:02
agua,Consum,7061877,8414807510334,CONSUM,Agua Mineral Natural. Tapón Rosca,Agua sin gas : botella,0.26,0.26,,False,0.52,LITRO,1 L,False,https://tienda.consum.es/es/p/agua-mineral-natural-tapon-rosca/7061877,https://cdn-consum.aktiosdigitalservices.com/tol/consum/media/product/img/300x300/7061877.jpg?t=20260812080157,2026-10-08T22:06:05
agua,Consum,7302102,8414807543288,CONSUM,Agua Mineral Natural Botella,Agua sin gas : botella,0.4,0.4,,False,0.4,LITRO,1 L,False,https://tienda.consum.es/es/p/agua-mineral-natural-botella/7302102,https://cdn-consum.aktiosdigitalservices.com/tol/consum/media/product/img/300x300/7302102.jpg?t=20260812080307,2026-10-08T22:06:05
agua,Consum,7061869,8414807510327,CONSUM,Agua Mineral Natural Tapón Sport,Agua sin gas : botella,0.28,0.28,,False,0.85,LITRO,1 L,False,https://tienda.consum.es/es/p/agua-mineral-natural-tapon-sport/7061869,https://cdn-consum.aktiosdigitalservices.com/tol/consum/media/product/img/300x300/7061869.jpg?t=20260812080157,2026-10-08T22:06:05
agua,Consum,7075299,8414807510341,CONSUM,Agua Mineral Natural. Botella,Agua sin gas : botella,0.27,0.27,,False,0.18,LITRO,1 L,False,https://tienda.consum.es/es/p/agua-mineral-natural-botella/7075299,https://cdn-consum.aktiosdigitalservices.com/tol/consum/media/product/img/300x300/7075299.jpg?t=20260812080200,2026-10-08T22:06:05
agua,Consum,200642,8410128000400,BEZOYA,Agua Mineral Natural. Botella,Agua sin gas : botella,0.69,0.75,0.69,True,0.46,LITRO,1 L,False,https://tienda.consum.es/es/p/agua-mineral-natural-botella/200642,https://cdn-consum.aktiosdigitalservices.com/tol/consum/media/product/img/300x300/200642.jpg?t=20260827095227,2026-10-08T22:06:05
agua,Consum,311530,8410055150018,FONT VELLA,Agua Mineral Natural. Botella,Agua sin gas : botella,0.69,0.69,,False,0.46,LITRO,1 L,False,https://tienda.consum.es/es/p/agua-mineral-natural-botella/311530,https://cdn-consum.aktiosdigitalservices.com/tol/consum/media/product/img/300x300/311530.jpg?t=20260827095327,2026-10-08T22:06:05
agua,Consum,1191998,8410055050011,FONT VELLA,Agua Mineral Natural Tapón Rosca,Agua sin gas : botella,0.63,0.72,0.63,True,1.26,LITRO,1 L,False,https://tienda.consum.es/es/p/agua-mineral-natural-tapon-rosca/1191998,https://cdn-consum.aktiosdigitalservices.com/tol/consum/media/product/img/300x300/1191998.jpg?t=20260812080142,2026-10-08T22:06:05
agua,Consum,2569879,3700123300014,AQUAREL,Agua Mineral Natural Botella,Agua sin gas : botella,0.48,0.64,0.48,True,0.32,LITRO,1 L,False,https://tienda.consum.es/es/p/agua-mineral-natural-botella/2569879,https://cdn-consum.aktiosdigitalservices.com/tol/consum/media/product/img/300x300/2569879.jpg?t=20260827095713,2026-10-08T22:06:05
agua,Consum,7099682,8414807510365,CONSUM,Agua Mineral  Natural Garrafa,Agua sin gas : garrafa,0.95,0.95,,False,0.12,LITRO,1 L,False,https://tienda.consum.es/es/p/agua-mineral-natural-garrafa/7099682,https://cdn-consum.aktiosdigitalservices.com/tol/consum/media/product/img/300x300/7099682.jpg?t=20260812080206,2026-10-08T22:06:05
agua,Consum,7099646,8414807510358,CONSUM,Agua Mineral Natural Garrafa,Agua sin gas : garrafa,0.69,0.69,,False,0.14,LITRO,1 L,False,https://tienda.consum.es/es/p/agua-mineral-natural-garrafa/7099646,https://cdn-consum.aktiosdigitalservices.com/tol/consum/media/product/img/300x300/7099646.jpg?t=20260812080206,2026-10-08T22:06:05
agua,Consum,162925,8410728180120,LANJARON,Agua Mineral Natural. Botella,Agua sin gas : botella,0.75,0.75,,False,0.5,LITRO,1 L,False,https://tienda.consum.es/es/p/agua-mineral-natural-botella/162925,https://cdn-consum.aktiosdigitalservices.com/tol/consum/media/product/img/300x300/162925.jpg?t=20260827095217,2026-10-08T22:06:05
agua,Consum,7148203,8411547001085,SOLAN CABRAS,Agua Mineral Natural Botella,Agua sin gas : botella,0.9,0.9,,False,0.6,LITRO,1 L,False,https://tienda.consum.es/es/p/agua-mineral-natural-botella/7148203,https://cdn-consum.aktiosdigitalservices.com/tol/consum/media/product/img/300x300/7148203.jpg?t=20260812080212,2026-10-08T22:06:05
agua,Consum,7090814,8410128160319,BEZOYA,Agua Mineral Natural Botella,Agua sin gas : botella,0.65,0.65,,False,1.3,LITRO,1 L,False,https://tienda.consum.es/es/p/agua-mineral-natural-botella/7090814,https://cdn-consum.aktiosdigitalservices.com/tol/consum/media/product/img/300x300/7090814.jpg?t=20260812080204,2026-10-08T22:06:05
agua,Consum,7369176,8410128773892,BEZOYA,Agua Mineral Natural Botella,Agua sin gas : botella,0.69,0.69,,False,0.69,LITRO,1 L,False,https://tienda.consum.es/es/p/agua-mineral-natural-botella/7369176,https://cdn-consum.aktiosdigitalservices.com/tol/consum/media/product/img/300x300/7369176.jpg?t=20260812080340,2026-10-08T22:06:05
agua,Consum,7172364,8410128160623,BEZOYA,Agua Mineral Natural Tapón Sport,Agua sin gas : botella,0.55,0.55,,False,1.67,LITRO,1 L,False,https://tienda.consum.es/es/p/agua-mineral-natural-tapon-sport/7172364,https://cdn-consum.aktiosdigitalservices.com/tol/consum/media/product/img/300x300/7172364.jpg?t=20260827100605,2026-10-08T22:06:05
agua,Consum,7188139,8410055300000,FONT VELLA,Agua Mineral Natural Botella,Agua sin gas : botella,1.59,1.59,,False,0.64,LITRO,1 L,False,https://tienda.consum.es/es/p/agua-mineral-natural-botella/7188139,https://cdn-consum.aktiosdigitalservices.com/tol/consum/media/product/img/300x300/7188139.jpg?t=20260812080222,2026-10-08T22:06:05
agua,Consum,1192004,8410055033014,FONT VELLA,Agua Mineral Natural,Agua sin gas : botella,0.59,0.59,,False,1.79,LITRO,1 L,False,https://tienda.consum.es/es/p/agua-mineral-natural/1192004,https://cdn-consum.aktiosdigitalservices.com/tol/consum/media/product/img/300x300/1192004.jpg?t=20260827095645,2026-10-08T22:06:05
agua,Consum,7027063,8410055125023,FONT VELLA,Agua Mineral Natural Botella,Agua sin gas : botella,0.74,0.74,,False,0.74,LITRO,1 L,False,https://tienda.consum.es/es/p/agua-mineral-natural-botella/7027063,https://cdn-consum.aktiosdigitalservices.com/tol/consum/media/product/img/300x300/7027063.jpg?t=20260829075945,2026-10-08T22:06:05
agua,Consum,7329121,8410055620016,FONT VELLA,Agua Mineral Natural Botella,Agua sin gas : botella,0.99,0.99,,False,1.32,LITRO,1 L,False,https://tienda.consum.es/es/p/agua-mineral-natural-botella/7329121,https://cdn-consum.aktiosdigitalservices.com/tol/consum/media/product/img/300x300/7329121.jpg?t=20260827102116,2026-10-08T22:06:05
agua,Consum,7479541,8410055885156,FONT VELLA,Agua con Zumo de Limón Zero Pet,Agua sin gas : botella,1.79,1.79,,False,1.56,LITRO,1 L,False,https://tienda.consum.es/es/p/agua-con-zumo-de-limon-zero-pet/7479541,https://cdn-consum.aktiosdigitalservices.com/tol/consum/media/product/img/300x300/7479541.jpg?t=20260812080529,2026-10-08T22:06:05
agua,Consum,7412968,8437000663911,TELENO,Agua Natural Mineralización Muy Débil,Agua sin gas : botella,0.29,0.29,,False,0.58,LITRO,1 L,False,https://tienda.consum.es/es/p/agua-natural-mineralizacion-muy-debil/7412968,https://cdn-consum.aktiosdigitalservices.com/tol/consum/media/product/img/300x300/7412968.jpg?t=20260812080410,2026-10-08T22:06:05
agua,Consum,7412955,8437000663935,TELENO,Agua Natural Mineralización Muy Débil,Agua sin gas : botella,0.39,0.39,,False,0.26,LITRO,1 L,False,https://tienda.consum.es/es/p/agua-natural-mineralizacion-muy-debil/7412955,https://cdn-consum.aktiosdigitalservices.com/tol/consum/media/product/img/300x300/7412955.jpg?t=20260812080410,2026-10-08T22:06:05
agua,Consum,2569838,3700123300137,AQUAREL,Agua Mineral Natural Tapón Sport,Agua sin gas : botella,0.52,0.52,,False,1.58,LITRO,1 L,False,https://tienda.consum.es/es/p/agua-mineral-natural-tapon-sport/2569838,https://cdn-consum.aktiosdigitalservices.com/tol/consum/media/product/img/300x300/2569838.jpg?t=20260812080144,2026-10-08T22:06:05
agua,Consum,7332224,7613036954525,AQUAREL,Agua Mineral Natural Tapón Sport,Agua sin gas : botella,0.75,0.75,,False,1.0,LITRO,1 L,False,https://tienda.consum.es/es/p/agua-mineral-natural-tapon-sport/7332224,https://cdn-consum.aktiosdigitalservices.com/tol/consum/media/product/img/300x300/7332224.jpg?t=20260827102136,2026-10-08T22:06:05
agua,Consum,7411866,8410128774851,BEZOYA,Agua Mineral Natural Bag in Box,Agua sin gas : garrafa,3.99,3.99,,False,0.5,LITRO,1 L,False,https://tienda.consum.es/es/p/agua-mineral-natural-bag-in-box/7411866,https://cdn-consum.aktiosdigitalservices.com/tol/consum/media/product/img/300x300/7411866.jpg?t=20260827103325,2026-10-08T22:06:05
agua,Consum,7169993,8414807525925,CONSUM,Agua Mineral con Gas Botella,Agua con gas,0.42,0.42,,False,0.28,LITRO,1 L,False,https://tienda.consum.es/es/p/agua-mineral-con-gas-botella/7169993,https://cdn-consum.aktiosdigitalservices.com/tol/consum/media/product/img/300x300/7169993.jpg?t=20260812080217,2026-10-08T22:06:05
agua,Consum,7169998,8414807525932,CONSUM,Agua Mineral con Gas Botella,Agua con gas,0.26,0.26,,False,0.52,LITRO,1 L,False,https://tienda.consum.es/es/p/agua-mineral-con-gas-botella/7169998,https://cdn-consum.aktiosdigitalservices.com/tol/consum/media/product/img/300x300/7169998.jpg?t=20260812080217,2026-10-08T22:06:05
agua,Consum,7147895,8411547001061,SOLAN CABRAS,Agua Mineral Natural Tapón Rosca,Agua sin gas : botella,0.8,0.8,,False,1.6,LITRO,1 L,False,https://tienda.consum.es/es/p/agua-mineral-natural-tapon-rosca/7147895,https://cdn-consum.aktiosdigitalservices.com/tol/consum/media/product/img/300x300/7147895.jpg?t=20260901080641,2026-10-08T22:06:05
agua,Consum,7103740,5449000120731,AQUABONA,Agua Mineral Natural. Botella,Agua sin gas : botella,0.67,0.67,,False,0.45,LITRO,1 L,False,https://tienda.consum.es/es/p/agua-mineral-natural-botella/7103740,https://cdn-consum.aktiosdigitalservices.com/tol/consum/media/product/img/300x300/7103740.jpg?t=20260827100228,2026-10-08T22:06:05
agua,Consum,7380223,3068320048604,EVIAN,Agua Mineral Natural Botella,Agua sin gas : botella,2.39,2.39,,False,1.59,LITRO,1 L,False,https://tienda.consum.es/es/p/agua-mineral-natural-botella/7380223,https://cdn-consum.aktiosdigitalservices.com/tol/consum/media/product/img/300x300/7380223.jpg?t=20260827102738,2026-10-08T22:06:05
agua,Consum,7303712,8411902008117,CABREIROA,Agua Mineral Natural Botella,Agua sin gas : botella,0.75,0.75,,False,0.75,LITRO,1 L,False,https://tienda.consum.es/es/p/agua-mineral-natural-botella/7303712,https://cdn-consum.aktiosdigitalservices.com/tol/consum/media/product/img/300x300/7303712.jpg?t=20260812080308,2026-10-08T22:06:05
agua,Consum,7416394,5449000121059,AQUABONA,Agua Mineral Natural Pet,Agua sin gas : botella,0.6,0.6,,False,1.2,LITRO,1 L,False,https://tienda.consum.es/es/p/agua-mineral-natural-pet/7416394,https://cdn-consum.aktiosdigitalservices.com/tol/consum/media/product/img/300x300/7416394.jpg?t=20260812080413,2026-10-08T22:06:05
agua,Consum,7088599,8410128160074,BEZOYA,Agua Mineral Natural Garrafa,Agua sin gas : garrafa,2.25,2.25,,False,0.45,LITRO,1 L,False,https://tienda.consum.es/es/p/agua-mineral-natural-garrafa/7088599,https://cdn-consum.aktiosdigitalservices.com/tol/consum/media/product/img/300x300/7088599.jpg?t=20260827100137,2026-10-08T22:06:05
agua,Consum,7119709,8410055501131,FONT VELLA,Agua Mineral Natural Garrafa,Agua sin gas : garrafa,2.49,2.49,,False,0.4,LITRO,1 L,False,https://tienda.consum.es/es/p/agua-mineral-natural-garrafa/7119709,https://cdn-consum.aktiosdigitalservices.com/tol/consum/media/product/img/300x300/7119709.jpg?t=20260827100343,2026-10-08T22:06:05
agua,Consum,7433662,8437000663942,TELENO,Agua Mineral Natural Garrafa,Agua sin gas : garrafa,1.09,1.09,,False,0.22,LITRO,1 L,False,https://tienda.consum.es/es/p/agua-mineral-natural-garrafa/7433662,https://cdn-consum.aktiosdigitalservices.com/tol/consum/media/product/img/300x300/7433662.jpg?t=20260812080430,2026-10-08T22:06:05
agua,Consum,2569861,3700123300175,AQUAREL,Agua Mineral Natural Garrafa,Agua sin gas : garrafa,1.85,1.85,,False,0.37,LITRO,1 L,False,https://tienda.consum.es/es/p/agua-mineral-natural-garrafa/2569861,https://cdn-consum.aktiosdigitalservices.com/tol/consum/media/product/img/300x300/2569861.jpg?t=20260827095713,2026-10-08T22:06:05
agua,Consum,7246320,8410749000629,VICHY,Agua con Gas Pet,Agua con gas,1.95,1.95,,False,1.63,LITRO,1 L,False,https://tienda.consum.es/es/p/agua-con-gas-pet/7246320,https://cdn-consum.aktiosdigitalservices.com/tol/consum/media/product/img/300x300/7246320.jpg?t=20260901080050,2026-10-08T22:06:05
agua,Consum,366807,8410749001107,VICHY,Agua Mineral con Gas Botella Vidrio,Agua con gas,1.65,1.65,,False,1.65,LITRO,1 L,False,https://tienda.consum.es/es/p/agua-mineral-con-gas-botella-vidrio/366807,https://cdn-consum.aktiosdigitalservices.com/tol/consum/media/product/img/300x300/366807.jpg?t=20260901075754,2026-10-08T22:06:05
agua,Consum,7179083,8410055151022,FONTER,Agua Mineral con Gas Botella,Agua con gas,1.14,1.14,,False,1.14,LITRO,1 L,False,https://tienda.consum.es/es/p/agua-mineral-con-gas-botella/7179083,https://cdn-consum.aktiosdigitalservices.com/tol/consum/media/product/img/300x300/7179083.jpg?t=20260827100621,2026-10-08T22:06:05
agua,Consum,7091536,8002270002045,S.PELLEGRINO,Agua Mineral  con Gas Botella Pet,Agua con gas,1.39,1.39,,False,1.39,LITRO,1 L,False,https://tienda.consum.es/es/p/agua-mineral-con-gas-botella-pet/7091536,https://cdn-consum.aktiosdigitalservices.com/tol/consum/media/product/img/300x300/7091536.jpg?t=20260812080204,2026-10-08T22:06:05
agua,Consum,138297,8410749001114,VICHY,Agua Mineral con Gas Pack de 6 Vidrio,Agua con gas,6.49,6.49,,False,3.61,LITRO,1 L,False,https://tienda.consum.es/es/p/agua-mineral-con-gas-pack-de-6-vidrio/138297,https://cdn-consum.aktiosdigitalservices.com/tol/consum/media/product/img/300x300/138297.jpg?t=20260901075736,2026-10-08T22:06:05
agua,Consum,7290526,8410749000827,VICHY,Agua con Gas Botella,Agua con gas,1.39,1.39,,False,2.78,LITRO,1 L,False,https://tienda.consum.es/es/p/agua-con-gas-botella/7290526,https://cdn-consum.aktiosdigitalservices.com/tol/consum/media/product/img/300x300/7290526.jpg?t=20260901080119,2026-10-08T22:06:05
agua,Consum,7190499,8410749000131,VICHY,Agua con Gas Lata,Agua con gas,1.19,1.19,,False,3.61,LITRO,1 L,False,https://tienda.consum.es/es/p/agua-con-gas-lata/7190499,https://cdn-consum.aktiosdigitalservices.com/tol/consum/media/product/img/300x300/7190499.jpg?t=20260901080005,2026-10-08T22:06:05
agua,Consum,7227676,7613035870598,PERRIER,Agua Mineral con Gas Botella Pet,Agua con gas,1.1,1.1,,False,2.2,LITRO,1 L,False,https://tienda.consum.es/es/p/agua-mineral-con-gas-botella-pet/7227676,https://cdn-consum.aktiosdigitalservices.com/tol/consum/media/product/img/300x300/7227676.jpg?t=20260827101031,2026-10-08T22:06:05
agua,Consum,2808418,8410055026009,FONTER,Agua Mineral  con Gas Botella,Agua con gas,0.84,0.84,,False,1.68,LITRO,1 L,False,https://tienda.consum.es/es/p/agua-mineral-con-gas-botella/2808418,https://cdn-consum.aktiosdigitalservices.com/tol/consum/media/product/img/300x300/2808418.jpg?t=20260812080144,2026-10-08T22:06:05
agua,Consum,7226843,3179732348913,PERRIER,Agua Mineral con Gas Botella Pet,Agua con gas,1.55,1.55,,False,1.55,LITRO,1 L,False,https://tienda.consum.es/es/p/agua-mineral-con-gas-botella-pet/7226843,https://cdn-consum.aktiosdigitalservices.com/tol/consum/media/product/img/300x300/7226843.jpg?t=20260819075817,2026-10-08T22:06:05
agua,Consum,7347842,8411547212740,SOLAN CABRAS,Agua Mineral con Gas Botella Cristal,Agua con gas,1.75,1.75,,False,2.33,LITRO,1 L,False,https://tienda.consum.es/es/p/agua-mineral-con-gas-botella-cristal/7347842,https://cdn-consum.aktiosdigitalservices.com/tol/consum/media/product/img/300x300/7347842.jpg?t=20260812080329,2026-10-08T22:06:05
agua,Consum,7416449,8002270015373,PELLEGRINO,Agua Mineral con Gas Botella Pet,Agua con gas,1.07,1.07,,False,2.14,LITRO,1 L,False,https://tienda.consum.es/es/p/agua-mineral-con-gas-botella-pet/7416449,https://cdn-consum.aktiosdigitalservices.com/tol/consum/media/product/img/300x300/7416449.jpg?t=20260812080413,2026-10-08T22:06:05
agua,Consum,7480726,8410055026030,FONTER,Agua Con Gas Limón Pet,Agua con sabores,0.79,0.79,,False,1.58,LITRO,1 L,False,https://tienda.consum.es/es/p/agua-con-gas-limon-pet/7480726,https://cdn-consum.aktiosdigitalservices.com/tol/consum/media/product/img/300x300/7480726.jpg?t=20260812080531,2026-10-08T22:06:05
agua,Consum,7068906,8429359002121,F.PRIMAVERA,Refresco Agua Aromatiza Limón Botella,Agua sin gas : botella,1.0,1.15,1.0,True,0.67,LITRO,1 L,False,https://tienda.consum.es/es/p/refresco-agua-aromatiza-limon-botella/7068906,https://cdn-consum.aktiosdigitalservices.com/tol/consum/media/product/img/300x300/7068906.jpg?t=20260812080158,2026-10-08T22:06:05
agua,Consum,7044642,8414807801005,CONSUM,Agua de Plancha,Productos planchado,1.5,1.5,,False,1.5,LITRO,1 L,False,https://tienda.consum.es/es/p/agua-de-plancha/7044642,https://cdn-consum.aktiosdigitalservices.com/tol/consum/media/product/img/300x300/7044642.jpg?t=20260812080153,2026-10-08T22:06:05
agua,Consum,7315257,8436048723069,AMAZONIA,Agua de Coco Botella,Refrescos,2.5,2.5,,False,2.5,LITRO,1 L,False,https://tienda.consum.es/es/p/agua-de-coco-botella/7315257,https://cdn-consum.aktiosdigitalservices.com/tol/consum/media/product/img/300x300/7315257.jpg?t=20260804081218,2026-10-08T22:06:05
agua,Consum,7114239,8436000170030,GALA D'OR,Agua de Valencia,Cavas y sidras,6.99,6.99,,False,9.32,LITRO,1 L,False,https://tienda.consum.es/es/p/agua-de-valencia/7114239,https://cdn-consum.aktiosdigitalservices.com/tol/consum/media/product/img/300x300/7114239.jpg?t=20260812080209,2026-10-08T22:06:05
agua,Consum,7461762,4048517787287,HOHES C,Agua Vitaminada Revitalize Pet,Refrescos,1.99,1.99,,False,3.98,LITRO,1 L,False,https://tienda.consum.es/es/p/agua-vitaminada-revitalize-pet/7461762,https://cdn-consum.aktiosdigitalservices.com/tol/consum/media/product/img/300x300/7461762.jpg?t=20260827104917,2026-10-08T22:06:05
agua,Consum,7461770,4048517787317,HOHES C,Agua Vitaminada Antiox Pet,Refrescos,1.99,1.99,,False,3.98,LITRO,1 L,False,https://tienda.consum.es/es/p/agua-vitaminada-antiox-pet/7461770,https://cdn-consum.aktiosdigitalservices.com/tol/consum/media/product/img/300x300/7461770.jpg?t=20260827104919,2026-10-08T22:06:05
agua,Consum,7477276,8428658000913,FONTARELNEXT,Agua con Magnesio Botella,Refrescos,0.85,0.85,,False,0.85,LITRO,1 L,False,https://tienda.consum.es/es/p/agua-con-magnesio-botella/7477276,https://cdn-consum.aktiosdigitalservices.com/tol/consum/media/product/img/300x300/7477276.jpg?t=20260827105613,2026-10-08T22:06:05
agua,Consum,7331465,8445291046627,M. PERRIER,Refresco Agua con Gas Limón Botella,Agua con sabores,0.88,1.1,0.88,True,1.76,LITRO,1 L,False,https://tienda.consum.es/es/p/refresco-agua-con-gas-limon-botella/7331465,https://cdn-consum.aktiosdigitalservices.com/tol/consum/media/product/img/300x300/7331465.jpg?t=20260827102126,2026-10-08T22:06:05
agua,Consum,7333227,8410749001459,VICHY,Refresco Agua con Gas Naranja Botella,Agua con sabores,2.15,2.15,,False,1.79,LITRO,1 L,False,https://tienda.consum.es/es/p/refresco-agua-con-gas-naranja-botella/7333227,https://cdn-consum.aktiosdigitalservices.com/tol/consum/media/product/img/300x300/7333227.jpg?t=20260901080210,2026-10-08T22:06:05
agua,Consum,7314193,8410749001466,VICHY,Refresco Agua Con Gas Limón Botella,Agua con sabores,2.15,2.15,,False,1.79,LITRO,1 L,False,https://tienda.consum.es/es/p/refresco-agua-con-gas-limon-botella/7314193,https://cdn-consum.aktiosdigitalservices.com/tol/consum/media/product/img/300x300/7314193.jpg?t=20260901080141,2026-10-08T22:06:05
agua,Consum,7280308,4005900351258,NIVEA,Agua Micelar Desmaquillante,Limpieza y desmaquilladores,4.99,4.99,,False,12.5,LITRO,100 ml,False,https://tienda.consum.es/es/p/agua-micelar-desmaquillante/7280308,https://cdn-consum.aktiosdigitalservices.com/tol/consum/media/product/img/300x300/7280308.jpg?t=20260827101447,2026-10-08T22:06:05
agua,Consum,7417988,8428076006658,NENUCO,Agua de Colonia,"Cremas, lociones y colonia",2.15,2.85,2.15,True,4.3,LITRO,100 ml,False,https://tienda.consum.es/es/p/agua-de-colonia/7417988,https://cdn-consum.aktiosdigitalservices.com/tol/consum/media/product/img/300x300/7417988.jpg?t=20260812080415,2026-10-08T22:06:05
agua,Consum,7471444,4005900496331,NIVEA,Agua Micelar Waterproof Aminoacid Complex,Limpieza y desmaquilladores,4.99,4.99,,False,12.5,LITRO,100 ml,False,https://tienda.consum.es/es/p/agua-micelar-waterproof-aminoacid-complex/7471444,https://cdn-consum.aktiosdigitalservices.com/tol/consum/media/product/img/300x300/7471444.jpg?t=20260901080757,2026-10-08T22:06:05
agua,Consum,7317568,3600542081160,GARNIER,Agua Micelar Mini,Limpieza y desmaquilladores,1.75,1.75,,False,1.75,UNIDAD,1 U,False,https://tienda.consum.es/es/p/agua-micelar-mini/7317568,https://cdn-consum.aktiosdigitalservices.com/tol/consum/media/product/img/300x300/7317568.jpg?t=20260826075918,2026-10-08T22:06:05
agua,Consum,7445500,8414716500174,ANIAN,Agua de Colonia Frescor,Familiar,2.39,2.39,,False,3.19,LITRO,1 L,False,https://tienda.consum.es/es/p/agua-de-colonia-frescor/7445500,https://cdn-consum.aktiosdigitalservices.com/tol/consum/media/product/img/300x300/7445500.jpg?t=20260825075938,2026-10-08T22:06:05
agua,Consum,7445518,8414807560209,KYREY,Agua Micelar,Limpieza y desmaquilladores,2.5,2.5,,False,6.3,LITRO,100 ml,False,https://tienda.consum.es/es/p/agua-micelar/7445518,https://cdn-consum.aktiosdigitalservices.com/tol/consum/media/product/img/300x300/7445518.jpg?t=20260812080444,2026-10-08T22:06:05
agua,Consum,7177264,8414807526816,KYREY,Agua Oxigenada,"Alcohol, agua oxigenada y otros",0.7,0.7,,False,2.8,LITRO,100 ml,False,https://tienda.consum.es/es/p/agua-oxigenada/7177264,https://cdn-consum.aktiosdigitalservices.com/tol/consum/media/product/img/300x300/7177264.jpg?t=20260812080218,2026-10-08T22:06:05
agua,Consum,7225709,8411322236664,NELLY,Agua de Peinado,Cremas y aguas de peinado,2.35,2.35,,False,11.8,LITRO,100 ml,False,https://tienda.consum.es/es/p/agua-de-peinado/7225709,https://cdn-consum.aktiosdigitalservices.com/tol/consum/media/product/img/300x300/7225709.jpg?t=20260812080237,2026-10-08T22:06:05
agua,Consum,7234057,8412016360368,NATURAFEMME,Agua de Rosas,Hidratación,3.25,3.25,,False,13.0,LITRO,100 ml,False,https://tienda.consum.es/es/p/agua-de-rosas/7234057,https://cdn-consum.aktiosdigitalservices.com/tol/consum/media/product/img/300x300/7234057.jpg?t=20260812080240,2026-10-08T22:06:05
agua,Consum,7427243,8428390059576,C.DE AROMAS,Agua Fresca De Colonia Citronela,Femeninas,1.75,1.75,,False,17.5,LITRO,100 ml,False,https://tienda.consum.es/es/p/agua-fresca-de-colonia-citronela/7427243,https://cdn-consum.aktiosdigitalservices.com/tol/consum/media/product/img/300x300/7427243.jpg?t=20260812080424,2026-10-08T22:06:05
agua,Consum,7443047,8425850040495,NATTURU PHAR,Agua Micelar Facial Línea Agua Termal,Limpieza y desmaquilladores,3.99,3.99,,False,20.0,LITRO,100 ml,False,https://tienda.consum.es/es/p/agua-micelar-facial-linea-agua-termal/7443047,https://cdn-consum.aktiosdigitalservices.com/tol/consum/media/product/img/300x300/7443047.jpg?t=20260812080441,2026-10-08T22:06:05
agua,Consum,7375715,8414807552211,CONSUM KIDS,Agua de Colonia Infantil,"Cremas, lociones y colonia",1.69,1.69,,False,8.5,LITRO,100 ml,False,https://tienda.consum.es/es/p/agua-de-colonia-infantil/7375715,https://cdn-consum.aktiosdigitalservices.com/tol/consum/media/product/img/300x300/7375715.jpg?t=20260812080344,2026-10-08T22:06:05
agua,Consum,7418341,8436568905723,FEEL FREE,Agua Micelar Ecológica,Limpieza y desmaquilladores,3.99,3.99,,False,10.0,LITRO,100 ml,False,https://tienda.consum.es/es/p/agua-micelar-ecologica/7418341,https://cdn-consum.aktiosdigitalservices.com/tol/consum/media/product/img/300x300/7418341.jpg?t=20260812080415,2026-10-08T22:06:05
agua,Consum,7479418,3616306124905,CHANSON DEAU,Agua Colonia Femenina Neroli,Femeninas,9.95,9.95,,False,99.5,LITRO,100 ml,False,https://tienda.consum.es/es/p/agua-colonia-femenina-neroli/7479418,https://cdn-consum.aktiosdigitalservices.com/tol/consum/media/product/img/300x300/7479418.jpg?t=20260812080529,2026-10-08T22:06:05
agua,Consum,7478894,8422385990509,ALVAREZ GOME,Agua Colonia Orange Concentrada,Familiar,11.95,11.95,,False,79.7,LITRO,100 ml,False,https://tienda.consum.es/es/p/agua-colonia-orange-concentrada/7478894,https://cdn-consum.aktiosdigitalservices.com/tol/consum/media/product/img/300x300/7478894.jpg?t=20260804081304,2026-10-08T22:06:05
agua,Consum,7478907,8422385991506,ALVAREZ GOME,Agua Colonia Fraiche Concentrada,Familiar,11.95,11.95,,False,79.7,LITRO,100 ml,False,https://tienda.consum.es/es/p/agua-colonia-fraiche-concentrada/7478907,https://cdn-consum.aktiosdigitalservices.com/tol/consum/media/product/img/300x300/7478907.jpg?t=20260804081305,2026-10-08T22:06:05
agua,Consum,7472074,8422385999502,ALVAREZ GOME,Agua de Colonia Concentrada,Familiar,11.95,11.95,,False,79.7,LITRO,100 ml,False,https://tienda.consum.es/es/p/agua-de-colonia-concentrada/7472074,https://cdn-consum.aktiosdigitalservices.com/tol/consum/media/product/img/300x300/7472074.jpg?t=20260812080518,2026-10-08T22:06:05
agua,Consum,7481542,8411081153448,JOSMI,Agua Destilada Con Tapón de Seguridad,Otros limpiadores específicos,0.95,0.95,,False,0.48,LITRO,1 L,False,https://tienda.consum.es/es/p/agua-destilada-con-tapon-de-seguridad/7481542,https://cdn-consum.aktiosdigitalservices.com/tol/consum/media/product/img/300x300/7481542.jpg?t=20260825080103,2026-10-08T22:06:05
agua,Consum,7481559,8411081153455,JOSMI,Agua Destilada Con tapón de Seguridad,Otros limpiadores específicos,2.25,2.25,,False,0.45,LITRO,1 L,False,https://tienda.consum.es/es/p/agua-destilada-con-tapon-de-seguridad/7481559,https://cdn-consum.aktiosdigitalservices.com/tol/consum/media/product/img/300x300/7481559.jpg?t=20260728080237,2026-10-08T22:06:05
agua,Consum,7478910,8422385993500,ALVAREZ GOME,Agua Colonia Bleue Concentrada,Familiar,11.95,11.95,,False,79.7,LITRO,100 ml,False,https://tienda.consum.es/es/p/agua-colonia-bleue-concentrada/7478910,https://cdn-consum.aktiosdigitalservices.com/tol/consum/media/product/img/300x300/7478910.jpg?t=20260804081307,2026-10-08T22:06:05
agua,Consum,7215143,3600541358485,GARNIER,Agua Micelar,Limpieza y desmaquilladores,4.99,4.99,,False,12.5,LITRO,100 ml,False,https://tienda.consum.es/es/p/agua-micelar/7215143,https://cdn-consum.aktiosdigitalservices.com/tol/consum/media/product/img/300x300/7215143.jpg?t=20260827100924,2026-10-08T22:06:05
agua,Consum,7267750,3600541744523,GARNIER,Agua Micelar en Aceite,Limpieza y desmaquilladores,4.99,4.99,,False,12.5,LITRO,100 ml,False,https://tienda.consum.es/es/p/agua-micelar-en-aceite/7267750,https://cdn-consum.aktiosdigitalservices.com/tol/consum/media/product/img/300x300/7267750.jpg?t=20260827101350,2026-10-08T22:06:05
agua,Consum,7111131,8414716405028,ANIAN,Gel Higienizante Manos Hidro-Alcohólico,Gel de manos,1.99,1.99,,False,19.9,LITRO,100 ml,False,https://tienda.consum.es/es/p/gel-higienizante-manos-hidro-alcoholico/7111131,https://cdn-consum.aktiosdigitalservices.com/tol/consum/media/product/img/300x300/7111131.jpg?t=20260714080231,2026-10-08T22:06:05
agua,Consum,7360840,8414716406032,ANIAN,Hidroalcohólico,Gel de manos,2.99,2.99,,False,10.0,LITRO,100 ml,False,https://tienda.consum.es/es/p/hidroalcoholico/7360840,https://cdn-consum.aktiosdigitalservices.com/tol/consum/media/product/img/300x300/7360840.jpg?t=20260812080336,2026-10-08T22:06:05
agua,Consum,7405863,8422828930161,BIOGLOW,Alcohol De Cannabis Spray,"Alcohol, agua oxigenada y otros",1.99,1.99,,False,15.9,LITRO,100 ml,False,https://tienda.consum.es/es/p/alcohol-de-cannabis-spray/7405863,https://cdn-consum.aktiosdigitalservices.com/tol/consum/media/product/img/300x300/7405863.jpg?t=20260812080405,2026-10-08T22:06:05
agua,Consum,7398589,8414807555021,KYREY PHARMA,Alcohol De Romero,"Alcohol, agua oxigenada y otros",2.0,2.0,,False,8.0,LITRO,100 ml,False,https://tienda.consum.es/es/p/alcohol-de-romero/7398589,https://cdn-consum.aktiosdigitalservices.com/tol/consum/media/product/img/300x300/7398589.jpg?t=20260812080400,2026-10-08T22:06:05
agua,Consum,7398584,8414807555014,KYREY PHARMA,Alcohol 96º,"Alcohol, agua oxigenada y otros",0.8,0.8,,False,3.2,LITRO,100 ml,False,https://tienda.consum.es/es/p/alcohol-96/7398584,https://cdn-consum.aktiosdigitalservices.com/tol/consum/media/product/img/300x300/7398584.jpg?t=20260812080400,2026-10-08T22:06:05
agua,Consum,7434061,8413224030357,CUIDAPLUS,Clorhexidina Spray Desinfectante,"Alcohol, agua oxigenada y otros",3.15,3.15,,False,31.5,LITRO,100 ml,False,https://tienda.consum.es/es/p/clorhexidina-spray-desinfectante/7434061,https://cdn-consum.aktiosdigitalservices.com/tol/consum/media/product/img/300x300/7434061.jpg?t=20260825080042,2026-10-08T22:06:05
agua,Consum,7433055,8413224804217,CUIDAPLUS,Povidona Yodada,"Alcohol, agua oxigenada y otros",2.0,2.0,,False,16.0,LITRO,100 ml,False,https://tienda.consum.es/es/p/povidona-yodada/7433055,https://cdn-consum.aktiosdigitalservices.com/tol/consum/media/product/img/300x300/7433055.jpg?t=20260812080429,2026-10-08T22:06:05
agua,Consum,7482383,7702049000708,ANTIOQUEÑO,Aguardiente sin Azúcar,Licores y cremas,12.9,12.9,,False,18.43,LITRO,1 L,False,https://tienda.consum.es/es/p/aguardiente-sin-azucar/7482383,https://cdn-consum.aktiosdigitalservices.com/tol/consum/media/product/img/300x300/7482383.jpg?t=20260806080413,2026-10-08T22:06:05
agua,Consum,7423544,8414807557735,CONSUM,Colgador WC Agua Azul,Accesorios de baño,1.39,1.39,,False,0.7,UNIDAD,1 U,False,https://tienda.consum.es/es/p/colgador-wc-agua-azul/7423544,https://cdn-consum.aktiosdigitalservices.com/tol/consum/media/product/img/300x300/7423544.jpg?t=20260812080420,2026-10-08T22:06:05
agua,Consum,7364581,8414807551177,CONSUM,Pipas Gigantes Tostadas Aguasal en Bolsa,Pipas,1.1,1.1,,False,5.5,KILO,1 Kg,False,https://tienda.consum.es/es/p/pipas-gigantes-tostadas-aguasal-en-bolsa/7364581,https://cdn-consum.aktiosdigitalservices.com/tol/consum/media/product/img/300x300/7364581.jpg?t=20260812080338,2026-10-08T22:06:05
agua,Consum,7265767,8410800066885,SALUSTAR,Toallitas Agua Micelar,Limpieza y desmaquilladores,1.75,2.05,1.75,True,0.09,UNIDAD,1 U,False,https://tienda.consum.es/es/p/toallitas-agua-micelar/7265767,https://cdn-consum.aktiosdigitalservices.com/tol/consum/media/product/img/300x300/7265767.jpg?t=20260827101338,2026-10-08T22:06:05
agua,Consum,7374163,7332531019330,GOT2B,Polvos Texturizantes,Fijación capilar,4.99,5.99,4.99,True,4.99,UNIDAD,1 U,False,https://tienda.consum.es/es/p/polvos-texturizantes/7374163,https://cdn-consum.aktiosdigitalservices.com/tol/consum/media/product/img/300x300/7374163.jpg?t=20260827102626,2026-10-08T22:06:05
agua,Consum,7432073,8410800069565,SALUSTAR,Toallitas Desmaquillantes Agua Micelar Divisibles,Limpieza y desmaquilladores,2.45,2.45,,False,0.08,UNIDAD,1 U,False,https://tienda.consum.es/es/p/toallitas-desmaquillantes-agua-micelar-divisibles/7432073,https://cdn-consum.aktiosdigitalservices.com/tol/consum/media/product/img/300x300/7432073.jpg?t=20260827103923,2026-10-08T22:06:05
agua,Consum,7333623,8436009509596,,Aguacate Bandeja,Fruta tropical,2.76,2.76,,False,5.0,KILO,1 Kg,False,https://tienda.consum.es/es/p/aguacate-bandeja/7333623,https://cdn-consum.aktiosdigitalservices.com/tol/consum/media/product/img/300x300/7333623.jpg?t=20260901080212,2026-10-08T22:06:05
agua,Consum,7373764,5000204718539,PATO,Colgador WC Agua Azul,Accesorios de baño,1.75,1.75,,False,1.75,UNIDAD,1 U,False,https://tienda.consum.es/es/p/colgador-wc-agua-azul/7373764,https://cdn-consum.aktiosdigitalservices.com/tol/consum/media/product/img/300x300/7373764.jpg?t=20260812080343,2026-10-08T22:06:05
agua,Consum,7415037,8437017465027,HIELIUM,Hielo Picado Agua Mineral,Hielo,1.55,1.55,,False,0.78,KILO,1 Kg,False,https://tienda.consum.es/es/p/hielo-picado-agua-mineral/7415037,https://cdn-consum.aktiosdigitalservices.com/tol/consum/media/product/img/300x300/7415037.jpg?t=20260812080412,2026-10-08T22:06:05
agua,Consum,7380074,8437022535012,WORLD ENERGY,Dispensador de Agua Manual,Menaje cocina,3.99,3.99,,False,3.99,UNIDAD,1 U,False,https://tienda.consum.es/es/p/dispensador-de-agua-manual/7380074,https://cdn-consum.aktiosdigitalservices.com/tol/consum/media/product/img/300x300/7380074.jpg?t=20260812080347,2026-10-08T22:06:05
agua,Consum,7442549,8425850040532,NATTURU PHAR,Bruma Facial Tonificante Línea Agua Termal,Hidratación,3.99,3.99,,False,16.0,LITRO,100 ml,False,https://tienda.consum.es/es/p/bruma-facial-tonificante-linea-agua-termal/7442549,https://cdn-consum.aktiosdigitalservices.com/tol/consum/media/product/img/300x300/7442549.jpg?t=20260812080440,2026-10-08T22:06:05
agua,Consum,7422496,4004218760882,TETRA,Menú para Peces de Agua Fria Dr. Wu,Mundo Acuático,2.6,2.6,,False,10.4,LITRO,1 L,False,https://tienda.consum.es/es/p/menu-para-peces-de-agua-fria-dr-wu/7422496,https://cdn-consum.aktiosdigitalservices.com/tol/consum/media/product/img/300x300/7422496.jpg?t=20260812080419,2026-10-08T22:06:05
agua,Consum,7443054,8425850040501,NATTURU PHAR,Espuma Limpiadora Facial.Línea Agua Termal,Limpieza y desmaquilladores,4.49,4.49,,False,22.5,LITRO,100 ml,False,https://tienda.consum.es/es/p/espuma-limpiadora-faciallinea-agua-termal/7443054,https://cdn-consum.aktiosdigitalservices.com/tol/consum/media/product/img/300x300/7443054.jpg?t=20260812080441,2026-10-08T22:06:05
agua,Consum,7380079,8436571032164,WORLD ENERGY,Dispensador de Agua Automático Carga USB,Menaje cocina,9.99,9.99,,False,9.99,UNIDAD,1 U,False,https://tienda.consum.es/es/p/dispensador-de-agua-automatico-carga-usb/7380079,https://cdn-consum.aktiosdigitalservices.com/tol/consum/media/product/img/300x300/7380079.jpg?t=20260812080347,2026-10-08T22:06:05
agua,Consum,7442556,8425850040518,NATTURU PHAR,Gel Limpiador Facial Línea Agua Termal,Limpieza y desmaquilladores,3.99,3.99,,False,16.0,LITRO,100 ml,False,https://tienda.consum.es/es/p/gel-limpiador-facial-linea-agua-termal/7442556,https://cdn-consum.aktiosdigitalservices.com/tol/consum/media/product/img/300x300/7442556.jpg?t=20260812080440,2026-10-08T22:06:05
agua,Consum,7477466,8435434377572,,Aguacate Cubos,Fruta congelada,2.35,2.35,,False,7.83,KILO,1 Kg,False,https://tienda.consum.es/es/p/aguacate-cubos/7477466,https://cdn-consum.aktiosdigitalservices.com/tol/consum/media/product/img/300x300/7477466.jpg?t=20260815075919,2026-10-08T22:06:05
agua,Consum,7485717,5000204648225,PATO,Colgador WC Agua Azul,Accesorios de baño,2.79,2.79,,False,1.4,UNIDAD,1 U,False,https://tienda.consum.es/es/p/colgador-wc-agua-azul/7485717,https://cdn-consum.aktiosdigitalservices.com/tol/consum/media/product/img/300x300/7485717.jpg?t=20260908080331,2026-10-08T22:06:05
agua,Consum,7406259,8437017465003,HIELIUM,Cubito de Hielo Agua Mineral  bolsa,Hielo,1.19,1.19,,False,0.6,KILO,1 Kg,False,https://tienda.consum.es/es/p/cubito-de-hielo-agua-mineral-bolsa/7406259,https://cdn-consum.aktiosdigitalservices.com/tol/consum/media/product/img/300x300/7406259.jpg?t=20260812080406,2026-10-08T22:06:05
agua,Consum,7246098,8411322238040,NELLY,Espuma Color Plata,Espumas y mousses,3.79,3.79,,False,25.3,LITRO,100 ml,False,https://tienda.consum.es/es/p/espuma-color-plata/7246098,https://cdn-consum.aktiosdigitalservices.com/tol/consum/media/product/img/300x300/7246098.jpg?t=20260812080244,2026-10-08T22:06:05
agua,Consum,7440659,8411322240524,NELLY,Ondas Surferas Con Filtro UV Sea Salt,Cremas y aguas de peinado,2.49,2.49,,False,12.45,LITRO,1 L,False,https://tienda.consum.es/es/p/ondas-surferas-con-filtro-uv-sea-salt/7440659,https://cdn-consum.aktiosdigitalservices.com/tol/consum/media/product/img/300x300/7440659.jpg?t=20260812080439,2026-10-08T22:06:05
agua,Consum,7429983,4260431687959,JUST SPICES,Sazonador de Aguacate,Sazonadores,5.99,5.99,,False,99.83,KILO,1 Kg,False,https://tienda.consum.es/es/p/sazonador-de-aguacate/7429983,https://cdn-consum.aktiosdigitalservices.com/tol/consum/media/product/img/300x300/7429983.jpg?t=20260827103832,2026-10-08T22:06:05
agua,Consum,7459865,3600542650809,OR.REMEDIES,Champú Aguacate Nutritivo,Champú,3.99,3.99,,False,10.0,LITRO,100 ml,False,https://tienda.consum.es/es/p/champu-aguacate-nutritivo/7459865,https://cdn-consum.aktiosdigitalservices.com/tol/consum/media/product/img/300x300/7459865.jpg?t=20260826080035,2026-10-08T22:06:05
agua,Consum,7254600,8411061101339,V&L,Colonia Nº3 Hiedra Aguas de V&L,Femeninas,12.95,12.95,,False,86.3,LITRO,100 ml,False,https://tienda.consum.es/es/p/colonia-n3-hiedra-aguas-de-vl/7254600,https://cdn-consum.aktiosdigitalservices.com/tol/consum/media/product/img/300x300/7254600.jpg?t=20260812080247,2026-10-08T22:06:05
agua,Consum,7398931,8411061007464,V&L,Colonia Pura Vida Aguas Esenciales,Femeninas,15.95,15.95,,False,63.8,LITRO,100 ml,False,https://tienda.consum.es/es/p/colonia-pura-vida-aguas-esenciales/7398931,https://cdn-consum.aktiosdigitalservices.com/tol/consum/media/product/img/300x300/7398931.jpg?t=20260812080400,2026-10-08T22:06:05
agua,Consum,7455322,3600541738768,OR.REMEDIES,Mascarilla Aguacate Nutritiva,Mascarillas cabello,4.99,4.99,,False,14.7,LITRO,100 ml,False,https://tienda.consum.es/es/p/mascarilla-aguacate-nutritiva/7455322,https://cdn-consum.aktiosdigitalservices.com/tol/consum/media/product/img/300x300/7455322.jpg?t=20260827104650,2026-10-08T22:06:05
agua,Consum,7455335,3600541791909,OR.REMEDIES,Aceite Crema Aguacate Nutritivo,Acondicionadores,3.4,3.4,,False,17.0,LITRO,100 ml,False,https://tienda.consum.es/es/p/aceite-crema-aguacate-nutritivo/7455335,https://cdn-consum.aktiosdigitalservices.com/tol/consum/media/product/img/300x300/7455335.jpg?t=20260812080454,2026-10-08T22:06:05
agua,Consum,7254592,8411061101254,V&L,Colonia Nº1 Azahar Aguas de V&L,Femeninas,12.95,12.95,,False,86.3,LITRO,100 ml,False,https://tienda.consum.es/es/p/colonia-n1-azahar-aguas-de-vl/7254592,https://cdn-consum.aktiosdigitalservices.com/tol/consum/media/product/img/300x300/7254592.jpg?t=20260812080247,2026-10-08T22:06:05
agua,Consum,7270879,8411061101377,V&L,Colonia Nº5 Jazmín Aguas de V&L,Femeninas,12.95,12.95,,False,86.3,LITRO,100 ml,False,https://tienda.consum.es/es/p/colonia-n5-jazmin-aguas-de-vl/7270879,https://cdn-consum.aktiosdigitalservices.com/tol/consum/media/product/img/300x300/7270879.jpg?t=20260812080253,2026-10-08T22:06:05
agua,Consum,7327146,8437016043967,ALBERT,Aceite de Aguacate Cristal,Otros aceites,2.35,2.35,,False,9.4,LITRO,1 L,False,https://tienda.consum.es/es/p/aceite-de-aguacate-cristal/7327146,https://cdn-consum.aktiosdigitalservices.com/tol/consum/media/product/img/300x300/7327146.jpg?t=20260812080319,2026-10-08T22:06:05
agua,Consum,7378813,8411061101278,V&L,Colonia Nº2 Rosa Fresca Aguas de V&L,Femeninas,12.95,12.95,,False,86.3,LITRO,100 ml,False,https://tienda.consum.es/es/p/colonia-n2-rosa-fresca-aguas-de-vl/7378813,https://cdn-consum.aktiosdigitalservices.com/tol/consum/media/product/img/300x300/7378813.jpg?t=20260602084850,2026-10-08T22:06:05
agua,Consum,7414936,8413164016930,GREFUSA,Pipas Aguasal Bolsa,Pipas,2.89,2.89,,False,14.82,KILO,1 Kg,False,https://tienda.consum.es/es/p/pipas-aguasal-bolsa/7414936,https://cdn-consum.aktiosdigitalservices.com/tol/consum/media/product/img/300x300/7414936.jpg?t=20260827103402,2026-10-08T22:06:05
agua,Consum,7421642,8411061114223,V&L,Colonia Nº16 Flor Exótica Aguas Intensas V&L,Femeninas,14.95,14.95,,False,99.67,LITRO,1 L,False,https://tienda.consum.es/es/p/colonia-n16-flor-exotica-aguas-intensas-vl/7421642,https://cdn-consum.aktiosdigitalservices.com/tol/consum/media/product/img/300x300/7421642.jpg?t=20260812080418,2026-10-08T22:06:05
agua,Consum,7432391,8411061067192,V&L,Colonia Aguas Sport Hombre nº10,Masculinas,12.95,12.95,,False,86.3,LITRO,100 ml,False,https://tienda.consum.es/es/p/colonia-aguas-sport-hombre-n10/7432391,https://cdn-consum.aktiosdigitalservices.com/tol/consum/media/product/img/300x300/7432391.jpg?t=20260820080018,2026-10-08T22:06:05
agua,Consum,7473494,8412276380274,,Pulpa de aguacate para untar,Ensaladas preparadas y guacamole,1.39,1.39,,False,11.12,KILO,1 Kg,False,https://tienda.consum.es/es/p/pulpa-de-aguacate-para-untar/7473494,https://cdn-consum.aktiosdigitalservices.com/tol/consum/media/product/img/300x300/7473494.jpg?t=20260812080520,2026-10-08T22:06:05
zumo,Consum,7209955,8414807532077,CONSUM,Zumo Exprimido Naranja Sin pulpa - Minibrik,Zumos y néctares no refrigerados,1.4,1.4,,False,2.33,LITRO,1 L,False,https://tienda.consum.es/es/p/zumo-exprimido-naranja-sin-pulpa---minibrik/7209955,https://cdn-consum.aktiosdigitalservices.com/tol/consum/media/product/img/300x300/7209955.jpg?t=20260812080231,2026-10-08T22:06:07
zumo,Consum,7209984,8414807532121,CONSUM,Zumo Exprimido Naranja Sin pulpa - Brik,Zumos y néctares no refrigerados,1.85,1.85,,False,1.85,LITRO,1 L,False,https://tienda.consum.es/es/p/zumo-exprimido-naranja-sin-pulpa---brik/7209984,https://cdn-consum.aktiosdigitalservices.com/tol/consum/media/product/img/300x300/7209984.jpg?t=20260812080231,2026-10-08T22:06:07
zumo,Consum,7302792,8414807543349,CONSUM,Zumo Exprimido Naranja con Pulpa Brik,Zumos y néctares no refrigerados,1.85,1.85,,False,1.85,LITRO,1 L,False,https://tienda.consum.es/es/p/zumo-exprimido-naranja-con-pulpa-brik/7302792,https://cdn-consum.aktiosdigitalservices.com/tol/consum/media/product/img/300x300/7302792.jpg?t=20260812080307,2026-10-08T22:06:07
zumo,Consum,7066389,8410261608402,DON SIMON,Zumo Exprimido Naranja Sin pulpa - Brik,Zumos y néctares no refrigerados,2.49,2.49,,False,2.49,LITRO,1 L,False,https://tienda.consum.es/es/p/zumo-exprimido-naranja-sin-pulpa---brik/7066389,https://cdn-consum.aktiosdigitalservices.com/tol/consum/media/product/img/300x300/7066389.jpg?t=20260812080158,2026-10-08T22:06:07
zumo,Consum,7194629,8410261608105,DON SIMON,Zumo Exprimido Naranja Con Pulpa - Brik,Zumos y néctares no refrigerados,2.49,2.49,,False,2.49,LITRO,1 L,False,https://tienda.consum.es/es/p/zumo-exprimido-naranja-con-pulpa---brik/7194629,https://cdn-consum.aktiosdigitalservices.com/tol/consum/media/product/img/300x300/7194629.jpg?t=20260812080226,2026-10-08T22:06:07
zumo,Consum,7270247,8410261611228,DON SIMON,Zumo Exprimido Piña Uva sin Pulpa Minibrik,Zumos y néctares no refrigerados,1.89,1.89,,False,3.94,LITRO,1 L,False,https://tienda.consum.es/es/p/zumo-exprimido-pina-uva-sin-pulpa-minibrik/7270247,https://cdn-consum.aktiosdigitalservices.com/tol/consum/media/product/img/300x300/7270247.jpg?t=20260827101406,2026-10-08T22:06:07
zumo,Consum,7082944,8410261603612,DON SIMON,Zumo Melocotón y Uva Concentrado Pack de 6,Zumos y néctares no refrigerados,2.15,2.15,,False,1.79,LITRO,1 L,False,https://tienda.consum.es/es/p/zumo-melocoton-y-uva-concentrado-pack-de-6/7082944,https://cdn-consum.aktiosdigitalservices.com/tol/consum/media/product/img/300x300/7082944.jpg?t=20260827100121,2026-10-08T22:06:07
zumo,Consum,7082907,8410261160108,DON SIMON,Zumo Naranja Concentrado Brik,Zumos y néctares no refrigerados,1.49,1.79,1.49,True,1.49,LITRO,1 L,False,https://tienda.consum.es/es/p/zumo-naranja-concentrado-brik/7082907,https://cdn-consum.aktiosdigitalservices.com/tol/consum/media/product/img/300x300/7082907.jpg?t=20260812080202,2026-10-08T22:06:07
zumo,Consum,7082936,8410261601618,DON SIMON,Zumo Naranja Concentrado Pack de 6,Zumos y néctares no refrigerados,2.59,2.59,,False,2.16,LITRO,1 L,False,https://tienda.consum.es/es/p/zumo-naranja-concentrado-pack-de-6/7082936,https://cdn-consum.aktiosdigitalservices.com/tol/consum/media/product/img/300x300/7082936.jpg?t=20260827100119,2026-10-08T22:06:07
zumo,Consum,7373629,8410261611341,DON SIMON,Zumo Exprimido Piña Brik,Zumos y néctares no refrigerados,2.99,2.99,,False,2.99,LITRO,1 L,False,https://tienda.consum.es/es/p/zumo-exprimido-pina-brik/7373629,https://cdn-consum.aktiosdigitalservices.com/tol/consum/media/product/img/300x300/7373629.jpg?t=20260812080343,2026-10-08T22:06:07
zumo,Consum,7314701,8414807544391,CONSUM,Zumo de Clementina Refrigerado,Zumos frescos,1.8,1.8,,False,1.8,LITRO,1 L,False,https://tienda.consum.es/es/p/zumo-de-clementina-refrigerado/7314701,https://cdn-consum.aktiosdigitalservices.com/tol/consum/media/product/img/300x300/7314701.jpg?t=20260812080313,2026-10-08T22:06:07
zumo,Consum,7314693,8414807544377,CONSUM,Zumo de Piña Costa Rica Refrigerado,Zumos frescos,2.6,2.6,,False,2.6,LITRO,1 L,False,https://tienda.consum.es/es/p/zumo-de-pina-costa-rica-refrigerado/7314693,https://cdn-consum.aktiosdigitalservices.com/tol/consum/media/product/img/300x300/7314693.jpg?t=20260812080313,2026-10-08T22:06:07
zumo,Consum,7314706,8414807544407,CONSUM,Zumo de Granada Refrigerado,Zumos frescos,1.65,1.65,,False,5.0,LITRO,1 L,False,https://tienda.consum.es/es/p/zumo-de-granada-refrigerado/7314706,https://cdn-consum.aktiosdigitalservices.com/tol/consum/media/product/img/300x300/7314706.jpg?t=20260812080313,2026-10-08T22:06:07
zumo,Consum,7314677,8414807544346,CONSUM,Zumo Naranja con Pulpa Refrigerado,Zumos frescos,2.1,2.1,,False,2.1,LITRO,1 L,False,https://tienda.consum.es/es/p/zumo-naranja-con-pulpa-refrigerado/7314677,https://cdn-consum.aktiosdigitalservices.com/tol/consum/media/product/img/300x300/7314677.jpg?t=20260812080313,2026-10-08T22:06:07
zumo,Consum,7314680,8414807544353,CONSUM,Zumo Naranja sin Pulpa Refrigerado,Zumos frescos,2.1,2.1,,False,2.1,LITRO,1 L,False,https://tienda.consum.es/es/p/zumo-naranja-sin-pulpa-refrigerado/7314680,https://cdn-consum.aktiosdigitalservices.com/tol/consum/media/product/img/300x300/7314680.jpg?t=20260812080313,2026-10-08T22:06:07
zumo,Consum,7209971,8414807532107,CONSUM,Néctar Piña,Zumos y néctares no refrigerados,1.25,1.25,,False,1.25,LITRO,1 L,False,https://tienda.consum.es/es/p/nectar-pina/7209971,https://cdn-consum.aktiosdigitalservices.com/tol/consum/media/product/img/300x300/7209971.jpg?t=20260812080231,2026-10-08T22:06:07
zumo,Consum,7319648,8410707005017,JUVER,Zumo Piña 100% Free,Zumos y néctares no refrigerados,1.79,1.99,1.79,True,1.79,LITRO,1 L,False,https://tienda.consum.es/es/p/zumo-pina-100-free/7319648,https://cdn-consum.aktiosdigitalservices.com/tol/consum/media/product/img/300x300/7319648.jpg?t=20260812080316,2026-10-08T22:06:07
zumo,Consum,7402139,4048517717710,HOHES C,Zumo Multifrutas Hierro,Zumos y néctares no refrigerados,3.09,3.09,,False,3.09,LITRO,1 L,False,https://tienda.consum.es/es/p/zumo-multifrutas-hierro/7402139,https://cdn-consum.aktiosdigitalservices.com/tol/consum/media/product/img/300x300/7402139.jpg?t=20260818075946,2026-10-08T22:06:07
zumo,Consum,7406457,8410707006397,JUVER,Zumo Multifrutas 100% Free,Zumos y néctares no refrigerados,1.79,1.99,1.79,True,1.79,LITRO,1 L,False,https://tienda.consum.es/es/p/zumo-multifrutas-100-free/7406457,https://cdn-consum.aktiosdigitalservices.com/tol/consum/media/product/img/300x300/7406457.jpg?t=20260812080406,2026-10-08T22:06:07
zumo,Consum,7355688,8410261768168,DON SIMON,Zumo Smoothie Mango y Maracuyá,Zumos frescos,1.15,1.15,,False,3.48,LITRO,1 L,False,https://tienda.consum.es/es/p/zumo-smoothie-mango-y-maracuya/7355688,https://cdn-consum.aktiosdigitalservices.com/tol/consum/media/product/img/300x300/7355688.jpg?t=20260827102359,2026-10-08T22:06:07
zumo,Consum,7476570,8410261779058,DON SIMON,Zumo de Naranja Con Pulpa,Zumos frescos,1.19,1.19,,False,3.61,LITRO,1 L,False,https://tienda.consum.es/es/p/zumo-de-naranja-con-pulpa/7476570,https://cdn-consum.aktiosdigitalservices.com/tol/consum/media/product/img/300x300/7476570.jpg?t=20260827105541,2026-10-08T22:06:07
zumo,Consum,7476588,8410261766522,DON SIMON,Zumo Frutos Rojos,Zumos frescos,2.5,2.5,,False,3.33,LITRO,1 L,False,https://tienda.consum.es/es/p/zumo-frutos-rojos/7476588,https://cdn-consum.aktiosdigitalservices.com/tol/consum/media/product/img/300x300/7476588.jpg?t=20260827105542,2026-10-08T22:06:07
zumo,Consum,7392751,8410171038214,FRUTAE,Zumo Tropical con Kale Refrigerado,Zumos frescos,2.09,2.35,2.09,True,2.78,LITRO,1 L,False,https://tienda.consum.es/es/p/zumo-tropical-con-kale-refrigerado/7392751,https://cdn-consum.aktiosdigitalservices.com/tol/consum/media/product/img/300x300/7392751.jpg?t=20260812080355,2026-10-08T22:06:07
zumo,Consum,7440555,8410171040408,FRUTAE,Zumo Frutas Tropicales,Zumos frescos,2.15,2.15,,False,2.87,LITRO,1 L,False,https://tienda.consum.es/es/p/zumo-frutas-tropicales/7440555,https://cdn-consum.aktiosdigitalservices.com/tol/consum/media/product/img/300x300/7440555.jpg?t=20260827104217,2026-10-08T22:06:07
zumo,Consum,7223667,8410261609102,DON SIMON,Néctar Frutas del Bosque Brik,Zumos y néctares no refrigerados,1.59,1.59,,False,1.59,LITRO,1 L,False,https://tienda.consum.es/es/p/nectar-frutas-del-bosque-brik/7223667,https://cdn-consum.aktiosdigitalservices.com/tol/consum/media/product/img/300x300/7223667.jpg?t=20260812080236,2026-10-08T22:06:07
zumo,Consum,7240815,8410261609317,DON SIMON,Néctar Frutos del Bosque Pack 6,Zumos y néctares no refrigerados,2.1,2.1,,False,1.75,LITRO,1 L,False,https://tienda.consum.es/es/p/nectar-frutos-del-bosque-pack-6/7240815,https://cdn-consum.aktiosdigitalservices.com/tol/consum/media/product/img/300x300/7240815.jpg?t=20260812080242,2026-10-08T22:06:07
zumo,Consum,7484926,8410261657813,DON SIMON,Nectar Maracuya Botella Pet,Zumos y néctares no refrigerados,1.95,1.95,,False,1.3,LITRO,1 L,False,https://tienda.consum.es/es/p/nectar-maracuya-botella-pet/7484926,https://cdn-consum.aktiosdigitalservices.com/tol/consum/media/product/img/300x300/7484926.jpg?t=20260818080158,2026-10-08T22:06:07
zumo,Consum,7485071,8410261654003,DON SIMON,Nectar Guayaba,Zumos y néctares no refrigerados,1.3,1.3,,False,1.3,LITRO,1 L,False,https://tienda.consum.es/es/p/nectar-guayaba/7485071,https://cdn-consum.aktiosdigitalservices.com/tol/consum/media/product/img/300x300/7485071.jpg?t=20260818080201,2026-10-08T22:06:07
zumo,Consum,7291110,8414807541871,CONSUM,Bebida Piña Coco,Zumos y néctares no refrigerados,1.45,1.45,,False,1.45,LITRO,1 L,False,https://tienda.consum.es/es/p/bebida-pina-coco/7291110,https://cdn-consum.aktiosdigitalservices.com/tol/consum/media/product/img/300x300/7291110.jpg?t=20260812080302,2026-10-08T22:06:07
zumo,Consum,7119048,8410261650043,DON SIMON,Néctar Piña Disfruta sin Azúcar Añadido Pet,Zumos y néctares sin azúcar,1.79,2.69,1.79,True,1.19,LITRO,1 L,False,https://tienda.consum.es/es/p/nectar-pina-disfruta-sin-azucar-anadido-pet/7119048,https://cdn-consum.aktiosdigitalservices.com/tol/consum/media/product/img/300x300/7119048.jpg?t=20260827100326,2026-10-08T22:06:07
zumo,Consum,7119118,8410261650333,DON SIMON,Néctar Naranja Zanahoria Mango sin Azúcar Añ. Pet,Zumos y néctares sin azúcar,1.49,1.95,1.49,True,0.99,LITRO,1 L,False,https://tienda.consum.es/es/p/nectar-naranja-zanahoria-mango-sin-azucar-an-pet/7119118,https://cdn-consum.aktiosdigitalservices.com/tol/consum/media/product/img/300x300/7119118.jpg?t=20260827100330,2026-10-08T22:06:07
zumo,Consum,7119043,8410261650036,DON SIMON,Néctar Naranja Disfruta sin Azúcar Añadido Pet,Zumos y néctares sin azúcar,1.79,2.69,1.79,True,1.19,LITRO,1 L,False,https://tienda.consum.es/es/p/nectar-naranja-disfruta-sin-azucar-anadido-pet/7119043,https://cdn-consum.aktiosdigitalservices.com/tol/consum/media/product/img/300x300/7119043.jpg?t=20260827100324,2026-10-08T22:06:07
zumo,Consum,7119121,8410261650210,DON SIMON,Néctar Piña Disfruta sin Azúcar Añadido Pack,Zumos y néctares sin azúcar,2.35,2.35,,False,1.96,LITRO,1 L,False,https://tienda.consum.es/es/p/nectar-pina-disfruta-sin-azucar-anadido-pack/7119121,https://cdn-consum.aktiosdigitalservices.com/tol/consum/media/product/img/300x300/7119121.jpg?t=20260827100332,2026-10-08T22:06:07
zumo,Consum,7119167,8410261650227,DON SIMON,Néctar Melocotón Disfrut sin Azúcar Añadido Pack,Zumos y néctares sin azúcar,1.99,1.99,,False,1.66,LITRO,1 L,False,https://tienda.consum.es/es/p/nectar-melocoton-disfrut-sin-azucar-anadido-pack/7119167,https://cdn-consum.aktiosdigitalservices.com/tol/consum/media/product/img/300x300/7119167.jpg?t=20260827100335,2026-10-08T22:06:07
zumo,Consum,444554,4002160092150,GRANINI,Néctar Naranja Botella Pet,Zumos y néctares no refrigerados,2.99,2.99,,False,2.99,LITRO,1 L,False,https://tienda.consum.es/es/p/nectar-naranja-botella-pet/444554,https://cdn-consum.aktiosdigitalservices.com/tol/consum/media/product/img/300x300/444554.jpg?t=20260812080138,2026-10-08T22:06:07
zumo,Consum,444356,4002160092891,GRANINI,Néctar Piña Botella Pet,Zumos y néctares no refrigerados,2.99,2.99,,False,2.99,LITRO,1 L,False,https://tienda.consum.es/es/p/nectar-pina-botella-pet/444356,https://cdn-consum.aktiosdigitalservices.com/tol/consum/media/product/img/300x300/444356.jpg?t=20260812080138,2026-10-08T22:06:07
zumo,Consum,3317591,4002160092907,GRANINI,Néctar Pera Botella Pet,Zumos y néctares no refrigerados,2.99,2.99,,False,2.99,LITRO,1 L,False,https://tienda.consum.es/es/p/nectar-pera-botella-pet/3317591,https://cdn-consum.aktiosdigitalservices.com/tol/consum/media/product/img/300x300/3317591.jpg?t=20260812080145,2026-10-08T22:06:07
zumo,Consum,7369296,8431707000123,GRANINI,Néctar Piña Botella,Zumos y néctares no refrigerados,1.25,1.45,1.25,True,3.78,LITRO,1 L,False,https://tienda.consum.es/es/p/nectar-pina-botella/7369296,https://cdn-consum.aktiosdigitalservices.com/tol/consum/media/product/img/300x300/7369296.jpg?t=20260812080340,2026-10-08T22:06:07
zumo,Consum,7068729,4002160092563,GRANINI,Néctar Piña Pack de 3,Zumos y néctares no refrigerados,1.69,1.69,,False,2.82,LITRO,1 L,False,https://tienda.consum.es/es/p/nectar-pina-pack-de-3/7068729,https://cdn-consum.aktiosdigitalservices.com/tol/consum/media/product/img/300x300/7068729.jpg?t=20260827100012,2026-10-08T22:06:07
zumo,Consum,7295426,8431707000116,GRANINI,Néctar Melocotón Botella,Zumos y néctares no refrigerados,1.25,1.45,1.25,True,3.78,LITRO,1 L,False,https://tienda.consum.es/es/p/nectar-melocoton-botella/7295426,https://cdn-consum.aktiosdigitalservices.com/tol/consum/media/product/img/300x300/7295426.jpg?t=20260812080304,2026-10-08T22:06:07
zumo,Consum,7209927,8414807532015,CONSUM,Bebida de Naranja Sin Azúcares Añadidos,Zumos y néctares sin azúcar,1.05,1.05,,False,1.05,LITRO,1 L,False,https://tienda.consum.es/es/p/bebida-de-naranja-sin-azucares-anadidos/7209927,https://cdn-consum.aktiosdigitalservices.com/tol/consum/media/product/img/300x300/7209927.jpg?t=20260812080231,2026-10-08T22:06:07
zumo,Consum,7209930,8414807532022,CONSUM,Bebida de Melocotón sin Azúcares Añadidos,Zumos y néctares sin azúcar,1.0,1.0,,False,1.0,LITRO,1 L,False,https://tienda.consum.es/es/p/bebida-de-melocoton-sin-azucares-anadidos/7209930,https://cdn-consum.aktiosdigitalservices.com/tol/consum/media/product/img/300x300/7209930.jpg?t=20260812080231,2026-10-08T22:06:07
zumo,Consum,7118602,8414807518927,CONSUM,Bebida de Melocotón Sin Azúcares Añadidos,Zumos y néctares sin azúcar,1.5,1.5,,False,1.25,LITRO,1 L,False,https://tienda.consum.es/es/p/bebida-de-melocoton-sin-azucares-anadidos/7118602,https://cdn-consum.aktiosdigitalservices.com/tol/consum/media/product/img/300x300/7118602.jpg?t=20260812080209,2026-10-08T22:06:07
zumo,Consum,7291115,8414807541888,CONSUM,Bebida de Granada Sin Azúcares Añadidos,Zumos y néctares sin azúcar,0.99,0.99,,False,0.99,LITRO,1 L,False,https://tienda.consum.es/es/p/bebida-de-granada-sin-azucares-anadidos/7291115,https://cdn-consum.aktiosdigitalservices.com/tol/consum/media/product/img/300x300/7291115.jpg?t=20260812080302,2026-10-08T22:06:07
zumo,Consum,7209950,8414807532060,CONSUM,Bebida Frutos Rojos Sin Azúcares Añadidos,Zumos y néctares sin azúcar,1.59,1.59,,False,1.59,LITRO,1 L,False,https://tienda.consum.es/es/p/bebida-frutos-rojos-sin-azucares-anadidos/7209950,https://cdn-consum.aktiosdigitalservices.com/tol/consum/media/product/img/300x300/7209950.jpg?t=20260812080231,2026-10-08T22:06:07
zumo,Consum,7111677,8414807518439,CONSUM,Bebida de Pomelo Sin Azúcares Añadidos,Zumos y néctares sin azúcar,1.3,1.3,,False,1.3,LITRO,1 L,False,https://tienda.consum.es/es/p/bebida-de-pomelo-sin-azucares-anadidos/7111677,https://cdn-consum.aktiosdigitalservices.com/tol/consum/media/product/img/300x300/7111677.jpg?t=20260812080208,2026-10-08T22:06:07
zumo,Consum,7118599,8414807518910,CONSUM,Bebida de Naranja Sin Azúcares Añadidos,Zumos y néctares sin azúcar,1.85,1.85,,False,1.54,LITRO,1 L,False,https://tienda.consum.es/es/p/bebida-de-naranja-sin-azucares-anadidos/7118599,https://cdn-consum.aktiosdigitalservices.com/tol/consum/media/product/img/300x300/7118599.jpg?t=20260812080209,2026-10-08T22:06:07
zumo,Consum,7209922,8414807532008,CONSUM,Bebida de Piña Sin Azúcares Añadidos,Zumos y néctares sin azúcar,0.95,0.95,,False,0.95,LITRO,1 L,False,https://tienda.consum.es/es/p/bebida-de-pina-sin-azucares-anadidos/7209922,https://cdn-consum.aktiosdigitalservices.com/tol/consum/media/product/img/300x300/7209922.jpg?t=20260812080230,2026-10-08T22:06:07
zumo,Consum,7118594,8414807518903,CONSUM,Bebida Piña Sin Azúcar Pack de 6,Zumos y néctares sin azúcar,1.6,1.6,,False,1.33,LITRO,1 L,False,https://tienda.consum.es/es/p/bebida-pina-sin-azucar-pack-de-6/7118594,https://cdn-consum.aktiosdigitalservices.com/tol/consum/media/product/img/300x300/7118594.jpg?t=20260812080209,2026-10-08T22:06:07
zumo,Consum,7473499,8410707010080,JUVER,Nectar Melocotón,Zumos y néctares no refrigerados,2.19,2.19,,False,2.19,LITRO,1 L,False,https://tienda.consum.es/es/p/nectar-melocoton/7473499,https://cdn-consum.aktiosdigitalservices.com/tol/consum/media/product/img/300x300/7473499.jpg?t=20260812080520,2026-10-08T22:06:07
zumo,Consum,7436913,8410261071121,DON SIMON,Mosto Tinto Pet,Mosto,1.85,1.85,,False,1.85,LITRO,1 L,False,https://tienda.consum.es/es/p/mosto-tinto-pet/7436913,https://cdn-consum.aktiosdigitalservices.com/tol/consum/media/product/img/300x300/7436913.jpg?t=20260827104059,2026-10-08T22:06:07
zumo,Consum,7436921,8410261073125,DON SIMON,Mosto Blanco Pet,Mosto,1.85,1.85,,False,1.85,LITRO,1 L,False,https://tienda.consum.es/es/p/mosto-blanco-pet/7436921,https://cdn-consum.aktiosdigitalservices.com/tol/consum/media/product/img/300x300/7436921.jpg?t=20260827104101,2026-10-08T22:06:07
zumo,Consum,7252331,8410261627045,DON SIMON,Bebida Multivitaminas Brik,Zumos y néctares no refrigerados,1.25,1.25,,False,0.63,LITRO,1 L,False,https://tienda.consum.es/es/p/bebida-multivitaminas-brik/7252331,https://cdn-consum.aktiosdigitalservices.com/tol/consum/media/product/img/300x300/7252331.jpg?t=20260812080246,2026-10-08T22:06:07
zumo,Consum,7168958,8414807525765,CONSUM KIDS,Néctar de Frutas Pack de 6,Zumos y néctares sin azúcar,1.75,1.75,,False,1.46,LITRO,1 L,False,https://tienda.consum.es/es/p/nectar-de-frutas-pack-de-6/7168958,https://cdn-consum.aktiosdigitalservices.com/tol/consum/media/product/img/300x300/7168958.jpg?t=20260812080217,2026-10-08T22:06:07
zumo,Consum,7300507,8410707124374,JUVER,Néctar Piña Sin Azúcar Añadido Brik,Zumos y néctares sin azúcar,2.85,2.85,,False,2.38,LITRO,1 L,False,https://tienda.consum.es/es/p/nectar-pina-sin-azucar-anadido-brik/7300507,https://cdn-consum.aktiosdigitalservices.com/tol/consum/media/product/img/300x300/7300507.jpg?t=20260827101740,2026-10-08T22:06:07
zumo,Consum,7305519,8410707001279,JUVER,Néctar Maracuyá Sin Azúcar Añadido Brik,Zumos y néctares sin azúcar,1.69,1.99,1.69,True,1.69,LITRO,1 L,False,https://tienda.consum.es/es/p/nectar-maracuya-sin-azucar-anadido-brik/7305519,https://cdn-consum.aktiosdigitalservices.com/tol/consum/media/product/img/300x300/7305519.jpg?t=20260812080309,2026-10-08T22:06:07
zumo,Consum,7442846,8410707007370,JUVER,Néctar Piña Sin Azúcar Añadido Brick,Zumos y néctares sin azúcar,3.15,3.15,,False,2.1,LITRO,1 L,False,https://tienda.consum.es/es/p/nectar-pina-sin-azucar-anadido-brick/7442846,https://cdn-consum.aktiosdigitalservices.com/tol/consum/media/product/img/300x300/7442846.jpg?t=20260827104251,2026-10-08T22:06:07
zumo,Consum,7442861,8410707007981,JUVER,Néctar Melocotón Sin Azúcar Añadido Brick,Zumos y néctares sin azúcar,2.85,2.85,,False,1.9,LITRO,1 L,False,https://tienda.consum.es/es/p/nectar-melocoton-sin-azucar-anadido-brick/7442861,https://cdn-consum.aktiosdigitalservices.com/tol/consum/media/product/img/300x300/7442861.jpg?t=20260827104252,2026-10-08T22:06:07
zumo,Consum,7444990,8410707004768,JUVER,Néctar Arándanos Sin Azúcares Añadidos,Zumos y néctares sin azúcar,1.69,1.99,1.69,True,1.69,LITRO,1 L,False,https://tienda.consum.es/es/p/nectar-arandanos-sin-azucares-anadidos/7444990,https://cdn-consum.aktiosdigitalservices.com/tol/consum/media/product/img/300x300/7444990.jpg?t=20260812080443,2026-10-08T22:06:07
zumo,Consum,7452787,8410707007974,JUVER,Néctar Naranja Exprimida Sin Azúcar Añadido Brik,Zumos y néctares sin azúcar,2.85,2.85,,False,1.9,LITRO,1 L,False,https://tienda.consum.es/es/p/nectar-naranja-exprimida-sin-azucar-anadido-brik/7452787,https://cdn-consum.aktiosdigitalservices.com/tol/consum/media/product/img/300x300/7452787.jpg?t=20260827104555,2026-10-08T22:06:07
zumo,Consum,7456999,8410707118373,JUVER,Nectar Melocotón Sin Azúcar,Zumos y néctares sin azúcar,2.85,2.85,,False,2.38,LITRO,1 L,False,https://tienda.consum.es/es/p/nectar-melocoton-sin-azucar/7456999,https://cdn-consum.aktiosdigitalservices.com/tol/consum/media/product/img/300x300/7456999.jpg?t=20260827104732,2026-10-08T22:06:07
zumo,Consum,7317485,8414807544841,CONSUM,"Détox con Piña, Hinojo y Alcachofa",Zumos frescos,1.55,1.55,,False,4.7,LITRO,1 L,False,https://tienda.consum.es/es/p/detox-con-pina-hinojo-y-alcachofa/7317485,https://cdn-consum.aktiosdigitalservices.com/tol/consum/media/product/img/300x300/7317485.jpg?t=20260812080315,2026-10-08T22:06:07
zumo,Consum,7342710,8410261627175,DON SIMON,Bebida Naranja Brick,Zumos y néctares sin azúcar,1.4,1.4,,False,0.7,LITRO,1 L,False,https://tienda.consum.es/es/p/bebida-naranja-brick/7342710,https://cdn-consum.aktiosdigitalservices.com/tol/consum/media/product/img/300x300/7342710.jpg?t=20260812080326,2026-10-08T22:06:07
zumo,Consum,7484918,8410261650067,DON SIMON,Bebida Tropical Sin Azúcar Añadido Pet,Zumos y néctares sin azúcar,1.39,1.5,1.39,True,0.93,LITRO,1 L,False,https://tienda.consum.es/es/p/bebida-tropical-sin-azucar-anadido-pet/7484918,https://cdn-consum.aktiosdigitalservices.com/tol/consum/media/product/img/300x300/7484918.jpg?t=20260811080301,2026-10-08T22:06:07
zumo,Consum,444364,4002160092884,GRANINI,Bebida a Base de Zumo de Melocotón Pet,Zumos y néctares no refrigerados,2.99,2.99,,False,2.99,LITRO,1 L,False,https://tienda.consum.es/es/p/bebida-a-base-de-zumo-de-melocoton-pet/444364,https://cdn-consum.aktiosdigitalservices.com/tol/consum/media/product/img/300x300/444364.jpg?t=20260812080138,2026-10-08T22:06:07
zumo,Consum,557769,4002160092976,GRANINI,Bebida a Base de Zumo de Pomelo Rosa Pet,Zumos y néctares no refrigerados,2.99,2.99,,False,2.99,LITRO,1 L,False,https://tienda.consum.es/es/p/bebida-a-base-de-zumo-de-pomelo-rosa-pet/557769,https://cdn-consum.aktiosdigitalservices.com/tol/consum/media/product/img/300x300/557769.jpg?t=20260812080139,2026-10-08T22:06:07
zumo,Consum,7068732,4002160092556,GRANINI,Bebida a Base de Zumo de Melocotón Tetrabrik,Zumos y néctares no refrigerados,1.69,1.69,,False,2.82,LITRO,1 L,False,https://tienda.consum.es/es/p/bebida-a-base-de-zumo-de-melocoton-tetrabrik/7068732,https://cdn-consum.aktiosdigitalservices.com/tol/consum/media/product/img/300x300/7068732.jpg?t=20260827100014,2026-10-08T22:06:07
zumo,Consum,7302904,8410707008063,BAHAMAS,Bebida Multifrutas Brik,Zumos y néctares no refrigerados,1.25,1.25,,False,0.63,LITRO,1 L,False,https://tienda.consum.es/es/p/bebida-multifrutas-brik/7302904,https://cdn-consum.aktiosdigitalservices.com/tol/consum/media/product/img/300x300/7302904.jpg?t=20260812080307,2026-10-08T22:06:07
zumo,Consum,7383537,8431707094276,GRANINI,Bebida de Multifrutas con 11 Vitaminas Pet,Zumos y néctares sin azúcar,2.99,2.99,,False,2.99,LITRO,1 L,False,https://tienda.consum.es/es/p/bebida-de-multifrutas-con-11-vitaminas-pet/7383537,https://cdn-consum.aktiosdigitalservices.com/tol/consum/media/product/img/300x300/7383537.jpg?t=20260812080349,2026-10-08T22:06:07
zumo,Consum,7383532,8431707094290,GRANINI,Bebida de Arándanos y Uva Antiox Pet,Zumos y néctares sin azúcar,2.99,2.99,,False,2.99,LITRO,1 L,False,https://tienda.consum.es/es/p/bebida-de-arandanos-y-uva-antiox-pet/7383532,https://cdn-consum.aktiosdigitalservices.com/tol/consum/media/product/img/300x300/7383532.jpg?t=20260812080349,2026-10-08T22:06:07
zumo,Consum,7476591,8410261768175,DON SIMON,Smoothie Frutos Rojos,Zumos frescos,1.15,1.15,,False,3.48,LITRO,1 L,False,https://tienda.consum.es/es/p/smoothie-frutos-rojos/7476591,https://cdn-consum.aktiosdigitalservices.com/tol/consum/media/product/img/300x300/7476591.jpg?t=20260827105544,2026-10-08T22:06:07
zumo,Consum,7458602,8410707009251,JUVER,Bebida Uva-Granada Antiox,Zumos y néctares sin azúcar,1.99,1.99,,False,1.99,LITRO,1 L,False,https://tienda.consum.es/es/p/bebida-uva-granada-antiox/7458602,https://cdn-consum.aktiosdigitalservices.com/tol/consum/media/product/img/300x300/7458602.jpg?t=20260827104802,2026-10-08T22:06:07
zumo,Consum,7248847,8410171007364,FRUTAE,Limonada 100% Exprimida,Bebidas refrescantes,2.59,2.59,,False,2.59,LITRO,1 L,False,https://tienda.consum.es/es/p/limonada-100-exprimida/7248847,https://cdn-consum.aktiosdigitalservices.com/tol/consum/media/product/img/300x300/7248847.jpg?t=20260812080245,2026-10-08T22:06:07
zumo,Consum,7377927,8410171037989,FRUTAE,"Smoothie Kiwi, Piña con Spirulina",Zumos frescos,1.15,1.15,,False,4.6,LITRO,1 L,False,https://tienda.consum.es/es/p/smoothie-kiwi-pina-con-spirulina/7377927,https://cdn-consum.aktiosdigitalservices.com/tol/consum/media/product/img/300x300/7377927.jpg?t=20260812080346,2026-10-08T22:06:07
zumo,Consum,7418093,8410171039426,FRUTAE,Smoothie Mango y Coco,Zumos frescos,1.15,1.15,,False,4.6,LITRO,1 L,False,https://tienda.consum.es/es/p/smoothie-mango-y-coco/7418093,https://cdn-consum.aktiosdigitalservices.com/tol/consum/media/product/img/300x300/7418093.jpg?t=20260812080415,2026-10-08T22:06:07
zumo,Consum,3218401,8410261641423,SIMON LIFE,Refresco Mandarina Refrigerado,Bebidas refrescantes,1.85,1.85,,False,1.23,LITRO,1 L,False,https://tienda.consum.es/es/p/refresco-mandarina-refrigerado/3218401,https://cdn-consum.aktiosdigitalservices.com/tol/consum/media/product/img/300x300/3218401.jpg?t=20260827095728,2026-10-08T22:06:07
zumo,Consum,7197614,8414100382102,SUNNY,Refresco Naranja Florida Botella,Bebidas refrescantes,1.99,1.99,,False,1.59,LITRO,1 L,False,https://tienda.consum.es/es/p/refresco-naranja-florida-botella/7197614,https://cdn-consum.aktiosdigitalservices.com/tol/consum/media/product/img/300x300/7197614.jpg?t=20260827100757,2026-10-08T22:06:07
zumo,Consum,7374309,8437017153023,KOMVIDA,Kombucha Jengibre y Limón Bebida Orgánica,Frescos y refrigerados,2.65,2.65,,False,10.6,LITRO,1 L,False,https://tienda.consum.es/es/p/kombucha-jengibre-y-limon-bebida-organica/7374309,https://cdn-consum.aktiosdigitalservices.com/tol/consum/media/product/img/300x300/7374309.jpg?t=20260827102629,2026-10-08T22:06:07
zumo,Consum,7166911,8410261643168,SIMON LIFE,Refresco Naranja Refrigerado Pack 4 Ud,Bebidas refrescantes,1.75,1.75,,False,2.19,LITRO,1 L,False,https://tienda.consum.es/es/p/refresco-naranja-refrigerado-pack-4-ud/7166911,https://cdn-consum.aktiosdigitalservices.com/tol/consum/media/product/img/300x300/7166911.jpg?t=20260827100537,2026-10-08T22:06:07
zumo,Consum,7440324,8410261643007,SIMON LIFE,Refresco Naranja,Bebidas refrescantes,0.6,0.6,,False,1.82,LITRO,1 L,False,https://tienda.consum.es/es/p/refresco-naranja/7440324,https://cdn-consum.aktiosdigitalservices.com/tol/consum/media/product/img/300x300/7440324.jpg?t=20260812080438,2026-10-08T22:06:07
zumo,Consum,7331622,8437017153030,KOMVIDA,Kombucha Frutos Rojos Bebida Orgánica,Frescos y refrigerados,2.65,2.65,,False,10.6,LITRO,1 L,False,https://tienda.consum.es/es/p/kombucha-frutos-rojos-bebida-organica/7331622,https://cdn-consum.aktiosdigitalservices.com/tol/consum/media/product/img/300x300/7331622.jpg?t=20260827102128,2026-10-08T22:06:07
zumo,Consum,7417504,8414100381976,SUNNY,Refresco Blue Frutas del Bosque,Bebidas refrescantes,0.92,0.92,,False,2.79,LITRO,1 L,False,https://tienda.consum.es/es/p/refresco-blue-frutas-del-bosque/7417504,https://cdn-consum.aktiosdigitalservices.com/tol/consum/media/product/img/300x300/7417504.jpg?t=20260827103436,2026-10-08T22:06:07
zumo,Consum,7469232,8437017153856,KOMVIDA,Kombucha Superflow Bebida orgánica,Bebidas refrescantes,2.65,2.65,,False,10.6,LITRO,1 L,False,https://tienda.consum.es/es/p/kombucha-superflow-bebida-organica/7469232,https://cdn-consum.aktiosdigitalservices.com/tol/consum/media/product/img/300x300/7469232.jpg?t=20260812080514,2026-10-08T22:06:07
zumo,Consum,7476745,8410171040965,VIA NATURE,Shot Jengibre,Zumos frescos,1.25,1.25,,False,12.5,KILO,1 Kg,False,https://tienda.consum.es/es/p/shot-jengibre/7476745,https://cdn-consum.aktiosdigitalservices.com/tol/consum/media/product/img/300x300/7476745.jpg?t=20260827105552,2026-10-08T22:06:07
zumo,Consum,7457695,8410261643014,SIMON LIFE,Refresco de Mandarina Refrigerado,Bebidas refrescantes,0.6,0.6,,False,1.82,LITRO,1 L,False,https://tienda.consum.es/es/p/refresco-de-mandarina-refrigerado/7457695,https://cdn-consum.aktiosdigitalservices.com/tol/consum/media/product/img/300x300/7457695.jpg?t=20260812080458,2026-10-08T22:06:07
zumo,Consum,7457708,8410261643229,SIMON LIFE,Refresco de Mango Refrigerado,Bebidas refrescantes,0.6,0.6,,False,1.82,LITRO,1 L,False,https://tienda.consum.es/es/p/refresco-de-mango-refrigerado/7457708,https://cdn-consum.aktiosdigitalservices.com/tol/consum/media/product/img/300x300/7457708.jpg?t=20260812080458,2026-10-08T22:06:07
zumo,Consum,7475374,8437020967549,VIVER,Kéfrutas Coco,Bebidas refrescantes,1.99,2.49,1.99,True,6.03,LITRO,1 L,False,https://tienda.consum.es/es/p/kefrutas-coco/7475374,https://cdn-consum.aktiosdigitalservices.com/tol/consum/media/product/img/300x300/7475374.jpg?t=20260827105502,2026-10-08T22:06:07
zumo,Consum,7476752,8410171042808,VIA NATURE,Shot Salud Digestiva,Zumos frescos,1.25,1.25,,False,12.5,LITRO,1 L,False,https://tienda.consum.es/es/p/shot-salud-digestiva/7476752,https://cdn-consum.aktiosdigitalservices.com/tol/consum/media/product/img/300x300/7476752.jpg?t=20260827105553,2026-10-08T22:06:07
zumo,Consum,7475366,8437020967327,VIVER,Kéfrutas Melocotón y Mango,Bebidas refrescantes,1.99,2.49,1.99,True,6.03,LITRO,1 L,False,https://tienda.consum.es/es/p/kefrutas-melocoton-y-mango/7475366,https://cdn-consum.aktiosdigitalservices.com/tol/consum/media/product/img/300x300/7475366.jpg?t=20260827105500,2026-10-08T22:06:07
zumo,Consum,3218419,8410261641416,SIMON LIFE,Refresco Naranja Refrigerado,Bebidas refrescantes,1.85,1.85,,False,1.23,LITRO,1 L,False,https://tienda.consum.es/es/p/refresco-naranja-refrigerado/3218419,https://cdn-consum.aktiosdigitalservices.com/tol/consum/media/product/img/300x300/3218419.jpg?t=20260827095730,2026-10-08T22:06:07
zumo,Consum,7482800,8414807542038,,Zumo Recién Exprimido de Naranja,,5.95,5.95,,False,5.95,LITRO,1 L,False,https://tienda.consum.es/es/p/zumo-recien-exprimido-de-naranja/7482800,https://cdn-consum.aktiosdigitalservices.com/tol/consum/media/product/img/300x300/7482800.jpg?t=20260708081136,2026-10-08T22:06:07
zumo,Consum,7482805,8414807542045,,Zumo Recién Exprimido de Naranja,,3.95,3.95,,False,7.9,LITRO,1 L,False,https://tienda.consum.es/es/p/zumo-recien-exprimido-de-naranja/7482805,https://cdn-consum.aktiosdigitalservices.com/tol/consum/media/product/img/300x300/7482805.jpg?t=20260708081138,2026-10-08T22:06:07
zumo,Consum,7482813,8414807546180,-,Zumo Recién Exprimido de Naranja,,2.75,2.75,,False,11.0,LITRO,1 L,False,https://tienda.consum.es/es/p/zumo-recien-exprimido-de-naranja/7482813,https://cdn-consum.aktiosdigitalservices.com/tol/consum/media/product/img/300x300/7482813.jpg?t=20260708081140,2026-10-08T22:06:07
zumo,Consum,7098718,8428020267746,SOLIMON,Zumo de Limón Exprimido,Vinagre y aliños,1.35,1.35,,False,4.82,LITRO,1 L,False,https://tienda.consum.es/es/p/zumo-de-limon-exprimido/7098718,https://cdn-consum.aktiosdigitalservices.com/tol/consum/media/product/img/300x300/7098718.jpg?t=20260812080205,2026-10-08T22:06:07
zumo,Consum,7076250,8414807513410,CONSUM,Melocotón en Almíbar Lata,Frutas en almíbar y en su jugo,1.95,1.95,,False,4.06,KILO,1 Kg,False,https://tienda.consum.es/es/p/melocoton-en-almibar-lata/7076250,https://cdn-consum.aktiosdigitalservices.com/tol/consum/media/product/img/300x300/7076250.jpg?t=20260812080201,2026-10-08T22:06:07
zumo,Consum,7076255,8414807513427,CONSUM,Melocotón en Almíbar Lata,Frutas en almíbar y en su jugo,1.25,1.25,,False,5.21,KILO,1 Kg,False,https://tienda.consum.es/es/p/melocoton-en-almibar-lata/7076255,https://cdn-consum.aktiosdigitalservices.com/tol/consum/media/product/img/300x300/7076255.jpg?t=20260812080201,2026-10-08T22:06:07
zumo,Consum,7260404,8414807538949,CONSUM,Melocotón sin Azúcar Lata,Frutas en almíbar y en su jugo,2.45,2.45,,False,5.1,KILO,1 Kg,False,https://tienda.consum.es/es/p/melocoton-sin-azucar-lata/7260404,https://cdn-consum.aktiosdigitalservices.com/tol/consum/media/product/img/300x300/7260404.jpg?t=20260812080249,2026-10-08T22:06:07
zumo,Consum,7338507,8414807547460,CONSUM,Refresco Fresa Cero sin Gas 35% Zumo,Refrescos sin gas,1.15,1.15,,False,0.77,LITRO,1 L,False,https://tienda.consum.es/es/p/refresco-fresa-cero-sin-gas-35-zumo/7338507,https://cdn-consum.aktiosdigitalservices.com/tol/consum/media/product/img/300x300/7338507.jpg?t=20260812080324,2026-10-08T22:06:07
zumo,Consum,7338510,8414807547477,CONSUM,Refresco Multifrutas Cero sin Gas 35% Zumo,Refrescos sin gas,1.15,1.15,,False,0.77,LITRO,1 L,False,https://tienda.consum.es/es/p/refresco-multifrutas-cero-sin-gas-35-zumo/7338510,https://cdn-consum.aktiosdigitalservices.com/tol/consum/media/product/img/300x300/7338510.jpg?t=20260812080324,2026-10-08T22:06:07
zumo,Consum,7095461,8414807516152,CONSUM,Melocotón en Almíbar Pack de 3,Frutas en almíbar y en su jugo,2.35,2.35,,False,6.81,KILO,1 Kg,False,https://tienda.consum.es/es/p/melocoton-en-almibar-pack-de-3/7095461,https://cdn-consum.aktiosdigitalservices.com/tol/consum/media/product/img/300x300/7095461.jpg?t=20260812080205,2026-10-08T22:06:07
zumo,Consum,7059426,8428626216117,PELLI,Piña en su Jugo Pack de 3,Frutas en almíbar y en su jugo,2.1,2.1,,False,5.0,KILO,1 Kg,False,https://tienda.consum.es/es/p/pina-en-su-jugo-pack-de-3/7059426,https://cdn-consum.aktiosdigitalservices.com/tol/consum/media/product/img/300x300/7059426.jpg?t=20260804080016,2026-10-08T22:06:07
zumo,Consum,7064637,8428626219118,PELLI,Piña en su Jugo,Frutas en almíbar y en su jugo,1.9,1.9,,False,5.59,KILO,1 Kg,False,https://tienda.consum.es/es/p/pina-en-su-jugo/7064637,https://cdn-consum.aktiosdigitalservices.com/tol/consum/media/product/img/300x300/7064637.jpg?t=20260812080158,2026-10-08T22:06:07
zumo,Consum,7383482,24000160878,DEL MONTE,Piña en su Jugo Quality Pack de 3,Frutas en almíbar y en su jugo,4.95,4.95,,False,11.79,KILO,1 Kg,False,https://tienda.consum.es/es/p/pina-en-su-jugo-quality-pack-de-3/7383482,https://cdn-consum.aktiosdigitalservices.com/tol/consum/media/product/img/300x300/7383482.jpg?t=20260812080349,2026-10-08T22:06:07
zumo,Consum,7382943,24000108764,DEL MONTE,Piña en su Jugo Quality,Frutas en almíbar y en su jugo,4.29,4.29,,False,8.41,KILO,1 Kg,False,https://tienda.consum.es/es/p/pina-en-su-jugo-quality/7382943,https://cdn-consum.aktiosdigitalservices.com/tol/consum/media/product/img/300x300/7382943.jpg?t=20260812080349,2026-10-08T22:06:07
zumo,Consum,7081680,8410095005002,HELIOS,Cerezas Rojas Almíbar Frasco,Frutas en almíbar y en su jugo,2.15,2.15,,False,23.89,KILO,1 Kg,False,https://tienda.consum.es/es/p/cerezas-rojas-almibar-frasco/7081680,https://cdn-consum.aktiosdigitalservices.com/tol/consum/media/product/img/300x300/7081680.jpg?t=20260812080202,2026-10-08T22:06:07
zumo,Consum,7142144,8428626010166,PELLI,Cocktail Fruta Tropical Almíbar Ligero Pack de 3,Frutas en almíbar y en su jugo,3.25,3.25,,False,7.74,KILO,1 Kg,False,https://tienda.consum.es/es/p/cocktail-fruta-tropical-almibar-ligero-pack-de-3/7142144,https://cdn-consum.aktiosdigitalservices.com/tol/consum/media/product/img/300x300/7142144.jpg?t=20260812080212,2026-10-08T22:06:07
zumo,Consum,7376015,8410524003074,SOL ARCHENA,Mitades de Melocotón sin Azúcar Añadido,Frutas en almíbar y en su jugo,2.65,2.65,,False,7.68,KILO,1 Kg,False,https://tienda.consum.es/es/p/mitades-de-melocoton-sin-azucar-anadido/7376015,https://cdn-consum.aktiosdigitalservices.com/tol/consum/media/product/img/300x300/7376015.jpg?t=20260812080344,2026-10-08T22:06:07
zumo,Consum,7409352,8410524008048,SOL ARCHENA,Cocktail Almíbar Ligero Pack de 3,Frutas en almíbar y en su jugo,2.75,2.75,,False,7.97,KILO,1 Kg,False,https://tienda.consum.es/es/p/cocktail-almibar-ligero-pack-de-3/7409352,https://cdn-consum.aktiosdigitalservices.com/tol/consum/media/product/img/300x300/7409352.jpg?t=20260812080408,2026-10-08T22:06:07
zumo,Consum,7480270,8410524008215,ARCHENA,Cocktail de Frutas En Almibar Ligero Lata,Frutas en almíbar y en su jugo,1.45,1.45,,False,6.04,KILO,1 Kg,False,https://tienda.consum.es/es/p/cocktail-de-frutas-en-almibar-ligero-lata/7480270,https://cdn-consum.aktiosdigitalservices.com/tol/consum/media/product/img/300x300/7480270.jpg?t=20260812080530,2026-10-08T22:06:07
zumo,Consum,7481393,8410524004248,SOL ARCHENA,Medias Peras en Almibar Ligero Lata,Frutas en almíbar y en su jugo,1.49,1.49,,False,6.21,KILO,1 Kg,False,https://tienda.consum.es/es/p/medias-peras-en-almibar-ligero-lata/7481393,https://cdn-consum.aktiosdigitalservices.com/tol/consum/media/product/img/300x300/7481393.jpg?t=20260812080531,2026-10-08T22:06:07
zumo,Consum,7014959,8428626211112,PELLI,Piña en su Jugo,Frutas en almíbar y en su jugo,2.1,2.1,,False,4.29,KILO,1 Kg,False,https://tienda.consum.es/es/p/pina-en-su-jugo/7014959,https://cdn-consum.aktiosdigitalservices.com/tol/consum/media/product/img/300x300/7014959.jpg?t=20260812080149,2026-10-08T22:06:07
zumo,Consum,7426385,8422107001896,AGUINAMAR,Mejillón en su Jugo,Pescado en bandeja,4.79,4.79,,False,9.58,KILO,1 Kg,False,https://tienda.consum.es/es/p/mejillon-en-su-jugo/7426385,https://cdn-consum.aktiosdigitalservices.com/tol/consum/media/product/img/300x300/7426385.jpg?t=20260819080007,2026-10-08T22:06:07
zumo,Consum,7455132,8437002755515,,Mejillón Cocid en su jugo Listo para comer,Pescado en bandeja,5.5,5.5,,False,5.5,KILO,1 Kg,False,https://tienda.consum.es/es/p/mejillon-cocid-en-su-jugo-listo-para-comer/7455132,https://cdn-consum.aktiosdigitalservices.com/tol/consum/media/product/img/300x300/7455132.jpg?t=20260812080454,2026-10-08T22:06:07
zumo,Consum,7479538,8411882016126,PRIMO,Miel con Zumo de Limón y Jengibre,Miel,4.89,4.89,,False,19.56,KILO,1 Kg,False,https://tienda.consum.es/es/p/miel-con-zumo-de-limon-y-jengibre/7479538,https://cdn-consum.aktiosdigitalservices.com/tol/consum/media/product/img/300x300/7479538.jpg?t=20260812080529,2026-10-08T22:06:07
atún,Consum,7083236,8414807514851,CONSUM,Atún Claro Aceite Girasol Pack de 6,Atún y bonito,3.65,4.2,3.65,True,11.7,KILO,1 Kg,False,https://tienda.consum.es/es/p/atun-claro-aceite-girasol-pack-de-6/7083236,https://cdn-consum.aktiosdigitalservices.com/tol/consum/media/product/img/300x300/7083236.jpg?t=20260812080203,2026-10-08T22:06:09
atún,Consum,7358620,8414807550293,CONSUM,Atún Claro Natural Pack de 6,Atún y bonito,4.2,4.2,,False,12.5,KILO,1 Kg,False,https://tienda.consum.es/es/p/atun-claro-natural-pack-de-6/7358620,https://cdn-consum.aktiosdigitalservices.com/tol/consum/media/product/img/300x300/7358620.jpg?t=20260812080335,2026-10-08T22:06:09
atún,Consum,7083231,8414807514844,CONSUM,Atún Claro  Aceite Oliva Pack de 6,Atún y bonito,4.9,4.9,,False,15.71,KILO,1 Kg,False,https://tienda.consum.es/es/p/atun-claro-aceite-oliva-pack-de-6/7083231,https://cdn-consum.aktiosdigitalservices.com/tol/consum/media/product/img/300x300/7083231.jpg?t=20260812080203,2026-10-08T22:06:09
atún,Consum,7047017,8414807501424,CONSUM,Atún Claro Aceite Oliva Pack de 3,Atún y bonito,2.79,2.79,,False,17.88,KILO,1 Kg,False,https://tienda.consum.es/es/p/atun-claro-aceite-oliva-pack-de-3/7047017,https://cdn-consum.aktiosdigitalservices.com/tol/consum/media/product/img/300x300/7047017.jpg?t=20260812080154,2026-10-08T22:06:09
atún,Consum,7369887,8414807551702,CONSUM,Atún Claro Lomos en Aceite de Oliva,Atún y bonito,3.45,3.45,,False,26.54,KILO,1 Kg,False,https://tienda.consum.es/es/p/atun-claro-lomos-en-aceite-de-oliva/7369887,https://cdn-consum.aktiosdigitalservices.com/tol/consum/media/product/img/300x300/7369887.jpg?t=20260812080340,2026-10-08T22:06:09
atún,Consum,7046089,8414807501455,CONSUM,Atún Claro en Escabeche Pack de 3,Atún y bonito,2.29,2.29,,False,14.68,KILO,1 Kg,False,https://tienda.consum.es/es/p/atun-claro-en-escabeche-pack-de-3/7046089,https://cdn-consum.aktiosdigitalservices.com/tol/consum/media/product/img/300x300/7046089.jpg?t=20260812080154,2026-10-08T22:06:09
atún,Consum,7046105,8414807501417,CONSUM,Atún Claro Bajo en Sal en Aceite de Oliva Pack 3,Atún y bonito,2.89,2.89,,False,18.53,KILO,1 Kg,False,https://tienda.consum.es/es/p/atun-claro-bajo-en-sal-en-aceite-de-oliva-pack-3/7046105,https://cdn-consum.aktiosdigitalservices.com/tol/consum/media/product/img/300x300/7046105.jpg?t=20260812080154,2026-10-08T22:06:09
atún,Consum,7334464,8414807547156,CONSUM,Atún Claro Virgen Extra en Aceite de Oliva,Atún y bonito,3.35,3.35,,False,21.47,KILO,1 Kg,False,https://tienda.consum.es/es/p/atun-claro-virgen-extra-en-aceite-de-oliva/7334464,https://cdn-consum.aktiosdigitalservices.com/tol/consum/media/product/img/300x300/7334464.jpg?t=20260812080323,2026-10-08T22:06:09
atún,Consum,7427818,,CONSUM,Atún en Aceite de Oliva,Atún y bonito,7.7,7.7,,False,11.85,KILO,1 Kg,False,https://tienda.consum.es/es/p/atun-en-aceite-de-oliva/7427818,https://cdn-consum.aktiosdigitalservices.com/tol/consum/media/product/img/300x300/7427818.jpg?t=20260721080353,2026-10-08T22:06:09
atún,Consum,7043743,8414807501509,CONSUM,Atún Claro Aceite Oliva Lata,Atún y bonito,1.39,1.39,,False,19.17,KILO,1 Kg,False,https://tienda.consum.es/es/p/atun-claro-aceite-oliva-lata/7043743,https://cdn-consum.aktiosdigitalservices.com/tol/consum/media/product/img/300x300/7043743.jpg?t=20260812080153,2026-10-08T22:06:09
atún,Consum,7046076,8414807501462,CONSUM,Atún Claro Natural Pack de 3,Atún y bonito,2.3,2.3,,False,13.69,KILO,1 Kg,False,https://tienda.consum.es/es/p/atun-claro-natural-pack-de-3/7046076,https://cdn-consum.aktiosdigitalservices.com/tol/consum/media/product/img/300x300/7046076.jpg?t=20260812080154,2026-10-08T22:06:09
atún,Consum,7046092,8414807501431,CONSUM,Atún Claro Aceite Girasol Pack de 3,Atún y bonito,2.7,2.7,,False,17.31,KILO,1 Kg,False,https://tienda.consum.es/es/p/atun-claro-aceite-girasol-pack-de-3/7046092,https://cdn-consum.aktiosdigitalservices.com/tol/consum/media/product/img/300x300/7046092.jpg?t=20260812080154,2026-10-08T22:06:09
atún,Consum,7360352,,CONSUM,Atún Aceite Girasol Lata,Atún y bonito,6.5,6.5,,False,10.0,KILO,1 Kg,False,https://tienda.consum.es/es/p/atun-aceite-girasol-lata/7360352,https://cdn-consum.aktiosdigitalservices.com/tol/consum/media/product/img/300x300/7360352.jpg?t=20260812080336,2026-10-08T22:06:09
atún,Consum,7374515,8410090051240,CALVO,Atún Claro Aceite Oliva Virgen Extra,Atún y bonito,4.0,4.49,4.0,True,25.64,KILO,1 Kg,False,https://tienda.consum.es/es/p/atun-claro-aceite-oliva-virgen-extra/7374515,https://cdn-consum.aktiosdigitalservices.com/tol/consum/media/product/img/300x300/7374515.jpg?t=20260812080343,2026-10-08T22:06:09
atún,Consum,7374507,8410090051219,CALVO,Atún Claro Aceite Oliva Pack de 3,Atún y bonito,4.0,4.49,4.0,True,25.64,KILO,1 Kg,False,https://tienda.consum.es/es/p/atun-claro-aceite-oliva-pack-de-3/7374507,https://cdn-consum.aktiosdigitalservices.com/tol/consum/media/product/img/300x300/7374507.jpg?t=20260812080343,2026-10-08T22:06:09
atún,Consum,7374528,8410090051264,CALVO,Atún Claro Aceite Oliva Bajo en Sal,Atún y bonito,4.49,4.49,,False,28.78,KILO,1 Kg,False,https://tienda.consum.es/es/p/atun-claro-aceite-oliva-bajo-en-sal/7374528,https://cdn-consum.aktiosdigitalservices.com/tol/consum/media/product/img/300x300/7374528.jpg?t=20260812080343,2026-10-08T22:06:09
atún,Consum,7216935,8410967001873,CAMPOS,Atún Claro Aceite Girasol,Atún y bonito,1.85,2.19,1.85,True,17.79,KILO,1 Kg,False,https://tienda.consum.es/es/p/atun-claro-aceite-girasol/7216935,https://cdn-consum.aktiosdigitalservices.com/tol/consum/media/product/img/300x300/7216935.jpg?t=20260813075909,2026-10-08T22:06:09
atún,Consum,7216943,8410967002214,CAMPOS,Atún Claro Natural,Atún y bonito,1.85,2.19,1.85,True,16.51,KILO,1 Kg,False,https://tienda.consum.es/es/p/atun-claro-natural/7216943,https://cdn-consum.aktiosdigitalservices.com/tol/consum/media/product/img/300x300/7216943.jpg?t=20260812080233,2026-10-08T22:06:09
atún,Consum,7168677,8410090051097,CALVO,Atún Claro Aceite Oliva Pack de 3,Atún y bonito,6.79,6.79,,False,31.44,KILO,1 Kg,False,https://tienda.consum.es/es/p/atun-claro-aceite-oliva-pack-de-3/7168677,https://cdn-consum.aktiosdigitalservices.com/tol/consum/media/product/img/300x300/7168677.jpg?t=20260812080216,2026-10-08T22:06:09
atún,Consum,7386428,8410090051295,CALVO,Atún Claro Aceite Girasol Pack de 6,Atún y bonito,6.79,6.79,,False,21.76,KILO,1 Kg,False,https://tienda.consum.es/es/p/atun-claro-aceite-girasol-pack-de-6/7386428,https://cdn-consum.aktiosdigitalservices.com/tol/consum/media/product/img/300x300/7386428.jpg?t=20260827102821,2026-10-08T22:06:09
atún,Consum,7443877,8410090030344,CALVO,Atún Claro al Natural + PRO,Atún y bonito,3.59,3.59,,False,21.37,KILO,1 Kg,False,https://tienda.consum.es/es/p/atun-claro-al-natural-pro/7443877,https://cdn-consum.aktiosdigitalservices.com/tol/consum/media/product/img/300x300/7443877.jpg?t=20260827104321,2026-10-08T22:06:09
atún,Consum,7461023,8410090031570,CALVO,Atún Claro Supernatural Pack 3,Atún y bonito,3.49,3.49,,False,20.77,KILO,1 Kg,False,https://tienda.consum.es/es/p/atun-claro-supernatural-pack-3/7461023,https://cdn-consum.aktiosdigitalservices.com/tol/consum/media/product/img/300x300/7461023.jpg?t=20260827104908,2026-10-08T22:06:09
atún,Consum,7374523,8410090051226,CALVO,Atún Claro Aceite Oliva Pack de 6,Atún y bonito,7.95,7.95,,False,25.48,KILO,1 Kg,False,https://tienda.consum.es/es/p/atun-claro-aceite-oliva-pack-de-6/7374523,https://cdn-consum.aktiosdigitalservices.com/tol/consum/media/product/img/300x300/7374523.jpg?t=20260827102632,2026-10-08T22:06:09
atún,Consum,7445484,8410090051363,CALVO,Atún Claro Aceite Girasol Pack 3+1,Atún y bonito,3.5,3.5,,False,16.83,KILO,1 Kg,False,https://tienda.consum.es/es/p/atun-claro-aceite-girasol-pack-31/7445484,https://cdn-consum.aktiosdigitalservices.com/tol/consum/media/product/img/300x300/7445484.jpg?t=20260827104349,2026-10-08T22:06:09
atún,Consum,7349850,8410032002804,ALBO,Atún Claro Aceite Oliva Pack 3,Atún y bonito,4.99,4.99,,False,34.65,KILO,1 Kg,False,https://tienda.consum.es/es/p/atun-claro-aceite-oliva-pack-3/7349850,https://cdn-consum.aktiosdigitalservices.com/tol/consum/media/product/img/300x300/7349850.jpg?t=20260827102331,2026-10-08T22:06:09
atún,Consum,7381593,8410032003214,ALBO,Atún Claro en Aceite de Oliva Virgen Extra P3,Atún y bonito,7.25,7.25,,False,36.07,KILO,1 Kg,False,https://tienda.consum.es/es/p/atun-claro-en-aceite-de-oliva-virgen-extra-p3/7381593,https://cdn-consum.aktiosdigitalservices.com/tol/consum/media/product/img/300x300/7381593.jpg?t=20260827102746,2026-10-08T22:06:09
atún,Consum,7463755,8410967004348,CAMPOS,Atún Claro en Aceite de Oliva,Atún y bonito,2.49,2.49,,False,23.94,KILO,1 Kg,False,https://tienda.consum.es/es/p/atun-claro-en-aceite-de-oliva/7463755,https://cdn-consum.aktiosdigitalservices.com/tol/consum/media/product/img/300x300/7463755.jpg?t=20260812080506,2026-10-08T22:06:09
atún,Consum,7369890,8414807551719,CONSUM,Ventresca de Atún Claro en Aceite de Oliva,Atún y bonito,3.09,3.09,,False,42.62,KILO,1 Kg,False,https://tienda.consum.es/es/p/ventresca-de-atun-claro-en-aceite-de-oliva/7369890,https://cdn-consum.aktiosdigitalservices.com/tol/consum/media/product/img/300x300/7369890.jpg?t=20260812080340,2026-10-08T22:06:09
atún,Consum,7462906,8414807561879,CONSUM,Bonito del Norte en Aceite de Oliva,Atún y bonito,1.85,1.85,,False,23.13,KILO,1 Kg,False,https://tienda.consum.es/es/p/bonito-del-norte-en-aceite-de-oliva/7462906,https://cdn-consum.aktiosdigitalservices.com/tol/consum/media/product/img/300x300/7462906.jpg?t=20260721080409,2026-10-08T22:06:09
atún,Consum,7417140,,CONSUM,Bonito del Norte en Aceite de Oliva,Atún y bonito,7.6,7.6,,False,29.23,KILO,1 Kg,False,https://tienda.consum.es/es/p/bonito-del-norte-en-aceite-de-oliva/7417140,https://cdn-consum.aktiosdigitalservices.com/tol/consum/media/product/img/300x300/7417140.jpg?t=20260812080414,2026-10-08T22:06:09
atún,Consum,7462893,8414807561855,CONSUM,Bonito del Norte en Aceite de Oliva,Atún y bonito,4.49,4.49,,False,33.26,KILO,1 Kg,False,https://tienda.consum.es/es/p/bonito-del-norte-en-aceite-de-oliva/7462893,https://cdn-consum.aktiosdigitalservices.com/tol/consum/media/product/img/300x300/7462893.jpg?t=20260812080505,2026-10-08T22:06:09
atún,Consum,7107972,8410090912343,CALVO,Filete Atún Claro Aceite de Oliva Frasco,Atún y bonito,5.79,5.79,,False,35.52,KILO,1 Kg,False,https://tienda.consum.es/es/p/filete-atun-claro-aceite-de-oliva-frasco/7107972,https://cdn-consum.aktiosdigitalservices.com/tol/consum/media/product/img/300x300/7107972.jpg?t=20260812080208,2026-10-08T22:06:09
atún,Consum,7195761,8410032002279,ALBO,Bonito del Norte en Aceite Oliva,Atún y bonito,2.99,3.59,2.99,True,36.46,KILO,1 Kg,False,https://tienda.consum.es/es/p/bonito-del-norte-en-aceite-oliva/7195761,https://cdn-consum.aktiosdigitalservices.com/tol/consum/media/product/img/300x300/7195761.jpg?t=20260827100754,2026-10-08T22:06:09
atún,Consum,7419042,8410628458930,CONSORCIO,Bonito en Aceite de Oliva,Atún y bonito,5.99,7.75,5.99,True,30.72,KILO,1 Kg,False,https://tienda.consum.es/es/p/bonito-en-aceite-de-oliva/7419042,https://cdn-consum.aktiosdigitalservices.com/tol/consum/media/product/img/300x300/7419042.jpg?t=20260827103502,2026-10-08T22:06:09
atún,Consum,7202703,8410090941046,CALVO,Ventresca Atún Aceite de Oliva,Atún y bonito,3.99,3.99,,False,53.2,KILO,1 Kg,False,https://tienda.consum.es/es/p/ventresca-atun-aceite-de-oliva/7202703,https://cdn-consum.aktiosdigitalservices.com/tol/consum/media/product/img/300x300/7202703.jpg?t=20260812080229,2026-10-08T22:06:09
atún,Consum,7424815,8410090912503,CALVO,Filete de Atún al Natural,Atún y bonito,3.99,3.99,,False,31.67,KILO,1 Kg,False,https://tienda.consum.es/es/p/filete-de-atun-al-natural/7424815,https://cdn-consum.aktiosdigitalservices.com/tol/consum/media/product/img/300x300/7424815.jpg?t=20260827103658,2026-10-08T22:06:09
atún,Consum,7464568,8410967003112,CAMPOS,Torre Atún Claro Aceite Girasol Pack 3,Atún y bonito,5.89,5.89,,False,18.88,KILO,1 Kg,False,https://tienda.consum.es/es/p/torre-atun-claro-aceite-girasol-pack-3/7464568,https://cdn-consum.aktiosdigitalservices.com/tol/consum/media/product/img/300x300/7464568.jpg?t=20260827105044,2026-10-08T22:06:09
atún,Consum,7430705,8411320434598,ORTIZ,Bonito en Aceite de Oliva,Atún y bonito,3.95,3.95,,False,42.02,KILO,1 Kg,False,https://tienda.consum.es/es/p/bonito-en-aceite-de-oliva/7430705,https://cdn-consum.aktiosdigitalservices.com/tol/consum/media/product/img/300x300/7430705.jpg?t=20260812080427,2026-10-08T22:06:09
atún,Consum,7439297,8410628464788,CONSORCIO,Bonito en Aceite Girasol Alto Oleico,Atún y bonito,2.95,2.95,,False,36.88,KILO,1 Kg,False,https://tienda.consum.es/es/p/bonito-en-aceite-girasol-alto-oleico/7439297,https://cdn-consum.aktiosdigitalservices.com/tol/consum/media/product/img/300x300/7439297.jpg?t=20260827104147,2026-10-08T22:06:09
atún,Consum,7442098,8436558284777,GALICA,Migas de Atún Pack 3 en Aceite de Girasol,Atún y bonito,1.99,1.99,,False,12.76,KILO,1 Kg,False,https://tienda.consum.es/es/p/migas-de-atun-pack-3-en-aceite-de-girasol/7442098,https://cdn-consum.aktiosdigitalservices.com/tol/consum/media/product/img/300x300/7442098.jpg?t=20260812080440,2026-10-08T22:06:09
atún,Consum,7427537,8411320424506,ORTIZ,Bonito del Norte en Escabeche,Atún y bonito,3.79,3.79,,False,40.32,KILO,1 Kg,False,https://tienda.consum.es/es/p/bonito-del-norte-en-escabeche/7427537,https://cdn-consum.aktiosdigitalservices.com/tol/consum/media/product/img/300x300/7427537.jpg?t=20260812080424,2026-10-08T22:06:09
atún,Consum,7151330,8414807520272,CONSUM,Pizza Atún Y Cebolla,Pizza congelada,2.6,2.6,,False,7.03,KILO,1 Kg,False,https://tienda.consum.es/es/p/pizza-atun-y-cebolla/7151330,https://cdn-consum.aktiosdigitalservices.com/tol/consum/media/product/img/300x300/7151330.jpg?t=20260812080213,2026-10-08T22:06:09
atún,Consum,7440464,8414807559883,CONSUM,Paté de Atún Pack de Dos,Paté pescado y marisco,1.89,1.89,,False,12.12,KILO,1 Kg,False,https://tienda.consum.es/es/p/pate-de-atun-pack-de-dos/7440464,https://cdn-consum.aktiosdigitalservices.com/tol/consum/media/product/img/300x300/7440464.jpg?t=20260812080438,2026-10-08T22:06:09
atún,Consum,7142482,8414807519795,CONSUM,Pizza Atún y Bacón,Pizzas  ,2.9,2.9,,False,7.25,KILO,1 Kg,False,https://tienda.consum.es/es/p/pizza-atun-y-bacon/7142482,https://cdn-consum.aktiosdigitalservices.com/tol/consum/media/product/img/300x300/7142482.jpg?t=20260812080212,2026-10-08T22:06:09
atún,Consum,7427813,8435274191703,CONSUM,Rodaja Atún Marinado Congelado MSC,Pescado congelado,4.81,4.81,,False,19.25,KILO,1 Kg,False,https://tienda.consum.es/es/p/rodaja-atun-marinado-congelado-msc/7427813,https://cdn-consum.aktiosdigitalservices.com/tol/consum/media/product/img/300x300/7427813.jpg?t=20260812080424,2026-10-08T22:06:09
atún,Consum,7192011,8410090839411,CALVO,Ensalada Rusa con Atún,Preparados de legumbres y hortalizas,1.45,1.45,,False,9.67,KILO,1 Kg,False,https://tienda.consum.es/es/p/ensalada-rusa-con-atun/7192011,https://cdn-consum.aktiosdigitalservices.com/tol/consum/media/product/img/300x300/7192011.jpg?t=20260812080224,2026-10-08T22:06:09
atún,Consum,7192016,8410090839107,CALVO,Ensalada California de Atún,Preparados de legumbres y hortalizas,1.45,1.45,,False,9.67,KILO,1 Kg,False,https://tienda.consum.es/es/p/ensalada-california-de-atun/7192016,https://cdn-consum.aktiosdigitalservices.com/tol/consum/media/product/img/300x300/7192016.jpg?t=20260812080224,2026-10-08T22:06:09
atún,Consum,7087372,8437004378033,CASA MAS,Pastel de Atún,Preparados refrigerados,4.25,4.99,4.25,True,10.63,KILO,1 Kg,False,https://tienda.consum.es/es/p/pastel-de-atun/7087372,https://cdn-consum.aktiosdigitalservices.com/tol/consum/media/product/img/300x300/7087372.jpg?t=20260812080204,2026-10-08T22:06:09
atún,Consum,7370950,8411553210082,ANGOMAR,Mojama de Atún Extra Superior Lonchas,Surimis y salazones,4.4,4.89,4.4,True,55.0,KILO,1 Kg,False,https://tienda.consum.es/es/p/mojama-de-atun-extra-superior-lonchas/7370950,https://cdn-consum.aktiosdigitalservices.com/tol/consum/media/product/img/300x300/7370950.jpg?t=20260812080341,2026-10-08T22:06:09
atún,Consum,7264641,8410090661289,CALVO,Paté de Atún Lata Pack de 2,Paté pescado y marisco,2.79,2.79,,False,18.6,KILO,1 Kg,False,https://tienda.consum.es/es/p/pate-de-atun-lata-pack-de-2/7264641,https://cdn-consum.aktiosdigitalservices.com/tol/consum/media/product/img/300x300/7264641.jpg?t=20260815075811,2026-10-08T22:06:09
atún,Consum,7473838,8410090839404,CALVO,"Ensalada +PRO Atún,legumbres y cuscús",Preparados de legumbres y hortalizas,2.39,2.39,,False,12.58,KILO,1 Kg,False,https://tienda.consum.es/es/p/ensalada-pro-atunlegumbres-y-cuscus/7473838,https://cdn-consum.aktiosdigitalservices.com/tol/consum/media/product/img/300x300/7473838.jpg?t=20260827105422,2026-10-08T22:06:09
atún,Consum,7473833,8410090839367,CALVO,"Ensalada de Garbanzos Quinoa, Atún y Vegetales",Preparados de legumbres y hortalizas,2.39,2.39,,False,12.58,KILO,1 Kg,False,https://tienda.consum.es/es/p/ensalada-de-garbanzos-quinoa-atun-y-vegetales/7473833,https://cdn-consum.aktiosdigitalservices.com/tol/consum/media/product/img/300x300/7473833.jpg?t=20260827105421,2026-10-08T22:06:09
atún,Consum,7464092,8435274102952,FRIME,Tacos de Atún 200 gr .,Pescado congelado,3.49,3.49,,False,17.45,KILO,1 Kg,False,https://tienda.consum.es/es/p/tacos-de-atun-200-gr-/7464092,https://cdn-consum.aktiosdigitalservices.com/tol/consum/media/product/img/300x300/7464092.jpg?t=20260812080507,2026-10-08T22:06:09
atún,Consum,7475218,8435274106172,FRIME,Saku Atun Marinado,Pescado congelado,6.4,6.4,,False,45.71,KILO,1 Kg,False,https://tienda.consum.es/es/p/saku-atun-marinado/7475218,https://cdn-consum.aktiosdigitalservices.com/tol/consum/media/product/img/300x300/7475218.jpg?t=20260812080523,2026-10-08T22:06:09
atún,Consum,7059954,4001724038993,RISTORANTE,Pizza Ristorante Atún,Pizza congelada,3.95,3.95,,False,11.13,KILO,1 Kg,False,https://tienda.consum.es/es/p/pizza-ristorante-atun/7059954,https://cdn-consum.aktiosdigitalservices.com/tol/consum/media/product/img/300x300/7059954.jpg?t=20260827095948,2026-10-08T22:06:09
atún,Consum,7450141,8420902049594,CLAVO,Empanadillas de Atún,Croquetas y empanadillas,1.99,1.99,,False,3.98,KILO,1 Kg,False,https://tienda.consum.es/es/p/empanadillas-de-atun/7450141,https://cdn-consum.aktiosdigitalservices.com/tol/consum/media/product/img/300x300/7450141.jpg?t=20260812080447,2026-10-08T22:06:09
atún,Consum,505677,8410762220028,TARRADELLAS,Pizza Atún y Bacón,Pizzas  ,3.19,3.19,,False,7.88,KILO,1 Kg,False,https://tienda.consum.es/es/p/pizza-atun-y-bacon/505677,https://cdn-consum.aktiosdigitalservices.com/tol/consum/media/product/img/300x300/505677.jpg?t=20260812080138,2026-10-08T22:06:09
atún,Consum,7007490,8412500910406,LA PIARA,Pate de Atún en Aceite Pack de 2 Latas,Paté pescado y marisco,3.99,3.99,,False,26.6,KILO,1 Kg,False,https://tienda.consum.es/es/p/pate-de-atun-en-aceite-pack-de-2-latas/7007490,https://cdn-consum.aktiosdigitalservices.com/tol/consum/media/product/img/300x300/7007490.jpg?t=20260812080148,2026-10-08T22:06:09
atún,Consum,7396518,8445291393981,GARDEN GOURM,Vuna Sabor a Atún,Preparados de carne y pescado,5.69,5.69,,False,31.61,KILO,1 Kg,False,https://tienda.consum.es/es/p/vuna-sabor-a-atun/7396518,https://cdn-consum.aktiosdigitalservices.com/tol/consum/media/product/img/300x300/7396518.jpg?t=20260901080302,2026-10-08T22:06:09
atún,Consum,7475937,8425514016279,,Mini Empanadillas de Atún y Olivas 5 Und.,Empanadillas,1.99,1.99,,False,10.64,KILO,1 Kg,False,https://tienda.consum.es/es/p/mini-empanadillas-de-atun-y-olivas-5-und/7475937,https://cdn-consum.aktiosdigitalservices.com/tol/consum/media/product/img/300x300/7475937.jpg?t=20260812080524,2026-10-08T22:06:09
atún,Consum,212563,8434702001133,LA COCINERA,Empanadillas de Atún 10 Unidades,Croquetas y empanadillas,4.99,4.99,,False,15.99,KILO,1 Kg,False,https://tienda.consum.es/es/p/empanadillas-de-atun-10-unidades/212563,https://cdn-consum.aktiosdigitalservices.com/tol/consum/media/product/img/300x300/212563.jpg?t=20260812080130,2026-10-08T22:06:09
atún,Consum,7226129,8411553213106,ANGOMAR,Mojama de Atún Selección Taco,Surimis y salazones,9.3,9.3,,False,46.5,KILO,1 Kg,False,https://tienda.consum.es/es/p/mojama-de-atun-seleccion-taco/7226129,https://cdn-consum.aktiosdigitalservices.com/tol/consum/media/product/img/300x300/7226129.jpg?t=20260829075832,2026-10-08T22:06:09
atún,Consum,7481443,8410416015796,CARRETILLA,Albóndigas de Atún,Preparados de carne  ,3.99,3.99,,False,13.3,KILO,1 Kg,False,https://tienda.consum.es/es/p/albondigas-de-atun/7481443,https://cdn-consum.aktiosdigitalservices.com/tol/consum/media/product/img/300x300/7481443.jpg?t=20260901080612,2026-10-08T22:06:09
atún,Consum,7485365,8421003006080,GIMAR,Tartarfish de Atún,Pescado en bandeja,5.99,5.99,,False,59.9,KILO,1 Kg,False,https://tienda.consum.es/es/p/tartarfish-de-atun/7485365,https://cdn-consum.aktiosdigitalservices.com/tol/consum/media/product/img/300x300/7485365.jpg?t=20260901080949,2026-10-08T22:06:09
atún,Consum,7258916,8414807538314,VITALITY,Comida Húmeda Gatos Mousse Atún,Comida Húmeda,0.54,0.54,,False,6.35,KILO,1 Kg,False,https://tienda.consum.es/es/p/comida-humeda-gatos-mousse-atun/7258916,https://cdn-consum.aktiosdigitalservices.com/tol/consum/media/product/img/300x300/7258916.jpg?t=20260812080248,2026-10-08T22:06:09
atún,Consum,7305709,7613036227124,GOURMET,Comida Húmeda Gatos Atún,Comida Húmeda,0.92,0.92,,False,10.82,KILO,1 Kg,False,https://tienda.consum.es/es/p/comida-humeda-gatos-atun/7305709,https://cdn-consum.aktiosdigitalservices.com/tol/consum/media/product/img/300x300/7305709.jpg?t=20260827101817,2026-10-08T22:06:09
atún,Consum,7385821,8009470009096,SIMBA,Comida Húmeda Gatos Bocaditos Atún en Salsa	,Comida Húmeda,0.7,0.7,,False,1.69,KILO,1 Kg,False,https://tienda.consum.es/es/p/comida-humeda-gatos-bocaditos-atun-en-salsa	/7385821,https://cdn-consum.aktiosdigitalservices.com/tol/consum/media/product/img/300x300/7385821.jpg?t=20260812080350,2026-10-08T22:06:09
atún,Consum,7442783,8410762002228,TARRADELLAS,Paté de Atún,Paté pescado y marisco,1.39,1.39,,False,11.12,KILO,1 Kg,False,https://tienda.consum.es/es/p/pate-de-atun/7442783,https://cdn-consum.aktiosdigitalservices.com/tol/consum/media/product/img/300x300/7442783.jpg?t=20260812080440,2026-10-08T22:06:09
garbanzos,Consum,7087187,8414807515193,CONSUM,Garbanzos Tostados Bolsa,Otros frutos secos,1.29,1.29,,False,10.32,KILO,1 Kg,False,https://tienda.consum.es/es/p/garbanzos-tostados-bolsa/7087187,https://cdn-consum.aktiosdigitalservices.com/tol/consum/media/product/img/300x300/7087187.jpg?t=20260812080203,2026-10-08T22:06:10
garbanzos,Consum,7384431,8414807553102,CONSUM,Garbanzos con Chorizo Lata,Preparados de legumbres y hortalizas,1.35,1.35,,False,3.21,KILO,1 Kg,False,https://tienda.consum.es/es/p/garbanzos-con-chorizo-lata/7384431,https://cdn-consum.aktiosdigitalservices.com/tol/consum/media/product/img/300x300/7384431.jpg?t=20260812080349,2026-10-08T22:06:10
garbanzos,Consum,7219566,8414807533340,CONSUM,Garbanzos,Otras verduras,1.22,1.22,,False,3.05,KILO,1 Kg,False,https://tienda.consum.es/es/p/garbanzos/7219566,https://cdn-consum.aktiosdigitalservices.com/tol/consum/media/product/img/300x300/7219566.jpg?t=20260812080234,2026-10-08T22:06:10
garbanzos,Consum,7385169,8414807553133,CONSUM,Garbanzos a la Jardinera Bote,Preparados de legumbres y hortalizas,1.25,1.25,,False,2.84,KILO,1 Kg,False,https://tienda.consum.es/es/p/garbanzos-a-la-jardinera-bote/7385169,https://cdn-consum.aktiosdigitalservices.com/tol/consum/media/product/img/300x300/7385169.jpg?t=20260812080350,2026-10-08T22:06:10
garbanzos,Consum,7402951,7613034665706,LITORAL,Garbanzos con Espinacas,Preparados de legumbres y hortalizas,1.8,2.15,1.8,True,4.24,KILO,1 Kg,False,https://tienda.consum.es/es/p/garbanzos-con-espinacas/7402951,https://cdn-consum.aktiosdigitalservices.com/tol/consum/media/product/img/300x300/7402951.jpg?t=20260812080403,2026-10-08T22:06:10
garbanzos,Consum,7380496,8414807552617,CONSUM,Callos con Garbanzos Bote,Preparados de carne  ,2.45,2.45,,False,6.45,KILO,1 Kg,False,https://tienda.consum.es/es/p/callos-con-garbanzos-bote/7380496,https://cdn-consum.aktiosdigitalservices.com/tol/consum/media/product/img/300x300/7380496.jpg?t=20260812080347,2026-10-08T22:06:10
garbanzos,Consum,7465354,8445290463579,LITORAL,Callos con Garbanzos Lata,Preparados de carne  ,4.59,4.59,,False,12.41,KILO,1 Kg,False,https://tienda.consum.es/es/p/callos-con-garbanzos-lata/7465354,https://cdn-consum.aktiosdigitalservices.com/tol/consum/media/product/img/300x300/7465354.jpg?t=20260812080508,2026-10-08T22:06:10
garbanzos,Consum,7452212,8410171040835,VIANATURE,Guiso de Garbanzos con Espinacas,Preparados de verdura,2.99,2.99,,False,8.54,KILO,1 Kg,False,https://tienda.consum.es/es/p/guiso-de-garbanzos-con-espinacas/7452212,https://cdn-consum.aktiosdigitalservices.com/tol/consum/media/product/img/300x300/7452212.jpg?t=20260812080450,2026-10-08T22:06:10
garbanzos,Consum,7433584,3083681139709,BONDUELLE,Lunch Bowl de Zanahoria Garbanzos-Maíz-Quinoa,Preparados de legumbres y hortalizas,2.99,2.99,,False,11.96,KILO,1 Kg,False,https://tienda.consum.es/es/p/lunch-bowl-de-zanahoria-garbanzos-maiz-quinoa/7433584,https://cdn-consum.aktiosdigitalservices.com/tol/consum/media/product/img/300x300/7433584.jpg?t=20260812080430,2026-10-08T22:06:10
aceite,Consum,7281074,8414807540386,CONSUM,Aceite de Oliva Virgen Extra,Aceite de oliva virgen y virgen extra,12.8,12.8,,False,4.27,LITRO,1 L,False,https://tienda.consum.es/es/p/aceite-de-oliva-virgen-extra/7281074,https://cdn-consum.aktiosdigitalservices.com/tol/consum/media/product/img/300x300/7281074.jpg?t=20260812080256,2026-10-08T22:06:16
aceite,Consum,7265689,8414807539410,CONSUM,Aceite de Oliva Virgen Botella,Aceite de oliva virgen y virgen extra,11.65,11.65,,False,3.88,LITRO,1 L,False,https://tienda.consum.es/es/p/aceite-de-oliva-virgen-botella/7265689,https://cdn-consum.aktiosdigitalservices.com/tol/consum/media/product/img/300x300/7265689.jpg?t=20260812080251,2026-10-08T22:06:16
aceite,Consum,7265700,8414807539441,CONSUM,Aceite de Oliva Virgen Extra Cristal,Aceite de oliva virgen y virgen extra,5.25,5.25,,False,7.0,LITRO,1 L,False,https://tienda.consum.es/es/p/aceite-de-oliva-virgen-extra-cristal/7265700,https://cdn-consum.aktiosdigitalservices.com/tol/consum/media/product/img/300x300/7265700.jpg?t=20260812080251,2026-10-08T22:06:16
aceite,Consum,7265705,8414807539458,CONSUM,Aceite Oliva Virgen Extra Botella,Aceite de oliva virgen y virgen extra,4.45,4.45,,False,4.45,LITRO,1 L,False,https://tienda.consum.es/es/p/aceite-oliva-virgen-extra-botella/7265705,https://cdn-consum.aktiosdigitalservices.com/tol/consum/media/product/img/300x300/7265705.jpg?t=20260812080251,2026-10-08T22:06:16
aceite,Consum,7264617,8410010260042,CARBONELL,Aceite de Oliva Virgen Extra,Aceite de oliva virgen y virgen extra,5.49,7.69,5.49,True,5.49,LITRO,1 L,False,https://tienda.consum.es/es/p/aceite-de-oliva-virgen-extra/7264617,https://cdn-consum.aktiosdigitalservices.com/tol/consum/media/product/img/300x300/7264617.jpg?t=20260827101327,2026-10-08T22:06:16
aceite,Consum,7227663,8410010006206,CARBONELL,Aceite de Oliva Virgen Extra Gran Selección,Aceite de oliva virgen y virgen extra,6.95,6.95,,False,9.27,LITRO,1 L,False,https://tienda.consum.es/es/p/aceite-de-oliva-virgen-extra-gran-seleccion/7227663,https://cdn-consum.aktiosdigitalservices.com/tol/consum/media/product/img/300x300/7227663.jpg?t=20260827101029,2026-10-08T22:06:16
aceite,Consum,7291177,8410010262343,CARBONELL,Aceite de Oliva Virgen,Aceite de oliva virgen y virgen extra,5.95,5.95,,False,5.95,LITRO,1 L,False,https://tienda.consum.es/es/p/aceite-de-oliva-virgen/7291177,https://cdn-consum.aktiosdigitalservices.com/tol/consum/media/product/img/300x300/7291177.jpg?t=20260827101617,2026-10-08T22:06:16
aceite,Consum,7404523,8411190101392,COOSUR,Aceite de Oliva Virgen Extra Hojiblanca,Aceite de oliva virgen y virgen extra,7.45,7.45,,False,7.45,LITRO,1 L,False,https://tienda.consum.es/es/p/aceite-de-oliva-virgen-extra-hojiblanca/7404523,https://cdn-consum.aktiosdigitalservices.com/tol/consum/media/product/img/300x300/7404523.jpg?t=20260827103208,2026-10-08T22:06:16
aceite,Consum,7413045,8411190005935,COOSUR,Aceite de Oliva Virgen Extra,Aceite de oliva virgen y virgen extra,14.75,17.95,14.75,True,4.91,LITRO,1 L,False,https://tienda.consum.es/es/p/aceite-de-oliva-virgen-extra/7413045,https://cdn-consum.aktiosdigitalservices.com/tol/consum/media/product/img/300x300/7413045.jpg?t=20260901080326,2026-10-08T22:06:16
aceite,Consum,7463784,8411190101057,COOSUR,Aceite de Oliva Virgen Extra,Aceite de oliva virgen y virgen extra,28.95,28.95,,False,5.79,LITRO,1 L,False,https://tienda.consum.es/es/p/aceite-de-oliva-virgen-extra/7463784,https://cdn-consum.aktiosdigitalservices.com/tol/consum/media/product/img/300x300/7463784.jpg?t=20260827105021,2026-10-08T22:06:16
aceite,Consum,880799,8422767123167,HOJIBLANCA,Aceite Oliva Virgen Extra Botella,Aceite de oliva virgen y virgen extra,7.95,7.95,,False,7.95,LITRO,1 L,False,https://tienda.consum.es/es/p/aceite-oliva-virgen-extra-botella/880799,https://cdn-consum.aktiosdigitalservices.com/tol/consum/media/product/img/300x300/880799.jpg?t=20260827095615,2026-10-08T22:06:16
aceite,Consum,7422041,8436544134956,AIRES,Aceite de Oliva Virgen Extra,Aceite de oliva virgen y virgen extra,5.89,5.89,,False,5.89,LITRO,1 L,False,https://tienda.consum.es/es/p/aceite-de-oliva-virgen-extra/7422041,https://cdn-consum.aktiosdigitalservices.com/tol/consum/media/product/img/300x300/7422041.jpg?t=20260812080419,2026-10-08T22:06:16
aceite,Consum,7464316,8411342600117,MUELOLIVA,Aceite de Oliva D.O.P.Priego de Córdoba,Aceite de oliva virgen y virgen extra,5.95,5.95,,False,5.95,LITRO,1 L,False,https://tienda.consum.es/es/p/aceite-de-oliva-doppriego-de-cordoba/7464316,https://cdn-consum.aktiosdigitalservices.com/tol/consum/media/product/img/300x300/7464316.jpg?t=20260827105036,2026-10-08T22:06:16
aceite,Consum,7414782,,CONSUM,Aceite de Oliva Virgen Extra Cristal,Aceite de oliva intenso y suave,2.3,2.3,,False,9.2,LITRO,1 L,False,https://tienda.consum.es/es/p/aceite-de-oliva-virgen-extra-cristal/7414782,https://cdn-consum.aktiosdigitalservices.com/tol/consum/media/product/img/300x300/7414782.jpg?t=20260818075955,2026-10-08T22:06:16
aceite,Consum,7395176,8414807554345,CONSUM,Aceite de Oliva Virgen Extra Arbequina,Aceite de oliva intenso y suave,4.75,4.75,,False,9.5,LITRO,1 L,False,https://tienda.consum.es/es/p/aceite-de-oliva-virgen-extra-arbequina/7395176,https://cdn-consum.aktiosdigitalservices.com/tol/consum/media/product/img/300x300/7395176.jpg?t=20260813080137,2026-10-08T22:06:16
aceite,Consum,7414787,,CONSUM,Aceite de Oliva Virgen Extra,Aceite de oliva intenso y suave,3.5,3.5,,False,7.0,LITRO,1 L,False,https://tienda.consum.es/es/p/aceite-de-oliva-virgen-extra/7414787,https://cdn-consum.aktiosdigitalservices.com/tol/consum/media/product/img/300x300/7414787.jpg?t=20260813080150,2026-10-08T22:06:16
aceite,Consum,7465912,8414807562449,CONSUM,Aceite Oliva Virgen Extra Variedad Picual,Aceite de oliva intenso y suave,4.75,4.75,,False,9.5,LITRO,1 L,False,https://tienda.consum.es/es/p/aceite-oliva-virgen-extra-variedad-picual/7465912,https://cdn-consum.aktiosdigitalservices.com/tol/consum/media/product/img/300x300/7465912.jpg?t=20260813080348,2026-10-08T22:06:16
aceite,Consum,7480150,8410010512349,CARBONELL,Aceite de Oliva Virgen Extra,Aceite de oliva intenso y suave,2.95,2.95,,False,29.5,LITRO,1 L,False,https://tienda.consum.es/es/p/aceite-de-oliva-virgen-extra/7480150,https://cdn-consum.aktiosdigitalservices.com/tol/consum/media/product/img/300x300/7480150.jpg?t=20260812080530,2026-10-08T22:06:16
aceite,Consum,7462823,8410660101726,LA ESPAÑOLA,Aceite Oliva Virgen Extra Guindilla. Esencia Vidri,Aceite de oliva intenso y suave,3.39,3.39,,False,13.56,LITRO,1 L,False,https://tienda.consum.es/es/p/aceite-oliva-virgen-extra-guindilla-esencia-vidri/7462823,https://cdn-consum.aktiosdigitalservices.com/tol/consum/media/product/img/300x300/7462823.jpg?t=20260827104954,2026-10-08T22:06:16
aceite,Consum,7304397,8414807543455,CONSUM ECO,Aceite de Oliva Virgen Extra Ecológico,Despensa,4.7,4.7,,False,9.4,LITRO,1 L,False,https://tienda.consum.es/es/p/aceite-de-oliva-virgen-extra-ecologico/7304397,https://cdn-consum.aktiosdigitalservices.com/tol/consum/media/product/img/300x300/7304397.jpg?t=20260812080308,2026-10-08T22:06:16
aceite,Consum,7285463,8436006960765,FINCA BADENE,Aceite de Oliva Virgen Extra,Aceite de oliva intenso y suave,7.94,7.94,,False,15.88,LITRO,1 L,False,https://tienda.consum.es/es/p/aceite-de-oliva-virgen-extra/7285463,https://cdn-consum.aktiosdigitalservices.com/tol/consum/media/product/img/300x300/7285463.jpg?t=20260812080259,2026-10-08T22:06:16
aceite,Consum,7395304,8436544134529,AIRES,Aceite de Oliva Virgen Extra IGP Jaén,Aceite de oliva intenso y suave,5.35,5.35,,False,10.7,LITRO,1 L,False,https://tienda.consum.es/es/p/aceite-de-oliva-virgen-extra-igp-jaen/7395304,https://cdn-consum.aktiosdigitalservices.com/tol/consum/media/product/img/300x300/7395304.jpg?t=20260827103001,2026-10-08T22:06:16
aceite,Consum,7422038,8436006961625,FINCA BADENE,Aceite de Oliva Virgen Extra Cristal,Despensa,5.8,5.8,,False,11.6,LITRO,1 L,False,https://tienda.consum.es/es/p/aceite-de-oliva-virgen-extra-cristal/7422038,https://cdn-consum.aktiosdigitalservices.com/tol/consum/media/product/img/300x300/7422038.jpg?t=20260812080419,2026-10-08T22:06:16
aceite,Consum,7426815,8437012508224,MOLINO ARSEN,Aceite Oliva Virgen Extra Ecológico,Aceite de oliva intenso y suave,4.45,4.45,,False,8.9,LITRO,1 L,False,https://tienda.consum.es/es/p/aceite-oliva-virgen-extra-ecologico/7426815,https://cdn-consum.aktiosdigitalservices.com/tol/consum/media/product/img/300x300/7426815.jpg?t=20260827103756,2026-10-08T22:06:16
aceite,Consum,7454176,8410010512028,CARBONELL,Aceitera Aceite Oliva Virgen Extra,Aceite de oliva intenso y suave,4.45,4.45,,False,9.67,LITRO,1 L,False,https://tienda.consum.es/es/p/aceitera-aceite-oliva-virgen-extra/7454176,https://cdn-consum.aktiosdigitalservices.com/tol/consum/media/product/img/300x300/7454176.jpg?t=20260812080452,2026-10-08T22:06:16
aceite,Consum,7433915,8410660034543,LA ESPAÑOLA,Spray Aceite de Oliva Virgen Extra,Aceite de oliva intenso y suave,2.59,2.89,2.59,True,12.95,LITRO,1 L,False,https://tienda.consum.es/es/p/spray-aceite-de-oliva-virgen-extra/7433915,https://cdn-consum.aktiosdigitalservices.com/tol/consum/media/product/img/300x300/7433915.jpg?t=20260812080430,2026-10-08T22:06:16
aceite,Consum,7433923,8410660087419,LA ESPAÑOLA,Spray Aceite de Oliva Virgen Extra a la Trufa,Aceite de oliva intenso y suave,2.59,2.89,2.59,True,12.95,LITRO,1 L,False,https://tienda.consum.es/es/p/spray-aceite-de-oliva-virgen-extra-a-la-trufa/7433923,https://cdn-consum.aktiosdigitalservices.com/tol/consum/media/product/img/300x300/7433923.jpg?t=20260827103956,2026-10-08T22:06:16
aceite,Consum,7265697,8414807539434,CONSUM,Aceite de Oliva Virgen Botella,Aceite de oliva intenso y suave,2.6,2.6,,False,5.2,LITRO,1 L,False,https://tienda.consum.es/es/p/aceite-de-oliva-virgen-botella/7265697,https://cdn-consum.aktiosdigitalservices.com/tol/consum/media/product/img/300x300/7265697.jpg?t=20260813075948,2026-10-08T22:06:16
aceite,Consum,7414808,8414807556844,CONSUM,Aceite de Oliva Suave,Aceite de oliva intenso y suave,10.75,10.75,,False,3.58,LITRO,1 L,False,https://tienda.consum.es/es/p/aceite-de-oliva-suave/7414808,https://cdn-consum.aktiosdigitalservices.com/tol/consum/media/product/img/300x300/7414808.jpg?t=20260812080412,2026-10-08T22:06:16
aceite,Consum,7414803,8414807556837,CONSUM,Aceite de Oliva Intenso,Aceite de oliva intenso y suave,10.85,10.85,,False,3.62,LITRO,1 L,False,https://tienda.consum.es/es/p/aceite-de-oliva-intenso/7414803,https://cdn-consum.aktiosdigitalservices.com/tol/consum/media/product/img/300x300/7414803.jpg?t=20260812080412,2026-10-08T22:06:16
aceite,Consum,7285190,8414807541161,CONSUM,Aceite de Oliva Intenso,Aceite de oliva intenso y suave,3.9,3.9,,False,3.9,LITRO,1 L,False,https://tienda.consum.es/es/p/aceite-de-oliva-intenso/7285190,https://cdn-consum.aktiosdigitalservices.com/tol/consum/media/product/img/300x300/7285190.jpg?t=20260812080258,2026-10-08T22:06:16
aceite,Consum,7285240,8414807541222,CONSUM,Aceite de Oliva Suave,Aceite de oliva intenso y suave,3.7,3.7,,False,3.7,LITRO,1 L,False,https://tienda.consum.es/es/p/aceite-de-oliva-suave/7285240,https://cdn-consum.aktiosdigitalservices.com/tol/consum/media/product/img/300x300/7285240.jpg?t=20260812080258,2026-10-08T22:06:16
aceite,Consum,7219686,8410010260929,CARBONELL,Aceite de Oliva Intenso,Aceite de oliva intenso y suave,3.99,5.15,3.99,True,3.99,LITRO,1 L,False,https://tienda.consum.es/es/p/aceite-de-oliva-intenso/7219686,https://cdn-consum.aktiosdigitalservices.com/tol/consum/media/product/img/300x300/7219686.jpg?t=20260827100954,2026-10-08T22:06:16
aceite,Consum,7454262,8410010511311,CARBONELL,Aceite de Oliva Extra Suave,Aceite de oliva intenso y suave,3.95,5.15,3.95,True,3.95,LITRO,1 L,False,https://tienda.consum.es/es/p/aceite-de-oliva-extra-suave/7454262,https://cdn-consum.aktiosdigitalservices.com/tol/consum/media/product/img/300x300/7454262.jpg?t=20260827104621,2026-10-08T22:06:16
aceite,Consum,379271,8410010000181,CARBONELL,"Aceite de Oliva 0,4º Botella",Aceite de oliva intenso y suave,5.15,5.15,,False,5.15,LITRO,1 L,False,https://tienda.consum.es/es/p/aceite-de-oliva-04-botella/379271,https://cdn-consum.aktiosdigitalservices.com/tol/consum/media/product/img/300x300/379271.jpg?t=20260827095455,2026-10-08T22:06:16
aceite,Consum,7147978,8432580121011,LA MASIA,Aceite de Oliva Intenso Sumun,Aceite de oliva intenso y suave,4.79,4.79,,False,4.79,LITRO,1 L,False,https://tienda.consum.es/es/p/aceite-de-oliva-intenso-sumun/7147978,https://cdn-consum.aktiosdigitalservices.com/tol/consum/media/product/img/300x300/7147978.jpg?t=20260812080212,2026-10-08T22:06:16
aceite,Consum,7299873,8414807548894,CONSUM,Aceite de Girasol Alto Oleico,Aceite de girasol,2.35,2.35,,False,2.35,LITRO,1 L,False,https://tienda.consum.es/es/p/aceite-de-girasol-alto-oleico/7299873,https://cdn-consum.aktiosdigitalservices.com/tol/consum/media/product/img/300x300/7299873.jpg?t=20260812080306,2026-10-08T22:06:16
aceite,Consum,7419240,8410660087747,LA ESPAÑOLA,Spray Especial Freidora de Aire,Aceite de oliva intenso y suave,2.39,2.39,,False,11.95,LITRO,1 L,False,https://tienda.consum.es/es/p/spray-especial-freidora-de-aire/7419240,https://cdn-consum.aktiosdigitalservices.com/tol/consum/media/product/img/300x300/7419240.jpg?t=20260812080416,2026-10-08T22:06:16
aceite,Consum,7285273,8414807548900,CONSUM,Aceite de Semillas Botella,Otros aceites,2.0,2.0,,False,2.0,LITRO,1 L,False,https://tienda.consum.es/es/p/aceite-de-semillas-botella/7285273,https://cdn-consum.aktiosdigitalservices.com/tol/consum/media/product/img/300x300/7285273.jpg?t=20260812080258,2026-10-08T22:06:16
aceite,Consum,7285278,8414807548917,CONSUM,Aceite de Semillas Botella,Otros aceites,9.65,9.65,,False,1.93,LITRO,1 L,False,https://tienda.consum.es/es/p/aceite-de-semillas-botella/7285278,https://cdn-consum.aktiosdigitalservices.com/tol/consum/media/product/img/300x300/7285278.jpg?t=20260812080258,2026-10-08T22:06:16
aceite,Consum,7285179,8414807548870,CONSUM,Aceite de Girasol Botella,Aceite de girasol,8.6,8.6,,False,1.72,LITRO,1 L,False,https://tienda.consum.es/es/p/aceite-de-girasol-botella/7285179,https://cdn-consum.aktiosdigitalservices.com/tol/consum/media/product/img/300x300/7285179.jpg?t=20260812080258,2026-10-08T22:06:16
aceite,Consum,7371680,8410270027010,KOIPESOL,Aceite de Girasol Botella,Aceite de girasol,1.99,2.95,1.99,True,1.99,LITRO,1 L,False,https://tienda.consum.es/es/p/aceite-de-girasol-botella/7371680,https://cdn-consum.aktiosdigitalservices.com/tol/consum/media/product/img/300x300/7371680.jpg?t=20260827102604,2026-10-08T22:06:16
aceite,Consum,7296374,8436544131092,GENIOLIVA,Aceite de Orujo Botella,Otros aceites,3.3,3.3,,False,3.3,LITRO,1 L,False,https://tienda.consum.es/es/p/aceite-de-orujo-botella/7296374,https://cdn-consum.aktiosdigitalservices.com/tol/consum/media/product/img/300x300/7296374.jpg?t=20260812080305,2026-10-08T22:06:16
aceite,Consum,7036221,8411710497004,LA PISTA,Aceite de Semillas Botella,Otros aceites,2.24,2.24,,False,2.24,LITRO,1 L,False,https://tienda.consum.es/es/p/aceite-de-semillas-botella/7036221,https://cdn-consum.aktiosdigitalservices.com/tol/consum/media/product/img/300x300/7036221.jpg?t=20260812080152,2026-10-08T22:06:16
aceite,Consum,7454267,8410270210603,KOIPESOL,Aceite de Girasol Fritos,Aceite de girasol,3.25,3.25,,False,3.25,LITRO,1 L,False,https://tienda.consum.es/es/p/aceite-de-girasol-fritos/7454267,https://cdn-consum.aktiosdigitalservices.com/tol/consum/media/product/img/300x300/7454267.jpg?t=20260827104622,2026-10-08T22:06:16
aceite,Consum,7050677,8414807502810,CONSUM,Vinagre de Jerez Botella Cristal,Vinagre y aliños,2.15,2.15,,False,8.6,LITRO,1 L,False,https://tienda.consum.es/es/p/vinagre-de-jerez-botella-cristal/7050677,https://cdn-consum.aktiosdigitalservices.com/tol/consum/media/product/img/300x300/7050677.jpg?t=20260812080155,2026-10-08T22:06:16
aceite,Consum,7366466,8414807551269,CONSUM,Crema de Vinagre Pedro Ximénez,Vinagre y aliños,2.25,2.25,,False,9.0,LITRO,1 L,False,https://tienda.consum.es/es/p/crema-de-vinagre-pedro-ximenez/7366466,https://cdn-consum.aktiosdigitalservices.com/tol/consum/media/product/img/300x300/7366466.jpg?t=20260812080339,2026-10-08T22:06:16
aceite,Consum,7049690,8414807502711,CONSUM,Vinagre de Vino Blanco,Vinagre y aliños,0.65,0.65,,False,0.65,LITRO,1 L,False,https://tienda.consum.es/es/p/vinagre-de-vino-blanco/7049690,https://cdn-consum.aktiosdigitalservices.com/tol/consum/media/product/img/300x300/7049690.jpg?t=20260812080155,2026-10-08T22:06:16
aceite,Consum,7050680,8414807502827,CONSUM,Vinagre Balsámico de Módena,Vinagre y aliños,1.25,1.25,,False,5.0,LITRO,1 L,False,https://tienda.consum.es/es/p/vinagre-balsamico-de-modena/7050680,https://cdn-consum.aktiosdigitalservices.com/tol/consum/media/product/img/300x300/7050680.jpg?t=20260812080155,2026-10-08T22:06:16
aceite,Consum,7225766,8414807534187,CONSUM,Vinagre de Vino Tinto,Vinagre y aliños,0.55,0.55,,False,1.1,LITRO,1 L,False,https://tienda.consum.es/es/p/vinagre-de-vino-tinto/7225766,https://cdn-consum.aktiosdigitalservices.com/tol/consum/media/product/img/300x300/7225766.jpg?t=20260812080237,2026-10-08T22:06:16
aceite,Consum,7366474,8414807551276,CONSUM,Crema de Vinagre Módena,Vinagre y aliños,1.8,1.8,,False,7.2,LITRO,1 L,False,https://tienda.consum.es/es/p/crema-de-vinagre-modena/7366474,https://cdn-consum.aktiosdigitalservices.com/tol/consum/media/product/img/300x300/7366474.jpg?t=20260812080339,2026-10-08T22:06:16
aceite,Consum,7359651,8410179306148,BORGES,Vinagre Balsámico de Módena,Vinagre y aliños,1.99,2.39,1.99,True,7.96,LITRO,1 L,False,https://tienda.consum.es/es/p/vinagre-balsamico-de-modena/7359651,https://cdn-consum.aktiosdigitalservices.com/tol/consum/media/product/img/300x300/7359651.jpg?t=20260812080336,2026-10-08T22:06:16
aceite,Consum,7239965,3600541791916,OR.REMEDIES,Aceite en Crema Oliva Mítica,"Serums, aceites y otros",3.15,3.15,,False,15.8,LITRO,100 ml,False,https://tienda.consum.es/es/p/aceite-en-crema-oliva-mitica/7239965,https://cdn-consum.aktiosdigitalservices.com/tol/consum/media/product/img/300x300/7239965.jpg?t=20260812080242,2026-10-08T22:06:16
aceite,Consum,7305183,8008706085774,FERRARINI,Crema Aceto Balsámico Di Módena,Vinagre y aliños,3.25,3.25,,False,13.0,LITRO,1 L,False,https://tienda.consum.es/es/p/crema-aceto-balsamico-di-modena/7305183,https://cdn-consum.aktiosdigitalservices.com/tol/consum/media/product/img/300x300/7305183.jpg?t=20260812080308,2026-10-08T22:06:16
aceite,Consum,7435308,8436006377532,CAPRICHO,Set Monodosis Aceite Vinagre Sal,Otros aceites,2.15,2.15,,False,0.14,UNIDAD,1 U,False,https://tienda.consum.es/es/p/set-monodosis-aceite-vinagre-sal/7435308,https://cdn-consum.aktiosdigitalservices.com/tol/consum/media/product/img/300x300/7435308.jpg?t=20260812080432,2026-10-08T22:06:16
aceite,Consum,7321649,8437023947272,VULPI,Crema Balsámica de Módena 0% Azúcares,Vinagre y aliños,1.99,1.99,,False,4.98,KILO,1 Kg,False,https://tienda.consum.es/es/p/crema-balsamica-de-modena-0-azucares/7321649,https://cdn-consum.aktiosdigitalservices.com/tol/consum/media/product/img/300x300/7321649.jpg?t=20260827101956,2026-10-08T22:06:16
aceite,Consum,7325793,8414807545930,CONSUM,Sardinillas en Aceite de Oliva Pack 2,Sardinas,2.15,2.15,,False,16.54,KILO,1 Kg,False,https://tienda.consum.es/es/p/sardinillas-en-aceite-de-oliva-pack-2/7325793,https://cdn-consum.aktiosdigitalservices.com/tol/consum/media/product/img/300x300/7325793.jpg?t=20260812080318,2026-10-08T22:06:16
aceite,Consum,7426638,8414807558145,CONSUM,Filetes de Melva en Aceite de Oliva,Caballa y melva,1.85,1.85,,False,23.72,KILO,1 Kg,False,https://tienda.consum.es/es/p/filetes-de-melva-en-aceite-de-oliva/7426638,https://cdn-consum.aktiosdigitalservices.com/tol/consum/media/product/img/300x300/7426638.jpg?t=20260721080350,2026-10-08T22:06:16
aceite,Consum,7387595,8414807553287,CONSUM,Filetes de Caballa en Aceite de Oliva,Caballa y melva,1.6,1.6,,False,19.05,KILO,1 Kg,False,https://tienda.consum.es/es/p/filetes-de-caballa-en-aceite-de-oliva/7387595,https://cdn-consum.aktiosdigitalservices.com/tol/consum/media/product/img/300x300/7387595.jpg?t=20260901080716,2026-10-08T22:06:16
aceite,Consum,7043735,8414807501615,CONSUM,Sardinas en Aceite Oliva Lata,Sardinas,1.69,1.69,,False,20.12,KILO,1 Kg,False,https://tienda.consum.es/es/p/sardinas-en-aceite-oliva-lata/7043735,https://cdn-consum.aktiosdigitalservices.com/tol/consum/media/product/img/300x300/7043735.jpg?t=20260812080153,2026-10-08T22:06:16
aceite,Consum,7325806,8414807545961,CONSUM,Sardinillas Bajo en Sal en Aceite Oliva Pack 2,Sardinas,2.15,2.15,,False,16.54,KILO,1 Kg,False,https://tienda.consum.es/es/p/sardinillas-bajo-en-sal-en-aceite-oliva-pack-2/7325806,https://cdn-consum.aktiosdigitalservices.com/tol/consum/media/product/img/300x300/7325806.jpg?t=20260820075912,2026-10-08T22:06:16
aceite,Consum,7464477,8414807562197,CONSUM,Sardina Aceite de Oliva Bajo en Sal,Sardinas,1.99,1.99,,False,23.69,KILO,1 Kg,False,https://tienda.consum.es/es/p/sardina-aceite-de-oliva-bajo-en-sal/7464477,https://cdn-consum.aktiosdigitalservices.com/tol/consum/media/product/img/300x300/7464477.jpg?t=20260812080508,2026-10-08T22:06:16
aceite,Consum,7420610,8436042308316,TIGER KHAN,Aceite de Sésamo Botella,Asiático,3.99,3.99,,False,19.95,LITRO,1 L,False,https://tienda.consum.es/es/p/aceite-de-sesamo-botella/7420610,https://cdn-consum.aktiosdigitalservices.com/tol/consum/media/product/img/300x300/7420610.jpg?t=20260827103531,2026-10-08T22:06:16
aceite,Consum,7325798,8414807545947,CONSUM,Sardinilla en Aceite de Girasol Pack de 2,Sardinas,1.85,1.85,,False,14.23,KILO,1 Kg,False,https://tienda.consum.es/es/p/sardinilla-en-aceite-de-girasol-pack-de-2/7325798,https://cdn-consum.aktiosdigitalservices.com/tol/consum/media/product/img/300x300/7325798.jpg?t=20260812080318,2026-10-08T22:06:16
aceite,Consum,7097298,8414807516824,CONSUM,Chipirones Rellenos en Aceite Girasol Lata,"Almejas, berberechos y navajas",2.45,2.45,,False,35.0,KILO,1 Kg,False,https://tienda.consum.es/es/p/chipirones-rellenos-en-aceite-girasol-lata/7097298,https://cdn-consum.aktiosdigitalservices.com/tol/consum/media/product/img/300x300/7097298.jpg?t=20260812080205,2026-10-08T22:06:16
aceite,Consum,7429806,8414807558497,CONSUM,Sardinillas Picantes en Aceite de Girasol,Sardinas,1.9,1.9,,False,14.62,KILO,1 Kg,False,https://tienda.consum.es/es/p/sardinillas-picantes-en-aceite-de-girasol/7429806,https://cdn-consum.aktiosdigitalservices.com/tol/consum/media/product/img/300x300/7429806.jpg?t=20260812080426,2026-10-08T22:06:16
aceite,Consum,7359235,8414807550361,CONSUM,Tacos Potón en Aceite de Girasol,"Almejas, berberechos y navajas",1.56,1.56,,False,21.67,KILO,1 Kg,False,https://tienda.consum.es/es/p/tacos-poton-en-aceite-de-girasol/7359235,https://cdn-consum.aktiosdigitalservices.com/tol/consum/media/product/img/300x300/7359235.jpg?t=20260812080335,2026-10-08T22:06:16
aceite,Consum,7043730,8414807501622,CONSUM,Sardina en Aceite Girasol Lata,Sardinas,1.25,1.25,,False,14.88,KILO,1 Kg,False,https://tienda.consum.es/es/p/sardina-en-aceite-girasol-lata/7043730,https://cdn-consum.aktiosdigitalservices.com/tol/consum/media/product/img/300x300/7043730.jpg?t=20260812080153,2026-10-08T22:06:16
aceite,Consum,7464485,8414807562227,CONSUM,Sardina Fresca AOVE,Sardinas,2.1,2.1,,False,25.0,KILO,1 Kg,False,https://tienda.consum.es/es/p/sardina-fresca-aove/7464485,https://cdn-consum.aktiosdigitalservices.com/tol/consum/media/product/img/300x300/7464485.jpg?t=20260812080046,2026-10-08T22:06:16
aceite,Consum,7098200,8414807516886,CONSUM,Filetes de Caballa en Aceite Girasol Lata,Caballa y melva,1.25,1.25,,False,15.63,KILO,1 Kg,False,https://tienda.consum.es/es/p/filetes-de-caballa-en-aceite-girasol-lata/7098200,https://cdn-consum.aktiosdigitalservices.com/tol/consum/media/product/img/300x300/7098200.jpg?t=20260721080325,2026-10-08T22:06:16
aceite,Consum,7043748,8414807501561,CONSUM,Mejillones Gallegos Escabeche 8/12 Piezas,Mejillones,2.8,2.8,,False,40.58,KILO,1 Kg,False,https://tienda.consum.es/es/p/mejillones-gallegos-escabeche-8-12-piezas/7043748,https://cdn-consum.aktiosdigitalservices.com/tol/consum/media/product/img/300x300/7043748.jpg?t=20260812080153,2026-10-08T22:06:16
aceite,Consum,7043750,8414807501578,CONSUM,Mejillones Gallegos Escabeche 13/18 Piezas,Mejillones,1.8,1.8,,False,26.09,KILO,1 Kg,False,https://tienda.consum.es/es/p/mejillones-gallegos-escabeche-13-18-piezas/7043750,https://cdn-consum.aktiosdigitalservices.com/tol/consum/media/product/img/300x300/7043750.jpg?t=20260812080153,2026-10-08T22:06:16
aceite,Consum,7080765,8414807514301,CONSUM,Sal para Horneados Bolsa,Salsas calientes,1.4,1.4,,False,0.7,KILO,1 Kg,False,https://tienda.consum.es/es/p/sal-para-horneados-bolsa/7080765,https://cdn-consum.aktiosdigitalservices.com/tol/consum/media/product/img/300x300/7080765.jpg?t=20260812080202,2026-10-08T22:06:16
aceite,Consum,7035566,8414807502186,CONSUM,Espárragos Extra 8/12 Piezas Frasco,Espárragos y palmitos,2.05,2.05,,False,10.0,KILO,1 Kg,False,https://tienda.consum.es/es/p/esparragos-extra-8-12-piezas-frasco/7035566,https://cdn-consum.aktiosdigitalservices.com/tol/consum/media/product/img/300x300/7035566.jpg?t=20260721080318,2026-10-08T22:06:16
aceite,Consum,7035587,8414807501257,CONSUM,Champiñones Laminados Lata,Setas y champiñones,1.0,1.0,,False,5.41,KILO,1 Kg,False,https://tienda.consum.es/es/p/champinones-laminados-lata/7035587,https://cdn-consum.aktiosdigitalservices.com/tol/consum/media/product/img/300x300/7035587.jpg?t=20260812080152,2026-10-08T22:06:16
aceite,Consum,7048478,8414807501554,CONSUM,Mejillones Gallegos Escabeche Pack de 3,Mejillones,2.8,2.8,,False,22.22,KILO,1 Kg,False,https://tienda.consum.es/es/p/mejillones-gallegos-escabeche-pack-de-3/7048478,https://cdn-consum.aktiosdigitalservices.com/tol/consum/media/product/img/300x300/7048478.jpg?t=20260812080154,2026-10-08T22:06:16
aceite,Consum,7306731,8414807543363,CONSUM,Pimiento Piquillo Tiras con Ajos Frasco,Pimiento,1.05,1.05,,False,4.67,KILO,1 Kg,False,https://tienda.consum.es/es/p/pimiento-piquillo-tiras-con-ajos-frasco/7306731,https://cdn-consum.aktiosdigitalservices.com/tol/consum/media/product/img/300x300/7306731.jpg?t=20260819075855,2026-10-08T22:06:16
aceite,Consum,7301708,8414807543189,CONSUM,Maíz Dulce Lata Pack de 3,Maíz,1.55,1.55,,False,3.69,KILO,1 Kg,False,https://tienda.consum.es/es/p/maiz-dulce-lata-pack-de-3/7301708,https://cdn-consum.aktiosdigitalservices.com/tol/consum/media/product/img/300x300/7301708.jpg?t=20260812080307,2026-10-08T22:06:16
aceite,Consum,7302248,8414807543325,CONSUM,Espárragos Medianos Calidad Extra Frasco,Espárragos y palmitos,1.7,1.7,,False,15.45,KILO,1 Kg,False,https://tienda.consum.es/es/p/esparragos-medianos-calidad-extra-frasco/7302248,https://cdn-consum.aktiosdigitalservices.com/tol/consum/media/product/img/300x300/7302248.jpg?t=20260812080307,2026-10-08T22:06:16
aceite,Consum,7415672,8414807556950,CONSUM,Salero Sal Fina,Sal,0.65,0.65,,False,2.6,KILO,1 Kg,False,https://tienda.consum.es/es/p/salero-sal-fina/7415672,https://cdn-consum.aktiosdigitalservices.com/tol/consum/media/product/img/300x300/7415672.jpg?t=20260812080413,2026-10-08T22:06:16
aceite,Consum,7435857,8414807559449,CONSUM,Comino Molido,Especias,1.2,1.2,,False,20.0,KILO,1 Kg,False,https://tienda.consum.es/es/p/comino-molido/7435857,https://cdn-consum.aktiosdigitalservices.com/tol/consum/media/product/img/300x300/7435857.jpg?t=20260812080433,2026-10-08T22:06:16
aceite,Consum,7435878,8414807559487,CONSUM,Perejil,Especias,1.0,1.0,,False,55.6,KILO,100 Gr,False,https://tienda.consum.es/es/p/perejil/7435878,https://cdn-consum.aktiosdigitalservices.com/tol/consum/media/product/img/300x300/7435878.jpg?t=20260812080433,2026-10-08T22:06:16
aceite,Consum,7435832,8414807559395,CONSUM,Pimienta Negra Molida,Especias,1.2,1.2,,False,18.46,KILO,1 Kg,False,https://tienda.consum.es/es/p/pimienta-negra-molida/7435832,https://cdn-consum.aktiosdigitalservices.com/tol/consum/media/product/img/300x300/7435832.jpg?t=20260812080433,2026-10-08T22:06:16
aceite,Consum,7435865,8414807559463,CONSUM,Orégano,Especias,0.75,0.75,,False,41.7,KILO,100 Gr,False,https://tienda.consum.es/es/p/oregano/7435865,https://cdn-consum.aktiosdigitalservices.com/tol/consum/media/product/img/300x300/7435865.jpg?t=20260812080433,2026-10-08T22:06:16
aceite,Consum,7435811,8414807559357,CONSUM,Colorante Alimentario,Especias,0.89,0.89,,False,11.13,KILO,1 Kg,False,https://tienda.consum.es/es/p/colorante-alimentario/7435811,https://cdn-consum.aktiosdigitalservices.com/tol/consum/media/product/img/300x300/7435811.jpg?t=20260812080433,2026-10-08T22:06:16
aceite,Consum,7418650,8414807557322,CONSUM,Berberechos al Natural XS,"Almejas, berberechos y navajas",3.5,3.5,,False,55.56,KILO,1 Kg,False,https://tienda.consum.es/es/p/berberechos-al-natural-xs/7418650,https://cdn-consum.aktiosdigitalservices.com/tol/consum/media/product/img/300x300/7418650.jpg?t=20260812080415,2026-10-08T22:06:16
aceite,Consum,7435816,8414807559364,CONSUM,Cebolla,Especias,0.94,0.94,,False,15.67,KILO,1 Kg,False,https://tienda.consum.es/es/p/cebolla/7435816,https://cdn-consum.aktiosdigitalservices.com/tol/consum/media/product/img/300x300/7435816.jpg?t=20260812080433,2026-10-08T22:06:16
aceite,Consum,7435829,8414807559388,CONSUM,Pimentón Dulce,Especias,1.05,1.05,,False,18.1,KILO,1 Kg,False,https://tienda.consum.es/es/p/pimenton-dulce/7435829,https://cdn-consum.aktiosdigitalservices.com/tol/consum/media/product/img/300x300/7435829.jpg?t=20260812080433,2026-10-08T22:06:16
aceite,Consum,7435881,8414807559494,CONSUM,Hierbas Provenzales,Especias,1.05,1.05,,False,47.7,KILO,100 Gr,False,https://tienda.consum.es/es/p/hierbas-provenzales/7435881,https://cdn-consum.aktiosdigitalservices.com/tol/consum/media/product/img/300x300/7435881.jpg?t=20260812080433,2026-10-08T22:06:16
aceite,Consum,7435852,8414807559432,CONSUM,Canela en Rama,Especias,1.5,1.5,,False,75.0,KILO,100 Gr,False,https://tienda.consum.es/es/p/canela-en-rama/7435852,https://cdn-consum.aktiosdigitalservices.com/tol/consum/media/product/img/300x300/7435852.jpg?t=20260812080433,2026-10-08T22:06:16
aceite,Consum,7048283,8414807502681,CONSUM,Judías Verdes Anchas Frasco,Judía verde,1.1,1.1,,False,3.06,KILO,1 Kg,False,https://tienda.consum.es/es/p/judias-verdes-anchas-frasco/7048283,https://cdn-consum.aktiosdigitalservices.com/tol/consum/media/product/img/300x300/7048283.jpg?t=20260812080154,2026-10-08T22:06:16
aceite,Consum,7309404,8414807544032,CONSUM,Salsa César,Salsas frías,1.39,1.39,,False,4.63,LITRO,1 L,False,https://tienda.consum.es/es/p/salsa-cesar/7309404,https://cdn-consum.aktiosdigitalservices.com/tol/consum/media/product/img/300x300/7309404.jpg?t=20260812080310,2026-10-08T22:06:16
aceite,Consum,7426646,8414807558169,CONSUM,Almejones al Natural,"Almejas, berberechos y navajas",1.49,1.49,,False,23.65,KILO,1 Kg,False,https://tienda.consum.es/es/p/almejones-al-natural/7426646,https://cdn-consum.aktiosdigitalservices.com/tol/consum/media/product/img/300x300/7426646.jpg?t=20260812080423,2026-10-08T22:06:16
aceite,Consum,7438518,8414807559821,CONSUM,Salsa Barbacoa,Salsas frías,1.15,1.15,,False,3.19,KILO,1 Kg,False,https://tienda.consum.es/es/p/salsa-barbacoa/7438518,https://cdn-consum.aktiosdigitalservices.com/tol/consum/media/product/img/300x300/7438518.jpg?t=20260812080436,2026-10-08T22:06:16
aceite,Consum,7435910,8414807559548,CONSUM,Cúrcuma,Especias,1.3,1.3,,False,21.67,KILO,1 Kg,False,https://tienda.consum.es/es/p/curcuma/7435910,https://cdn-consum.aktiosdigitalservices.com/tol/consum/media/product/img/300x300/7435910.jpg?t=20260812080433,2026-10-08T22:06:16
aceite,Consum,7435956,8414807559630,CONSUM,Laurel en Hojas,Especias,0.85,0.85,,False,70.8,KILO,100 Gr,False,https://tienda.consum.es/es/p/laurel-en-hojas/7435956,https://cdn-consum.aktiosdigitalservices.com/tol/consum/media/product/img/300x300/7435956.jpg?t=20260812080434,2026-10-08T22:06:16
aceite,Consum,7044092,8414807502407,CONSUM,Patatas Pequeñas Entera Frasco,Otros vegetales,1.9,1.9,,False,4.75,KILO,1 Kg,False,https://tienda.consum.es/es/p/patatas-pequenas-entera-frasco/7044092,https://cdn-consum.aktiosdigitalservices.com/tol/consum/media/product/img/300x300/7044092.jpg?t=20260812080153,2026-10-08T22:06:16
aceite,Consum,7051782,8414807501592,CONSUM,Mejillones Gallegos Pica. 13/18 Piezas,Mejillones,1.8,1.8,,False,26.09,KILO,1 Kg,False,https://tienda.consum.es/es/p/mejillones-gallegos-pica-13-18-piezas/7051782,https://cdn-consum.aktiosdigitalservices.com/tol/consum/media/product/img/300x300/7051782.jpg?t=20260812080155,2026-10-08T22:06:16
aceite,Consum,7053700,8414807502667,CONSUM,Macedonia de Verduras Frasco,Otros vegetales,0.9,0.9,,False,2.77,KILO,1 Kg,False,https://tienda.consum.es/es/p/macedonia-de-verduras-frasco/7053700,https://cdn-consum.aktiosdigitalservices.com/tol/consum/media/product/img/300x300/7053700.jpg?t=20260812080155,2026-10-08T22:06:16
aceite,Consum,7322717,8414807545688,CONSUM,Zanahoria Rallada Frasco,Otros vegetales,0.99,0.99,,False,5.5,KILO,1 Kg,False,https://tienda.consum.es/es/p/zanahoria-rallada-frasco/7322717,https://cdn-consum.aktiosdigitalservices.com/tol/consum/media/product/img/300x300/7322717.jpg?t=20260812080317,2026-10-08T22:06:16
aceite,Consum,7309367,8414807543974,CONSUM,Salsa Light Tarro,Mayonesa,1.2,1.2,,False,2.67,LITRO,1 L,False,https://tienda.consum.es/es/p/salsa-light-tarro/7309367,https://cdn-consum.aktiosdigitalservices.com/tol/consum/media/product/img/300x300/7309367.jpg?t=20260812080310,2026-10-08T22:06:16
aceite,Consum,7435951,8414807559623,CONSUM,Azafrán Molido,Especias,2.8,2.8,,False,4516.1,KILO,100 Gr,False,https://tienda.consum.es/es/p/azafran-molido/7435951,https://cdn-consum.aktiosdigitalservices.com/tol/consum/media/product/img/300x300/7435951.jpg?t=20260812080434,2026-10-08T22:06:16
aceite,Consum,7444375,8414807560155,CONSUM,Maíz Dulce Pack 3,Maíz,1.25,1.25,,False,5.95,KILO,1 Kg,False,https://tienda.consum.es/es/p/maiz-dulce-pack-3/7444375,https://cdn-consum.aktiosdigitalservices.com/tol/consum/media/product/img/300x300/7444375.jpg?t=20260813080303,2026-10-08T22:06:16
aceite,Consum,7435936,8414807559593,CONSUM,Molinillo Pimienta Negra,Especias,1.7,1.7,,False,28.33,KILO,1 Kg,False,https://tienda.consum.es/es/p/molinillo-pimienta-negra/7435936,https://cdn-consum.aktiosdigitalservices.com/tol/consum/media/product/img/300x300/7435936.jpg?t=20260812080434,2026-10-08T22:06:16
aceite,Consum,7046055,8414807501585,CONSUM,Mejillones Gallegos Natural 13/18 Piezas,Mejillones,1.8,1.8,,False,26.09,KILO,1 Kg,False,https://tienda.consum.es/es/p/mejillones-gallegos-natural-13-18-piezas/7046055,https://cdn-consum.aktiosdigitalservices.com/tol/consum/media/product/img/300x300/7046055.jpg?t=20260812080154,2026-10-08T22:06:16
aceite,Consum,7044121,8414807502261,CONSUM,Pimientos Piquillo Entero 8/12 Piezas Frasco,Pimiento,1.19,1.19,,False,5.29,KILO,1 Kg,False,https://tienda.consum.es/es/p/pimientos-piquillo-entero-8-12-piezas-frasco/7044121,https://cdn-consum.aktiosdigitalservices.com/tol/consum/media/product/img/300x300/7044121.jpg?t=20260812080153,2026-10-08T22:06:16
aceite,Consum,7046063,8414807501523,CONSUM,Trozos de Calamar en Salsa Americana Pack,"Almejas, berberechos y navajas",2.7,2.7,,False,15.25,KILO,1 Kg,False,https://tienda.consum.es/es/p/trozos-de-calamar-en-salsa-americana-pack/7046063,https://cdn-consum.aktiosdigitalservices.com/tol/consum/media/product/img/300x300/7046063.jpg?t=20260812080154,2026-10-08T22:06:16
aceite,Consum,7043057,8414807502247,CONSUM,Yemas de Espárragos Extra Frasco,Espárragos y palmitos,1.89,1.89,,False,17.18,KILO,1 Kg,False,https://tienda.consum.es/es/p/yemas-de-esparragos-extra-frasco/7043057,https://cdn-consum.aktiosdigitalservices.com/tol/consum/media/product/img/300x300/7043057.jpg?t=20260812080152,2026-10-08T22:06:16
aceite,Consum,7301711,8414807543196,CONSUM,Guisantes Medianos Lata Pack de 3,Guisantes,1.75,1.75,,False,4.49,KILO,1 Kg,False,https://tienda.consum.es/es/p/guisantes-medianos-lata-pack-de-3/7301711,https://cdn-consum.aktiosdigitalservices.com/tol/consum/media/product/img/300x300/7301711.jpg?t=20260812080307,2026-10-08T22:06:16
aceite,Consum,7309409,8414807544049,CONSUM,Salsa Cocktail,Salsas frías,0.99,0.99,,False,3.3,LITRO,1 L,False,https://tienda.consum.es/es/p/salsa-cocktail/7309409,https://cdn-consum.aktiosdigitalservices.com/tol/consum/media/product/img/300x300/7309409.jpg?t=20260812080310,2026-10-08T22:06:16
aceite,Consum,7359243,8414807550378,CONSUM,Tacos de Potón al Ajillo Lata,"Almejas, berberechos y navajas",1.56,1.56,,False,20.8,KILO,1 Kg,False,https://tienda.consum.es/es/p/tacos-de-poton-al-ajillo-lata/7359243,https://cdn-consum.aktiosdigitalservices.com/tol/consum/media/product/img/300x300/7359243.jpg?t=20260812080335,2026-10-08T22:06:16
aceite,Consum,7372167,8414807551931,CONSUM,Salsa Napolitana Frasco,Salsas calientes,1.55,1.55,,False,5.17,KILO,1 Kg,False,https://tienda.consum.es/es/p/salsa-napolitana-frasco/7372167,https://cdn-consum.aktiosdigitalservices.com/tol/consum/media/product/img/300x300/7372167.jpg?t=20260812080342,2026-10-08T22:06:16
aceite,Consum,7438505,8414807559814,CONSUM,Kétchup Zero,Ketchup,1.39,1.39,,False,2.62,KILO,1 Kg,False,https://tienda.consum.es/es/p/ketchup-zero/7438505,https://cdn-consum.aktiosdigitalservices.com/tol/consum/media/product/img/300x300/7438505.jpg?t=20260812080436,2026-10-08T22:06:16
aceite,Consum,7435837,8414807559401,CONSUM,Pimienta Negra en Grano,Especias,1.45,1.45,,False,24.17,KILO,1 Kg,False,https://tienda.consum.es/es/p/pimienta-negra-en-grano/7435837,https://cdn-consum.aktiosdigitalservices.com/tol/consum/media/product/img/300x300/7435837.jpg?t=20260812080433,2026-10-08T22:06:16
aceite,Consum,7435824,8414807559371,CONSUM,Tomillo,Especias,1.09,1.09,,False,43.6,KILO,100 Gr,False,https://tienda.consum.es/es/p/tomillo/7435824,https://cdn-consum.aktiosdigitalservices.com/tol/consum/media/product/img/300x300/7435824.jpg?t=20260812080433,2026-10-08T22:06:16
aceite,Consum,7435860,8414807559456,CONSUM,Pimentón Picante,Especias,1.3,1.3,,False,22.41,KILO,1 Kg,False,https://tienda.consum.es/es/p/pimenton-picante/7435860,https://cdn-consum.aktiosdigitalservices.com/tol/consum/media/product/img/300x300/7435860.jpg?t=20260812080433,2026-10-08T22:06:16
aceite,Consum,7435902,8414807559524,CONSUM,Guindilla Entera,Especias,0.91,0.91,,False,50.6,KILO,100 Gr,False,https://tienda.consum.es/es/p/guindilla-entera/7435902,https://cdn-consum.aktiosdigitalservices.com/tol/consum/media/product/img/300x300/7435902.jpg?t=20260812080433,2026-10-08T22:06:16
aceite,Consum,7435949,8414807559616,CONSUM,Azafrán Hebras,Especias,2.45,2.45,,False,4900.0,KILO,100 Gr,False,https://tienda.consum.es/es/p/azafran-hebras/7435949,https://cdn-consum.aktiosdigitalservices.com/tol/consum/media/product/img/300x300/7435949.jpg?t=20260812080434,2026-10-08T22:06:16
aceite,Consum,7444370,8414807560148,CONSUM,Guisante Muy Fino,Guisantes,0.95,0.95,,False,3.8,KILO,1 Kg,False,https://tienda.consum.es/es/p/guisante-muy-fino/7444370,https://cdn-consum.aktiosdigitalservices.com/tol/consum/media/product/img/300x300/7444370.jpg?t=20260812080442,2026-10-08T22:06:16
aceite,Consum,7456515,8414807561305,CONSUM,Salsa Light,Mayonesa,0.89,0.89,,False,2.97,LITRO,1 L,False,https://tienda.consum.es/es/p/salsa-light/7456515,https://cdn-consum.aktiosdigitalservices.com/tol/consum/media/product/img/300x300/7456515.jpg?t=20260812080456,2026-10-08T22:06:16
aceite,Consum,7470250,8414807563040,CONSUM,Mejillones Gallegos Escabeche Suave,Mejillones,1.69,1.69,,False,24.49,KILO,1 Kg,False,https://tienda.consum.es/es/p/mejillones-gallegos-escabeche-suave/7470250,https://cdn-consum.aktiosdigitalservices.com/tol/consum/media/product/img/300x300/7470250.jpg?t=20260812080515,2026-10-08T22:06:16
aceite,Consum,7044071,8414807502360,CONSUM,Espinacas Frasco,Otros vegetales,1.39,1.39,,False,3.27,KILO,1 Kg,False,https://tienda.consum.es/es/p/espinacas-frasco/7044071,https://cdn-consum.aktiosdigitalservices.com/tol/consum/media/product/img/300x300/7044071.jpg?t=20260812080153,2026-10-08T22:06:16
aceite,Consum,7044100,8414807502421,CONSUM,Menestra Verduras Frasco,Otros vegetales,2.59,2.59,,False,6.48,KILO,1 Kg,False,https://tienda.consum.es/es/p/menestra-verduras-frasco/7044100,https://cdn-consum.aktiosdigitalservices.com/tol/consum/media/product/img/300x300/7044100.jpg?t=20260812080153,2026-10-08T22:06:16
aceite,Consum,7322691,8414807545633,CONSUM,Apio Rallado Frasco,Otros vegetales,1.19,1.19,,False,6.61,KILO,1 Kg,False,https://tienda.consum.es/es/p/apio-rallado-frasco/7322691,https://cdn-consum.aktiosdigitalservices.com/tol/consum/media/product/img/300x300/7322691.jpg?t=20260812080317,2026-10-08T22:06:16
aceite,Consum,7322709,8414807545664,CONSUM,Remolacha Rallada Frasco,Otros vegetales,0.99,0.99,,False,5.5,KILO,1 Kg,False,https://tienda.consum.es/es/p/remolacha-rallada-frasco/7322709,https://cdn-consum.aktiosdigitalservices.com/tol/consum/media/product/img/300x300/7322709.jpg?t=20260812080317,2026-10-08T22:06:16
aceite,Consum,7322712,8414807545671,CONSUM,Remolacha Rodajas Frasco,Otros vegetales,1.19,1.19,,False,6.61,KILO,1 Kg,False,https://tienda.consum.es/es/p/remolacha-rodajas-frasco/7322712,https://cdn-consum.aktiosdigitalservices.com/tol/consum/media/product/img/300x300/7322712.jpg?t=20260812080317,2026-10-08T22:06:16
aceite,Consum,7330884,8414807546838,CONSUM,Brócoli Natural Frasco,Otros vegetales,1.59,1.59,,False,4.3,KILO,1 Kg,False,https://tienda.consum.es/es/p/brocoli-natural-frasco/7330884,https://cdn-consum.aktiosdigitalservices.com/tol/consum/media/product/img/300x300/7330884.jpg?t=20260812080321,2026-10-08T22:06:16
aceite,Consum,7319705,8414807545381,CONSUM,Tallos Espárragos Lata,Espárragos y palmitos,1.69,1.69,,False,6.76,KILO,1 Kg,False,https://tienda.consum.es/es/p/tallos-esparragos-lata/7319705,https://cdn-consum.aktiosdigitalservices.com/tol/consum/media/product/img/300x300/7319705.jpg?t=20260813080033,2026-10-08T22:06:16
aceite,Consum,7324846,8414807545831,CONSUM,Pimiento Asado Tiras Lata Pack de 3,Pimiento,1.45,1.45,,False,8.06,KILO,1 Kg,False,https://tienda.consum.es/es/p/pimiento-asado-tiras-lata-pack-de-3/7324846,https://cdn-consum.aktiosdigitalservices.com/tol/consum/media/product/img/300x300/7324846.jpg?t=20260812080317,2026-10-08T22:06:16
aceite,Consum,7372159,8414807551917,CONSUM,Salsa Carbonara Frasco,Salsas calientes,1.69,1.69,,False,5.63,KILO,1 Kg,False,https://tienda.consum.es/es/p/salsa-carbonara-frasco/7372159,https://cdn-consum.aktiosdigitalservices.com/tol/consum/media/product/img/300x300/7372159.jpg?t=20260812080342,2026-10-08T22:06:16
aceite,Consum,7426653,8414807558176,CONSUM,Caracoles de Mar al Natural,"Almejas, berberechos y navajas",3.19,3.19,,False,50.63,KILO,1 Kg,False,https://tienda.consum.es/es/p/caracoles-de-mar-al-natural/7426653,https://cdn-consum.aktiosdigitalservices.com/tol/consum/media/product/img/300x300/7426653.jpg?t=20260812080423,2026-10-08T22:06:16
aceite,Consum,7435873,8414807559470,CONSUM,Albahaca,Especias,1.25,1.25,,False,62.5,KILO,100 Gr,False,https://tienda.consum.es/es/p/albahaca/7435873,https://cdn-consum.aktiosdigitalservices.com/tol/consum/media/product/img/300x300/7435873.jpg?t=20260812080433,2026-10-08T22:06:16
aceite,Consum,7043722,8414807501646,CONSUM,Sardinas en Escabeche Lata,Sardinas,1.25,1.25,,False,14.88,KILO,1 Kg,False,https://tienda.consum.es/es/p/sardinas-en-escabeche-lata/7043722,https://cdn-consum.aktiosdigitalservices.com/tol/consum/media/product/img/300x300/7043722.jpg?t=20260812080153,2026-10-08T22:06:16
aceite,Consum,7073489,8414807512826,CONSUM,Espárragos Extra 6/9 Piezas Frasco,Espárragos y palmitos,3.3,3.3,,False,10.15,KILO,1 Kg,False,https://tienda.consum.es/es/p/esparragos-extra-6-9-piezas-frasco/7073489,https://cdn-consum.aktiosdigitalservices.com/tol/consum/media/product/img/300x300/7073489.jpg?t=20260812080200,2026-10-08T22:06:16
aceite,Consum,7080588,8414807514189,CONSUM,Navajas al Natural Lata,"Almejas, berberechos y navajas",3.35,3.35,,False,55.83,KILO,1 Kg,False,https://tienda.consum.es/es/p/navajas-al-natural-lata/7080588,https://cdn-consum.aktiosdigitalservices.com/tol/consum/media/product/img/300x300/7080588.jpg?t=20260812080202,2026-10-08T22:06:16
aceite,Consum,7035579,8414807501240,CONSUM,Champiñones Enteros Lata,Setas y champiñones,1.45,1.45,,False,7.84,KILO,1 Kg,False,https://tienda.consum.es/es/p/champinones-enteros-lata/7035579,https://cdn-consum.aktiosdigitalservices.com/tol/consum/media/product/img/300x300/7035579.jpg?t=20260812080152,2026-10-08T22:06:16
aceite,Consum,7044068,8414807502353,CONSUM,Acelgas Frasco,Otros vegetales,1.79,1.79,,False,4.21,KILO,1 Kg,False,https://tienda.consum.es/es/p/acelgas-frasco/7044068,https://cdn-consum.aktiosdigitalservices.com/tol/consum/media/product/img/300x300/7044068.jpg?t=20260812080153,2026-10-08T22:06:16
aceite,Consum,7044076,8414807502377,CONSUM,Cardo Frasco,Otros vegetales,1.49,1.49,,False,3.73,KILO,1 Kg,False,https://tienda.consum.es/es/p/cardo-frasco/7044076,https://cdn-consum.aktiosdigitalservices.com/tol/consum/media/product/img/300x300/7044076.jpg?t=20260812080153,2026-10-08T22:06:16
aceite,Consum,7322696,8414807545640,CONSUM,Brotes Germinados Frasco,Otros vegetales,1.19,1.19,,False,6.61,KILO,1 Kg,False,https://tienda.consum.es/es/p/brotes-germinados-frasco/7322696,https://cdn-consum.aktiosdigitalservices.com/tol/consum/media/product/img/300x300/7322696.jpg?t=20260812080317,2026-10-08T22:06:16
aceite,Consum,7322704,8414807545657,CONSUM,Ensalada China Frasco,Otros vegetales,1.19,1.19,,False,6.61,KILO,1 Kg,False,https://tienda.consum.es/es/p/ensalada-china-frasco/7322704,https://cdn-consum.aktiosdigitalservices.com/tol/consum/media/product/img/300x300/7322704.jpg?t=20260812080317,2026-10-08T22:06:16
aceite,Consum,7327307,8414807546081,CONSUM,Champiñones Laminados Pack de 3,Setas y champiñones,2.19,2.19,,False,6.95,KILO,1 Kg,False,https://tienda.consum.es/es/p/champinones-laminados-pack-de-3/7327307,https://cdn-consum.aktiosdigitalservices.com/tol/consum/media/product/img/300x300/7327307.jpg?t=20260812080319,2026-10-08T22:06:16
aceite,Consum,7429798,8414807558473,CONSUM,Sardinillas en Escabeche 6/10 Piezas,Sardinas,2.05,2.05,,False,17.08,KILO,1 Kg,False,https://tienda.consum.es/es/p/sardinillas-en-escabeche-6-10-piezas/7429798,https://cdn-consum.aktiosdigitalservices.com/tol/consum/media/product/img/300x300/7429798.jpg?t=20260812080426,2026-10-08T22:06:16
aceite,Consum,7443195,8414807560100,CONSUM,Corazones Alcachofa 6/8 Unidades,Alcachofa,1.6,1.6,,False,9.14,KILO,1 Kg,False,https://tienda.consum.es/es/p/corazones-alcachofa-6-8-unidades/7443195,https://cdn-consum.aktiosdigitalservices.com/tol/consum/media/product/img/300x300/7443195.jpg?t=20260812080441,2026-10-08T22:06:16
aceite,Consum,7049844,8414807501516,CONSUM,Trozos de Calamar en Tinta Pack de 3,"Almejas, berberechos y navajas",3.1,3.1,,False,17.51,KILO,1 Kg,False,https://tienda.consum.es/es/p/trozos-de-calamar-en-tinta-pack-de-3/7049844,https://cdn-consum.aktiosdigitalservices.com/tol/consum/media/product/img/300x300/7049844.jpg?t=20260812080155,2026-10-08T22:06:16
aceite,Consum,7055585,8414807501608,CONSUM,Mejillones Salsa Vieira 13/18 Piezas,Mejillones,2.0,2.0,,False,28.99,KILO,1 Kg,False,https://tienda.consum.es/es/p/mejillones-salsa-vieira-13-18-piezas/7055585,https://cdn-consum.aktiosdigitalservices.com/tol/consum/media/product/img/300x300/7055585.jpg?t=20260812080156,2026-10-08T22:06:16
aceite,Consum,7141252,8414807519689,CONSUM,Habitas Fritas Baby. Frasco,Otros vegetales,3.45,3.45,,False,24.64,KILO,1 Kg,False,https://tienda.consum.es/es/p/habitas-fritas-baby-frasco/7141252,https://cdn-consum.aktiosdigitalservices.com/tol/consum/media/product/img/300x300/7141252.jpg?t=20260812080211,2026-10-08T22:06:16
aceite,Consum,7319713,8414807545398,CONSUM,Espárragos Trigueros Frasco,Espárragos y palmitos,1.25,1.25,,False,12.5,KILO,1 Kg,False,https://tienda.consum.es/es/p/esparragos-trigueros-frasco/7319713,https://cdn-consum.aktiosdigitalservices.com/tol/consum/media/product/img/300x300/7319713.jpg?t=20260827101947,2026-10-08T22:06:16
aceite,Consum,7324833,8414807545817,CONSUM,Pimiento Morrón Entero Lata Pack de 3,Pimiento,1.89,1.89,,False,10.5,KILO,1 Kg,False,https://tienda.consum.es/es/p/pimiento-morron-entero-lata-pack-de-3/7324833,https://cdn-consum.aktiosdigitalservices.com/tol/consum/media/product/img/300x300/7324833.jpg?t=20260812080317,2026-10-08T22:06:16
aceite,Consum,7324841,8414807545824,CONSUM,Pimiento Tiras con Ajo Frasco,Pimiento,1.49,1.49,,False,7.84,KILO,1 Kg,False,https://tienda.consum.es/es/p/pimiento-tiras-con-ajo-frasco/7324841,https://cdn-consum.aktiosdigitalservices.com/tol/consum/media/product/img/300x300/7324841.jpg?t=20260812080317,2026-10-08T22:06:16
aceite,Consum,7340644,8414807547743,CONSUM,Mazorquitas,Maíz,2.59,2.59,,False,13.63,KILO,1 Kg,False,https://tienda.consum.es/es/p/mazorquitas/7340644,https://cdn-consum.aktiosdigitalservices.com/tol/consum/media/product/img/300x300/7340644.jpg?t=20260812080325,2026-10-08T22:06:16
aceite,Consum,7359248,8414807550385,CONSUM,Tacos de Potón a la Marinera,"Almejas, berberechos y navajas",1.56,1.56,,False,21.67,KILO,1 Kg,False,https://tienda.consum.es/es/p/tacos-de-poton-a-la-marinera/7359248,https://cdn-consum.aktiosdigitalservices.com/tol/consum/media/product/img/300x300/7359248.jpg?t=20260812080335,2026-10-08T22:06:16
aceite,Consum,7418671,8414807557360,CONSUM,Mejillones Gallegos Salsa Brava 13/18,Mejillones,2.5,2.5,,False,39.68,KILO,1 Kg,False,https://tienda.consum.es/es/p/mejillones-gallegos-salsa-brava-13-18/7418671,https://cdn-consum.aktiosdigitalservices.com/tol/consum/media/product/img/300x300/7418671.jpg?t=20260812080415,2026-10-08T22:06:16
aceite,Consum,7435899,8414807559517,CONSUM,Eneldo,Especias,2.05,2.05,,False,102.5,KILO,100 Gr,False,https://tienda.consum.es/es/p/eneldo/7435899,https://cdn-consum.aktiosdigitalservices.com/tol/consum/media/product/img/300x300/7435899.jpg?t=20260812080433,2026-10-08T22:06:16
aceite,Consum,7435923,8414807559562,CONSUM,Nuez Moscada Molida,Especias,1.7,1.7,,False,28.33,KILO,1 Kg,False,https://tienda.consum.es/es/p/nuez-moscada-molida/7435923,https://cdn-consum.aktiosdigitalservices.com/tol/consum/media/product/img/300x300/7435923.jpg?t=20260812080433,2026-10-08T22:06:16
aceite,Consum,7418676,8414807557377,CONSUM,Mejillones Gallegos Vinagreta 13/18 Piezas,Mejillones,2.5,2.5,,False,39.68,KILO,1 Kg,False,https://tienda.consum.es/es/p/mejillones-gallegos-vinagreta-13-18-piezas/7418676,https://cdn-consum.aktiosdigitalservices.com/tol/consum/media/product/img/300x300/7418676.jpg?t=20260812080415,2026-10-08T22:06:16
aceite,Consum,7435907,8414807559531,CONSUM,Pimienta Blanca Molida,Especias,2.1,2.1,,False,32.31,KILO,1 Kg,False,https://tienda.consum.es/es/p/pimienta-blanca-molida/7435907,https://cdn-consum.aktiosdigitalservices.com/tol/consum/media/product/img/300x300/7435907.jpg?t=20260812080433,2026-10-08T22:06:16
aceite,Consum,7435944,8414807559609,CONSUM,Molinillo Pimienta 4 Bayas,Especias,2.1,2.1,,False,38.18,KILO,1 Kg,False,https://tienda.consum.es/es/p/molinillo-pimienta-4-bayas/7435944,https://cdn-consum.aktiosdigitalservices.com/tol/consum/media/product/img/300x300/7435944.jpg?t=20260812080434,2026-10-08T22:06:16
aceite,Consum,7443187,8414807560087,CONSUM,Cuartos de Alcachofa de Alcachofa,Alcachofa,2.35,2.35,,False,9.79,KILO,1 Kg,False,https://tienda.consum.es/es/p/cuartos-de-alcachofa-de-alcachofa/7443187,https://cdn-consum.aktiosdigitalservices.com/tol/consum/media/product/img/300x300/7443187.jpg?t=20260812080441,2026-10-08T22:06:16
aceite,Consum,7443190,8414807560094,CONSUM,Corazones Alcachofa 20/30 Unidaes,Alcachofa,3.25,3.25,,False,18.57,KILO,1 Kg,False,https://tienda.consum.es/es/p/corazones-alcachofa-20-30-unidaes/7443190,https://cdn-consum.aktiosdigitalservices.com/tol/consum/media/product/img/300x300/7443190.jpg?t=20260812080441,2026-10-08T22:06:16
aceite,Consum,7443182,8414807560070,CONSUM,Corazones Alcachofa 8/12,Alcachofa,1.99,1.99,,False,11.37,KILO,1 Kg,False,https://tienda.consum.es/es/p/corazones-alcachofa-8-12/7443182,https://cdn-consum.aktiosdigitalservices.com/tol/consum/media/product/img/300x300/7443182.jpg?t=20260812080441,2026-10-08T22:06:16
aceite,Consum,7468051,8414807562487,CONSUM,Berberechos al Natural 65/75 Piezas,"Almejas, berberechos y navajas",4.5,4.5,,False,71.43,KILO,1 Kg,False,https://tienda.consum.es/es/p/berberechos-al-natural-65-75-piezas/7468051,https://cdn-consum.aktiosdigitalservices.com/tol/consum/media/product/img/300x300/7468051.jpg?t=20260821075852,2026-10-08T22:06:16
aceite,Consum,7468861,8414807562722,CONSUM,SALSA SOJA,Salsas frías,1.2,1.2,,False,4.8,LITRO,1 L,False,https://tienda.consum.es/es/p/salsa-soja/7468861,https://cdn-consum.aktiosdigitalservices.com/tol/consum/media/product/img/300x300/7468861.jpg?t=20260812080513,2026-10-08T22:06:16
aceite,Consum,7476435,8414807563460,CONSUM,Sazonador Ajo y Perejil,Salsas calientes,1.25,1.25,,False,17.86,KILO,1 Kg,False,https://tienda.consum.es/es/p/sazonador-ajo-y-perejil/7476435,https://cdn-consum.aktiosdigitalservices.com/tol/consum/media/product/img/300x300/7476435.jpg?t=20260812080525,2026-10-08T22:06:16
aceite,Consum,7080740,8414807514264,CONSUM,Sal Yodada Bolsa,Sal,0.45,0.45,,False,0.45,KILO,1 Kg,False,https://tienda.consum.es/es/p/sal-yodada-bolsa/7080740,https://cdn-consum.aktiosdigitalservices.com/tol/consum/media/product/img/300x300/7080740.jpg?t=20260812080202,2026-10-08T22:06:16
aceite,Consum,7080745,8414807514271,CONSUM,Sal Fina Bolsa,Sal,0.4,0.4,,False,0.4,KILO,1 Kg,False,https://tienda.consum.es/es/p/sal-fina-bolsa/7080745,https://cdn-consum.aktiosdigitalservices.com/tol/consum/media/product/img/300x300/7080745.jpg?t=20260812080202,2026-10-08T22:06:16
aceite,Consum,7080757,8414807514288,CONSUM,Sal Gruesa Bolsa,Sal,0.4,0.4,,False,0.4,KILO,1 Kg,False,https://tienda.consum.es/es/p/sal-gruesa-bolsa/7080757,https://cdn-consum.aktiosdigitalservices.com/tol/consum/media/product/img/300x300/7080757.jpg?t=20260812080202,2026-10-08T22:06:16
aceite,Consum,7309347,8414807543943,CONSUM,Mayonesa Pet,Mayonesa,1.39,1.39,,False,2.78,LITRO,1 L,False,https://tienda.consum.es/es/p/mayonesa-pet/7309347,https://cdn-consum.aktiosdigitalservices.com/tol/consum/media/product/img/300x300/7309347.jpg?t=20260812080310,2026-10-08T22:06:16
aceite,Consum,7322019,8414807545558,CONSUM,Judía Redonda Frasco,Judía verde,1.1,1.1,,False,3.06,KILO,1 Kg,False,https://tienda.consum.es/es/p/judia-redonda-frasco/7322019,https://cdn-consum.aktiosdigitalservices.com/tol/consum/media/product/img/300x300/7322019.jpg?t=20260812080316,2026-10-08T22:06:16
aceite,Consum,7309383,8414807544001,CONSUM,Kétchup,Ketchup,1.05,1.05,,False,1.88,KILO,1 Kg,False,https://tienda.consum.es/es/p/ketchup/7309383,https://cdn-consum.aktiosdigitalservices.com/tol/consum/media/product/img/300x300/7309383.jpg?t=20260812080310,2026-10-08T22:06:16
aceite,Consum,7309359,8414807543950,CONSUM,Mayonesa Tarro,Mayonesa,1.2,1.2,,False,2.67,LITRO,1 L,False,https://tienda.consum.es/es/p/mayonesa-tarro/7309359,https://cdn-consum.aktiosdigitalservices.com/tol/consum/media/product/img/300x300/7309359.jpg?t=20260812080310,2026-10-08T22:06:16
aceite,Consum,7372162,8414807551924,CONSUM,Salsa Bolognesa Frasco,Salsas calientes,1.38,1.38,,False,4.6,KILO,1 Kg,False,https://tienda.consum.es/es/p/salsa-bolognesa-frasco/7372162,https://cdn-consum.aktiosdigitalservices.com/tol/consum/media/product/img/300x300/7372162.jpg?t=20260827102610,2026-10-08T22:06:16
aceite,Consum,7399301,8414807555243,CONSUM,Mayonesa Tarro,Mayonesa,0.99,0.99,,False,4.4,LITRO,1 L,False,https://tienda.consum.es/es/p/mayonesa-tarro/7399301,https://cdn-consum.aktiosdigitalservices.com/tol/consum/media/product/img/300x300/7399301.jpg?t=20260812080401,2026-10-08T22:06:16
aceite,Consum,7425606,8414807557612,CONSUM,Patatas Extra Crujientes Aceite Oliva Bolsa,Patatas fritas,1.79,1.79,,False,13.77,KILO,1 Kg,False,https://tienda.consum.es/es/p/patatas-extra-crujientes-aceite-oliva-bolsa/7425606,https://cdn-consum.aktiosdigitalservices.com/tol/consum/media/product/img/300x300/7425606.jpg?t=20260827103719,2026-10-08T22:06:16
aceite,Consum,489070,8410698072722,CUCA,Sardinas en Aceite Oliva Lata,Sardinas,2.89,2.89,,False,34.0,KILO,1 Kg,False,https://tienda.consum.es/es/p/sardinas-en-aceite-oliva-lata/489070,https://cdn-consum.aktiosdigitalservices.com/tol/consum/media/product/img/300x300/489070.jpg?t=20260827095533,2026-10-08T22:06:16
aceite,Consum,7369361,8410090912459,CALVO,Filete de Sardina en Aceite de Oliva,Sardinas,2.79,2.79,,False,37.2,KILO,1 Kg,False,https://tienda.consum.es/es/p/filete-de-sardina-en-aceite-de-oliva/7369361,https://cdn-consum.aktiosdigitalservices.com/tol/consum/media/product/img/300x300/7369361.jpg?t=20260812080340,2026-10-08T22:06:16
aceite,Consum,7214427,8411317300134,PESASUR,Filetes de Melva Aceite de Oliva,Caballa y melva,3.79,4.45,3.79,True,47.38,KILO,1 Kg,False,https://tienda.consum.es/es/p/filetes-de-melva-aceite-de-oliva/7214427,https://cdn-consum.aktiosdigitalservices.com/tol/consum/media/product/img/300x300/7214427.jpg?t=20260812080232,2026-10-08T22:06:16
aceite,Consum,7184518,8410090441270,CALVO,Sardinas en Aceite Oliva Lata,Sardinas,1.99,1.99,,False,23.69,KILO,1 Kg,False,https://tienda.consum.es/es/p/sardinas-en-aceite-oliva-lata/7184518,https://cdn-consum.aktiosdigitalservices.com/tol/consum/media/product/img/300x300/7184518.jpg?t=20260812080221,2026-10-08T22:06:16
aceite,Consum,7200199,8411317100598,PESASUR,Filete de Caballa Sur Aceite de Oliva,Caballa y melva,2.9,2.9,,False,36.25,KILO,1 Kg,False,https://tienda.consum.es/es/p/filete-de-caballa-sur-aceite-de-oliva/7200199,https://cdn-consum.aktiosdigitalservices.com/tol/consum/media/product/img/300x300/7200199.jpg?t=20260812080228,2026-10-08T22:06:16
aceite,Consum,7468247,8410032004907,ALBO,Sardinas en Aceite de Oliva,Sardinas,2.75,2.75,,False,32.35,KILO,1 Kg,False,https://tienda.consum.es/es/p/sardinas-en-aceite-de-oliva/7468247,https://cdn-consum.aktiosdigitalservices.com/tol/consum/media/product/img/300x300/7468247.jpg?t=20260827105146,2026-10-08T22:06:16
aceite,Consum,7468226,8410032004280,ALBO,Filetes de Caballa en Aceite de Oliva,Caballa y melva,3.19,3.75,3.19,True,39.88,KILO,1 Kg,False,https://tienda.consum.es/es/p/filetes-de-caballa-en-aceite-de-oliva/7468226,https://cdn-consum.aktiosdigitalservices.com/tol/consum/media/product/img/300x300/7468226.jpg?t=20260812080512,2026-10-08T22:06:16
aceite,Consum,7328743,3574661440408,JOHNSON,Aceite Hidratante Aloe Piel Delicada,Body-lociones,3.75,3.75,,False,7.5,LITRO,100 ml,False,https://tienda.consum.es/es/p/aceite-hidratante-aloe-piel-delicada/7328743,https://cdn-consum.aktiosdigitalservices.com/tol/consum/media/product/img/300x300/7328743.jpg?t=20260827102057,2026-10-08T22:06:16
aceite,Consum,7417830,8425850039802,VITARELLE,Aceite Corporal Aloe Vera,Body-lociones,2.99,2.99,,False,7.5,LITRO,100 ml,False,https://tienda.consum.es/es/p/aceite-corporal-aloe-vera/7417830,https://cdn-consum.aktiosdigitalservices.com/tol/consum/media/product/img/300x300/7417830.jpg?t=20260812080415,2026-10-08T22:06:16
aceite,Consum,7364474,8414807551146,KYREY,Aceite Nutritivo Argán Regenerante Piel Seca,Body-lociones,2.25,2.25,,False,9.0,LITRO,100 ml,False,https://tienda.consum.es/es/p/aceite-nutritivo-argan-regenerante-piel-seca/7364474,https://cdn-consum.aktiosdigitalservices.com/tol/consum/media/product/img/300x300/7364474.jpg?t=20260812080338,2026-10-08T22:06:16
aceite,Consum,7446313,8008970059297,NAT.HONEY,Aceite Argán Oil&Go Hidratante,Body-lociones,2.55,2.99,2.55,True,10.2,LITRO,100 ml,False,https://tienda.consum.es/es/p/aceite-argan-oilgo-hidratante/7446313,https://cdn-consum.aktiosdigitalservices.com/tol/consum/media/product/img/300x300/7446313.jpg?t=20260829075918,2026-10-08T22:06:16
aceite,Consum,7446305,8008970059303,NAT.HONEY,Aceite de Coco Oil&Go Hidratante,Body-lociones,2.55,2.99,2.55,True,10.2,LITRO,100 ml,False,https://tienda.consum.es/es/p/aceite-de-coco-oilgo-hidratante/7446305,https://cdn-consum.aktiosdigitalservices.com/tol/consum/media/product/img/300x300/7446305.jpg?t=20260829075917,2026-10-08T22:06:16
aceite,Consum,7196392,3600522215455,ELVIVE,Aceite Cabello Universal,"Serums, aceites y otros",8.4,10.49,8.4,True,84.0,LITRO,100 ml,False,https://tienda.consum.es/es/p/aceite-cabello-universal/7196392,https://cdn-consum.aktiosdigitalservices.com/tol/consum/media/product/img/300x300/7196392.jpg?t=20260828075746,2026-10-08T22:06:16
aceite,Consum,7234024,8412016356538,NATURAFEMME,Aceite Almendras Reparador,Body-lociones,3.99,3.99,,False,16.0,LITRO,100 ml,False,https://tienda.consum.es/es/p/aceite-almendras-reparador/7234024,https://cdn-consum.aktiosdigitalservices.com/tol/consum/media/product/img/300x300/7234024.jpg?t=20260828075751,2026-10-08T22:06:16
aceite,Consum,7259393,8412016360313,NATURTIERRA,Aceite Facial Rosa Mosqueta,Hidratación,6.29,6.29,,False,209.7,LITRO,100 ml,False,https://tienda.consum.es/es/p/aceite-facial-rosa-mosqueta/7259393,https://cdn-consum.aktiosdigitalservices.com/tol/consum/media/product/img/300x300/7259393.jpg?t=20260812080248,2026-10-08T22:06:16
aceite,Consum,7293798,8008970052410,NAT.HONEY,Aceite Oil&Go BB Hidratación,Body-lociones,1.95,1.95,,False,19.5,LITRO,100 ml,False,https://tienda.consum.es/es/p/aceite-oilgo-bb-hidratacion/7293798,https://cdn-consum.aktiosdigitalservices.com/tol/consum/media/product/img/300x300/7293798.jpg?t=20260829075846,2026-10-08T22:06:16
aceite,Consum,7455822,8422828922036,BIOGLOW,Aceite Vegetal Rosa Mosqueta,Cuidado personal,2.99,2.99,,False,299.0,LITRO,100 ml,False,https://tienda.consum.es/es/p/aceite-vegetal-rosa-mosqueta/7455822,https://cdn-consum.aktiosdigitalservices.com/tol/consum/media/product/img/300x300/7455822.jpg?t=20260827104701,2026-10-08T22:06:16
aceite,Consum,7362445,8414227036971,GARLEY,"Aceite Multiusos Spray con Cánula, 270 cc",Otros utensilios de limpieza,2.39,2.39,,False,2.39,UNIDAD,1 U,False,https://tienda.consum.es/es/p/aceite-multiusos-spray-con-canula-270-cc/7362445,https://cdn-consum.aktiosdigitalservices.com/tol/consum/media/product/img/300x300/7362445.jpg?t=20260812080337,2026-10-08T22:06:16
aceite,Consum,7455819,8422828922029,BIOGLOW,Aceite Esencia Árbol de Té,Cuidado personal,2.99,2.99,,False,299.0,LITRO,100 ml,False,https://tienda.consum.es/es/p/aceite-esencia-arbol-de-te/7455819,https://cdn-consum.aktiosdigitalservices.com/tol/consum/media/product/img/300x300/7455819.jpg?t=20260827104659,2026-10-08T22:06:16
aceite,Consum,7455830,8422828922050,BIOGLOW,Aceite Esencial Lavanda,Cuidado personal,2.99,2.99,,False,299.0,LITRO,100 ml,False,https://tienda.consum.es/es/p/aceite-esencial-lavanda/7455830,https://cdn-consum.aktiosdigitalservices.com/tol/consum/media/product/img/300x300/7455830.jpg?t=20260827104702,2026-10-08T22:06:16
aceite,Consum,7455835,8422828922067,BIOGLOW,Aceite Vegetal Centella Asiatica,Cuidado personal,2.99,2.99,,False,299.0,LITRO,100 ml,False,https://tienda.consum.es/es/p/aceite-vegetal-centella-asiatica/7455835,https://cdn-consum.aktiosdigitalservices.com/tol/consum/media/product/img/300x300/7455835.jpg?t=20260827104704,2026-10-08T22:06:16
aceite,Consum,7234032,8412016360337,NATURAFEMME,Aceite del Árbol del Té,Cuidado personal,7.99,7.99,,False,266.3,LITRO,100 ml,False,https://tienda.consum.es/es/p/aceite-del-arbol-del-te/7234032,https://cdn-consum.aktiosdigitalservices.com/tol/consum/media/product/img/300x300/7234032.jpg?t=20260812080240,2026-10-08T22:06:16
aceite,Consum,7353832,3574669909099,JOHNSON,Aceite Corporal Regular,"Cremas, lociones y colonia",3.7,3.7,,False,7.4,LITRO,100 ml,False,https://tienda.consum.es/es/p/aceite-corporal-regular/7353832,https://cdn-consum.aktiosdigitalservices.com/tol/consum/media/product/img/300x300/7353832.jpg?t=20260812080333,2026-10-08T22:06:16
aceite,Consum,7389963,8422828922418,BIOGLOW,Aceite Ricino con Cepillo Pestañas,Hidratación,3.99,3.99,,False,133.0,LITRO,100 ml,False,https://tienda.consum.es/es/p/aceite-ricino-con-cepillo-pestanas/7389963,https://cdn-consum.aktiosdigitalservices.com/tol/consum/media/product/img/300x300/7389963.jpg?t=20260827102841,2026-10-08T22:06:16
aceite,Consum,7444490,8436039078710,GIO GIOVANNI,Aceite Labial Rosa,Labiales,1.99,1.99,,False,1.99,UNIDAD,1 U,False,https://tienda.consum.es/es/p/aceite-labial-rosa/7444490,https://cdn-consum.aktiosdigitalservices.com/tol/consum/media/product/img/300x300/7444490.jpg?t=20260812080443,2026-10-08T22:06:16
aceite,Consum,7444495,8436039078727,GIO GIOVANNI,Aceite Labial Violeta,Labiales,1.99,1.99,,False,1.99,UNIDAD,1 U,False,https://tienda.consum.es/es/p/aceite-labial-violeta/7444495,https://cdn-consum.aktiosdigitalservices.com/tol/consum/media/product/img/300x300/7444495.jpg?t=20260812080443,2026-10-08T22:06:16
aceite,Consum,7461270,309970270902,REVLON,Aceite Hidratante Labial Brillo Candy Hearts,Labiales,7.95,7.95,,False,7.95,UNIDAD,1 U,False,https://tienda.consum.es/es/p/aceite-hidratante-labial-brillo-candy-hearts/7461270,https://cdn-consum.aktiosdigitalservices.com/tol/consum/media/product/img/300x300/7461270.jpg?t=20260812080502,2026-10-08T22:06:16
aceite,Consum,7461283,309970270957,REVLON,Aceite Labial Hidratante Brillo Glow Mama,Labiales,7.95,7.95,,False,7.95,UNIDAD,1 U,False,https://tienda.consum.es/es/p/aceite-labial-hidratante-brillo-glow-mama/7461283,https://cdn-consum.aktiosdigitalservices.com/tol/consum/media/product/img/300x300/7461283.jpg?t=20260812080502,2026-10-08T22:06:16
aceite,Consum,7461288,309970270971,REVLON,Aceite Labial Hidrante Brillo Gone Rose,Labiales,7.95,7.95,,False,7.95,UNIDAD,1 U,False,https://tienda.consum.es/es/p/aceite-labial-hidrante-brillo-gone-rose/7461288,https://cdn-consum.aktiosdigitalservices.com/tol/consum/media/product/img/300x300/7461288.jpg?t=20260812080502,2026-10-08T22:06:16
aceite,Consum,7192706,8414807530080,CONSUM,Torta de Aceite,Hojaldres,1.65,1.65,,False,9.17,KILO,1 Kg,False,https://tienda.consum.es/es/p/torta-de-aceite/7192706,https://cdn-consum.aktiosdigitalservices.com/tol/consum/media/product/img/300x300/7192706.jpg?t=20260812080224,2026-10-08T22:06:16
aceite,Consum,7458750,8437017112334,TAP TAP,Aliño Aceite-Ajo-Perejil,Salsas frías,1.79,1.79,,False,7.16,KILO,1 Kg,False,https://tienda.consum.es/es/p/alino-aceite-ajo-perejil/7458750,https://cdn-consum.aktiosdigitalservices.com/tol/consum/media/product/img/300x300/7458750.jpg?t=20260812080459,2026-10-08T22:06:16
aceite,Consum,7473945,8420309100478,ALSUR,Corazones de Alcachofas en Aceite,Alcachofa,2.99,3.49,2.99,True,14.95,KILO,1 Kg,False,https://tienda.consum.es/es/p/corazones-de-alcachofas-en-aceite/7473945,https://cdn-consum.aktiosdigitalservices.com/tol/consum/media/product/img/300x300/7473945.jpg?t=20260812080521,2026-10-08T22:06:16
aceite,Consum,66191,8410186102184,SABATER,Pimentón Dulce Lata,Especias,2.29,2.29,,False,30.53,KILO,1 Kg,False,https://tienda.consum.es/es/p/pimenton-dulce-lata/66191,https://cdn-consum.aktiosdigitalservices.com/tol/consum/media/product/img/300x300/66191.jpg?t=20260812080128,2026-10-08T22:06:16
aceite,Consum,301614,8410300102489,G.BLANCA,Salsa Pimienta Verde Sobre,Salsas calientes,1.99,1.99,,False,39.8,KILO,1 Kg,False,https://tienda.consum.es/es/p/salsa-pimienta-verde-sobre/301614,https://cdn-consum.aktiosdigitalservices.com/tol/consum/media/product/img/300x300/301614.jpg?t=20260812080132,2026-10-08T22:06:16
aceite,Consum,7043214,8721201900846,LIGERESA,Salsa Ligera Bocabajo,Mayonesa,2.65,2.65,,False,6.16,LITRO,1 L,False,https://tienda.consum.es/es/p/salsa-ligera-bocabajo/7043214,https://cdn-consum.aktiosdigitalservices.com/tol/consum/media/product/img/300x300/7043214.jpg?t=20260812080153,2026-10-08T22:06:16
aceite,Consum,7263320,8710908958502,CALVÉ,Salsa Casera Tarro,Mayonesa,2.35,2.35,,False,5.47,LITRO,1 L,False,https://tienda.consum.es/es/p/salsa-casera-tarro/7263320,https://cdn-consum.aktiosdigitalservices.com/tol/consum/media/product/img/300x300/7263320.jpg?t=20260827101316,2026-10-08T22:06:16
aceite,Consum,7317162,8412047000059,EL VESUBIO,Bicarbonato,Bicarbonato,1.45,1.45,,False,1.45,KILO,1 Kg,False,https://tienda.consum.es/es/p/bicarbonato/7317162,https://cdn-consum.aktiosdigitalservices.com/tol/consum/media/product/img/300x300/7317162.jpg?t=20260812080315,2026-10-08T22:06:16
aceite,Consum,7341790,8412047000035,EL VESUBIO,Sal de Frutas,Bicarbonato,2.1,2.1,,False,8.4,KILO,1 Kg,False,https://tienda.consum.es/es/p/sal-de-frutas/7341790,https://cdn-consum.aktiosdigitalservices.com/tol/consum/media/product/img/300x300/7341790.jpg?t=20260812080326,2026-10-08T22:06:16
aceite,Consum,7427540,8411476330119,HALOS,Sal en Escamas,Sal,2.69,2.69,,False,21.52,KILO,1 Kg,False,https://tienda.consum.es/es/p/sal-en-escamas/7427540,https://cdn-consum.aktiosdigitalservices.com/tol/consum/media/product/img/300x300/7427540.jpg?t=20260812080424,2026-10-08T22:06:16
aceite,Consum,7452530,8411476100354,HALOS,Sal Marina Fina,Sal,0.75,0.75,,False,0.75,KILO,1 Kg,False,https://tienda.consum.es/es/p/sal-marina-fina/7452530,https://cdn-consum.aktiosdigitalservices.com/tol/consum/media/product/img/300x300/7452530.jpg?t=20260812080450,2026-10-08T22:06:16
aceite,Consum,47092,8410186362267,SABATER,Laurel en Hojas Caja,Especias,0.99,0.99,,False,66.0,KILO,100 Gr,False,https://tienda.consum.es/es/p/laurel-en-hojas-caja/47092,https://cdn-consum.aktiosdigitalservices.com/tol/consum/media/product/img/300x300/47092.jpg?t=20260812080128,2026-10-08T22:06:16
aceite,Consum,7116499,7613032539986,MAGGI,Jugoso al Horno Hierbas Provenzales,Sazonadores,1.19,1.19,,False,35.0,KILO,100 Gr,False,https://tienda.consum.es/es/p/jugoso-al-horno-hierbas-provenzales/7116499,https://cdn-consum.aktiosdigitalservices.com/tol/consum/media/product/img/300x300/7116499.jpg?t=20260827100319,2026-10-08T22:06:16
aceite,Consum,309245,3166290200753,DUCROS,Orégano Tarro,Especias,2.69,2.69,,False,269.0,KILO,100 Gr,False,https://tienda.consum.es/es/p/oregano-tarro/309245,https://cdn-consum.aktiosdigitalservices.com/tol/consum/media/product/img/300x300/309245.jpg?t=20260812080133,2026-10-08T22:06:16
aceite,Consum,7320588,87157246,HEINZ,Kétchup Botella,Ketchup,2.55,2.99,2.55,True,5.54,KILO,1 Kg,False,https://tienda.consum.es/es/p/ketchup-botella/7320588,https://cdn-consum.aktiosdigitalservices.com/tol/consum/media/product/img/300x300/7320588.jpg?t=20260827101950,2026-10-08T22:06:16
aceite,Consum,7399459,8412047000172,EL VESUBIO,Bicarbonato,Bicarbonato,1.1,1.1,,False,3.67,KILO,1 Kg,False,https://tienda.consum.es/es/p/bicarbonato/7399459,https://cdn-consum.aktiosdigitalservices.com/tol/consum/media/product/img/300x300/7399459.jpg?t=20260812080401,2026-10-08T22:06:16
aceite,Consum,7452548,8411476100385,HALOS,Sal Marina Fina Ecológica,Despensa,1.05,1.05,,False,1.05,KILO,1 Kg,False,https://tienda.consum.es/es/p/sal-marina-fina-ecologica/7452548,https://cdn-consum.aktiosdigitalservices.com/tol/consum/media/product/img/300x300/7452548.jpg?t=20260812080450,2026-10-08T22:06:16
aceite,Consum,7044378,8410422407028,CHOVI,Salsa Picante Louisiana,Salsas frías,1.29,1.29,,False,11.73,KILO,1 Kg,False,https://tienda.consum.es/es/p/salsa-picante-louisiana/7044378,https://cdn-consum.aktiosdigitalservices.com/tol/consum/media/product/img/300x300/7044378.jpg?t=20260812080153,2026-10-08T22:06:16
aceite,Consum,7187805,5000157073006,HEINZ,Salsa con Soja,Salsas frías,2.99,2.99,,False,19.93,LITRO,1 L,False,https://tienda.consum.es/es/p/salsa-con-soja/7187805,https://cdn-consum.aktiosdigitalservices.com/tol/consum/media/product/img/300x300/7187805.jpg?t=20260827100659,2026-10-08T22:06:16
aceite,Consum,7150675,7613033068904,MAGGI,Jugoso al Horno a la Barbacoa,Sazonadores,1.19,1.19,,False,39.7,KILO,100 Gr,False,https://tienda.consum.es/es/p/jugoso-al-horno-a-la-barbacoa/7150675,https://cdn-consum.aktiosdigitalservices.com/tol/consum/media/product/img/300x300/7150675.jpg?t=20260827100440,2026-10-08T22:06:16
aceite,Consum,7107931,8410186381244,SABATER,Azafrán en Hebras Caja,Especias,3.29,3.29,,False,9138.9,KILO,100 Gr,False,https://tienda.consum.es/es/p/azafran-en-hebras-caja/7107931,https://cdn-consum.aktiosdigitalservices.com/tol/consum/media/product/img/300x300/7107931.jpg?t=20260812080208,2026-10-08T22:06:16
aceite,Consum,7107944,8410186851242,SABATER,Azafrán Molido Caja,Especias,3.29,3.29,,False,6580.0,KILO,100 Gr,False,https://tienda.consum.es/es/p/azafran-molido-caja/7107944,https://cdn-consum.aktiosdigitalservices.com/tol/consum/media/product/img/300x300/7107944.jpg?t=20260812080208,2026-10-08T22:06:16
aceite,Consum,7223568,3166290200197,DUCROS,Canela Molida Frasco,Especias,2.65,2.65,,False,67.9,KILO,100 Gr,False,https://tienda.consum.es/es/p/canela-molida-frasco/7223568,https://cdn-consum.aktiosdigitalservices.com/tol/consum/media/product/img/300x300/7223568.jpg?t=20260812080236,2026-10-08T22:06:16
aceite,Consum,7265622,8410066143443,HEINZ,Salsa Mayonesa Deliciosa,Mayonesa,2.89,2.89,,False,6.02,LITRO,1 L,False,https://tienda.consum.es/es/p/salsa-mayonesa-deliciosa/7265622,https://cdn-consum.aktiosdigitalservices.com/tol/consum/media/product/img/300x300/7265622.jpg?t=20260812080251,2026-10-08T22:06:16
aceite,Consum,7193886,5011428300035,MALDON,Escamas de Sal Marina Caja,Sal,3.25,3.25,,False,26.0,KILO,1 Kg,False,https://tienda.consum.es/es/p/escamas-de-sal-marina-caja/7193886,https://cdn-consum.aktiosdigitalservices.com/tol/consum/media/product/img/300x300/7193886.jpg?t=20260812080225,2026-10-08T22:06:16
aceite,Consum,7262413,8410422001899,CHOVI,Salsa Allioli Pet,Salsas frías,1.95,1.95,,False,7.8,LITRO,1 L,False,https://tienda.consum.es/es/p/salsa-allioli-pet/7262413,https://cdn-consum.aktiosdigitalservices.com/tol/consum/media/product/img/300x300/7262413.jpg?t=20260827101310,2026-10-08T22:06:16
aceite,Consum,7102234,8722700136231,HELLMANN'S,Mayonesa Bocabajo,Mayonesa,3.49,3.49,,False,8.12,LITRO,1 L,False,https://tienda.consum.es/es/p/mayonesa-bocabajo/7102234,https://cdn-consum.aktiosdigitalservices.com/tol/consum/media/product/img/300x300/7102234.jpg?t=20260827100223,2026-10-08T22:06:16
aceite,Consum,7120835,8001665124133,RANA,Salsa Fresca al Pesto Verde,Salsas frías,2.5,2.5,,False,17.86,KILO,1 Kg,False,https://tienda.consum.es/es/p/salsa-fresca-al-pesto-verde/7120835,https://cdn-consum.aktiosdigitalservices.com/tol/consum/media/product/img/300x300/7120835.jpg?t=20260901075929,2026-10-08T22:06:16
aceite,Consum,46813,8410186101255,SABATER,Colorante Alimentario en Sobres,Especias,1.69,1.69,,False,37.6,KILO,100 Gr,False,https://tienda.consum.es/es/p/colorante-alimentario-en-sobres/46813,https://cdn-consum.aktiosdigitalservices.com/tol/consum/media/product/img/300x300/46813.jpg?t=20260812080128,2026-10-08T22:06:16
aceite,Consum,7289317,8410422004357,CHOVI,Allioli Bolsa Monodosis,Salsas frías,1.99,1.99,,False,13.82,KILO,1 Kg,False,https://tienda.consum.es/es/p/allioli-bolsa-monodosis/7289317,https://cdn-consum.aktiosdigitalservices.com/tol/consum/media/product/img/300x300/7289317.jpg?t=20260827101607,2026-10-08T22:06:16
aceite,Consum,7310621,8715700422084,HEINZ,Mayonesa Deliciosa Pet,Mayonesa,2.55,2.99,2.55,True,6.38,LITRO,1 L,False,https://tienda.consum.es/es/p/mayonesa-deliciosa-pet/7310621,https://cdn-consum.aktiosdigitalservices.com/tol/consum/media/product/img/300x300/7310621.jpg?t=20260827101848,2026-10-08T22:06:16
aceite,Consum,7427545,8411476100262,HALOS,Sal Rosa del Himalya,Sal,2.69,2.69,,False,10.76,KILO,1 Kg,False,https://tienda.consum.es/es/p/sal-rosa-del-himalya/7427545,https://cdn-consum.aktiosdigitalservices.com/tol/consum/media/product/img/300x300/7427545.jpg?t=20260812080424,2026-10-08T22:06:16
aceite,Consum,7452543,8411476100378,HALOS,Sal Rosa del Himalaya,Sal,3.19,3.19,,False,3.19,KILO,1 Kg,False,https://tienda.consum.es/es/p/sal-rosa-del-himalaya/7452543,https://cdn-consum.aktiosdigitalservices.com/tol/consum/media/product/img/300x300/7452543.jpg?t=20260812080450,2026-10-08T22:06:16
aceite,Consum,7472616,8410422775653,CHOVI,Mayonesa Original Tarro,Mayonesa,1.69,1.99,1.69,True,4.23,LITRO,1 L,False,https://tienda.consum.es/es/p/mayonesa-original-tarro/7472616,https://cdn-consum.aktiosdigitalservices.com/tol/consum/media/product/img/300x300/7472616.jpg?t=20260827105332,2026-10-08T22:06:16
aceite,Consum,308759,3166290200081,DUCROS,Ajo Tarro,Especias,2.69,2.69,,False,46.38,KILO,1 Kg,False,https://tienda.consum.es/es/p/ajo-tarro/308759,https://cdn-consum.aktiosdigitalservices.com/tol/consum/media/product/img/300x300/308759.jpg?t=20260812080132,2026-10-08T22:06:16
aceite,Consum,7199321,3166298906084,DUCROS,Sazonador Italia Tarro,Sazonadores,2.85,2.85,,False,95.0,KILO,100 Gr,False,https://tienda.consum.es/es/p/sazonador-italia-tarro/7199321,https://cdn-consum.aktiosdigitalservices.com/tol/consum/media/product/img/300x300/7199321.jpg?t=20260812080227,2026-10-08T22:06:16
aceite,Consum,7223782,8410219857104,DUCROS,Pimentón Dulce Frasco,Especias,2.35,2.35,,False,58.8,KILO,100 Gr,False,https://tienda.consum.es/es/p/pimenton-dulce-frasco/7223782,https://cdn-consum.aktiosdigitalservices.com/tol/consum/media/product/img/300x300/7223782.jpg?t=20260812080236,2026-10-08T22:06:16
aceite,Consum,7183353,3166295938576,MC CORMICK,Pimentón Dulce D.O.P de la Vera Lata,Especias,4.49,4.49,,False,64.14,KILO,1 Kg,False,https://tienda.consum.es/es/p/pimenton-dulce-dop-de-la-vera-lata/7183353,https://cdn-consum.aktiosdigitalservices.com/tol/consum/media/product/img/300x300/7183353.jpg?t=20260812080221,2026-10-08T22:06:16
aceite,Consum,679191,3166298467400,DUCROS,Sazonador Ajo Perejil Tarro,Salsas calientes,2.35,2.35,,False,54.7,KILO,100 Gr,False,https://tienda.consum.es/es/p/sazonador-ajo-perejil-tarro/679191,https://cdn-consum.aktiosdigitalservices.com/tol/consum/media/product/img/300x300/679191.jpg?t=20260812080139,2026-10-08T22:06:16
aceite,Consum,309161,8410219250011,DUCROS,Pimentón Dulce Lata,Especias,3.99,3.99,,False,53.2,KILO,1 Kg,False,https://tienda.consum.es/es/p/pimenton-dulce-lata/309161,https://cdn-consum.aktiosdigitalservices.com/tol/consum/media/product/img/300x300/309161.jpg?t=20260812080133,2026-10-08T22:06:16
aceite,Consum,308874,3166290204027,DUCROS,Colorante Alimentario Tarro,Especias,2.19,2.19,,False,36.5,KILO,1 Kg,False,https://tienda.consum.es/es/p/colorante-alimentario-tarro/308874,https://cdn-consum.aktiosdigitalservices.com/tol/consum/media/product/img/300x300/308874.jpg?t=20260812080132,2026-10-08T22:06:16
aceite,Consum,7232598,8412206004157,TOQUE,Molinillo Sal Rosa del Himalaya,Sal,2.25,2.25,,False,21.43,KILO,1 Kg,False,https://tienda.consum.es/es/p/molinillo-sal-rosa-del-himalaya/7232598,https://cdn-consum.aktiosdigitalservices.com/tol/consum/media/product/img/300x300/7232598.jpg?t=20260812080239,2026-10-08T22:06:16
aceite,Consum,689661,3166296552085,DUCROS,Sazonador para Paella Valencia Caja,Sazonadores,2.85,2.85,,False,316.7,KILO,100 Gr,False,https://tienda.consum.es/es/p/sazonador-para-paella-valencia-caja/689661,https://cdn-consum.aktiosdigitalservices.com/tol/consum/media/product/img/300x300/689661.jpg?t=20260812080139,2026-10-08T22:06:16
aceite,Consum,7039832,8410186911236,SABATER,Preparado Gazpacho Caja,Sazonadores,1.49,1.49,,False,248.3,KILO,100 Gr,False,https://tienda.consum.es/es/p/preparado-gazpacho-caja/7039832,https://cdn-consum.aktiosdigitalservices.com/tol/consum/media/product/img/300x300/7039832.jpg?t=20260812080152,2026-10-08T22:06:16
aceite,Consum,7282697,8412206000753,TOQUE,Molinillo Sal con Hierbas Tarro,Sal,2.25,2.25,,False,28.85,KILO,1 Kg,False,https://tienda.consum.es/es/p/molinillo-sal-con-hierbas-tarro/7282697,https://cdn-consum.aktiosdigitalservices.com/tol/consum/media/product/img/300x300/7282697.jpg?t=20260812080257,2026-10-08T22:06:16
aceite,Consum,7374713,8410069018731,GALLO,Salsa Súper Boloñesa Tarro,Salsas calientes,3.35,3.35,,False,9.57,KILO,1 Kg,False,https://tienda.consum.es/es/p/salsa-super-bolonesa-tarro/7374713,https://cdn-consum.aktiosdigitalservices.com/tol/consum/media/product/img/300x300/7374713.jpg?t=20260812080344,2026-10-08T22:06:16
aceite,Consum,7378719,3083681137811,BONDUELLE,Maíz Dulce Pack de 3 Lata,Maíz,3.75,3.75,,False,8.93,KILO,1 Kg,False,https://tienda.consum.es/es/p/maiz-dulce-pack-de-3-lata/7378719,https://cdn-consum.aktiosdigitalservices.com/tol/consum/media/product/img/300x300/7378719.jpg?t=20260827102716,2026-10-08T22:06:16
aceite,Consum,7209224,8410086315035,YBARRA,Mayonesa Tarro,Mayonesa,2.45,2.45,,False,5.44,LITRO,1 L,False,https://tienda.consum.es/es/p/mayonesa-tarro/7209224,https://cdn-consum.aktiosdigitalservices.com/tol/consum/media/product/img/300x300/7209224.jpg?t=20260812080230,2026-10-08T22:06:16
aceite,Consum,7281509,3083681070187,BONDUELLE,Maíz Dulce Lata Pack de 3,Maíz,2.99,2.99,,False,14.24,KILO,1 Kg,False,https://tienda.consum.es/es/p/maiz-dulce-lata-pack-de-3/7281509,https://cdn-consum.aktiosdigitalservices.com/tol/consum/media/product/img/300x300/7281509.jpg?t=20260827101458,2026-10-08T22:06:16
aceite,Consum,7289130,8411317300066,PESASUR,Filete de Caballa del Sur Frasco,Caballa y melva,4.75,5.59,4.75,True,26.39,KILO,1 Kg,False,https://tienda.consum.es/es/p/filete-de-caballa-del-sur-frasco/7289130,https://cdn-consum.aktiosdigitalservices.com/tol/consum/media/product/img/300x300/7289130.jpg?t=20260812080301,2026-10-08T22:06:16
aceite,Consum,7156433,8715700421308,HEINZ,Salad Cream Ensalada Crema      GI15,Salsas frías,4.25,4.25,,False,10.0,KILO,1 Kg,False,https://tienda.consum.es/es/p/salad-cream-ensalada-crema-gi15/7156433,https://cdn-consum.aktiosdigitalservices.com/tol/consum/media/product/img/300x300/7156433.jpg?t=20260901080643,2026-10-08T22:06:16
aceite,Consum,7452535,8411476100361,HALOS,Sal Marina Gruesa,Sal,0.75,0.75,,False,0.75,KILO,1 Kg,False,https://tienda.consum.es/es/p/sal-marina-gruesa/7452535,https://cdn-consum.aktiosdigitalservices.com/tol/consum/media/product/img/300x300/7452535.jpg?t=20260812080450,2026-10-08T22:06:16
aceite,Consum,134031,8410090720276,CALVO,Mejillones Gallegos Escabeche Pack de 3,Mejillones,3.65,3.65,,False,30.42,KILO,1 Kg,False,https://tienda.consum.es/es/p/mejillones-gallegos-escabeche-pack-de-3/134031,https://cdn-consum.aktiosdigitalservices.com/tol/consum/media/product/img/300x300/134031.jpg?t=20260827095202,2026-10-08T22:06:16
aceite,Consum,382226,3036810201280,MAILLE,Mostaza Dijón Originale Frasco,Mostaza,3.69,3.69,,False,17.16,KILO,1 Kg,False,https://tienda.consum.es/es/p/mostaza-dijon-originale-frasco/382226,https://cdn-consum.aktiosdigitalservices.com/tol/consum/media/product/img/300x300/382226.jpg?t=20260812080136,2026-10-08T22:06:16
aceite,Consum,7120843,8001665124164,RANA,Salsa Fresca de Setas Boletus,Salsas frías,2.5,2.5,,False,13.89,KILO,1 Kg,False,https://tienda.consum.es/es/p/salsa-fresca-de-setas-boletus/7120843,https://cdn-consum.aktiosdigitalservices.com/tol/consum/media/product/img/300x300/7120843.jpg?t=20260901075930,2026-10-08T22:06:16
aceite,Consum,7159197,8424523110107,HIDA,Cebolla Frita Pack de 2 latas,Otros vegetales,2.49,2.49,,False,8.03,KILO,1 Kg,False,https://tienda.consum.es/es/p/cebolla-frita-pack-de-2-latas/7159197,https://cdn-consum.aktiosdigitalservices.com/tol/consum/media/product/img/300x300/7159197.jpg?t=20260812080215,2026-10-08T22:06:16
aceite,Consum,7120025,8410090302632,CALVO,Calamar Salsa Americana Pack de 3,"Almejas, berberechos y navajas",3.45,3.45,,False,23.96,KILO,1 Kg,False,https://tienda.consum.es/es/p/calamar-salsa-americana-pack-de-3/7120025,https://cdn-consum.aktiosdigitalservices.com/tol/consum/media/product/img/300x300/7120025.jpg?t=20260812080210,2026-10-08T22:06:16
aceite,Consum,7191971,8712566385188,HELLMANN'S,Salsa Burger Bote,Salsas frías,2.65,2.65,,False,10.19,KILO,1 Kg,False,https://tienda.consum.es/es/p/salsa-burger-bote/7191971,https://cdn-consum.aktiosdigitalservices.com/tol/consum/media/product/img/300x300/7191971.jpg?t=20260812080224,2026-10-08T22:06:16
aceite,Consum,7199305,3166291746434,DUCROS,Sazonador Espaguetis Tarro,Sazonadores,2.85,2.85,,False,89.1,KILO,100 Gr,False,https://tienda.consum.es/es/p/sazonador-espaguetis-tarro/7199305,https://cdn-consum.aktiosdigitalservices.com/tol/consum/media/product/img/300x300/7199305.jpg?t=20260812080227,2026-10-08T22:06:16
aceite,Consum,7199326,3166298906053,DUCROS,Sazonador México Tarro,Sazonadores,2.85,2.85,,False,71.3,KILO,100 Gr,False,https://tienda.consum.es/es/p/sazonador-mexico-tarro/7199326,https://cdn-consum.aktiosdigitalservices.com/tol/consum/media/product/img/300x300/7199326.jpg?t=20260812080227,2026-10-08T22:06:16
aceite,Consum,7223415,3166298530609,DUCROS,Cebollino Frasco,Especias,2.45,2.45,,False,980.0,KILO,100 Gr,False,https://tienda.consum.es/es/p/cebollino-frasco/7223415,https://cdn-consum.aktiosdigitalservices.com/tol/consum/media/product/img/300x300/7223415.jpg?t=20260812080236,2026-10-08T22:06:16
aceite,Consum,7228810,8410375110372,BONDUELLE,Guisantes Extra Finos Frasco,Guisantes,4.15,4.15,,False,8.92,KILO,1 Kg,False,https://tienda.consum.es/es/p/guisantes-extra-finos-frasco/7228810,https://cdn-consum.aktiosdigitalservices.com/tol/consum/media/product/img/300x300/7228810.jpg?t=20260812080238,2026-10-08T22:06:16
aceite,Consum,521815,8410090710543,CALVO,Mejillones Gallegos Escabeche 13/18 Piezas,Mejillones,2.49,2.49,,False,36.09,KILO,1 Kg,False,https://tienda.consum.es/es/p/mejillones-gallegos-escabeche-13-18-piezas/521815,https://cdn-consum.aktiosdigitalservices.com/tol/consum/media/product/img/300x300/521815.jpg?t=20260827095538,2026-10-08T22:06:16
aceite,Consum,7002223,8411555200012,CABO PEÑAS,Bacalao a la Vizcaína Lata,Otras conservas pescado,3.39,3.39,,False,48.43,KILO,1 Kg,False,https://tienda.consum.es/es/p/bacalao-a-la-vizcaina-lata/7002223,https://cdn-consum.aktiosdigitalservices.com/tol/consum/media/product/img/300x300/7002223.jpg?t=20260812080148,2026-10-08T22:06:16
aceite,Consum,7220598,8076809513739,BARILLA,Salsa Basilico Tarro,Salsas calientes,2.35,2.99,2.35,True,5.88,KILO,1 Kg,False,https://tienda.consum.es/es/p/salsa-basilico-tarro/7220598,https://cdn-consum.aktiosdigitalservices.com/tol/consum/media/product/img/300x300/7220598.jpg?t=20260812080234,2026-10-08T22:06:16
aceite,Consum,7182074,3166298906060,DUCROS,Sazonador Oriental Tarro,Sazonadores,2.85,2.85,,False,89.1,KILO,100 Gr,False,https://tienda.consum.es/es/p/sazonador-oriental-tarro/7182074,https://cdn-consum.aktiosdigitalservices.com/tol/consum/media/product/img/300x300/7182074.jpg?t=20260812080220,2026-10-08T22:06:16
aceite,Consum,7199334,3166296300358,DUCROS,Sazonador Marruecos Tarro,Sazonadores,2.85,2.85,,False,89.1,KILO,100 Gr,False,https://tienda.consum.es/es/p/sazonador-marruecos-tarro/7199334,https://cdn-consum.aktiosdigitalservices.com/tol/consum/media/product/img/300x300/7199334.jpg?t=20260812080227,2026-10-08T22:06:16
aceite,Consum,7219871,8410422002018,CHOVI,Salsa Kebab White Bote,Salsas frías,2.39,2.39,,False,9.56,LITRO,1 L,False,https://tienda.consum.es/es/p/salsa-kebab-white-bote/7219871,https://cdn-consum.aktiosdigitalservices.com/tol/consum/media/product/img/300x300/7219871.jpg?t=20260812080234,2026-10-08T22:06:16
aceite,Consum,7318736,8410069016812,GALLO,Pesto Rosso Frasco,Salsas calientes,2.55,2.55,,False,13.42,KILO,1 Kg,False,https://tienda.consum.es/es/p/pesto-rosso-frasco/7318736,https://cdn-consum.aktiosdigitalservices.com/tol/consum/media/product/img/300x300/7318736.jpg?t=20260827101934,2026-10-08T22:06:16
aceite,Consum,7339349,8410422004685,CHOVI,Salsa Allioli Tarro,Salsas frías,1.95,1.95,,False,10.26,LITRO,1 L,False,https://tienda.consum.es/es/p/salsa-allioli-tarro/7339349,https://cdn-consum.aktiosdigitalservices.com/tol/consum/media/product/img/300x300/7339349.jpg?t=20260812080325,2026-10-08T22:06:16
aceite,Consum,7292472,8076809513692,BARILLA,Salsa Napolitana Frasco,Salsas calientes,2.99,2.99,,False,7.48,KILO,1 Kg,False,https://tienda.consum.es/es/p/salsa-napolitana-frasco/7292472,https://cdn-consum.aktiosdigitalservices.com/tol/consum/media/product/img/300x300/7292472.jpg?t=20260827101632,2026-10-08T22:06:16
aceite,Consum,7290831,3166296209453,DUCROS,Sazonador Barbacoa Frasco,Sazonadores,2.89,2.89,,False,65.7,KILO,100 Gr,False,https://tienda.consum.es/es/p/sazonador-barbacoa-frasco/7290831,https://cdn-consum.aktiosdigitalservices.com/tol/consum/media/product/img/300x300/7290831.jpg?t=20260827101614,2026-10-08T22:06:16
aceite,Consum,7304215,8410186402260,SABATER,Ñoras Secas Caja,Especias,1.99,1.99,,False,99.5,KILO,100 Gr,False,https://tienda.consum.es/es/p/noras-secas-caja/7304215,https://cdn-consum.aktiosdigitalservices.com/tol/consum/media/product/img/300x300/7304215.jpg?t=20260812080308,2026-10-08T22:06:16
aceite,Consum,7306884,8424523060310,HIDA,Salsa Boloñesa Frasco,Salsas calientes,2.59,2.59,,False,7.3,KILO,1 Kg,False,https://tienda.consum.es/es/p/salsa-bolonesa-frasco/7306884,https://cdn-consum.aktiosdigitalservices.com/tol/consum/media/product/img/300x300/7306884.jpg?t=20260812080309,2026-10-08T22:06:16
aceite,Consum,7358971,8076809513388,BARILLA,Salsa Arrabbiata Frasco,Salsas calientes,2.99,2.99,,False,7.48,KILO,1 Kg,False,https://tienda.consum.es/es/p/salsa-arrabbiata-frasco/7358971,https://cdn-consum.aktiosdigitalservices.com/tol/consum/media/product/img/300x300/7358971.jpg?t=20260827102416,2026-10-08T22:06:16
aceite,Consum,7387314,3083681137699,BONDUELLE,Guisante y Zanahoria Pack de 3,Guisantes,4.15,4.15,,False,10.64,KILO,1 Kg,False,https://tienda.consum.es/es/p/guisante-y-zanahoria-pack-de-3/7387314,https://cdn-consum.aktiosdigitalservices.com/tol/consum/media/product/img/300x300/7387314.jpg?t=20260827102824,2026-10-08T22:06:16
aceite,Consum,7412005,8410118047965,PRIMA,Mayonesa Original Bote,Mayonesa,2.29,2.29,,False,5.73,LITRO,1 L,False,https://tienda.consum.es/es/p/mayonesa-original-bote/7412005,https://cdn-consum.aktiosdigitalservices.com/tol/consum/media/product/img/300x300/7412005.jpg?t=20260812080410,2026-10-08T22:06:16
aceite,Consum,7415768,3166296550357,DUCROS,Cebolla Molida,Especias,2.79,2.79,,False,55.8,KILO,1 Kg,False,https://tienda.consum.es/es/p/cebolla-molida/7415768,https://cdn-consum.aktiosdigitalservices.com/tol/consum/media/product/img/300x300/7415768.jpg?t=20260812080413,2026-10-08T22:06:16
aceite,Consum,7438773,8721201922251,HELLMANN'S,Salsa Vegetal,Mayonesa,3.25,3.25,,False,9.56,LITRO,1 L,False,https://tienda.consum.es/es/p/salsa-vegetal/7438773,https://cdn-consum.aktiosdigitalservices.com/tol/consum/media/product/img/300x300/7438773.jpg?t=20260812080437,2026-10-08T22:06:16
aceite,Consum,7412039,8410118048115,PRIMA,Mayonesa Original Bolsitas,Mayonesa,2.05,2.05,,False,17.08,LITRO,1 L,False,https://tienda.consum.es/es/p/mayonesa-original-bolsitas/7412039,https://cdn-consum.aktiosdigitalservices.com/tol/consum/media/product/img/300x300/7412039.jpg?t=20260827103330,2026-10-08T22:06:16
aceite,Consum,7415792,3166298532306,DUCROS,Ajo Picado,Especias,2.69,2.69,,False,51.73,KILO,1 Kg,False,https://tienda.consum.es/es/p/ajo-picado/7415792,https://cdn-consum.aktiosdigitalservices.com/tol/consum/media/product/img/300x300/7415792.jpg?t=20260812080413,2026-10-08T22:06:16
aceite,Consum,7452555,8411476100392,HALOS,Salero Sal Marina Fina Ecológica,Despensa,1.85,1.85,,False,3.7,KILO,1 Kg,False,https://tienda.consum.es/es/p/salero-sal-marina-fina-ecologica/7452555,https://cdn-consum.aktiosdigitalservices.com/tol/consum/media/product/img/300x300/7452555.jpg?t=20260812080450,2026-10-08T22:06:16
aceite,Consum,7456049,8076809584548,BARILLA,Salsa Boloñesa,Salsas calientes,3.89,3.89,,False,12.97,KILO,1 Kg,False,https://tienda.consum.es/es/p/salsa-bolonesa/7456049,https://cdn-consum.aktiosdigitalservices.com/tol/consum/media/product/img/300x300/7456049.jpg?t=20260826080027,2026-10-08T22:06:16
aceite,Consum,7461858,3166296657728,DUCROS,Perejil Tarro,Especias,2.4,2.4,,False,342.9,KILO,100 Gr,False,https://tienda.consum.es/es/p/perejil-tarro/7461858,https://cdn-consum.aktiosdigitalservices.com/tol/consum/media/product/img/300x300/7461858.jpg?t=20260812080503,2026-10-08T22:06:16
aceite,Consum,941401,8410375110365,BONDUELLE,Judías Finas Frasco,Judía verde,3.39,3.39,,False,9.42,KILO,1 Kg,False,https://tienda.consum.es/es/p/judias-finas-frasco/941401,https://cdn-consum.aktiosdigitalservices.com/tol/consum/media/product/img/300x300/941401.jpg?t=20260812080141,2026-10-08T22:06:16
aceite,Consum,7196520,8413664511157,ARGENTE,Cebolla Crujiente Bote,Otros vegetales,1.59,1.59,,False,15.9,KILO,1 Kg,False,https://tienda.consum.es/es/p/cebolla-crujiente-bote/7196520,https://cdn-consum.aktiosdigitalservices.com/tol/consum/media/product/img/300x300/7196520.jpg?t=20260812080226,2026-10-08T22:06:16
aceite,Consum,7219520,8410422001905,CHOVI,Ajonesa Bote,Mayonesa,2.39,2.39,,False,9.56,LITRO,1 L,False,https://tienda.consum.es/es/p/ajonesa-bote/7219520,https://cdn-consum.aktiosdigitalservices.com/tol/consum/media/product/img/300x300/7219520.jpg?t=20260812080234,2026-10-08T22:06:16
aceite,Consum,7042018,8428626844921,NAVAL,Mejillones en Escabeche 4/6 Piezas,Mejillones,3.79,3.79,,False,58.31,KILO,1 Kg,False,https://tienda.consum.es/es/p/mejillones-en-escabeche-4-6-piezas/7042018,https://cdn-consum.aktiosdigitalservices.com/tol/consum/media/product/img/300x300/7042018.jpg?t=20260812080152,2026-10-08T22:06:16
aceite,Consum,210658,8410086360042,YBARRA,Salsa Cocktail Tarro Cristal,Salsas frías,1.85,1.85,,False,8.22,LITRO,1 L,False,https://tienda.consum.es/es/p/salsa-cocktail-tarro-cristal/210658,https://cdn-consum.aktiosdigitalservices.com/tol/consum/media/product/img/300x300/210658.jpg?t=20260812080130,2026-10-08T22:06:16
aceite,Consum,308833,3166290200852,DUCROS,Pimienta Cayena Molida Tarro,Especias,2.65,2.65,,False,69.7,KILO,100 Gr,False,https://tienda.consum.es/es/p/pimienta-cayena-molida-tarro/308833,https://cdn-consum.aktiosdigitalservices.com/tol/consum/media/product/img/300x300/308833.jpg?t=20260812080132,2026-10-08T22:06:16
aceite,Consum,7088755,8410066145096,HEINZ,Salsa Curry con Mango,Salsas frías,2.49,2.49,,False,11.07,KILO,1 Kg,False,https://tienda.consum.es/es/p/salsa-curry-con-mango/7088755,https://cdn-consum.aktiosdigitalservices.com/tol/consum/media/product/img/300x300/7088755.jpg?t=20260812080204,2026-10-08T22:06:16
aceite,Consum,7105851,8410066113484,HEINZ,Salsa Fina Mayo Cebolla Caramelizada y Ajo,Mayonesa,3.35,3.35,,False,8.38,LITRO,1 L,False,https://tienda.consum.es/es/p/salsa-fina-mayo-cebolla-caramelizada-y-ajo/7105851,https://cdn-consum.aktiosdigitalservices.com/tol/consum/media/product/img/300x300/7105851.jpg?t=20260812080207,2026-10-08T22:06:16
aceite,Consum,7199300,3166291746427,DUCROS,Sazonador Carnes Tarro,Sazonadores,2.85,2.85,,False,167.6,KILO,100 Gr,False,https://tienda.consum.es/es/p/sazonador-carnes-tarro/7199300,https://cdn-consum.aktiosdigitalservices.com/tol/consum/media/product/img/300x300/7199300.jpg?t=20260812080227,2026-10-08T22:06:16
aceite,Consum,7199318,3166298901874,DUCROS,Cilantro Hojas Tarro,Especias,2.99,2.99,,False,427.1,KILO,100 Gr,False,https://tienda.consum.es/es/p/cilantro-hojas-tarro/7199318,https://cdn-consum.aktiosdigitalservices.com/tol/consum/media/product/img/300x300/7199318.jpg?t=20260812080227,2026-10-08T22:06:16
aceite,Consum,7223381,3166290200616,DUCROS,Hierbas Provenzales Frasco,Especias,2.35,2.35,,False,130.6,KILO,100 Gr,False,https://tienda.consum.es/es/p/hierbas-provenzales-frasco/7223381,https://cdn-consum.aktiosdigitalservices.com/tol/consum/media/product/img/300x300/7223381.jpg?t=20260812080236,2026-10-08T22:06:16
aceite,Consum,7223576,3166295908982,DUCROS,Canela 5 Ramas Paquete,Especias,5.85,5.85,,False,265.9,KILO,100 Gr,False,https://tienda.consum.es/es/p/canela-5-ramas-paquete/7223576,https://cdn-consum.aktiosdigitalservices.com/tol/consum/media/product/img/300x300/7223576.jpg?t=20260812080236,2026-10-08T22:06:16
aceite,Consum,7224314,8410032004488,ALBO,Calamares en Salsa Americana,"Almejas, berberechos y navajas",2.95,2.95,,False,40.97,KILO,1 Kg,False,https://tienda.consum.es/es/p/calamares-en-salsa-americana/7224314,https://cdn-consum.aktiosdigitalservices.com/tol/consum/media/product/img/300x300/7224314.jpg?t=20260827101013,2026-10-08T22:06:16
aceite,Consum,7268469,8410069014382,GALLO,Salsa Pesto Tarro,Salsas calientes,2.55,2.55,,False,13.42,KILO,1 Kg,False,https://tienda.consum.es/es/p/salsa-pesto-tarro/7268469,https://cdn-consum.aktiosdigitalservices.com/tol/consum/media/product/img/300x300/7268469.jpg?t=20260827101356,2026-10-08T22:06:16
aceite,Consum,7088859,8428626156819,PELLI,Alcachofas 16/20 Piezas Frasco,Alcachofa,2.85,2.85,,False,17.27,KILO,1 Kg,False,https://tienda.consum.es/es/p/alcachofas-16-20-piezas-frasco/7088859,https://cdn-consum.aktiosdigitalservices.com/tol/consum/media/product/img/300x300/7088859.jpg?t=20260812080204,2026-10-08T22:06:16
aceite,Consum,557371,3166291360630,DUCROS,Laurel en Hojas Bolsa,Especias,1.89,1.89,,False,236.3,KILO,100 Gr,False,https://tienda.consum.es/es/p/laurel-en-hojas-bolsa/557371,https://cdn-consum.aktiosdigitalservices.com/tol/consum/media/product/img/300x300/557371.jpg?t=20260812080139,2026-10-08T22:06:16
aceite,Consum,7228737,8410375110327,BONDUELLE,Judías Verdes Extra Finas Frasco,Judía verde,4.89,4.89,,False,17.46,KILO,1 Kg,False,https://tienda.consum.es/es/p/judias-verdes-extra-finas-frasco/7228737,https://cdn-consum.aktiosdigitalservices.com/tol/consum/media/product/img/300x300/7228737.jpg?t=20260812080238,2026-10-08T22:06:16
aceite,Consum,7194553,8715035130302,KIKKOMAN,Salsa Soja con Menos Sal,Salsas frías,4.25,4.99,4.25,True,17.0,LITRO,1 L,False,https://tienda.consum.es/es/p/salsa-soja-con-menos-sal/7194553,https://cdn-consum.aktiosdigitalservices.com/tol/consum/media/product/img/300x300/7194553.jpg?t=20260813075907,2026-10-08T22:06:16
aceite,Consum,7120033,8410090301635,CALVO,Calamar en su Tinta Lata Pack de 3,"Almejas, berberechos y navajas",3.45,3.45,,False,23.96,KILO,1 Kg,False,https://tienda.consum.es/es/p/calamar-en-su-tinta-lata-pack-de-3/7120033,https://cdn-consum.aktiosdigitalservices.com/tol/consum/media/product/img/300x300/7120033.jpg?t=20260827100346,2026-10-08T22:06:16
aceite,Consum,846949,8410186392011,SABATER,Pebrella Tarro,Especias,3.19,3.19,,False,212.7,KILO,100 Gr,False,https://tienda.consum.es/es/p/pebrella-tarro/846949,https://cdn-consum.aktiosdigitalservices.com/tol/consum/media/product/img/300x300/846949.jpg?t=20260812080140,2026-10-08T22:06:16
aceite,Consum,7153872,3166298902178,DUCROS,Cúrcuma Frasco,Especias,2.49,2.49,,False,67.3,KILO,100 Gr,False,https://tienda.consum.es/es/p/curcuma-frasco/7153872,https://cdn-consum.aktiosdigitalservices.com/tol/consum/media/product/img/300x300/7153872.jpg?t=20260812080214,2026-10-08T22:06:16
aceite,Consum,7208622,8411108125137,DANTZA,Espárrago 6/8 D.O. Navarra. Frasco,Espárragos y palmitos,5.8,6.45,5.8,True,28.29,KILO,1 Kg,False,https://tienda.consum.es/es/p/esparrago-6-8-do-navarra-frasco/7208622,https://cdn-consum.aktiosdigitalservices.com/tol/consum/media/product/img/300x300/7208622.jpg?t=20260812080230,2026-10-08T22:06:16
aceite,Consum,7247427,8410066144167,HEINZ,Salsa Barbacoa Classic Pet,Salsas frías,2.99,3.49,2.99,True,6.23,KILO,1 Kg,False,https://tienda.consum.es/es/p/salsa-barbacoa-classic-pet/7247427,https://cdn-consum.aktiosdigitalservices.com/tol/consum/media/product/img/300x300/7247427.jpg?t=20260827101208,2026-10-08T22:06:16
aceite,Consum,7251309,8410186651019,SABATER,Preparado para Paella Frasco,Sazonadores,3.09,3.09,,False,58.3,KILO,1 Kg,False,https://tienda.consum.es/es/p/preparado-para-paella-frasco/7251309,https://cdn-consum.aktiosdigitalservices.com/tol/consum/media/product/img/300x300/7251309.jpg?t=20260812080246,2026-10-08T22:06:16
aceite,Consum,7266257,8712566394197,HELLMANN'S,Salsa Barbacoa Pet,Salsas frías,2.65,2.65,,False,9.3,KILO,1 Kg,False,https://tienda.consum.es/es/p/salsa-barbacoa-pet/7266257,https://cdn-consum.aktiosdigitalservices.com/tol/consum/media/product/img/300x300/7266257.jpg?t=20260827101347,2026-10-08T22:06:16
aceite,Consum,7296247,8715035110304,KIKKOMAN,Salsa Soja Clásica,Salsas frías,4.79,4.79,,False,19.16,LITRO,1 L,False,https://tienda.consum.es/es/p/salsa-soja-clasica/7296247,https://cdn-consum.aktiosdigitalservices.com/tol/consum/media/product/img/300x300/7296247.jpg?t=20260827101710,2026-10-08T22:06:16
aceite,Consum,7342793,3275923051355,DUCROS,Orégano Bío Frasco,Despensa,3.29,3.29,,False,411.3,KILO,100 Gr,False,https://tienda.consum.es/es/p/oregano-bio-frasco/7342793,https://cdn-consum.aktiosdigitalservices.com/tol/consum/media/product/img/300x300/7342793.jpg?t=20260812080327,2026-10-08T22:06:16
aceite,Consum,7372758,8410086392197,YBARRA,Salsa Ranchera,Salsas frías,2.45,2.45,,False,9.8,LITRO,1 L,False,https://tienda.consum.es/es/p/salsa-ranchera/7372758,https://cdn-consum.aktiosdigitalservices.com/tol/consum/media/product/img/300x300/7372758.jpg?t=20260827102619,2026-10-08T22:06:16
aceite,Consum,7382260,3166298098208,DUCROS,Molinillo Pimienta Negra Frasco,Especias,4.49,4.49,,False,128.3,KILO,100 Gr,False,https://tienda.consum.es/es/p/molinillo-pimienta-negra-frasco/7382260,https://cdn-consum.aktiosdigitalservices.com/tol/consum/media/product/img/300x300/7382260.jpg?t=20260812080348,2026-10-08T22:06:16
aceite,Consum,7382617,3166298099809,DUCROS,Molinillo 5 Bayas Tarro,Especias,3.99,3.99,,False,166.3,KILO,100 Gr,False,https://tienda.consum.es/es/p/molinillo-5-bayas-tarro/7382617,https://cdn-consum.aktiosdigitalservices.com/tol/consum/media/product/img/300x300/7382617.jpg?t=20260812080348,2026-10-08T22:06:16
aceite,Consum,7273787,3166290200104,DUCROS,Anís Verde Matalauva Tarro,Especias,2.59,2.59,,False,70.0,KILO,100 Gr,False,https://tienda.consum.es/es/p/anis-verde-matalauva-tarro/7273787,https://cdn-consum.aktiosdigitalservices.com/tol/consum/media/product/img/300x300/7273787.jpg?t=20260812080254,2026-10-08T22:06:16
aceite,Consum,7282247,8715700423852,HEINZ,Kétchup 50% Menos Azúcar y Sal,Ketchup,3.99,3.99,,False,7.25,KILO,1 Kg,False,https://tienda.consum.es/es/p/ketchup-50-menos-azucar-y-sal/7282247,https://cdn-consum.aktiosdigitalservices.com/tol/consum/media/product/img/300x300/7282247.jpg?t=20260812080257,2026-10-08T22:06:16
aceite,Consum,7291086,8424523060334,HIDA,Salsa Boloñesa Chorizo Frasco,Salsas calientes,2.59,2.59,,False,7.4,KILO,1 Kg,False,https://tienda.consum.es/es/p/salsa-bolonesa-chorizo-frasco/7291086,https://cdn-consum.aktiosdigitalservices.com/tol/consum/media/product/img/300x300/7291086.jpg?t=20260812080301,2026-10-08T22:06:16
aceite,Consum,7290851,3166296209118,DUCROS,Molinillo Pimienta Creación,Especias,4.69,4.69,,False,137.9,KILO,100 Gr,False,https://tienda.consum.es/es/p/molinillo-pimienta-creacion/7290851,https://cdn-consum.aktiosdigitalservices.com/tol/consum/media/product/img/300x300/7290851.jpg?t=20260812080301,2026-10-08T22:06:16
aceite,Consum,7304228,8410186860107,SABATER,Ñora Molida Tarro,Especias,2.35,2.35,,False,78.3,KILO,100 Gr,False,https://tienda.consum.es/es/p/nora-molida-tarro/7304228,https://cdn-consum.aktiosdigitalservices.com/tol/consum/media/product/img/300x300/7304228.jpg?t=20260812080308,2026-10-08T22:06:16
aceite,Consum,7331106,8410069016904,GALLO,Salsa Carbonara Frasco,Salsas calientes,2.97,2.97,,False,9.0,KILO,1 Kg,False,https://tienda.consum.es/es/p/salsa-carbonara-frasco/7331106,https://cdn-consum.aktiosdigitalservices.com/tol/consum/media/product/img/300x300/7331106.jpg?t=20260812080321,2026-10-08T22:06:16
aceite,Consum,7342801,3166296211579,DUCROS,Ajo Bío Frasco,Despensa,2.99,2.99,,False,57.5,KILO,1 Kg,False,https://tienda.consum.es/es/p/ajo-bio-frasco/7342801,https://cdn-consum.aktiosdigitalservices.com/tol/consum/media/product/img/300x300/7342801.jpg?t=20260812080327,2026-10-08T22:06:16
aceite,Consum,7384415,8411555004108,CABO PEÑAS,Mariñas del Norte al Ajillo,Otras conservas pescado,1.59,1.59,,False,37.9,KILO,100 Gr,False,https://tienda.consum.es/es/p/marinas-del-norte-al-ajillo/7384415,https://cdn-consum.aktiosdigitalservices.com/tol/consum/media/product/img/300x300/7384415.jpg?t=20260812080349,2026-10-08T22:06:16
aceite,Consum,7399442,8410066070060,ORLANDO,Kétchup,Ketchup,1.49,1.49,,False,4.97,KILO,1 Kg,False,https://tienda.consum.es/es/p/ketchup/7399442,https://cdn-consum.aktiosdigitalservices.com/tol/consum/media/product/img/300x300/7399442.jpg?t=20260812080401,2026-10-08T22:06:16
aceite,Consum,7405533,8428626190516,PELLI,Palmito Entero Frasco,Espárragos y palmitos,3.35,3.35,,False,13.4,KILO,1 Kg,False,https://tienda.consum.es/es/p/palmito-entero-frasco/7405533,https://cdn-consum.aktiosdigitalservices.com/tol/consum/media/product/img/300x300/7405533.jpg?t=20260812080405,2026-10-08T22:06:16
aceite,Consum,7438125,8001665721004,RANA,Salsa Fresca Trufa Negra,Salsas frías,2.69,2.69,,False,17.93,KILO,1 Kg,False,https://tienda.consum.es/es/p/salsa-fresca-trufa-negra/7438125,https://cdn-consum.aktiosdigitalservices.com/tol/consum/media/product/img/300x300/7438125.jpg?t=20260901080422,2026-10-08T22:06:16
aceite,Consum,7404499,8076809523547,BARILLA,Pesto Rosso con Aceto Balsámico di Módena,Salsas calientes,2.35,2.99,2.35,True,11.75,KILO,1 Kg,False,https://tienda.consum.es/es/p/pesto-rosso-con-aceto-balsamico-di-modena/7404499,https://cdn-consum.aktiosdigitalservices.com/tol/consum/media/product/img/300x300/7404499.jpg?t=20260812080404,2026-10-08T22:06:16
aceite,Consum,7419059,8411555100404,CABO PEÑAS,Mejillones Gallegos Escabeche 20/30 Piezas,Mejillones,1.85,2.15,1.85,True,26.81,KILO,1 Kg,False,https://tienda.consum.es/es/p/mejillones-gallegos-escabeche-20-30-piezas/7419059,https://cdn-consum.aktiosdigitalservices.com/tol/consum/media/product/img/300x300/7419059.jpg?t=20260812080416,2026-10-08T22:06:16
aceite,Consum,7430015,4260431687973,JUST SPICES,Sazonador de Verduras Mediterráneas,Sazonadores,4.25,4.99,4.25,True,85.0,KILO,1 Kg,False,https://tienda.consum.es/es/p/sazonador-de-verduras-mediterraneas/7430015,https://cdn-consum.aktiosdigitalservices.com/tol/consum/media/product/img/300x300/7430015.jpg?t=20260812080426,2026-10-08T22:06:16
aceite,Consum,7434780,8410184042574,GAROFALO,Pesto al Tartufo Nero e Grana Padano Dop,Salsas calientes,4.45,4.45,,False,25.43,KILO,1 Kg,False,https://tienda.consum.es/es/p/pesto-al-tartufo-nero-e-grana-padano-dop/7434780,https://cdn-consum.aktiosdigitalservices.com/tol/consum/media/product/img/300x300/7434780.jpg?t=20260828075853,2026-10-08T22:06:16
aceite,Consum,7450554,8410422002124,CHOVI,Mayonesa Pet,Mayonesa,1.99,1.99,,False,4.98,LITRO,1 L,False,https://tienda.consum.es/es/p/mayonesa-pet/7450554,https://cdn-consum.aktiosdigitalservices.com/tol/consum/media/product/img/300x300/7450554.jpg?t=20260812080448,2026-10-08T22:06:16
aceite,Consum,7460876,8410086392265,YBARRA,Salsa Gaucha,Salsas frías,2.45,2.45,,False,9.8,LITRO,1 L,False,https://tienda.consum.es/es/p/salsa-gaucha/7460876,https://cdn-consum.aktiosdigitalservices.com/tol/consum/media/product/img/300x300/7460876.jpg?t=20260812080502,2026-10-08T22:06:16
aceite,Consum,7465946,8722700024736,HELLMANN'S,Mayonesa Tarro,Mayonesa,4.2,4.2,,False,6.46,LITRO,1 L,False,https://tienda.consum.es/es/p/mayonesa-tarro/7465946,https://cdn-consum.aktiosdigitalservices.com/tol/consum/media/product/img/300x300/7465946.jpg?t=20260812080509,2026-10-08T22:06:16
aceite,Consum,7479129,8410086369250,YBARRA,Salsa Burger Champions,Salsas frías,2.85,2.85,,False,11.4,LITRO,1 L,False,https://tienda.consum.es/es/p/salsa-burger-champions/7479129,https://cdn-consum.aktiosdigitalservices.com/tol/consum/media/product/img/300x300/7479129.jpg?t=20260827105651,2026-10-08T22:06:16
aceite,Consum,7475853,8410422111086,CHOVI,ALLIOLI,Salsas frías,0.85,0.85,,False,12.14,LITRO,1 L,False,https://tienda.consum.es/es/p/allioli/7475853,https://cdn-consum.aktiosdigitalservices.com/tol/consum/media/product/img/300x300/7475853.jpg?t=20260827105515,2026-10-08T22:06:16
aceite,Consum,7478258,8410422775684,CHOVI,Allioli Extrasuave,Salsas frías,1.25,1.25,,False,10.42,LITRO,1 L,False,https://tienda.consum.es/es/p/allioli-extrasuave/7478258,https://cdn-consum.aktiosdigitalservices.com/tol/consum/media/product/img/300x300/7478258.jpg?t=20260827105630,2026-10-08T22:06:16
aceite,Consum,7478399,8410422775691,CHOVI,Allioli Artesano,Salsas frías,1.69,1.69,,False,14.08,LITRO,1 L,False,https://tienda.consum.es/es/p/allioli-artesano/7478399,https://cdn-consum.aktiosdigitalservices.com/tol/consum/media/product/img/300x300/7478399.jpg?t=20260827105636,2026-10-08T22:06:16
aceite,Consum,7042646,8428626152118,PELLI,Carne de Alcachofas Lata,Alcachofa,2.35,2.35,,False,9.79,KILO,1 Kg,False,https://tienda.consum.es/es/p/carne-de-alcachofas-lata/7042646,https://cdn-consum.aktiosdigitalservices.com/tol/consum/media/product/img/300x300/7042646.jpg?t=20260812080152,2026-10-08T22:06:16
aceite,Consum,308890,3166290200401,DUCROS,Curry Tarro,Especias,2.59,2.59,,False,61.7,KILO,100 Gr,False,https://tienda.consum.es/es/p/curry-tarro/308890,https://cdn-consum.aktiosdigitalservices.com/tol/consum/media/product/img/300x300/308890.jpg?t=20260812080132,2026-10-08T22:06:16
aceite,Consum,7225522,8410066112876,HEINZ,Salsa Miel y Mostaza,Mostaza,3.75,3.75,,False,9.38,LITRO,1 L,False,https://tienda.consum.es/es/p/salsa-miel-y-mostaza/7225522,https://cdn-consum.aktiosdigitalservices.com/tol/consum/media/product/img/300x300/7225522.jpg?t=20260827101017,2026-10-08T22:06:16
aceite,Consum,308973,3166298594106,DUCROS,Nuez Moscada Entera Tarro,Especias,3.55,3.55,,False,142.0,KILO,100 Gr,False,https://tienda.consum.es/es/p/nuez-moscada-entera-tarro/308973,https://cdn-consum.aktiosdigitalservices.com/tol/consum/media/product/img/300x300/308973.jpg?t=20260812080132,2026-10-08T22:06:16
aceite,Consum,308981,8410219857098,DUCROS,Nuez Moscada Molida Tarro,Especias,2.99,2.99,,False,93.4,KILO,100 Gr,False,https://tienda.consum.es/es/p/nuez-moscada-molida-tarro/308981,https://cdn-consum.aktiosdigitalservices.com/tol/consum/media/product/img/300x300/308981.jpg?t=20260812080132,2026-10-08T22:06:16
aceite,Consum,309021,3166290300026,DUCROS,Pimienta Negra Molida Tarro,Especias,3.59,3.59,,False,89.8,KILO,100 Gr,False,https://tienda.consum.es/es/p/pimienta-negra-molida-tarro/309021,https://cdn-consum.aktiosdigitalservices.com/tol/consum/media/product/img/300x300/309021.jpg?t=20260812080132,2026-10-08T22:06:16
aceite,Consum,368670,5000111040983,LEA&PERRINS,Salsa Worcestershire Botella,Salsas frías,3.25,3.25,,False,21.67,LITRO,1 L,False,https://tienda.consum.es/es/p/salsa-worcestershire-botella/368670,https://cdn-consum.aktiosdigitalservices.com/tol/consum/media/product/img/300x300/368670.jpg?t=20260812080136,2026-10-08T22:06:16
aceite,Consum,368720,11210115644,TABASCO,Salsa Picante,Salsas frías,3.99,3.99,,False,66.5,LITRO,1 L,False,https://tienda.consum.es/es/p/salsa-picante/368720,https://cdn-consum.aktiosdigitalservices.com/tol/consum/media/product/img/300x300/368720.jpg?t=20260812080136,2026-10-08T22:06:16
aceite,Consum,446807,3036810207589,MAILLE,Mostaza a L'Ancienne Frasco,Mostaza,3.69,3.69,,False,17.57,KILO,1 Kg,False,https://tienda.consum.es/es/p/mostaza-a-lancienne-frasco/446807,https://cdn-consum.aktiosdigitalservices.com/tol/consum/media/product/img/300x300/446807.jpg?t=20260812080138,2026-10-08T22:06:16
aceite,Consum,552315,3166290200371,DUCROS,Comino Entero Tarro,Especias,2.39,2.39,,False,68.3,KILO,100 Gr,False,https://tienda.consum.es/es/p/comino-entero-tarro/552315,https://cdn-consum.aktiosdigitalservices.com/tol/consum/media/product/img/300x300/552315.jpg?t=20260812080138,2026-10-08T22:06:16
aceite,Consum,7171614,8410422001998,CHOVI,Salsa Cesar para Ensaladas,Salsas frías,2.69,2.69,,False,10.76,LITRO,1 L,False,https://tienda.consum.es/es/p/salsa-cesar-para-ensaladas/7171614,https://cdn-consum.aktiosdigitalservices.com/tol/consum/media/product/img/300x300/7171614.jpg?t=20260827100600,2026-10-08T22:06:16
aceite,Consum,7223402,8410219856282,DUCROS,Comino Molido Frasco,Especias,2.35,2.35,,False,83.9,KILO,100 Gr,False,https://tienda.consum.es/es/p/comino-molido-frasco/7223402,https://cdn-consum.aktiosdigitalservices.com/tol/consum/media/product/img/300x300/7223402.jpg?t=20260827101010,2026-10-08T22:06:16
aceite,Consum,7223571,3166290200180,DUCROS,Canela en Rama Frasco,Especias,2.89,2.89,,False,289.0,KILO,100 Gr,False,https://tienda.consum.es/es/p/canela-en-rama-frasco/7223571,https://cdn-consum.aktiosdigitalservices.com/tol/consum/media/product/img/300x300/7223571.jpg?t=20260827101011,2026-10-08T22:06:16
aceite,Consum,7223589,3166296203147,DUCROS,Albahaca Frasco,Especias,2.35,2.35,,False,195.8,KILO,100 Gr,False,https://tienda.consum.es/es/p/albahaca-frasco/7223589,https://cdn-consum.aktiosdigitalservices.com/tol/consum/media/product/img/300x300/7223589.jpg?t=20260812080236,2026-10-08T22:06:16
aceite,Consum,7223659,8410219857142,DUCROS,Romero Frasco,Especias,2.35,2.35,,False,102.2,KILO,100 Gr,False,https://tienda.consum.es/es/p/romero-frasco/7223659,https://cdn-consum.aktiosdigitalservices.com/tol/consum/media/product/img/300x300/7223659.jpg?t=20260812080236,2026-10-08T22:06:16
aceite,Consum,7223683,3166290300019,DUCROS,Pimienta Negra Entera Frasco,Especias,3.59,3.59,,False,74.8,KILO,100 Gr,False,https://tienda.consum.es/es/p/pimienta-negra-entera-frasco/7223683,https://cdn-consum.aktiosdigitalservices.com/tol/consum/media/product/img/300x300/7223683.jpg?t=20260812080236,2026-10-08T22:06:16
aceite,Consum,7223696,3166290200845,DUCROS,Pimienta Cayena Entera Frasco,Especias,2.65,2.65,,False,240.9,KILO,100 Gr,False,https://tienda.consum.es/es/p/pimienta-cayena-entera-frasco/7223696,https://cdn-consum.aktiosdigitalservices.com/tol/consum/media/product/img/300x300/7223696.jpg?t=20260812080236,2026-10-08T22:06:16
aceite,Consum,7201754,8410770700017,TREVIJANO,Alga Wakame Deshidratada. Bandeja,Otros vegetales,2.75,2.75,,False,55.0,KILO,1 Kg,False,https://tienda.consum.es/es/p/alga-wakame-deshidratada-bandeja/7201754,https://cdn-consum.aktiosdigitalservices.com/tol/consum/media/product/img/300x300/7201754.jpg?t=20260827100820,2026-10-08T22:06:16
aceite,Consum,7230225,8410375110297,BONDUELLE,Zanahoria Rallada Frasco,Otros vegetales,2.99,2.99,,False,10.68,KILO,1 Kg,False,https://tienda.consum.es/es/p/zanahoria-rallada-frasco/7230225,https://cdn-consum.aktiosdigitalservices.com/tol/consum/media/product/img/300x300/7230225.jpg?t=20260827101038,2026-10-08T22:06:16
aceite,Consum,384792,8410090710437,CALVO,Mejillones Gallegos Escabeche 8/12 Piezas,Mejillones,4.35,4.35,,False,63.04,KILO,1 Kg,False,https://tienda.consum.es/es/p/mejillones-gallegos-escabeche-8-12-piezas/384792,https://cdn-consum.aktiosdigitalservices.com/tol/consum/media/product/img/300x300/384792.jpg?t=20260827095501,2026-10-08T22:06:16
aceite,Consum,7256159,8436025851518,D'ATENEA,Salsa Romesco Tarro,Salsas frías,2.65,2.65,,False,9.14,KILO,1 Kg,False,https://tienda.consum.es/es/p/salsa-romesco-tarro/7256159,https://cdn-consum.aktiosdigitalservices.com/tol/consum/media/product/img/300x300/7256159.jpg?t=20260812080247,2026-10-08T22:06:16
aceite,Consum,557314,3166290200562,DUCROS,Clavos Enteros Tarro,Especias,3.45,3.45,,False,150.0,KILO,100 Gr,False,https://tienda.consum.es/es/p/clavos-enteros-tarro/557314,https://cdn-consum.aktiosdigitalservices.com/tol/consum/media/product/img/300x300/557314.jpg?t=20260812080139,2026-10-08T22:06:16
aceite,Consum,689885,3166290204058,DUCROS,Hierbabuena Tarro,Especias,2.35,2.35,,False,180.8,KILO,100 Gr,False,https://tienda.consum.es/es/p/hierbabuena-tarro/689885,https://cdn-consum.aktiosdigitalservices.com/tol/consum/media/product/img/300x300/689885.jpg?t=20260812080139,2026-10-08T22:06:16
aceite,Consum,7054435,8426847440014,LEYENDA,Trufa Natural Tarro,Setas y champiñones,3.45,3.45,,False,345.0,KILO,100 Gr,False,https://tienda.consum.es/es/p/trufa-natural-tarro/7054435,https://cdn-consum.aktiosdigitalservices.com/tol/consum/media/product/img/300x300/7054435.jpg?t=20260812080156,2026-10-08T22:06:16
aceite,Consum,7074995,8410219856299,DUCROS,Jengibre Tarro,Especias,2.69,2.69,,False,103.5,KILO,100 Gr,False,https://tienda.consum.es/es/p/jengibre-tarro/7074995,https://cdn-consum.aktiosdigitalservices.com/tol/consum/media/product/img/300x300/7074995.jpg?t=20260812080200,2026-10-08T22:06:16
aceite,Consum,7153943,3166296656097,DUCROS,Ajonjolí Semillas de Sésamo,Especias,2.59,2.59,,False,57.6,KILO,100 Gr,False,https://tienda.consum.es/es/p/ajonjoli-semillas-de-sesamo/7153943,https://cdn-consum.aktiosdigitalservices.com/tol/consum/media/product/img/300x300/7153943.jpg?t=20260812080214,2026-10-08T22:06:16
aceite,Consum,7203123,8410422001912,CHOVI,Salsa de Miel y Mostaza,Salsas frías,2.69,2.69,,False,10.55,KILO,1 Kg,False,https://tienda.consum.es/es/p/salsa-de-miel-y-mostaza/7203123,https://cdn-consum.aktiosdigitalservices.com/tol/consum/media/product/img/300x300/7203123.jpg?t=20260827100825,2026-10-08T22:06:16
aceite,Consum,7224756,8712566388677,HELLMANN'S,Gran Salsa Mostaza Bote,Mostaza,2.65,2.65,,False,10.31,KILO,1 Kg,False,https://tienda.consum.es/es/p/gran-salsa-mostaza-bote/7224756,https://cdn-consum.aktiosdigitalservices.com/tol/consum/media/product/img/300x300/7224756.jpg?t=20260812080237,2026-10-08T22:06:16
aceite,Consum,7248859,3036810204014,MAILLE,Mostaza a la Miel Frasco,Mostaza,3.69,3.69,,False,16.04,KILO,1 Kg,False,https://tienda.consum.es/es/p/mostaza-a-la-miel-frasco/7248859,https://cdn-consum.aktiosdigitalservices.com/tol/consum/media/product/img/300x300/7248859.jpg?t=20260812080245,2026-10-08T22:06:16
aceite,Consum,7162576,3083681010251,BONDUELLE,Champiñón Mini Frasco,Setas y champiñones,2.99,2.99,,False,17.59,KILO,1 Kg,False,https://tienda.consum.es/es/p/champinon-mini-frasco/7162576,https://cdn-consum.aktiosdigitalservices.com/tol/consum/media/product/img/300x300/7162576.jpg?t=20260812080215,2026-10-08T22:06:16
aceite,Consum,7278435,8414516082726,FLORETTE,Cebolla Crujiente Paquete,Otros vegetales,1.49,1.49,,False,21.29,KILO,1 Kg,False,https://tienda.consum.es/es/p/cebolla-crujiente-paquete/7278435,https://cdn-consum.aktiosdigitalservices.com/tol/consum/media/product/img/300x300/7278435.jpg?t=20260827101431,2026-10-08T22:06:16
aceite,Consum,7183346,8436025851341,D'ATENEA,Salsa Brava Tarro,Salsas frías,1.89,1.89,,False,6.3,KILO,1 Kg,False,https://tienda.consum.es/es/p/salsa-brava-tarro/7183346,https://cdn-consum.aktiosdigitalservices.com/tol/consum/media/product/img/300x300/7183346.jpg?t=20260812080221,2026-10-08T22:06:16
aceite,Consum,7312119,8411108600528,DANTZA,Pimiento Piquillo de Lodosa Frasco,Pimiento,5.5,5.5,,False,28.21,KILO,1 Kg,False,https://tienda.consum.es/es/p/pimiento-piquillo-de-lodosa-frasco/7312119,https://cdn-consum.aktiosdigitalservices.com/tol/consum/media/product/img/300x300/7312119.jpg?t=20260812080312,2026-10-08T22:06:16
aceite,Consum,7324218,8410416931508,CARRETILLA,Espárragos Extra Frasco,Espárragos y palmitos,4.39,4.39,,False,21.41,KILO,1 Kg,False,https://tienda.consum.es/es/p/esparragos-extra-frasco/7324218,https://cdn-consum.aktiosdigitalservices.com/tol/consum/media/product/img/300x300/7324218.jpg?t=20260818075913,2026-10-08T22:06:16
aceite,Consum,7324226,8410416931737,CARRETILLA,Yemas Muy Gruesas Frasco,Espárragos y palmitos,5.25,5.25,,False,47.73,KILO,1 Kg,False,https://tienda.consum.es/es/p/yemas-muy-gruesas-frasco/7324226,https://cdn-consum.aktiosdigitalservices.com/tol/consum/media/product/img/300x300/7324226.jpg?t=20260602084754,2026-10-08T22:06:16
aceite,Consum,7324213,8410416931799,CARRETILLA,Espárragos Muy Gruesos Frasco,Espárragos y palmitos,3.59,3.59,,False,32.64,KILO,1 Kg,False,https://tienda.consum.es/es/p/esparragos-muy-gruesos-frasco/7324213,https://cdn-consum.aktiosdigitalservices.com/tol/consum/media/product/img/300x300/7324213.jpg?t=20260604081406,2026-10-08T22:06:16
aceite,Consum,7329030,3166290201118,DUCROS,Tomillo Entero Frasco,Especias,2.39,2.39,,False,217.3,KILO,100 Gr,False,https://tienda.consum.es/es/p/tomillo-entero-frasco/7329030,https://cdn-consum.aktiosdigitalservices.com/tol/consum/media/product/img/300x300/7329030.jpg?t=20260827102110,2026-10-08T22:06:16
aceite,Consum,7378698,3083681137545,BONDUELLE,Maíz Bío Pack de 2,Despensa,3.59,3.59,,False,12.82,KILO,1 Kg,False,https://tienda.consum.es/es/p/maiz-bio-pack-de-2/7378698,https://cdn-consum.aktiosdigitalservices.com/tol/consum/media/product/img/300x300/7378698.jpg?t=20260812080346,2026-10-08T22:06:16
aceite,Consum,7378706,3083681137781,BONDUELLE,Brotes de Judía Mungo Pack de 3 Lata,Otros vegetales,3.75,3.75,,False,13.89,KILO,1 Kg,False,https://tienda.consum.es/es/p/brotes-de-judia-mungo-pack-de-3-lata/7378706,https://cdn-consum.aktiosdigitalservices.com/tol/consum/media/product/img/300x300/7378706.jpg?t=20260812080346,2026-10-08T22:06:16
detergente,Consum,7468267,8414807562562,CONSUM,Detergente Líquido Frescor,A máquina líquido,4.19,4.19,,False,0.07,LAVADO,1 Lv,False,https://tienda.consum.es/es/p/detergente-liquido-frescor/7468267,https://cdn-consum.aktiosdigitalservices.com/tol/consum/media/product/img/300x300/7468267.jpg?t=20260812080512,2026-10-08T22:06:17
detergente,Consum,7451354,8410436423175,MICOLOR,Detergente Líquido Oscuros Intensos,A máquina líquido,4.99,8.49,4.99,True,0.18,LAVADO,1 Lv,False,https://tienda.consum.es/es/p/detergente-liquido-oscuros-intensos/7451354,https://cdn-consum.aktiosdigitalservices.com/tol/consum/media/product/img/300x300/7451354.jpg?t=20260812080449,2026-10-08T22:06:17
detergente,Consum,7468684,8414807562685,CONSUM,Detergente Líquido Frescor Rellenable,A máquina líquido,2.99,2.99,,False,0.07,LAVADO,1 Lv,False,https://tienda.consum.es/es/p/detergente-liquido-frescor-rellenable/7468684,https://cdn-consum.aktiosdigitalservices.com/tol/consum/media/product/img/300x300/7468684.jpg?t=20260812080513,2026-10-08T22:06:17
detergente,Consum,7469927,8720181563898,SKIP,Detergente Limpieza Profunda,Máquina pastilla,5.99,7.99,5.99,True,0.22,LAVADO,1 Lv,False,https://tienda.consum.es/es/p/detergente-limpieza-profunda/7469927,https://cdn-consum.aktiosdigitalservices.com/tol/consum/media/product/img/300x300/7469927.jpg?t=20260825080000,2026-10-08T22:06:17
detergente,Consum,7477222,8414807562982,CONSUM,Detergente Líquido Colonia Hipoalergénico,A máquina líquido,4.19,4.19,,False,0.07,LAVADO,1 Lv,False,https://tienda.consum.es/es/p/detergente-liquido-colonia-hipoalergenico/7477222,https://cdn-consum.aktiosdigitalservices.com/tol/consum/media/product/img/300x300/7477222.jpg?t=20260827105609,2026-10-08T22:06:17
detergente,Consum,7417124,8410436422468,MICOLOR,Detergente Líquido Adiós al Separar,A máquina líquido,6.35,6.35,,False,0.21,LAVADO,1 Lv,False,https://tienda.consum.es/es/p/detergente-liquido-adios-al-separar/7417124,https://cdn-consum.aktiosdigitalservices.com/tol/consum/media/product/img/300x300/7417124.jpg?t=20260812080414,2026-10-08T22:06:17
detergente,Consum,7417108,8410436452199,MICOLOR,Detergente Líquido,A máquina líquido,8.69,8.69,,False,0.29,LAVADO,1 Lv,False,https://tienda.consum.es/es/p/detergente-liquido/7417108,https://cdn-consum.aktiosdigitalservices.com/tol/consum/media/product/img/300x300/7417108.jpg?t=20260827103432,2026-10-08T22:06:17
detergente,Consum,7456457,8720181691584,SKIP,Detergente Líquido Ciclos Cortos,A máquina líquido,12.45,12.45,,False,0.34,LAVADO,1 Lv,False,https://tienda.consum.es/es/p/detergente-liquido-ciclos-cortos/7456457,https://cdn-consum.aktiosdigitalservices.com/tol/consum/media/product/img/300x300/7456457.jpg?t=20260812080455,2026-10-08T22:06:17
detergente,Consum,7468317,8414807562579,CONSUM,Detergente Líquido Marsella,A máquina líquido,4.19,4.19,,False,0.07,LAVADO,1 Lv,False,https://tienda.consum.es/es/p/detergente-liquido-marsella/7468317,https://cdn-consum.aktiosdigitalservices.com/tol/consum/media/product/img/300x300/7468317.jpg?t=20260812080512,2026-10-08T22:06:17
detergente,Consum,7448314,8720181431340,SKIP,Detergente Líquido Limpieza Profunda,A máquina líquido,5.75,10.75,5.75,True,0.17,LAVADO,1 Lv,False,https://tienda.consum.es/es/p/detergente-liquido-limpieza-profunda/7448314,https://cdn-consum.aktiosdigitalservices.com/tol/consum/media/product/img/300x300/7448314.jpg?t=20260825075940,2026-10-08T22:06:17
detergente,Consum,7468676,8414807562678,CONSUM,Detergente Líquido Marsella Rellenable,A máquina líquido,2.99,2.99,,False,0.07,LAVADO,1 Lv,False,https://tienda.consum.es/es/p/detergente-liquido-marsella-rellenable/7468676,https://cdn-consum.aktiosdigitalservices.com/tol/consum/media/product/img/300x300/7468676.jpg?t=20260812080512,2026-10-08T22:06:17
detergente,Consum,7181436,8414807527851,CONSUM,Detergente Concentrado Ropa Blanca y Color,A máquina líquido,3.35,3.35,,False,0.13,LAVADO,1 Lv,False,https://tienda.consum.es/es/p/detergente-concentrado-ropa-blanca-y-color/7181436,https://cdn-consum.aktiosdigitalservices.com/tol/consum/media/product/img/300x300/7181436.jpg?t=20260812080220,2026-10-08T22:06:17
detergente,Consum,7468333,8414807562609,CONSUM,Detergente Líquido Lavanda,A máquina líquido,4.19,4.19,,False,0.07,LAVADO,1 Lv,False,https://tienda.consum.es/es/p/detergente-liquido-lavanda/7468333,https://cdn-consum.aktiosdigitalservices.com/tol/consum/media/product/img/300x300/7468333.jpg?t=20260812080512,2026-10-08T22:06:17
detergente,Consum,7468320,8414807562586,CONSUM,Detergente Líquido Rosa Mosqueta,A máquina líquido,4.19,4.19,,False,0.07,LAVADO,1 Lv,False,https://tienda.consum.es/es/p/detergente-liquido-rosa-mosqueta/7468320,https://cdn-consum.aktiosdigitalservices.com/tol/consum/media/product/img/300x300/7468320.jpg?t=20260812080512,2026-10-08T22:06:17
detergente,Consum,7459493,8414807561473,CONSUM,Detergente Ropa Blanca y Color,A máquina líquido,5.65,5.65,,False,0.11,LAVADO,1 Lv,False,https://tienda.consum.es/es/p/detergente-ropa-blanca-y-color/7459493,https://cdn-consum.aktiosdigitalservices.com/tol/consum/media/product/img/300x300/7459493.jpg?t=20260812080500,2026-10-08T22:06:17
detergente,Consum,7471225,8414807563095,CONSUM,Detergente Liquido Color,A máquina líquido,5.79,5.79,,False,0.1,LAVADO,1 Lv,False,https://tienda.consum.es/es/p/detergente-liquido-color/7471225,https://cdn-consum.aktiosdigitalservices.com/tol/consum/media/product/img/300x300/7471225.jpg?t=20260812080516,2026-10-08T22:06:17
detergente,Consum,7392046,8410436446082,DIXAN,Detergente Líquido,A máquina líquido,5.99,11.79,5.99,True,0.11,LAVADO,1 Lv,False,https://tienda.consum.es/es/p/detergente-liquido/7392046,https://cdn-consum.aktiosdigitalservices.com/tol/consum/media/product/img/300x300/7392046.jpg?t=20260812080354,2026-10-08T22:06:17
detergente,Consum,7448322,8720181438226,SKIP,Detergente Líquido Ultimate,A máquina líquido,8.49,12.19,8.49,True,0.26,LAVADO,1 Lv,False,https://tienda.consum.es/es/p/detergente-liquido-ultimate/7448322,https://cdn-consum.aktiosdigitalservices.com/tol/consum/media/product/img/300x300/7448322.jpg?t=20260825075941,2026-10-08T22:06:17
detergente,Consum,7451156,8410046500457,PUNTOMATIC,Detergente Lavadora Pastillas,Máquina pastilla,0.99,0.99,,False,0.25,LAVADO,1 Lv,False,https://tienda.consum.es/es/p/detergente-lavadora-pastillas/7451156,https://cdn-consum.aktiosdigitalservices.com/tol/consum/media/product/img/300x300/7451156.jpg?t=20260812080449,2026-10-08T22:06:17
detergente,Consum,7476013,8700216788540,ARIEL,Detergente Líquido Original,A máquina líquido,9.99,13.99,9.99,True,0.2,LAVADO,1 Lv,False,https://tienda.consum.es/es/p/detergente-liquido-original/7476013,https://cdn-consum.aktiosdigitalservices.com/tol/consum/media/product/img/300x300/7476013.jpg?t=20260812080524,2026-10-08T22:06:17
detergente,Consum,7376221,8410104032739,COLON,Detergente Líquido Gel Activo,A máquina líquido,8.99,13.5,8.99,True,0.2,LAVADO,1 Lv,False,https://tienda.consum.es/es/p/detergente-liquido-gel-activo/7376221,https://cdn-consum.aktiosdigitalservices.com/tol/consum/media/product/img/300x300/7376221.jpg?t=20260827102651,2026-10-08T22:06:17
detergente,Consum,7451326,8410104032722,COLON,Detergente Líquido Gel Activo,A máquina líquido,6.89,9.99,6.89,True,0.2,LAVADO,1 Lv,False,https://tienda.consum.es/es/p/detergente-liquido-gel-activo/7451326,https://cdn-consum.aktiosdigitalservices.com/tol/consum/media/product/img/300x300/7451326.jpg?t=20260812080449,2026-10-08T22:06:17
detergente,Consum,7469435,8410436499200,WIPP,Detergente Líquido Limpio & Liso,A máquina líquido,8.99,12.75,8.99,True,0.23,LAVADO,1 Lv,False,https://tienda.consum.es/es/p/detergente-liquido-limpio-liso/7469435,https://cdn-consum.aktiosdigitalservices.com/tol/consum/media/product/img/300x300/7469435.jpg?t=20260812080514,2026-10-08T22:06:17
detergente,Consum,7469419,8410436499149,WIPP,Detergente Líquido Higiene & Antiolores,A máquina líquido,8.99,12.75,8.99,True,0.23,LAVADO,1 Lv,False,https://tienda.consum.es/es/p/detergente-liquido-higiene-antiolores/7469419,https://cdn-consum.aktiosdigitalservices.com/tol/consum/media/product/img/300x300/7469419.jpg?t=20260827105222,2026-10-08T22:06:17
detergente,Consum,7469422,8410436499170,WIPP,Detergente Líquido Azul,A máquina líquido,8.99,12.75,8.99,True,0.23,LAVADO,1 Lv,False,https://tienda.consum.es/es/p/detergente-liquido-azul/7469422,https://cdn-consum.aktiosdigitalservices.com/tol/consum/media/product/img/300x300/7469422.jpg?t=20260827105224,2026-10-08T22:06:17
detergente,Consum,7423259,8410436446112,DIXAN,Detergente Líquido,A máquina líquido,14.65,14.65,,False,0.2,LAVADO,1 Lv,False,https://tienda.consum.es/es/p/detergente-liquido/7423259,https://cdn-consum.aktiosdigitalservices.com/tol/consum/media/product/img/300x300/7423259.jpg?t=20260827103605,2026-10-08T22:06:17
detergente,Consum,7426802,8410436445832,DIXAN,Detergente Líquido,A máquina líquido,6.99,6.99,,False,0.23,LAVADO,1 Lv,False,https://tienda.consum.es/es/p/detergente-liquido/7426802,https://cdn-consum.aktiosdigitalservices.com/tol/consum/media/product/img/300x300/7426802.jpg?t=20260827103755,2026-10-08T22:06:17
detergente,Consum,7423262,8410436448314,DIXAN,Detergente Líquido Adiós Al Separar,A máquina líquido,8.79,8.79,,False,0.22,LAVADO,1 Lv,False,https://tienda.consum.es/es/p/detergente-liquido-adios-al-separar/7423262,https://cdn-consum.aktiosdigitalservices.com/tol/consum/media/product/img/300x300/7423262.jpg?t=20260827103606,2026-10-08T22:06:17
detergente,Consum,7451359,8410436468275,DIXAN,Detergente Líquido Frescor,A máquina líquido,6.99,6.99,,False,0.23,LAVADO,1 Lv,False,https://tienda.consum.es/es/p/detergente-liquido-frescor/7451359,https://cdn-consum.aktiosdigitalservices.com/tol/consum/media/product/img/300x300/7451359.jpg?t=20260827104528,2026-10-08T22:06:17
detergente,Consum,7374908,8411582237005,ASEVI,Detergente Líquido Higyenic Max,A máquina líquido,6.89,6.89,,False,0.14,LAVADO,1 Lv,False,https://tienda.consum.es/es/p/detergente-liquido-higyenic-max/7374908,https://cdn-consum.aktiosdigitalservices.com/tol/consum/media/product/img/300x300/7374908.jpg?t=20260827102634,2026-10-08T22:06:17
detergente,Consum,7307643,8411582236671,ASEVI,Detergente Líquido Max,A máquina líquido,6.89,6.89,,False,0.14,LAVADO,1 Lv,False,https://tienda.consum.es/es/p/detergente-liquido-max/7307643,https://cdn-consum.aktiosdigitalservices.com/tol/consum/media/product/img/300x300/7307643.jpg?t=20260812080310,2026-10-08T22:06:17
detergente,Consum,7310022,8414807544117,CONSUM,Detergente Polvo Marsella,Máquina polvo,4.35,4.35,,False,0.12,LAVADO,1 Lv,False,https://tienda.consum.es/es/p/detergente-polvo-marsella/7310022,https://cdn-consum.aktiosdigitalservices.com/tol/consum/media/product/img/300x300/7310022.jpg?t=20260812080311,2026-10-08T22:06:17
detergente,Consum,7310006,8414807544087,CONSUM,Detergente Polvo,Máquina polvo,2.59,2.59,,False,0.22,LAVADO,1 Lv,False,https://tienda.consum.es/es/p/detergente-polvo/7310006,https://cdn-consum.aktiosdigitalservices.com/tol/consum/media/product/img/300x300/7310006.jpg?t=20260812080311,2026-10-08T22:06:17
detergente,Consum,7453595,8414807561152,CONSUM,Detergente Cápsulas Active,Máquina pastilla,4.25,4.25,,False,0.18,LAVADO,1 Lv,False,https://tienda.consum.es/es/p/detergente-capsulas-active/7453595,https://cdn-consum.aktiosdigitalservices.com/tol/consum/media/product/img/300x300/7453595.jpg?t=20260827104609,2026-10-08T22:06:17
detergente,Consum,7453603,8414807561169,CONSUM,Detergente Cápsulas Color,Aditivos y complementos,4.25,4.25,,False,0.18,LAVADO,1 Lv,False,https://tienda.consum.es/es/p/detergente-capsulas-color/7453603,https://cdn-consum.aktiosdigitalservices.com/tol/consum/media/product/img/300x300/7453603.jpg?t=20260827104610,2026-10-08T22:06:17
detergente,Consum,7452456,8414807561039,CONSUM,Detergente Cápsulas Total,Máquina pastilla,5.25,5.25,,False,0.26,LAVADO,1 Lv,False,https://tienda.consum.es/es/p/detergente-capsulas-total/7452456,https://cdn-consum.aktiosdigitalservices.com/tol/consum/media/product/img/300x300/7452456.jpg?t=20260812080450,2026-10-08T22:06:17
detergente,Consum,7465669,8414807562340,CONSUM,Detergente Líquido Prendas Delicadas,Prendas delicadas,2.5,2.5,,False,0.04,LAVADO,1 Lv,False,https://tienda.consum.es/es/p/detergente-liquido-prendas-delicadas/7465669,https://cdn-consum.aktiosdigitalservices.com/tol/consum/media/product/img/300x300/7465669.jpg?t=20260829075946,2026-10-08T22:06:17
detergente,Consum,7310014,8414807544094,CONSUM,Detergente Polvo Ropa Blanca y Color,Máquina polvo,5.19,5.19,,False,0.14,LAVADO,1 Lv,False,https://tienda.consum.es/es/p/detergente-polvo-ropa-blanca-y-color/7310014,https://cdn-consum.aktiosdigitalservices.com/tol/consum/media/product/img/300x300/7310014.jpg?t=20260812080311,2026-10-08T22:06:17
detergente,Consum,7451128,8410046661530,FLOTA,Detergente Líquido Esencia,A máquina líquido,4.99,4.99,,False,0.12,LAVADO,1 Lv,False,https://tienda.consum.es/es/p/detergente-liquido-esencia/7451128,https://cdn-consum.aktiosdigitalservices.com/tol/consum/media/product/img/300x300/7451128.jpg?t=20260827104527,2026-10-08T22:06:17
detergente,Consum,7453256,8411660114327,NORIT,Detergente Líquido Complet,A máquina líquido,8.95,8.95,,False,0.22,LAVADO,1 Lv,False,https://tienda.consum.es/es/p/detergente-liquido-complet/7453256,https://cdn-consum.aktiosdigitalservices.com/tol/consum/media/product/img/300x300/7453256.jpg?t=20260827104605,2026-10-08T22:06:17
detergente,Consum,7428142,8003650024343,OMINO BIANCO,Detergente Líquido Marsella,A máquina líquido,8.99,8.99,,False,0.2,LAVADO,1 Lv,False,https://tienda.consum.es/es/p/detergente-liquido-marsella/7428142,https://cdn-consum.aktiosdigitalservices.com/tol/consum/media/product/img/300x300/7428142.jpg?t=20260827103809,2026-10-08T22:06:17
detergente,Consum,7395325,8435495829485,A.LAVANDERA,Detergente Líquido Sensitive,A máquina líquido,6.19,6.19,,False,0.07,LAVADO,1 Lv,False,https://tienda.consum.es/es/p/detergente-liquido-sensitive/7395325,https://cdn-consum.aktiosdigitalservices.com/tol/consum/media/product/img/300x300/7395325.jpg?t=20260812080357,2026-10-08T22:06:17
detergente,Consum,7383560,8410104899288,COLON,Detergente Líquido Gel Aroma Nenuco,A máquina líquido,7.99,7.99,,False,0.18,LAVADO,1 Lv,False,https://tienda.consum.es/es/p/detergente-liquido-gel-aroma-nenuco/7383560,https://cdn-consum.aktiosdigitalservices.com/tol/consum/media/product/img/300x300/7383560.jpg?t=20260827102803,2026-10-08T22:06:17
detergente,Consum,7362288,8414807550651,CONSUM ECO,Detergente Líquido Eco,A máquina líquido,5.59,5.59,,False,0.13,LAVADO,1 Lv,False,https://tienda.consum.es/es/p/detergente-liquido-eco/7362288,https://cdn-consum.aktiosdigitalservices.com/tol/consum/media/product/img/300x300/7362288.jpg?t=20260812080337,2026-10-08T22:06:17
detergente,Consum,7381841,8410104898038,COLON,Detergente Líquido Gel Vanish Advanced,A máquina líquido,7.99,7.99,,False,0.26,LAVADO,1 Lv,False,https://tienda.consum.es/es/p/detergente-liquido-gel-vanish-advanced/7381841,https://cdn-consum.aktiosdigitalservices.com/tol/consum/media/product/img/300x300/7381841.jpg?t=20260827102751,2026-10-08T22:06:17
detergente,Consum,7476005,8006530095969,ARIEL,Detergente Líquido Total,A máquina líquido,7.95,7.95,,False,0.27,LAVADO,1 Lv,False,https://tienda.consum.es/es/p/detergente-liquido-total/7476005,https://cdn-consum.aktiosdigitalservices.com/tol/consum/media/product/img/300x300/7476005.jpg?t=20260812080524,2026-10-08T22:06:17
detergente,Consum,7471183,8700216808910,ARIEL,Detergente Líquido Platinum,A máquina líquido,10.99,10.99,,False,0.37,LAVADO,1 Lv,False,https://tienda.consum.es/es/p/detergente-liquido-platinum/7471183,https://cdn-consum.aktiosdigitalservices.com/tol/consum/media/product/img/300x300/7471183.jpg?t=20260827105253,2026-10-08T22:06:17
detergente,Consum,7423226,8410436452908,DIXAN,Detergente Cápsulas Trio Caps,Máquina pastilla,4.99,8.79,4.99,True,0.21,LAVADO,1 Lv,False,https://tienda.consum.es/es/p/detergente-capsulas-trio-caps/7423226,https://cdn-consum.aktiosdigitalservices.com/tol/consum/media/product/img/300x300/7423226.jpg?t=20260812080419,2026-10-08T22:06:17
detergente,Consum,7435444,8410436465861,WIPP,Detergente en Polvo,Máquina polvo,8.99,11.05,8.99,True,0.3,LAVADO,1 Lv,False,https://tienda.consum.es/es/p/detergente-en-polvo/7435444,https://cdn-consum.aktiosdigitalservices.com/tol/consum/media/product/img/300x300/7435444.jpg?t=20260827104034,2026-10-08T22:06:17
detergente,Consum,7403918,8410436434690,WIPP,Detergente Cápsulas Floral,Máquina pastilla,6.99,12.79,6.99,True,0.21,LAVADO,1 Lv,False,https://tienda.consum.es/es/p/detergente-capsulas-floral/7403918,https://cdn-consum.aktiosdigitalservices.com/tol/consum/media/product/img/300x300/7403918.jpg?t=20260812080404,2026-10-08T22:06:17
detergente,Consum,7427334,8410436456593,WIPP,Detergente Cápsulas Power Antiolores,Máquina pastilla,6.99,12.79,6.99,True,0.21,LAVADO,1 Lv,False,https://tienda.consum.es/es/p/detergente-capsulas-power-antiolores/7427334,https://cdn-consum.aktiosdigitalservices.com/tol/consum/media/product/img/300x300/7427334.jpg?t=20260812080424,2026-10-08T22:06:17
detergente,Consum,7425416,8410436420686,DIXAN,Detergente en Cápsulas Adiós al Separar,Máquina pastilla,4.39,4.39,,False,0.37,LAVADO,1 Lv,False,https://tienda.consum.es/es/p/detergente-en-capsulas-adios-al-separar/7425416,https://cdn-consum.aktiosdigitalservices.com/tol/consum/media/product/img/300x300/7425416.jpg?t=20260827103716,2026-10-08T22:06:17
detergente,Consum,7438252,8410436466424,DIXAN,Detergente en Polvo,Máquina polvo,11.15,11.15,,False,0.29,LAVADO,1 Lv,False,https://tienda.consum.es/es/p/detergente-en-polvo/7438252,https://cdn-consum.aktiosdigitalservices.com/tol/consum/media/product/img/300x300/7438252.jpg?t=20260812080436,2026-10-08T22:06:17
detergente,Consum,7421563,8410436435017,DIXAN,Detergente Cápsulas,Máquina pastilla,11.79,11.79,,False,0.35,LITRO,1 L,False,https://tienda.consum.es/es/p/detergente-capsulas/7421563,https://cdn-consum.aktiosdigitalservices.com/tol/consum/media/product/img/300x300/7421563.jpg?t=20260827103547,2026-10-08T22:06:17
detergente,Consum,7446529,8411582236817,ASEVI,Detergente en Tiras Active Fresh,Máquina pastilla,5.99,5.99,,False,0.2,LAVADO,1 Lv,False,https://tienda.consum.es/es/p/detergente-en-tiras-active-fresh/7446529,https://cdn-consum.aktiosdigitalservices.com/tol/consum/media/product/img/300x300/7446529.jpg?t=20260812080445,2026-10-08T22:06:17
detergente,Consum,7302362,8411660118219,NORIT,Detergente Líquido Prendas Delicadas Bebé,Prendas delicadas,3.99,3.99,,False,0.12,LAVADO,1 Lv,False,https://tienda.consum.es/es/p/detergente-liquido-prendas-delicadas-bebe/7302362,https://cdn-consum.aktiosdigitalservices.com/tol/consum/media/product/img/300x300/7302362.jpg?t=20260812080307,2026-10-08T22:06:17
detergente,Consum,7471175,8006530031219,ARIEL,Detergente Capsulas Platinum,Máquina pastilla,8.99,8.99,,False,0.47,LAVADO,1 Lv,False,https://tienda.consum.es/es/p/detergente-capsulas-platinum/7471175,https://cdn-consum.aktiosdigitalservices.com/tol/consum/media/product/img/300x300/7471175.jpg?t=20260815075913,2026-10-08T22:06:17
detergente,Consum,7295355,8414807542588,CONSUM ECO,Detergente Cápsulas Eco,Droguería y limpieza,4.99,4.99,,False,0.25,LAVADO,1 Lv,False,https://tienda.consum.es/es/p/detergente-capsulas-eco/7295355,https://cdn-consum.aktiosdigitalservices.com/tol/consum/media/product/img/300x300/7295355.jpg?t=20260714080238,2026-10-08T22:06:17
detergente,Consum,7302359,8411660117601,NORIT,Detergente Líquido P.Delicadas Máquina,Prendas delicadas,3.99,3.99,,False,0.11,LAVADO,1 Lv,False,https://tienda.consum.es/es/p/detergente-liquido-pdelicadas-maquina/7302359,https://cdn-consum.aktiosdigitalservices.com/tol/consum/media/product/img/300x300/7302359.jpg?t=20260812080307,2026-10-08T22:06:17
detergente,Consum,7472199,8700216399357,ARIEL,Detergente Polvo Original 30+6,Máquina polvo,12.99,12.99,,False,0.36,LAVADO,1 Lv,False,https://tienda.consum.es/es/p/detergente-polvo-original-306/7472199,https://cdn-consum.aktiosdigitalservices.com/tol/consum/media/product/img/300x300/7472199.jpg?t=20260812080518,2026-10-08T22:06:17
detergente,Consum,401356,8410020380891,PERLAN,Detergente Líquido Prendas Delicadas,Prendas delicadas,3.25,3.25,,False,0.13,LAVADO,1 Lv,False,https://tienda.consum.es/es/p/detergente-liquido-prendas-delicadas/401356,https://cdn-consum.aktiosdigitalservices.com/tol/consum/media/product/img/300x300/401356.jpg?t=20260812080136,2026-10-08T22:06:17
detergente,Consum,7478266,8006530031257,ARIEL,Detergente Cápsulas Original,Máquina pastilla,9.69,9.69,,False,0.44,LAVADO,1 Lv,False,https://tienda.consum.es/es/p/detergente-capsulas-original/7478266,https://cdn-consum.aktiosdigitalservices.com/tol/consum/media/product/img/300x300/7478266.jpg?t=20260827105633,2026-10-08T22:06:17
detergente,Consum,7171999,8412250002017,VIKER,Detergente Concentrado,Prendas delicadas,2.09,2.09,,False,13.93,KILO,1 Kg,False,https://tienda.consum.es/es/p/detergente-concentrado/7171999,https://cdn-consum.aktiosdigitalservices.com/tol/consum/media/product/img/300x300/7171999.jpg?t=20260818080120,2026-10-08T22:06:17
detergente,Consum,7302354,8411660116604,NORIT,Detergente Líquido Prendas Delicadas Mano,A mano y jabón común,3.99,3.99,,False,0.09,LAVADO,1 Lv,False,https://tienda.consum.es/es/p/detergente-liquido-prendas-delicadas-mano/7302354,https://cdn-consum.aktiosdigitalservices.com/tol/consum/media/product/img/300x300/7302354.jpg?t=20260812080307,2026-10-08T22:06:17
detergente,Consum,7418564,8410104914974,COLON,Detergente Advanced Cápsulas,Máquina pastilla,4.49,4.49,,False,0.37,LAVADO,1 Lv,False,https://tienda.consum.es/es/p/detergente-advanced-capsulas/7418564,https://cdn-consum.aktiosdigitalservices.com/tol/consum/media/product/img/300x300/7418564.jpg?t=20260827103451,2026-10-08T22:06:17
detergente,Consum,7403913,8410436434577,WIPP,Detergente Cápsulas Power,Máquina pastilla,12.79,12.79,,False,0.39,LAVADO,1 Lv,False,https://tienda.consum.es/es/p/detergente-capsulas-power/7403913,https://cdn-consum.aktiosdigitalservices.com/tol/consum/media/product/img/300x300/7403913.jpg?t=20260827103150,2026-10-08T22:06:17
detergente,Consum,7451172,8410046611528,FLOTA,Detergente a Mano Active Plus,A mano y jabón común,1.9,1.9,,False,2.92,KILO,1 Kg,False,https://tienda.consum.es/es/p/detergente-a-mano-active-plus/7451172,https://cdn-consum.aktiosdigitalservices.com/tol/consum/media/product/img/300x300/7451172.jpg?t=20260812080449,2026-10-08T22:06:17
detergente,Consum,7472970,8435495860921,LAVANDERA,Detergente Capsulas Pieles Sensibles,Máquina pastilla,6.29,6.29,,False,0.26,LAVADO,1 Lv,False,https://tienda.consum.es/es/p/detergente-capsulas-pieles-sensibles/7472970,https://cdn-consum.aktiosdigitalservices.com/tol/consum/media/product/img/300x300/7472970.jpg?t=20260827105334,2026-10-08T22:06:17
detergente,Consum,7480148,8006530453721,ARIEL,Detergente Cápsulas Poderoso,Máquina pastilla,4.95,4.95,,False,0.41,LAVADO,1 Lv,False,https://tienda.consum.es/es/p/detergente-capsulas-poderoso/7480148,https://cdn-consum.aktiosdigitalservices.com/tol/consum/media/product/img/300x300/7480148.jpg?t=20260812080530,2026-10-08T22:06:17
detergente,Consum,7482503,8410436502818,WIPP,Detergente Cápsulas Power,Máquina pastilla,7.39,7.39,,False,0.41,LAVADO,1 Lv,False,https://tienda.consum.es/es/p/detergente-capsulas-power/7482503,https://cdn-consum.aktiosdigitalservices.com/tol/consum/media/product/img/300x300/7482503.jpg?t=20260901080930,2026-10-08T22:06:17
detergente,Consum,7328326,8414807546203,CONSUM,Lejía Lavadora Densa,Lejías y amoniacos,1.25,1.25,,False,0.63,LITRO,1 L,False,https://tienda.consum.es/es/p/lejia-lavadora-densa/7328326,https://cdn-consum.aktiosdigitalservices.com/tol/consum/media/product/img/300x300/7328326.jpg?t=20260812080319,2026-10-08T22:06:17
detergente,Consum,7427789,8410761000898,LAGARTO,Jabón Pastilla Vegetal,A mano y jabón común,1.59,1.59,,False,0.8,UNIDAD,1 U,False,https://tienda.consum.es/es/p/jabon-pastilla-vegetal/7427789,https://cdn-consum.aktiosdigitalservices.com/tol/consum/media/product/img/300x300/7427789.jpg?t=20260812080424,2026-10-08T22:06:17
detergente,Consum,7009991,8004060001931,OMINO BIANCO,Jabón de Marsella Pastilla,A mano y jabón común,2.99,2.99,,False,2.99,UNIDAD,1 U,False,https://tienda.consum.es/es/p/jabon-de-marsella-pastilla/7009991,https://cdn-consum.aktiosdigitalservices.com/tol/consum/media/product/img/300x300/7009991.jpg?t=20260812080148,2026-10-08T22:06:17
detergente,Consum,7432946,8410761600067,LAGARTO,Escamas de Jabón Natural,A mano y jabón común,2.9,2.9,,False,7.25,KILO,1 Kg,False,https://tienda.consum.es/es/p/escamas-de-jabon-natural/7432946,https://cdn-consum.aktiosdigitalservices.com/tol/consum/media/product/img/300x300/7432946.jpg?t=20260812080429,2026-10-08T22:06:17
detergente,Consum,7337244,8414807547347,CONSUM,Lejía con Detergente Limón,Lejías y amoniacos,1.15,1.15,,False,0.58,LITRO,1 L,False,https://tienda.consum.es/es/p/lejia-con-detergente-limon/7337244,https://cdn-consum.aktiosdigitalservices.com/tol/consum/media/product/img/300x300/7337244.jpg?t=20260818080128,2026-10-08T22:06:17
detergente,Consum,7328321,8414807546197,CONSUM,Lejía con Detergente,Lejías y amoniacos,1.15,1.15,,False,0.58,LITRO,1 L,False,https://tienda.consum.es/es/p/lejia-con-detergente/7328321,https://cdn-consum.aktiosdigitalservices.com/tol/consum/media/product/img/300x300/7328321.jpg?t=20260812080319,2026-10-08T22:06:17
detergente,Consum,7395739,8410436419574,ESTRELLA,Lejía con Detergente Azul,Lejías y amoniacos,2.65,2.65,,False,1.85,LITRO,1 L,False,https://tienda.consum.es/es/p/lejia-con-detergente-azul/7395739,https://cdn-consum.aktiosdigitalservices.com/tol/consum/media/product/img/300x300/7395739.jpg?t=20260827103005,2026-10-08T22:06:17
detergente,Consum,7395788,8410436419604,ESTRELLA,Lejía con Detergente Limón,Lejías y amoniacos,2.65,2.65,,False,1.85,LITRO,1 L,False,https://tienda.consum.es/es/p/lejia-con-detergente-limon/7395788,https://cdn-consum.aktiosdigitalservices.com/tol/consum/media/product/img/300x300/7395788.jpg?t=20260827103006,2026-10-08T22:06:17
detergente,Consum,7317535,8413395055449,KIDEL,Pastillas Activas Multiuso Desinfectante,Lejías y amoniacos,2.1,2.1,,False,0.05,UNIDAD,1 U,False,https://tienda.consum.es/es/p/pastillas-activas-multiuso-desinfectante/7317535,https://cdn-consum.aktiosdigitalservices.com/tol/consum/media/product/img/300x300/7317535.jpg?t=20260812080315,2026-10-08T22:06:17
detergente,Consum,7446821,8410931008792,CLOROMAX,Lejía con Detergente,Lejías y amoniacos,1.69,1.69,,False,0.85,LITRO,1 L,False,https://tienda.consum.es/es/p/lejia-con-detergente/7446821,https://cdn-consum.aktiosdigitalservices.com/tol/consum/media/product/img/300x300/7446821.jpg?t=20260812080445,2026-10-08T22:06:17
detergente,Consum,7395791,8410436419635,ESTRELLA,Lejía con Detergente Pino,Lejías y amoniacos,2.65,2.65,,False,1.85,LITRO,1 L,False,https://tienda.consum.es/es/p/lejia-con-detergente-pino/7395791,https://cdn-consum.aktiosdigitalservices.com/tol/consum/media/product/img/300x300/7395791.jpg?t=20260827103008,2026-10-08T22:06:17
detergente,Consum,7484905,8437014202052,A.LAVANDERA,Lejía con Limón,Lejías y amoniacos,1.45,1.45,,False,0.97,LITRO,1 L,False,https://tienda.consum.es/es/p/lejia-con-limon/7484905,https://cdn-consum.aktiosdigitalservices.com/tol/consum/media/product/img/300x300/7484905.jpg?t=20260929080805,2026-10-08T22:06:17
detergente,Consum,7356780,8411081135734,JOSMI,Amoniaco Muy Fuerte con Detergente,Amoniacos,1.25,1.25,,False,1.67,LITRO,1 L,False,https://tienda.consum.es/es/p/amoniaco-muy-fuerte-con-detergente/7356780,https://cdn-consum.aktiosdigitalservices.com/tol/consum/media/product/img/300x300/7356780.jpg?t=20260812080334,2026-10-08T22:06:17
detergente,Consum,7451565,8411081153486,JOSMI,Amoníaco con Detergente Marsella,Amoniacos,1.45,1.45,,False,0.97,LITRO,1 L,False,https://tienda.consum.es/es/p/amoniaco-con-detergente-marsella/7451565,https://cdn-consum.aktiosdigitalservices.com/tol/consum/media/product/img/300x300/7451565.jpg?t=20260812080449,2026-10-08T22:06:17
papel higiénico,Consum,7216666,8414807533043,CONSUM,Higiénico Doble Capa Compacto,Papel higiénico,4.6,4.6,,False,0.38,UNIDAD,1 U,False,https://tienda.consum.es/es/p/higienico-doble-capa-compacto/7216666,https://cdn-consum.aktiosdigitalservices.com/tol/consum/media/product/img/300x300/7216666.jpg?t=20260812080233,2026-10-08T22:06:18
papel higiénico,Consum,7177723,8414807526939,CONSUM,Higiénico Doble Capa,Papel higiénico,2.5,2.5,,False,0.21,UNIDAD,1 U,False,https://tienda.consum.es/es/p/higienico-doble-capa/7177723,https://cdn-consum.aktiosdigitalservices.com/tol/consum/media/product/img/300x300/7177723.jpg?t=20260812080219,2026-10-08T22:06:18
papel higiénico,Consum,7436553,5029053038469,SCOTTEX,Higiénico Doble Capa Original,Papel higiénico,5.99,7.99,5.99,True,0.25,UNIDAD,1 U,False,https://tienda.consum.es/es/p/higienico-doble-capa-original/7436553,https://cdn-consum.aktiosdigitalservices.com/tol/consum/media/product/img/300x300/7436553.jpg?t=20260827104056,2026-10-08T22:06:18
papel higiénico,Consum,7485910,5029053587097,SCOTTEX,Higiénico Seda Acolchado,Papel higiénico,3.99,3.99,,False,0.67,UNIDAD,1 U,False,https://tienda.consum.es/es/p/higienico-seda-acolchado/7485910,https://cdn-consum.aktiosdigitalservices.com/tol/consum/media/product/img/300x300/7485910.jpg?t=20260924080037,2026-10-08T22:06:18
papel higiénico,Consum,7403921,5029053572024,SCOTTEX,Higiénico Megarollo 6 Rollos,Papel higiénico,2.99,3.99,2.99,True,0.5,UNIDAD,1 U,False,https://tienda.consum.es/es/p/higienico-megarollo-6-rollos/7403921,https://cdn-consum.aktiosdigitalservices.com/tol/consum/media/product/img/300x300/7403921.jpg?t=20260827103152,2026-10-08T22:06:18
papel higiénico,Consum,7094175,8437005901452,FOXY,Higiénico Bouquet Color 4 Rollos Más 2 Gratis,Papel higiénico,3.19,3.89,3.19,True,0.53,UNIDAD,1 U,False,https://tienda.consum.es/es/p/higienico-bouquet-color-4-rollos-mas-2-gratis/7094175,https://cdn-consum.aktiosdigitalservices.com/tol/consum/media/product/img/300x300/7094175.jpg?t=20260827100152,2026-10-08T22:06:18
papel higiénico,Consum,7459365,8433111001789,FOXY,Higiénico Love The Bee 4 Rollos,Papel higiénico,1.79,1.99,1.79,True,0.45,UNIDAD,1 U,False,https://tienda.consum.es/es/p/higienico-love-the-bee-4-rollos/7459365,https://cdn-consum.aktiosdigitalservices.com/tol/consum/media/product/img/300x300/7459365.jpg?t=20260827104815,2026-10-08T22:06:18
papel higiénico,Consum,7415714,5029053582962,SCOTTEX,Higiénico Acolchado,Papel higiénico,3.99,3.99,,False,0.5,UNIDAD,1 U,False,https://tienda.consum.es/es/p/higienico-acolchado/7415714,https://cdn-consum.aktiosdigitalservices.com/tol/consum/media/product/img/300x300/7415714.jpg?t=20260827103419,2026-10-08T22:06:18
papel higiénico,Consum,7166887,8414807525383,CONSUM,Higiénico Doble Capa,Papel higiénico,1.89,1.89,,False,0.32,UNIDAD,1 U,False,https://tienda.consum.es/es/p/higienico-doble-capa/7166887,https://cdn-consum.aktiosdigitalservices.com/tol/consum/media/product/img/300x300/7166887.jpg?t=20260812080216,2026-10-08T22:06:18
papel higiénico,Consum,7177736,8414807526960,CONSUM,Higiénico Triple Capa Perfumado,Papel higiénico,4.99,4.99,,False,0.42,UNIDAD,1 U,False,https://tienda.consum.es/es/p/higienico-triple-capa-perfumado/7177736,https://cdn-consum.aktiosdigitalservices.com/tol/consum/media/product/img/300x300/7177736.jpg?t=20260812080219,2026-10-08T22:06:18
papel higiénico,Consum,7338767,8414807547545,CONSUM,Higiénico Acolchado Tres Capas,Papel higiénico,3.99,3.99,,False,0.67,UNIDAD,1 U,False,https://tienda.consum.es/es/p/higienico-acolchado-tres-capas/7338767,https://cdn-consum.aktiosdigitalservices.com/tol/consum/media/product/img/300x300/7338767.jpg?t=20260829075945,2026-10-08T22:06:18
papel higiénico,Consum,7216661,8414807533036,CONSUM,Higiénico Doble Capa Compacto,Papel higiénico,2.4,2.4,,False,0.4,UNIDAD,1 U,False,https://tienda.consum.es/es/p/higienico-doble-capa-compacto/7216661,https://cdn-consum.aktiosdigitalservices.com/tol/consum/media/product/img/300x300/7216661.jpg?t=20260812080233,2026-10-08T22:06:18
papel higiénico,Consum,7383834,8414807553072,CONSUM,Higiénico Resistente Cuatro Capas,Papel higiénico,3.7,3.7,,False,0.46,UNIDAD,1 U,False,https://tienda.consum.es/es/p/higienico-resistente-cuatro-capas/7383834,https://cdn-consum.aktiosdigitalservices.com/tol/consum/media/product/img/300x300/7383834.jpg?t=20260812080349,2026-10-08T22:06:18
papel higiénico,Consum,7400856,5029053575766,SCOTTEX,Higiénico Doble Capa Original,Papel higiénico,3.99,3.99,,False,0.33,UNIDAD,1 U,False,https://tienda.consum.es/es/p/higienico-doble-capa-original/7400856,https://cdn-consum.aktiosdigitalservices.com/tol/consum/media/product/img/300x300/7400856.jpg?t=20260827103114,2026-10-08T22:06:18
papel higiénico,Consum,7110232,8437005901476,FOXY,Higiénico Triple Capa Seda 4 Rollos más 2 Gratis,Papel higiénico,3.89,3.89,,False,0.65,UNIDAD,1 U,False,https://tienda.consum.es/es/p/higienico-triple-capa-seda-4-rollos-mas-2-gratis/7110232,https://cdn-consum.aktiosdigitalservices.com/tol/consum/media/product/img/300x300/7110232.jpg?t=20260827100254,2026-10-08T22:06:18
papel higiénico,Consum,7141471,8437005901193,FOXY,Higiénico Mega3,Papel higiénico,3.89,3.89,,False,0.97,UNIDAD,1 U,False,https://tienda.consum.es/es/p/higienico-mega3/7141471,https://cdn-consum.aktiosdigitalservices.com/tol/consum/media/product/img/300x300/7141471.jpg?t=20260812080211,2026-10-08T22:06:18
papel higiénico,Consum,7475788,8433111001437,FOXY,Higiénico Triple Capa 9 Rollos,Papel higiénico,5.69,5.69,,False,0.63,UNIDAD,1 U,False,https://tienda.consum.es/es/p/higienico-triple-capa-9-rollos/7475788,https://cdn-consum.aktiosdigitalservices.com/tol/consum/media/product/img/300x300/7475788.jpg?t=20260428083114,2026-10-08T22:06:18
papel higiénico,Consum,7399335,5029053036151,SCOTTEX,Higiénico Húmedo Fresh,Toallitas húmedas,2.49,2.99,2.49,True,0.03,UNIDAD,1 U,False,https://tienda.consum.es/es/p/higienico-humedo-fresh/7399335,https://cdn-consum.aktiosdigitalservices.com/tol/consum/media/product/img/300x300/7399335.jpg?t=20260812080401,2026-10-08T22:06:18
papel higiénico,Consum,7328953,8414807546272,CONSUM,Higiénico Húmedo Compacto,Toallitas húmedas,0.8,0.8,,False,0.05,UNIDAD,1 U,False,https://tienda.consum.es/es/p/higienico-humedo-compacto/7328953,https://cdn-consum.aktiosdigitalservices.com/tol/consum/media/product/img/300x300/7328953.jpg?t=20260827102109,2026-10-08T22:06:18
papel higiénico,Consum,7328941,8414807546265,CONSUM,Higiénico Húmedo Compacto,Toallitas húmedas,1.55,1.55,,False,0.02,UNIDAD,1 U,False,https://tienda.consum.es/es/p/higienico-humedo-compacto/7328941,https://cdn-consum.aktiosdigitalservices.com/tol/consum/media/product/img/300x300/7328941.jpg?t=20260827102107,2026-10-08T22:06:18
papel higiénico,Consum,7366453,8410800066663,SALUSTAR,Papel Higiénico Húmedo Fresh Sensation,Toallitas húmedas,1.9,1.9,,False,0.16,UNIDAD,1 U,False,https://tienda.consum.es/es/p/papel-higienico-humedo-fresh-sensation/7366453,https://cdn-consum.aktiosdigitalservices.com/tol/consum/media/product/img/300x300/7366453.jpg?t=20260827102529,2026-10-08T22:06:18
papel higiénico,Consum,7315997,8414807544667,CONSUM KIDS,Papel Higiénico Húmedo,Toallitas,2.19,2.19,,False,0.02,UNIDAD,1 U,False,https://tienda.consum.es/es/p/papel-higienico-humedo/7315997,https://cdn-consum.aktiosdigitalservices.com/tol/consum/media/product/img/300x300/7315997.jpg?t=20260812080314,2026-10-08T22:06:18
papel higiénico,Consum,7099195,5029053010052,SCOTTEX,Higiénico Húmedo Fresh,Toallitas húmedas,1.99,1.99,,False,0.05,UNIDAD,1 U,False,https://tienda.consum.es/es/p/higienico-humedo-fresh/7099195,https://cdn-consum.aktiosdigitalservices.com/tol/consum/media/product/img/300x300/7099195.jpg?t=20260827100207,2026-10-08T22:06:18
papel higiénico,Consum,7358596,5029053562858,SCOTTEX,Higiénico Húmedo Aloe Vera,Toallitas húmedas,2.99,2.99,,False,0.05,UNIDAD,1 U,False,https://tienda.consum.es/es/p/higienico-humedo-aloe-vera/7358596,https://cdn-consum.aktiosdigitalservices.com/tol/consum/media/product/img/300x300/7358596.jpg?t=20260827102415,2026-10-08T22:06:18
papel higiénico,Consum,7484744,8410800068674,SALUSTAR,Higiénico Húmedo Natur Aqua,Toallitas húmedas,3.25,3.25,,False,0.03,UNIDAD,1 U,False,https://tienda.consum.es/es/p/higienico-humedo-natur-aqua/7484744,https://cdn-consum.aktiosdigitalservices.com/tol/consum/media/product/img/300x300/7484744.jpg?t=20260915080303,2026-10-08T22:06:18
