searched_item,supermarket,name,quantity_raw,price_raw,price_type,price,image_url,scraped_at,total_quantity,unit,price_per_unit,postal_code,warehouse,product_id,url,category,previous_price,matched_terms,total_quantity_unit
aceite,Mercadona,"Aceite de oliva 0,4º Hacendado",5.0 l,17.25 €,/ud,17.25,https://prod-mercadona.imgix.net/images/3b8cde7b3cb069ee0316029012cf8562.jpg?fit=crop&h=300&w=300,2026-10-08T22:23:42,5.0,LITRO,3.45,28911,mad1,4241,https://tienda.mercadona.es/product/4241/aceite-oliva-04o-hacendado-garrafa,"Aceite, vinagre y sal",,aceite,LITRO
aceite,Mercadona,"Aceite de oliva 0,4º Hacendado",1.0 l,3.7 €,/ud,3.7,https://prod-mercadona.imgix.net/images/65c2349950feb1958362e06217003b10.jpg?fit=crop&h=300&w=300,2026-10-08T22:23:42,1.0,LITRO,3.7,28911,mad1,4240,https://tienda.mercadona.es/product/4240/aceite-oliva-04o-hacendado-botella,"Aceite, vinagre y sal",,aceite,LITRO
aceite,Mercadona,Aceite de oliva virgen extra Hacendado,3.0 l,12.15 €,/ud,12.15,https://prod-mercadona.imgix.net/images/cd149804838dc230dad3c2a314cf2286.jpg?fit=crop&h=300&w=300,2026-10-08T22:23:42,3.0,LITRO,4.05,28911,mad1,4717,https://tienda.mercadona.es/product/4717/aceite-oliva-virgen-extra-hacendado-garrafa,"Aceite, vinagre y sal",12.8,aceite,LITRO
aceite,Mercadona,Aceite de oliva virgen extra Hacendado,1.0 l,4.35 €,/ud,4.35,https://prod-mercadona.imgix.net/images/a5648e373920a10023a7ab6304eb0dc0.jpg?fit=crop&h=300&w=300,2026-10-08T22:23:42,1.0,LITRO,4.35,28911,mad1,4740,https://tienda.mercadona.es/product/4740/aceite-oliva-virgen-extra-hacendado-botella,"Aceite, vinagre y sal",4.45,aceite,LITRO
aceite,Mercadona,Aceite de oliva virgen extra Hacendado Gran Selección,0.75 l,5.25 €,/ud,5.25,https://prod-mercadona.imgix.net/images/c60e6e09dc2037a291515d3b15af376c.jpg?fit=crop&h=300&w=300,2026-10-08T22:23:42,0.75,LITRO,7.0,28911,mad1,4706,https://tienda.mercadona.es/product/4706/aceite-oliva-virgen-extra-hacendado-gran-seleccion-botella,"Aceite, vinagre y sal",5.5,aceite,LITRO
aceite,Mercadona,Aceite de oliva 1º Hacendado,5.0 l,17.25 €,/ud,17.25,https://prod-mercadona.imgix.net/images/340603f72b335443e93eeb027630e9ad.jpg?fit=crop&h=300&w=300,2026-10-08T22:23:42,5.0,LITRO,3.45,28911,mad1,4641,https://tienda.mercadona.es/product/4641/aceite-oliva-1o-hacendado-garrafa,"Aceite, vinagre y sal",,aceite,LITRO
aceite,Mercadona,Aceite de oliva 1º Hacendado,1.0 l,3.9 €,/ud,3.9,https://prod-mercadona.imgix.net/images/fe860edbcbb7504d90ad34af0b93b6d7.jpg?fit=crop&h=300&w=300,2026-10-08T22:23:42,1.0,LITRO,3.9,28911,mad1,4640,https://tienda.mercadona.es/product/4640/aceite-oliva-1o-hacendado-botella,"Aceite, vinagre y sal",,aceite,LITRO
aceite,Mercadona,Aceite de oliva virgen Hacendado,3.0 l,11.65 €,/ud,11.65,https://prod-mercadona.imgix.net/images/5b2daa7ddeb496942b974d178bf3a47d.jpg?fit=crop&h=300&w=300,2026-10-08T22:23:42,3.0,LITRO,3.884,28911,mad1,4711,https://tienda.mercadona.es/product/4711/aceite-oliva-virgen-hacendado-garrafa,"Aceite, vinagre y sal",,aceite,LITRO
aceite,Mercadona,Aceite de oliva virgen Hacendado,1.0 l,4.1 €,/ud,4.1,https://prod-mercadona.imgix.net/images/a6b5607809fdd257ffd5e778791bdc6a.jpg?fit=crop&h=300&w=300,2026-10-08T22:23:42,1.0,LITRO,4.1,28911,mad1,4749,https://tienda.mercadona.es/product/4749/aceite-oliva-virgen-hacendado-botella,"Aceite, vinagre y sal",,aceite,LITRO
aceite,Mercadona,Aceite de oliva virgen extra Hacendado,0.2 l,2.6 €,/ud,2.6,https://prod-mercadona.imgix.net/images/efb4b2c1a0e2cb8d9d522a815c295fa0.jpg?fit=crop&h=300&w=300,2026-10-08T22:23:42,0.2,LITRO,13.0,28911,mad1,4718,https://tienda.mercadona.es/product/4718/aceite-oliva-virgen-extra-hacendado-spray,"Aceite, vinagre y sal",,aceite,LITRO
aceite,Mercadona,Aceite de oliva virgen extra Picual Casa Juncal,0.5 l,4.85 €,/ud,4.85,https://prod-mercadona.imgix.net/images/218712ed55645f7f5a0eb8f40d96aea0.jpg?fit=crop&h=300&w=300,2026-10-08T22:23:42,0.5,LITRO,9.7,28911,mad1,4850,https://tienda.mercadona.es/product/4850/aceite-oliva-virgen-extra-picual-casa-juncal-botella,"Aceite, vinagre y sal",,aceite,LITRO
manzana,Mercadona,Vinagre de manzana Hacendado,1.0 l,0.9 €,/ud,0.9,https://prod-mercadona.imgix.net/images/6803f40bdcd3d9b3be574bcee41399f4.jpg?fit=crop&h=300&w=300,2026-10-08T22:23:42,1.0,LITRO,0.9,28911,mad1,4957,https://tienda.mercadona.es/product/4957/vinagre-manzana-hacendado-botella,"Aceite, vinagre y sal",,manzana,LITRO
aceite,Mercadona,"Aceite de girasol refinado 0,2º Hacendado",5.0 l,8.6 €,/ud,8.6,https://prod-mercadona.imgix.net/images/e6398afba1d032d2e1c0489fd727d2f6.jpg?fit=crop&h=300&w=300,2026-10-08T22:23:42,5.0,LITRO,1.72,28911,mad1,4041,https://tienda.mercadona.es/product/4041/aceite-girasol-refinado-02o-hacendado-garrafa,"Aceite, vinagre y sal",,aceite,LITRO
aceite,Mercadona,"Aceite de girasol refinado 0,2º Hacendado",1.0 l,1.85 €,/ud,1.85,https://prod-mercadona.imgix.net/images/3de50b8eb0dd7aedd0c8a7da4bd2de31.jpg?fit=crop&h=300&w=300,2026-10-08T22:23:42,1.0,LITRO,1.85,28911,mad1,4040,https://tienda.mercadona.es/product/4040/aceite-girasol-refinado-02o-hacendado-botella,"Aceite, vinagre y sal",,aceite,LITRO
aceite,Mercadona,Aceite de coco virgen Hacendado,0.45 l,5.1 €,/ud,5.1,https://prod-mercadona.imgix.net/images/2fe6ba84f4e3783e1e57c42903035bd3.jpg?fit=crop&h=300&w=300,2026-10-08T22:23:42,0.45,LITRO,11.334,28911,mad1,4193,https://tienda.mercadona.es/product/4193/aceite-coco-virgen-hacendado-bote,"Aceite, vinagre y sal",,aceite,LITRO
pollo,Mercadona,Sazonador hierbas provenzales Hacendado para pollo y costillas,0.024 kg,1.05 €,/ud,1.05,https://prod-mercadona.imgix.net/images/b5313417569b30a7ed5389f088b58249.jpg?fit=crop&h=300&w=300,2026-10-08T22:23:43,0.024,KILO,43.75,28911,mad1,11972,https://tienda.mercadona.es/product/11972/sazonador-hierbas-provenzales-hacendado-pollo-costillas-horno-microondas-con-bolsa,Especias,,pollo,KILO
pollo,Mercadona,Sazonador barbacoa Hacendado para pollo y costillas,0.057 kg,1.3 €,/ud,1.3,https://prod-mercadona.imgix.net/images/481139c28ea139dbbd8fca388557a003.jpg?fit=crop&h=300&w=300,2026-10-08T22:23:43,0.057,KILO,22.808,28911,mad1,86659,https://tienda.mercadona.es/product/86659/sazonador-sabor-barbacoa-hacendado-carne,Especias,,pollo,KILO
pollo,Mercadona,Sazonador pollo y carne Hacendado,0.076 kg,1.4 €,/ud,1.4,https://prod-mercadona.imgix.net/images/3ad2c1cd979434c98e651e6382660bf1.jpg?fit=crop&h=300&w=300,2026-10-08T22:23:43,0.076,KILO,18.422,28911,mad1,86808,https://tienda.mercadona.es/product/86808/sazonador-pollo-carne-hacendado-bote,Especias,,pollo,KILO
pasta,Mercadona,Sazonador pasta Hacendado,0.045 kg,1.6 €,/ud,1.6,https://prod-mercadona.imgix.net/images/45eeee3ab3e380f3e0892e61e724bec8.jpeg?fit=crop&h=300&w=300,2026-10-08T22:23:43,0.045,KILO,35.56,28911,mad1,60640,https://tienda.mercadona.es/product/60640/sazonador-pasta-hacendado-bote,Especias,,pasta,KILO
tomate,Mercadona,Salsa de tomate Zero sin azúcares añadidos Hacendado,0.6 kg,1.6 €,/ud,1.6,https://prod-mercadona.imgix.net/images/4ecccbaf38713c3f2966540720c5eec8.jpg?fit=crop&h=300&w=300,2026-10-08T22:23:44,0.6,KILO,2.667,28911,mad1,35343,https://tienda.mercadona.es/product/35343/ketchup-zero-azucares-anadidos-hacendado-bote,"Mayonesa, ketchup y mostaza",,tomate,KILO
tomate,Mercadona,Tomate frito Hacendado,3 briks x 0.4 kg,1.35 €,/pack,1.35,https://prod-mercadona.imgix.net/images/e589c8259daf4b9335098fb9ade7ee09.jpg?fit=crop&h=300&w=300,2026-10-08T22:23:45,1.2,KILO,1.125,28911,mad1,17132,https://tienda.mercadona.es/product/17132/tomate-frito-hacendado-pack-3,Otras salsas,,tomate,KILO
tomate,Mercadona,Tomate frito Hacendado,3 mini briks x 0.21 kg,0.95 €,/pack,0.95,https://prod-mercadona.imgix.net/images/bef3c040943e4b6dd59b15f565ec4f08.jpeg?fit=crop&h=300&w=300,2026-10-08T22:23:45,0.63,KILO,1.508,28911,mad1,17151,https://tienda.mercadona.es/product/17151/tomate-frito-hacendado-pack-3,Otras salsas,,tomate,KILO
tomate,Mercadona,Tomate frito Hacendado,0.56 kg,0.9 €,/ud,0.9,https://prod-mercadona.imgix.net/images/18fcaf49c55e224bb2bd9774dec259fa.jpg?fit=crop&h=300&w=300,2026-10-08T22:23:45,0.56,KILO,1.608,28911,mad1,17108,https://tienda.mercadona.es/product/17108/tomate-frito-hacendado-tarro,Otras salsas,,tomate,KILO
tomate,Mercadona,Tomate frito receta artesana Hacendado,0.56 kg,2.0 €,/ud,2.0,https://prod-mercadona.imgix.net/images/959baf90e8b8eee09398534f7c549992.jpg?fit=crop&h=300&w=300,2026-10-08T22:23:45,0.56,KILO,3.572,28911,mad1,17163,https://tienda.mercadona.es/product/17163/tomate-frito-receta-artesana-hacendado-con-aceite-oliva-tarro,Otras salsas,,tomate,KILO
tomate,Mercadona,Tomate frito receta artesana Hacendado,0.3 kg,1.4 €,/ud,1.4,https://prod-mercadona.imgix.net/images/450e65a016ec657d968e9926d761ec85.jpg?fit=crop&h=300&w=300,2026-10-08T22:23:45,0.3,KILO,4.667,28911,mad1,17131,https://tienda.mercadona.es/product/17131/tomate-frito-receta-artesana-hacendado-con-aceite-oliva-tarro,Otras salsas,,tomate,KILO
tomate,Mercadona,Tomate frito Hida,0.4 kg,1.55 €,/ud,1.55,https://prod-mercadona.imgix.net/images/41c22877e6e0c95dd006fd7696cb9919.jpg?fit=crop&h=300&w=300,2026-10-08T22:23:45,0.4,KILO,3.875,28911,mad1,17110,https://tienda.mercadona.es/product/17110/tomate-frito-hida-bote,Otras salsas,,tomate,KILO
tomate,Mercadona,Tomate frito estilo casero Hacendado,0.38 kg,1.2 €,/ud,1.2,https://prod-mercadona.imgix.net/images/b316f525c80033093912e2829796b5cc.jpg?fit=crop&h=300&w=300,2026-10-08T22:23:45,0.38,KILO,3.158,28911,mad1,17153,https://tienda.mercadona.es/product/17153/tomate-frito-estilo-casero-hacendado-con-aceite-oliva-brick,Otras salsas,,tomate,KILO
tomate,Mercadona,Tomate frito Hacendado con aceite de oliva,3 mini briks x 0.21 kg,1.4 €,/pack,1.4,https://prod-mercadona.imgix.net/images/bac47a7f2186be4ef7b42b3fbc3775d6.jpg?fit=crop&h=300&w=300,2026-10-08T22:23:45,0.63,KILO,2.223,28911,mad1,17128,https://tienda.mercadona.es/product/17128/tomate-frito-hacendado-con-aceite-oliva-pack-3,Otras salsas,,tomate|aceite,KILO
tomate,Mercadona,Tomate frito sin azúcares añadidos Hacendado,0.56 kg,1.1 €,/ud,1.1,https://prod-mercadona.imgix.net/images/67b219b3fd062167db5b46611259160e.jpg?fit=crop&h=300&w=300,2026-10-08T22:23:45,0.56,KILO,1.965,28911,mad1,17330,https://tienda.mercadona.es/product/17330/tomate-frito-sin-azucares-anadidos-hacendado-tarro,Otras salsas,,tomate,KILO
tomate,Mercadona,Salsa de tomate con Albahaca Hacendado,0.4 kg,1.5 €,/ud,1.5,https://prod-mercadona.imgix.net/images/0e502392ac037a1aefa8b4ed789485fb.jpg?fit=crop&h=300&w=300,2026-10-08T22:23:45,0.4,KILO,3.75,28911,mad1,52859,https://tienda.mercadona.es/product/52859/salsa-tomate-con-albahaca-hacendado-tarro,Otras salsas,,tomate,KILO
queso,Mercadona,Salsa fresca Queso Hacendado,0.18 kg,1.45 €,/ud,1.45,https://prod-mercadona.imgix.net/images/7b61519c9f97f7b985792fc84bbac56f.jpg?fit=crop&h=300&w=300,2026-10-08T22:23:45,0.18,KILO,8.056,28911,mad1,17409,https://tienda.mercadona.es/product/17409/salsa-fresca-queso-hacendado-paquete,Otras salsas,,queso,KILO
yogur,Mercadona,Salsa Yogur Hacendado,0.31 l,1.2 €,/ud,1.2,https://prod-mercadona.imgix.net/images/f4f57aefa10e985720547fb5709d2239.jpg?fit=crop&h=300&w=300,2026-10-08T22:23:45,0.31,LITRO,3.871,28911,mad1,17327,https://tienda.mercadona.es/product/17327/salsa-yogur-hacendado-bote,Otras salsas,,yogur,LITRO
aceite,Mercadona,Aliño de aceite con perejil y ajo Hacendado,0.15 l,1.8 €,/ud,1.8,https://prod-mercadona.imgix.net/images/7582550ed8c16126b739f1352fa53f6e.jpg?fit=crop&h=300&w=300,2026-10-08T22:23:45,0.15,LITRO,12.0,28911,mad1,17265,https://tienda.mercadona.es/product/17265/alino-aceite-ajo-perejil-hacendado-tarrina,Otras salsas,,aceite,LITRO
queso,Mercadona,Salsa de Queso Hacendado,0.28 l,1.65 €,/ud,1.65,https://prod-mercadona.imgix.net/images/5afafecdd64e91bea0c6e4bfdfec61da.jpg?fit=crop&h=300&w=300,2026-10-08T22:23:45,0.28,LITRO,5.893,28911,mad1,35344,https://tienda.mercadona.es/product/35344/salsa-queso-hacendado-tarro,Otras salsas,,queso,LITRO
pasta,Mercadona,Pasta de sésamo Tahini Hacendado,0.2 kg,2.95 €,/ud,2.95,https://prod-mercadona.imgix.net/images/cff0f56138bafc3ab2ed1bdf5487f2cc.jpg?fit=crop&h=300&w=300,2026-10-08T22:23:45,0.2,KILO,14.75,28911,mad1,17441,https://tienda.mercadona.es/product/17441/pasta-sesamo-tahini-hacendado-tarro,Otras salsas,,pasta,KILO
agua,Mercadona,Agua mineral grande Fuente Dehesa,6.0 l,1.3 €,/ud,1.3,https://prod-mercadona.imgix.net/images/b5aaab15625f9b00ff4efd92d9517dae.jpg?fit=crop&h=300&w=300,2026-10-08T22:23:46,6.0,LITRO,0.217,28911,mad1,52630,https://tienda.mercadona.es/product/52630/agua-mineral-grande-fuente-dehesa-mineralizacion-muy-debil-garrafa,Agua,,agua,LITRO
agua,Mercadona,Agua mineral grande Fuente Dehesa,6 botellas x 1.5 l,2.34 €,/pack,2.34,https://prod-mercadona.imgix.net/images/5d4a95feebb377e680226023921d823a.jpg?fit=crop&h=300&w=300,2026-10-08T22:23:46,9.0,LITRO,0.26,28911,mad1,15758,https://tienda.mercadona.es/product/15758/agua-mineral-grande-fuente-dehesa-mineralizacion-muy-debil-pack-6,Agua,,agua,LITRO
agua,Mercadona,Agua mineral grande Fuente Dehesa,1.5 l,0.39 €,/ud,0.39,https://prod-mercadona.imgix.net/images/1b2dc49fbd0b37b3501b50f48153fcde.jpg?fit=crop&h=300&w=300,2026-10-08T22:23:46,1.5,LITRO,0.26,28911,mad1,15759,https://tienda.mercadona.es/product/15759/agua-mineral-grande-fuente-dehesa-mineralizacion-muy-debil-botella,Agua,,agua,LITRO
agua,Mercadona,Agua mineral mediana Fuente Dehesa,6 botellas x 1.0 l,3.0 €,/pack,3.0,https://prod-mercadona.imgix.net/images/0190875678d7b33415230e4b99ad5ed0.jpg?fit=crop&h=300&w=300,2026-10-08T22:23:46,6.0,LITRO,0.5,28911,mad1,15760,https://tienda.mercadona.es/product/15760/agua-mineral-mediana-fuente-dehesa-mineralizacion-muy-debil-pack-6,Agua,,agua,LITRO
agua,Mercadona,Agua mineral mediana Fuente Dehesa,1.0 l,0.5 €,/ud,0.5,https://prod-mercadona.imgix.net/images/eb090b4a4d112cddc09d3b9156c70a1a.jpg?fit=crop&h=300&w=300,2026-10-08T22:23:46,1.0,LITRO,0.5,28911,mad1,15761,https://tienda.mercadona.es/product/15761/agua-mineral-mediana-fuente-dehesa-mineralizacion-muy-debil-botella,Agua,,agua,LITRO
agua,Mercadona,Agua mineral pequeña Fuente Dehesa,6 botellas x 0.5 l,1.74 €,/pack,1.74,https://prod-mercadona.imgix.net/images/593708f1afc7d240ebda6070b0e01381.jpg?fit=crop&h=300&w=300,2026-10-08T22:23:46,3.0,LITRO,0.58,28911,mad1,15762,https://tienda.mercadona.es/product/15762/agua-mineral-pequena-fuente-dehesa-mineralizacion-muy-debil-pack-6,Agua,,agua,LITRO
agua,Mercadona,Agua mineral pequeña Fuente Dehesa,0.5 l,0.29 €,/ud,0.29,https://prod-mercadona.imgix.net/images/5e3ece6d0340ca4112ab887db30f4034.jpg?fit=crop&h=300&w=300,2026-10-08T22:23:46,0.5,LITRO,0.58,28911,mad1,15763,https://tienda.mercadona.es/product/15763/agua-mineral-pequena-fuente-dehesa-mineralizacion-muy-debil-botella,Agua,,agua,LITRO
agua,Mercadona,Agua mineral pequeña Fuente Dehesa tapón infantil,6 botellas x 0.33 l,2.4 €,/pack,2.4,https://prod-mercadona.imgix.net/images/c739ac48b32492eca1ffeffb0ca8750a.jpg?fit=crop&h=300&w=300,2026-10-08T22:23:46,1.98,LITRO,1.213,28911,mad1,22391,https://tienda.mercadona.es/product/22391/agua-mineral-pequena-fuente-dehesa-tapon-infantil-mineralizacion-muy-debil-pack-6,Agua,,agua,LITRO
agua,Mercadona,Agua mineral pequeña Fuente Dehesa tapón infantil,0.33 l,0.4 €,/ud,0.4,https://prod-mercadona.imgix.net/images/c0d3a51f685c6d93a8c11d3f6fc3e59e.jpg?fit=crop&h=300&w=300,2026-10-08T22:23:46,0.33,LITRO,1.213,28911,mad1,22392,https://tienda.mercadona.es/product/22392/agua-mineral-pequena-fuente-dehesa-tapon-infantil-mineralizacion-muy-debil-botella,Agua,,agua,LITRO
agua,Mercadona,Agua mineral grande Bezoya,6 botellas x 1.5 l,4.14 €,/pack,4.14,https://prod-mercadona.imgix.net/images/2af69bfbbbb9b2279a1200f3ca67c6d4.jpg?fit=crop&h=300&w=300,2026-10-08T22:23:46,9.0,LITRO,0.46,28911,mad1,27314,https://tienda.mercadona.es/product/27314/agua-mineral-grande-bezoya-mineralizacion-muy-debil-pack-6,Agua,4.5,agua,LITRO
agua,Mercadona,Agua mineral grande Bezoya,1.5 l,0.69 €,/ud,0.69,https://prod-mercadona.imgix.net/images/8938d3a305c7e81970a0bb5d89e27dba.jpg?fit=crop&h=300&w=300,2026-10-08T22:23:46,1.5,LITRO,0.46,28911,mad1,27230,https://tienda.mercadona.es/product/27230/agua-mineral-grande-bezoya-mineralizacion-muy-debil-botella,Agua,0.75,agua,LITRO
agua,Mercadona,Agua mineral grande Nestlé Aquarel,6 botellas x 1.5 l,2.94 €,/pack,2.94,https://prod-mercadona.imgix.net/images/4e8a68c0cb6798b9aae972a7538388a7.jpg?fit=crop&h=300&w=300,2026-10-08T22:23:46,9.0,LITRO,0.327,28911,mad1,27099,https://tienda.mercadona.es/product/27099/agua-mineral-grande-nestle-aquarel-mineralizacion-muy-debil-pack-6,Agua,3.84,agua,LITRO
agua,Mercadona,Agua mineral grande Nestlé Aquarel,1.5 l,0.49 €,/ud,0.49,https://prod-mercadona.imgix.net/images/271842cd61ddc0fc2672b2f27411ae55.jpeg?fit=crop&h=300&w=300,2026-10-08T22:23:46,1.5,LITRO,0.327,28911,mad1,27232,https://tienda.mercadona.es/product/27232/agua-mineral-grande-nestle-aquarel-mineralizacion-muy-debil-botella,Agua,0.64,agua,LITRO
agua,Mercadona,Agua mineral grande Solán de Cabras,6 botellas x 1.5 l,5.1 €,/pack,5.1,https://prod-mercadona.imgix.net/images/f4fec39a0a59025b5b6713eeb2f248a2.jpg?fit=crop&h=300&w=300,2026-10-08T22:23:46,9.0,LITRO,0.567,28911,mad1,27327,https://tienda.mercadona.es/product/27327/agua-mineral-grande-solan-cabras-mineralizacion-debil-pack-6,Agua,,agua,LITRO
agua,Mercadona,Agua mineral grande Solán de Cabras,1.5 l,0.85 €,/ud,0.85,https://prod-mercadona.imgix.net/images/f5a0f1d91e8b4be9323cd0fcbba32198.jpg?fit=crop&h=300&w=300,2026-10-08T22:23:46,1.5,LITRO,0.567,28911,mad1,27356,https://tienda.mercadona.es/product/27356/agua-mineral-grande-solan-cabras-mineralizacion-debil-botella,Agua,,agua,LITRO
agua,Mercadona,Agua mineral grande Lanjarón,6 botellas x 1.5 l,3.6 €,/pack,3.6,https://prod-mercadona.imgix.net/images/10ac733c7d795773d9c3371e84b85e7f.jpg?fit=crop&h=300&w=300,2026-10-08T22:23:46,9.0,LITRO,0.4,28911,mad1,27291,https://tienda.mercadona.es/product/27291/agua-mineral-grande-lanjaron-mineralizacion-debil-pack-6,Agua,4.32,agua,LITRO
agua,Mercadona,Agua mineral grande Lanjarón,1.5 l,0.63 €,/ud,0.63,https://prod-mercadona.imgix.net/images/d78cbd348d580e41e5f944591acd1f3b.jpg?fit=crop&h=300&w=300,2026-10-08T22:23:46,1.5,LITRO,0.42,28911,mad1,27216,https://tienda.mercadona.es/product/27216/agua-mineral-grande-lanjaron-botella,Agua,0.75,agua,LITRO
agua,Mercadona,Agua mineral grande Aguadoy,8.0 l,0.95 €,/ud,0.95,https://prod-mercadona.imgix.net/images/e9984763951d5050c403b877a78dcd34.jpg?fit=crop&h=300&w=300,2026-10-08T22:23:46,8.0,LITRO,0.119,28911,mad1,28482,https://tienda.mercadona.es/product/28482/agua-mineral-grande-aguadoy-mineralizacion-debil-garrafa,Agua,,agua,LITRO
agua,Mercadona,Agua mineral grande Aguadoy,6.0 l,0.82 €,/ud,0.82,https://prod-mercadona.imgix.net/images/fb2265712ad46c1953dd48003a735588.jpg?fit=crop&h=300&w=300,2026-10-08T22:23:46,6.0,LITRO,0.137,28911,mad1,27398,https://tienda.mercadona.es/product/27398/agua-mineral-grande-aguadoy-mineralizacion-debil-garrafa,Agua,,agua,LITRO
agua,Mercadona,Agua mineral grande Aguadoy,6 botellas x 1.5 l,1.62 €,/pack,1.62,https://prod-mercadona.imgix.net/images/87de6bf0698eff0efe64c4194c880c08.jpg?fit=crop&h=300&w=300,2026-10-08T22:23:46,9.0,LITRO,0.18,28911,mad1,28471,https://tienda.mercadona.es/product/28471/agua-mineral-grande-aguadoy-mineralizacion-debil-pack-6,Agua,,agua,LITRO
agua,Mercadona,Agua mineral grande Aguadoy,1.5 l,0.27 €,/ud,0.27,https://prod-mercadona.imgix.net/images/4f1ae9fe0d72373062a88d001a20626e.jpg?fit=crop&h=300&w=300,2026-10-08T22:23:46,1.5,LITRO,0.18,28911,mad1,28472,https://tienda.mercadona.es/product/28472/agua-mineral-grande-aguadoy-mineralizacion-debil-botella,Agua,,agua,LITRO
agua,Mercadona,Agua mineral mediana Aguadoy,6 botellas x 1.0 l,2.4 €,/pack,2.4,https://prod-mercadona.imgix.net/images/e98717204b9b6da77f7959ad3998b235.jpeg?fit=crop&h=300&w=300,2026-10-08T22:23:46,6.0,LITRO,0.4,28911,mad1,28157,https://tienda.mercadona.es/product/28157/agua-mineral-mediana-aguadoy-mineralizacion-debil-pack-6,Agua,,agua,LITRO
agua,Mercadona,Agua mineral mediana Aguadoy,1.0 l,0.4 €,/ud,0.4,https://prod-mercadona.imgix.net/images/26d0acd8b521f529e5d4971144fcf6fe.jpeg?fit=crop&h=300&w=300,2026-10-08T22:23:46,1.0,LITRO,0.4,28911,mad1,28158,https://tienda.mercadona.es/product/28158/agua-mineral-mediana-aguadoy-mineralizacion-debil-botella,Agua,,agua,LITRO
agua,Mercadona,Agua mineral pequeña Aguadoy,6 botellas x 0.5 l,1.56 €,/pack,1.56,https://prod-mercadona.imgix.net/images/18ae27bc0cc1e18d68b03a7e51f4973a.jpeg?fit=crop&h=300&w=300,2026-10-08T22:23:46,3.0,LITRO,0.52,28911,mad1,27095,https://tienda.mercadona.es/product/27095/agua-mineral-pequena-aguadoy-mineralizacion-debil-pack-6,Agua,,agua,LITRO
agua,Mercadona,Agua mineral pequeña Aguadoy,0.5 l,0.26 €,/ud,0.26,https://prod-mercadona.imgix.net/images/cc0c3d13270d3113f0d534448f9f62e0.jpeg?fit=crop&h=300&w=300,2026-10-08T22:23:46,0.5,LITRO,0.52,28911,mad1,27092,https://tienda.mercadona.es/product/27092/agua-mineral-pequena-aguadoy-mineralizacion-debil-botella,Agua,,agua,LITRO
agua,Mercadona,Agua mineral pequeña Aguadoy tapón infantil,6 botellas x 0.33 l,1.68 €,/pack,1.68,https://prod-mercadona.imgix.net/images/c5c8166eaebffd4572cfcf2a89e21b77.jpg?fit=crop&h=300&w=300,2026-10-08T22:23:46,1.98,LITRO,0.849,28911,mad1,28285,https://tienda.mercadona.es/product/28285/agua-mineral-pequena-aguadoy-tapon-infantil-mineralizacion-debil-pack-6,Agua,,agua,LITRO
agua,Mercadona,Agua mineral pequeña Aguadoy tapón infantil,0.33 l,0.28 €,/ud,0.28,https://prod-mercadona.imgix.net/images/cf510f2aa698793b6e99cdfffdd23cb2.jpg?fit=crop&h=300&w=300,2026-10-08T22:23:46,0.33,LITRO,0.849,28911,mad1,28287,https://tienda.mercadona.es/product/28287/agua-mineral-pequena-aguadoy-tapon-infantil-mineralizacion-debil-botella,Agua,,agua,LITRO
agua,Mercadona,Agua mineral grande Liviana,6 botellas x 2.0 l,5.1 €,/pack,5.1,https://prod-mercadona.imgix.net/images/960b5087e375b7043eb54287f033c4df.jpg?fit=crop&h=300&w=300,2026-10-08T22:23:46,12.0,LITRO,0.425,28911,mad1,27202,https://tienda.mercadona.es/product/27202/agua-mineral-grande-liviana-pack-6,Agua,,agua,LITRO
agua,Mercadona,Agua mineral grande Liviana,2.0 l,0.85 €,/ud,0.85,https://prod-mercadona.imgix.net/images/c647843fba82524cd3b236ea35101dcb.jpg?fit=crop&h=300&w=300,2026-10-08T22:23:46,2.0,LITRO,0.425,28911,mad1,27208,https://tienda.mercadona.es/product/27208/agua-mineral-grande-liviana-botella,Agua,,agua,LITRO
agua,Mercadona,Agua de coco 100% Hacendado,1.0 l,2.3 €,/ud,2.3,https://prod-mercadona.imgix.net/images/c36335b1c5009321b8c4c017d7b0ee47.jpg?fit=crop&h=300&w=300,2026-10-08T22:23:46,1.0,LITRO,2.3,28911,mad1,28198,https://tienda.mercadona.es/product/28198/agua-coco-chaokoh-100-natural-brick,Agua,,agua,LITRO
agua,Mercadona,Agua mineral con gas grande Vichy Catalan,1.0 l,1.65 €,/ud,1.65,https://prod-mercadona.imgix.net/images/7bd8166f83035d60e61a997fe40ee7be.jpg?fit=crop&h=300&w=300,2026-10-08T22:23:46,1.0,LITRO,1.65,28911,mad1,27213,https://tienda.mercadona.es/product/27213/agua-mineral-con-gas-grande-vichy-catalan-botella,Agua,,agua,LITRO
agua,Mercadona,Agua mineral con gas pequeña Vichy Catalan,6 botellas x 0.3 l,6.49 €,/pack,6.49,https://prod-mercadona.imgix.net/images/e3a005d4a975650af9c856bc99cce6d6.jpg?fit=crop&h=300&w=300,2026-10-08T22:23:46,1.8,LITRO,3.606,28911,mad1,28185,https://tienda.mercadona.es/product/28185/agua-mineral-con-gas-pequena-vichy-catalan-pack-6,Agua,,agua,LITRO
agua,Mercadona,Agua mineral con gas grande San Pellegrino,6 botellas x 1.0 l,8.34 €,/pack,8.34,https://prod-mercadona.imgix.net/images/bbe790c4adbbacce30a3c02205ac6f69.jpg?fit=crop&h=300&w=300,2026-10-08T22:23:46,6.0,LITRO,1.39,28911,mad1,27894,https://tienda.mercadona.es/product/27894/agua-mineral-con-gas-grande-san-pellegrino-pack-6,Agua,,agua,LITRO
agua,Mercadona,Agua mineral con gas grande San Pellegrino,1.0 l,1.39 €,/ud,1.39,https://prod-mercadona.imgix.net/images/e8c3b53ceea5699ad8387f0c531c6a7e.jpg?fit=crop&h=300&w=300,2026-10-08T22:23:46,1.0,LITRO,1.39,28911,mad1,27893,https://tienda.mercadona.es/product/27893/agua-mineral-con-gas-grande-san-pellegrino-botella,Agua,,agua,LITRO
agua,Mercadona,Agua de soda con sifón La Casa,1.5 l,1.7 €,/ud,1.7,https://prod-mercadona.imgix.net/images/3395f81f81e5342ad8c140b9a6b7b0cd.jpg?fit=crop&h=300&w=300,2026-10-08T22:23:46,1.5,LITRO,1.134,28911,mad1,27203,https://tienda.mercadona.es/product/27203/agua-soda-con-sifon-casa-botella,Agua,,agua,LITRO
agua,Mercadona,Agua mineral con gas grande Aguadoy,6 botellas x 1.5 l,2.52 €,/pack,2.52,https://prod-mercadona.imgix.net/images/ccbc218c705da98e960938f11a10280c.jpg?fit=crop&h=300&w=300,2026-10-08T22:23:46,9.0,LITRO,0.28,28911,mad1,28467,https://tienda.mercadona.es/product/28467/agua-mineral-con-gas-grande-aguadoy-pack-6,Agua,,agua,LITRO
agua,Mercadona,Agua mineral con gas grande Aguadoy,1.5 l,0.42 €,/ud,0.42,https://prod-mercadona.imgix.net/images/e5efc9e5a10dea2b66198bfad9dcf7da.jpg?fit=crop&h=300&w=300,2026-10-08T22:23:46,1.5,LITRO,0.28,28911,mad1,28468,https://tienda.mercadona.es/product/28468/agua-mineral-con-gas-grande-aguadoy-botella,Agua,,agua,LITRO
agua,Mercadona,Agua mineral con gas pequeña Aguadoy,6 botellas x 0.5 l,1.56 €,/pack,1.56,https://prod-mercadona.imgix.net/images/5b056c30b1cad5461690517723b9a461.jpg?fit=crop&h=300&w=300,2026-10-08T22:23:46,3.0,LITRO,0.52,28911,mad1,28469,https://tienda.mercadona.es/product/28469/agua-mineral-con-gas-pequena-aguadoy-pack-6,Agua,,agua,LITRO
agua,Mercadona,Agua mineral con gas pequeña Aguadoy,0.5 l,0.26 €,/ud,0.26,https://prod-mercadona.imgix.net/images/0fb6d546e75e19feb0ace18a46c62bc0.jpg?fit=crop&h=300&w=300,2026-10-08T22:23:46,0.5,LITRO,0.52,28911,mad1,28470,https://tienda.mercadona.es/product/28470/agua-mineral-con-gas-pequena-aguadoy-botella,Agua,,agua,LITRO
manzana,Mercadona,Refresco té soluble manzana Hacendado,0.036 kg,1.5 €,/ud,1.5,https://prod-mercadona.imgix.net/images/c8fd9d1294d7d54e29ec7dbbbca4e44d.jpg?fit=crop&h=300&w=300,2026-10-08T22:23:52,0.036,KILO,41.67,28911,mad1,16344,https://tienda.mercadona.es/product/16344/refresco-te-sabor-manzana-hacendado-diluir-caja,Refresco de té y sin gas,,manzana,KILO
aceite,Mercadona,Patatas fritas 0% sal añadida en aceite de oliva virgen Hacendado,0.15 kg,1.5 €,/ud,1.5,https://prod-mercadona.imgix.net/images/738455a7b2485bdd805a49e2294dc5f4.jpg?fit=crop&h=300&w=300,2026-10-08T22:23:56,0.15,KILO,10.0,28911,mad1,17755,https://tienda.mercadona.es/product/17755/patatas-fritas-0-sal-anadida-aceite-oliva-virgen-hacendado-paquete,Patatas fritas y snacks,,aceite,KILO
queso,Mercadona,Patatas fritas onduladas sabor queso de cabra y cebolla caramelizada Hacendado,0.15 kg,1.25 €,/ud,1.25,https://prod-mercadona.imgix.net/images/bc0673dd5a4279fdffbabc6b1822d1ec.jpeg?fit=crop&h=300&w=300,2026-10-08T22:23:56,0.15,KILO,8.334,28911,mad1,13069,https://tienda.mercadona.es/product/13069/patatas-fritas-sabor-queso-cabra-cebolla-caramelizada-hacendado-paquete,Patatas fritas y snacks,,queso,KILO
queso,Mercadona,Nachos tex-mex sabor queso Hacendado,0.15 kg,0.95 €,/ud,0.95,https://prod-mercadona.imgix.net/images/b8c009cd61e6c9824fa9743f5515c872.jpg?fit=crop&h=300&w=300,2026-10-08T22:23:56,0.15,KILO,6.334,28911,mad1,33641,https://tienda.mercadona.es/product/33641/nachos-tex-mex-hacendado-sabor-queso-paquete,Patatas fritas y snacks,,queso,KILO
queso,Mercadona,Garfitos de maíz sabor queso Hacendado,0.08 kg,0.75 €,/ud,0.75,https://prod-mercadona.imgix.net/images/0535918a9753c0d6b2de67b6d1e7d9f7.jpg?fit=crop&h=300&w=300,2026-10-08T22:23:56,0.08,KILO,9.375,28911,mad1,13889,https://tienda.mercadona.es/product/13889/garfitos-maiz-sabor-queso-hacendado-paquete,Patatas fritas y snacks,,queso,KILO
queso,Mercadona,Cuquitos sabor queso Hacendado,0.1 kg,0.85 €,/ud,0.85,https://prod-mercadona.imgix.net/images/7d5bd85b7c34dbcda6a39c50a92308d2.jpg?fit=crop&h=300&w=300,2026-10-08T22:23:56,0.1,KILO,8.5,28911,mad1,33642,https://tienda.mercadona.es/product/33642/cuquitos-sabor-queso-hacendado-paquete,Patatas fritas y snacks,,queso,KILO
queso,Mercadona,Conos sabor bacón y queso Hacendado,0.15 kg,1.15 €,/ud,1.15,https://prod-mercadona.imgix.net/images/ef86823e99e91162bb594a4ae7075507.jpg?fit=crop&h=300&w=300,2026-10-08T22:23:56,0.15,KILO,7.667,28911,mad1,17617,https://tienda.mercadona.es/product/17617/conos-sabor-bacon-queso-hacendado-paquete,Patatas fritas y snacks,,queso,KILO
queso,Mercadona,Snack Balls sabor queso Hacendado,0.1 kg,1.0 €,/ud,1.0,https://prod-mercadona.imgix.net/images/b42529686be06df2865094453c6dc123.jpg?fit=crop&h=300&w=300,2026-10-08T22:23:56,0.1,KILO,10.0,28911,mad1,11522,https://tienda.mercadona.es/product/11522/snack-balls-sabor-queso-hacendado-paquete,Patatas fritas y snacks,,queso,KILO
queso,Mercadona,Snack frito Binkies sabor queso Hacendado,0.08 kg,1.0 €,/ud,1.0,https://prod-mercadona.imgix.net/images/3d664c9fbf0f61f7c0c172b379ac99b0.jpg?fit=crop&h=300&w=300,2026-10-08T22:23:56,0.08,KILO,12.5,28911,mad1,12996,https://tienda.mercadona.es/product/12996/snack-frito-binkies-sabor-queso-hacendado-paquete,Patatas fritas y snacks,,queso,KILO
arroz,Mercadona,Arroz redondo Hacendado,1.0 kg,1.15 €,/ud,1.15,https://prod-mercadona.imgix.net/images/0daf43fb5761b823ce83c985930c97c9.jpg?fit=crop&h=300&w=300,2026-10-08T22:23:57,1.0,KILO,1.15,28911,mad1,5044,https://tienda.mercadona.es/product/5044/arroz-redondo-hacendado-paquete,Arroz,,arroz,KILO
arroz,Mercadona,Arroz largo Hacendado,1.0 kg,1.2 €,/ud,1.2,https://prod-mercadona.imgix.net/images/801f924df0d429d82c0a136901dcb9b0.jpg?fit=crop&h=300&w=300,2026-10-08T22:23:57,1.0,KILO,1.2,28911,mad1,5063,https://tienda.mercadona.es/product/5063/arroz-largo-hacendado-paquete,Arroz,,arroz,KILO
arroz,Mercadona,Arroz cocido basmati Sabroz,2 vasitos x 0.125 kg,1.1 €,/pack,1.1,https://prod-mercadona.imgix.net/images/485f5e653b6655185c51eec9858703cb.jpeg?fit=crop&h=300&w=300,2026-10-08T22:23:57,0.25,KILO,4.4,28911,mad1,22280,https://tienda.mercadona.es/product/22280/arroz-cocido-basmati-sabroz-brillante-pack-2,Arroz,,arroz,KILO
arroz,Mercadona,Arroz cocido integral Sabroz,2 vasitos x 0.125 kg,1.05 €,/pack,1.05,https://prod-mercadona.imgix.net/images/3c538ead2ed048792639ef28915cfaef.jpg?fit=crop&h=300&w=300,2026-10-08T22:23:57,0.25,KILO,4.2,28911,mad1,22281,https://tienda.mercadona.es/product/22281/arroz-cocido-integral-sabroz-brillante-pack-2,Arroz,,arroz,KILO
arroz,Mercadona,Arroz Albufera Hacendado,1.0 kg,2.95 €,/ud,2.95,https://prod-mercadona.imgix.net/images/6a35bea8548f6137ff812a1265bfa155.jpg?fit=crop&h=300&w=300,2026-10-08T22:23:57,1.0,KILO,2.95,28911,mad1,52790,https://tienda.mercadona.es/product/52790/arroz-albufera-hacendado-paquete,Arroz,,arroz,KILO
arroz,Mercadona,Arroz cocido redondo Sabroz,2 vasitos x 0.125 kg,1.05 €,/pack,1.05,https://prod-mercadona.imgix.net/images/b87d489084215ea73d35d6c2d465f39e.jpg?fit=crop&h=300&w=300,2026-10-08T22:23:57,0.25,KILO,4.2,28911,mad1,22279,https://tienda.mercadona.es/product/22279/arroz-cocido-redondo-sabroz-brillante-pack-2,Arroz,,arroz,KILO
arroz,Mercadona,Arroz redondo J Sendra Hacendado,1.0 kg,1.6 €,/ud,1.6,https://prod-mercadona.imgix.net/images/44a0df1169e9ebdceb061ebea08b4d42.jpg?fit=crop&h=300&w=300,2026-10-08T22:23:57,1.0,KILO,1.6,28911,mad1,5042,https://tienda.mercadona.es/product/5042/arroz-redondo-j-sendra-hacendado-paquete,Arroz,,arroz,KILO
arroz,Mercadona,Arroz basmati aromático Hacendado,1.0 kg,2.1 €,/ud,2.1,https://prod-mercadona.imgix.net/images/ff02e0b326c0d33682f76e66cc825dda.jpg?fit=crop&h=300&w=300,2026-10-08T22:23:57,1.0,KILO,2.1,28911,mad1,5002,https://tienda.mercadona.es/product/5002/arroz-basmati-aromatico-hacendado-paquete,Arroz,,arroz,KILO
arroz,Mercadona,Arroz vaporizado Hacendado,1.0 kg,1.55 €,/ud,1.55,https://prod-mercadona.imgix.net/images/1c5a40f534247a5a8b8e16737c809be8.jpg?fit=crop&h=300&w=300,2026-10-08T22:23:57,1.0,KILO,1.55,28911,mad1,5020,https://tienda.mercadona.es/product/5020/arroz-vaporizado-hacendado-paquete,Arroz,,arroz,KILO
arroz,Mercadona,Arroz redondo SOS,1.0 kg,1.88 €,/ud,1.88,https://prod-mercadona.imgix.net/images/95643b8b2525811fbf5df382be9a9075.jpg?fit=crop&h=300&w=300,2026-10-08T22:23:57,1.0,KILO,1.88,28911,mad1,5024,https://tienda.mercadona.es/product/5024/arroz-redondo-sos-paquete,Arroz,,arroz,KILO
arroz,Mercadona,Arroz integral largo Hacendado,1.0 kg,1.65 €,/ud,1.65,https://prod-mercadona.imgix.net/images/4991480b2fe769d8673224a89d50636c.jpg?fit=crop&h=300&w=300,2026-10-08T22:23:57,1.0,KILO,1.65,28911,mad1,5184,https://tienda.mercadona.es/product/5184/arroz-integral-largo-hacendado-paquete,Arroz,,arroz,KILO
arroz,Mercadona,Arroz redondo Sabor,1.0 kg,2.45 €,/ud,2.45,https://prod-mercadona.imgix.net/images/bc5fcc520250ffec2cada3273830046c.jpg?fit=crop&h=300&w=300,2026-10-08T22:23:57,1.0,KILO,2.45,28911,mad1,52637,https://tienda.mercadona.es/product/52637/arroz-redondo-sabor-cigala-paquete,Arroz,,arroz,KILO
pasta,Mercadona,Pasta estrellas Hacendado,0.5 kg,0.8 €,/ud,0.8,https://prod-mercadona.imgix.net/images/6c418320c51659907a16ff4f9192a2cf.jpeg?fit=crop&h=300&w=300,2026-10-08T22:24:00,0.5,KILO,1.6,28911,mad1,6363,https://tienda.mercadona.es/product/6363/pasta-estrellas-hacendado-sopa-paquete,Pasta y fideos,,pasta,KILO
pasta,Mercadona,Pasta maravilla Hacendado,0.5 kg,0.8 €,/ud,0.8,https://prod-mercadona.imgix.net/images/dbd6fee787fb1be15b95c11e1ba3787b.jpg?fit=crop&h=300&w=300,2026-10-08T22:24:00,0.5,KILO,1.6,28911,mad1,6258,https://tienda.mercadona.es/product/6258/pasta-maravilla-hacendado-sopa-paquete,Pasta y fideos,,pasta,KILO
pasta,Mercadona,Pasta estrellas sin gluten Felicia,0.5 kg,2.05 €,/ud,2.05,https://prod-mercadona.imgix.net/images/46c851a9313511a601d36b186e914943.jpg?fit=crop&h=300&w=300,2026-10-08T22:24:00,0.5,KILO,4.1,28911,mad1,35618,https://tienda.mercadona.es/product/35618/pasta-estrellas-sin-gluten-felicia-sopa-paquete,Pasta y fideos,,pasta,KILO
pasta,Mercadona,Pasta tortiglioni Armando,0.5 kg,1.4 €,/ud,1.4,https://prod-mercadona.imgix.net/images/a4d3db444d4e97cf724bd457aadcb05a.jpg?fit=crop&h=300&w=300,2026-10-08T22:24:00,0.5,KILO,2.8,28911,mad1,6358,https://tienda.mercadona.es/product/6358/pasta-tortiglioni-armando-paquete,Pasta y fideos,,pasta,KILO
pasta,Mercadona,Pasta fusilli 100% lentejas rojas Felicia,0.25 kg,1.65 €,/ud,1.65,https://prod-mercadona.imgix.net/images/b82394e08ac387522c2286fb9c234b5f.jpg?fit=crop&h=300&w=300,2026-10-08T22:24:00,0.25,KILO,6.6,28911,mad1,6106,https://tienda.mercadona.es/product/6106/pasta-fusilli-100-lentejas-rojas-felicia-paquete,Pasta y fideos,,pasta,KILO
pasta,Mercadona,Pasta trottole vegetales Hacendado,0.5 kg,1.05 €,/ud,1.05,https://prod-mercadona.imgix.net/images/24a13866672641e026b0b12f861c40a7.jpg?fit=crop&h=300&w=300,2026-10-08T22:24:00,0.5,KILO,2.1,28911,mad1,6371,https://tienda.mercadona.es/product/6371/pasta-trottole-vegetales-hacendado-paquete,Pasta y fideos,,pasta,KILO
pasta,Mercadona,Pasta fusilli Armando,0.5 kg,1.4 €,/ud,1.4,https://prod-mercadona.imgix.net/images/cbaafa95873386c212e067da6c6e2a95.jpg?fit=crop&h=300&w=300,2026-10-08T22:24:00,0.5,KILO,2.8,28911,mad1,6357,https://tienda.mercadona.es/product/6357/pasta-fusilli-armando-paquete,Pasta y fideos,,pasta,KILO
pasta,Mercadona,Pasta tiburón Hacendado,0.5 kg,0.8 €,/ud,0.8,https://prod-mercadona.imgix.net/images/506ce30bd61077a0741cb2070591512b.jpg?fit=crop&h=300&w=300,2026-10-08T22:24:00,0.5,KILO,1.6,28911,mad1,6244,https://tienda.mercadona.es/product/6244/pasta-tiburon-hacendado-paquete,Pasta y fideos,,pasta,KILO
pasta,Mercadona,Pasta fusilli sin gluten Felicia,0.5 kg,2.05 €,/ud,2.05,https://prod-mercadona.imgix.net/images/3af5b4c2432b3edc314579b731b39d8a.jpg?fit=crop&h=300&w=300,2026-10-08T22:24:00,0.5,KILO,4.1,28911,mad1,35643,https://tienda.mercadona.es/product/35643/pasta-fusilli-sin-gluten-felicia-paquete,Pasta y fideos,,pasta,KILO
pasta,Mercadona,Pasta penne rigate Hacendado,0.5 kg,0.8 €,/ud,0.8,https://prod-mercadona.imgix.net/images/9e481faa7f6bb103dfccdc80201f0777.jpg?fit=crop&h=300&w=300,2026-10-08T22:24:00,0.5,KILO,1.6,28911,mad1,8138,https://tienda.mercadona.es/product/8138/pasta-penne-rigate-hacendado-paquete,Pasta y fideos,,pasta,KILO
pasta,Mercadona,Pasta rigatoni Armando,0.5 kg,1.4 €,/ud,1.4,https://prod-mercadona.imgix.net/images/95e9ed9ba0d8cc60950d55c143a853d4.jpg?fit=crop&h=300&w=300,2026-10-08T22:24:00,0.5,KILO,2.8,28911,mad1,21326,https://tienda.mercadona.es/product/21326/pasta-rigatoni-armando-paquete,Pasta y fideos,,pasta,KILO
pasta,Mercadona,Pasta fusilloni vegetal Hacendado,0.5 kg,1.05 €,/ud,1.05,https://prod-mercadona.imgix.net/images/f606856f861f7b7e77121cf28a6f3f6f.jpg?fit=crop&h=300&w=300,2026-10-08T22:24:00,0.5,KILO,2.1,28911,mad1,17640,https://tienda.mercadona.es/product/17640/pasta-fusilloni-vegetal-hacendado-paquete,Pasta y fideos,,pasta,KILO
pasta,Mercadona,Pasta fresca tagliatelle al huevo Hacendado,0.25 kg,1.2 €,/ud,1.2,https://prod-mercadona.imgix.net/images/7becef7fb81d8c8a41da7b5e135ba73b.jpg?fit=crop&h=300&w=300,2026-10-08T22:24:00,0.25,KILO,4.8,28911,mad1,6153,https://tienda.mercadona.es/product/6153/pasta-fresca-tagliatelle-huevo-hacendado-paquete,Pasta y fideos,,pasta,KILO
arroz,Mercadona,Noodles de arroz Hacendado,0.2 kg,1.45 €,/ud,1.45,https://prod-mercadona.imgix.net/images/d1fcf8864631d627cdb7218ad91744d1.jpg?fit=crop&h=300&w=300,2026-10-08T22:24:00,0.2,KILO,7.25,28911,mad1,35981,https://tienda.mercadona.es/product/35981/noodles-arroz-hacendado-paquete,Pasta y fideos,,arroz,KILO
pasta,Mercadona,Pasta fresca girasoles rellena de pesto y queso de oveja Hacendado,0.25 kg,1.95 €,/ud,1.95,https://prod-mercadona.imgix.net/images/207b1917598affd9716f90bd50672b7a.jpg?fit=crop&h=300&w=300,2026-10-08T22:24:00,0.25,KILO,7.8,28911,mad1,17577,https://tienda.mercadona.es/product/17577/pasta-fresca-girasoles-rellena-pesto-queso-oveja-hacendado-bandeja,Pasta y fideos,,pasta|queso,KILO
pasta,Mercadona,Pasta fresca tortellini rellena de carne Hacendado,0.25 kg,1.95 €,/ud,1.95,https://prod-mercadona.imgix.net/images/c963d4353c28eec3b4653867138e7bda.jpg?fit=crop&h=300&w=300,2026-10-08T22:24:00,0.25,KILO,7.8,28911,mad1,6142,https://tienda.mercadona.es/product/6142/pasta-fresca-tortellini-carne-hacendado-bandeja,Pasta y fideos,,pasta,KILO
pasta,Mercadona,Pasta fresca ravioli rellena de ricotta y espinacas Hacendado,0.25 kg,1.95 €,/ud,1.95,https://prod-mercadona.imgix.net/images/aa239ea01bf9f662d580a8f2020c0845.jpg?fit=crop&h=300&w=300,2026-10-08T22:24:00,0.25,KILO,7.8,28911,mad1,6143,https://tienda.mercadona.es/product/6143/pasta-fresca-ravioli-ricotta-espinacas-hacendado-bandeja,Pasta y fideos,,pasta,KILO
queso,Mercadona,Tortellini tres quesos Pagani,0.25 kg,1.4 €,/ud,1.4,https://prod-mercadona.imgix.net/images/a4efb6b5f38489bbe632b2ca70fcd63e.jpg?fit=crop&h=300&w=300,2026-10-08T22:24:00,0.25,KILO,5.6,28911,mad1,6566,https://tienda.mercadona.es/product/6566/tortellini-tres-quesos-pagani-paquete,Pasta y fideos,,queso,KILO
pasta,Mercadona,Pasta fresca gnocchi Hacendado,0.5 kg,1.0 €,/ud,1.0,https://prod-mercadona.imgix.net/images/cba9ea825acfc6789572d4088ac61392.jpg?fit=crop&h=300&w=300,2026-10-08T22:24:00,0.5,KILO,2.0,28911,mad1,6175,https://tienda.mercadona.es/product/6175/pasta-fresca-gnocchi-hacendado-paquete,Pasta y fideos,,pasta,KILO
pasta,Mercadona,Pasta fresca girasoles rellena de quesos Hacendado,0.25 kg,1.95 €,/ud,1.95,https://prod-mercadona.imgix.net/images/b9e28c0f2a6c08397be41046689f5e33.jpg?fit=crop&h=300&w=300,2026-10-08T22:24:00,0.25,KILO,7.8,28911,mad1,6145,https://tienda.mercadona.es/product/6145/pasta-fresca-girasoles-quesos-hacendado-bandeja,Pasta y fideos,,pasta|queso,KILO
pasta,Mercadona,Pasta fresca medialunas rellenas de parmigiano reggiano y trufa Hacendado,0.25 kg,2.5 €,/ud,2.5,https://prod-mercadona.imgix.net/images/4cfff88fdae2f00b171d5d1a330d85c2.jpg?fit=crop&h=300&w=300,2026-10-08T22:24:00,0.25,KILO,10.0,28911,mad1,6149,https://tienda.mercadona.es/product/6149/pasta-fresca-medialunas-parmigiano-reggiano-trufa-hacendado-bandeja,Pasta y fideos,,pasta,KILO
pasta,Mercadona,Pasta fresca ravioli rellena de calabaza con cebolla Hacendado,0.25 kg,1.95 €,/ud,1.95,https://prod-mercadona.imgix.net/images/eec1449156943e7b3b9c1eab105b6443.jpg?fit=crop&h=300&w=300,2026-10-08T22:24:00,0.25,KILO,7.8,28911,mad1,6152,https://tienda.mercadona.es/product/6152/pasta-fresca-medialunas-calabaza-crema-quesos-hacendado-bandeja,Pasta y fideos,,pasta,KILO
pasta,Mercadona,Pasta fresca gnocchi rellena de quesos Hacendado,0.4 kg,2.0 €,/ud,2.0,https://prod-mercadona.imgix.net/images/3140306dabea0d761d6be95f0429e82b.jpg?fit=crop&h=300&w=300,2026-10-08T22:24:00,0.4,KILO,5.0,28911,mad1,86840,https://tienda.mercadona.es/product/86840/pasta-fresca-gnocchi-quesos-hacendado-paquete,Pasta y fideos,,pasta|queso,KILO
pasta,Mercadona,Pasta fresca girasoles rellena de queso de cabra y cebolla caramelizada Hacendado,0.25 kg,1.95 €,/ud,1.95,https://prod-mercadona.imgix.net/images/0f6e61b6662ca30c5ec317d7a2caf78c.jpg?fit=crop&h=300&w=300,2026-10-08T22:24:00,0.25,KILO,7.8,28911,mad1,35652,https://tienda.mercadona.es/product/35652/pasta-fresca-girasoles-queso-cabra-cebolla-caramelizada-hacendado-bandeja,Pasta y fideos,,pasta|queso,KILO
pasta,Mercadona,Pasta fresca girasoles rellena de carrillera y puré de patata Hacendado,0.25 kg,2.5 €,/ud,2.5,https://prod-mercadona.imgix.net/images/c42b558517022437793c6d54b9d34198.jpg?fit=crop&h=300&w=300,2026-10-08T22:24:00,0.25,KILO,10.0,28911,mad1,14960,https://tienda.mercadona.es/product/14960/pasta-fresca-girasoles-carrillera-pure-patata-hacendado-bandeja,Pasta y fideos,,pasta,KILO
pollo,Mercadona,Fideos orientales Yatekomo sabor pollo Gallina Blanca,3 vasos x 0.06 kg,4.1 €,/pack,4.1,https://prod-mercadona.imgix.net/images/7b16a9e40a1acc0213f397e27b6201a4.jpg?fit=crop&h=300&w=300,2026-10-08T22:24:00,0.18,KILO,22.778,28911,mad1,8645,https://tienda.mercadona.es/product/8645/fideos-orientales-yatekomo-sabor-pollo-gallina-blanca-pack-3,Pasta y fideos,,pollo,KILO
pollo,Mercadona,Fideos orientales Yatekomo sabor pollo Gallina Blanca,0.06 kg,1.65 €,/ud,1.65,https://prod-mercadona.imgix.net/images/085b0053a48bef5ecfdc30df939ede63.jpg?fit=crop&h=300&w=300,2026-10-08T22:24:00,0.06,KILO,27.5,28911,mad1,8618,https://tienda.mercadona.es/product/8618/fideos-orientales-yatekomo-sabor-pollo-gallina-blanca-vaso,Pasta y fideos,,pollo,KILO
pollo,Mercadona,Fideos orientales sabor pollo Hacendado,0.065 kg,0.8 €,/ud,0.8,https://prod-mercadona.imgix.net/images/15c837040a1190dbaa8aa8b91694d67c.jpg?fit=crop&h=300&w=300,2026-10-08T22:24:00,0.065,KILO,12.308,28911,mad1,22453,https://tienda.mercadona.es/product/22453/fideos-orientales-sabor-pollo-hacendado-vaso,Pasta y fideos,0.9,pollo,KILO
leche,Mercadona,Chocolate con leche Fussion Hacendado relleno de caramelo con leche aireado,0.095 kg,1.35 €,/ud,1.35,https://prod-mercadona.imgix.net/images/266a1f3f3b3405912d0433a78abb1f9a.jpg?fit=crop&h=300&w=300,2026-10-08T22:24:03,0.095,KILO,14.211,28911,mad1,17917,https://tienda.mercadona.es/product/17917/chocolate-con-leche-fussion-hacendado-relleno-caramelo-con-leche-aireado-paquete,Chocolate,,leche,KILO
leche,Mercadona,Chocolate con leche Fussion Hacendado relleno de galleta caramelizada,0.142 kg,1.75 €,/ud,1.75,https://prod-mercadona.imgix.net/images/567575d0b03980c5e9db8481382301c1.jpg?fit=crop&h=300&w=300,2026-10-08T22:24:03,0.142,KILO,12.324,28911,mad1,17996,https://tienda.mercadona.es/product/17996/chocolate-con-leche-fussion-hacendado-relleno-galleta-caramelizada-tableta,Chocolate,,leche,KILO
leche,Mercadona,Chocolate con leche extrafino Nestlé,0.125 kg,1.5 €,/ud,1.5,https://prod-mercadona.imgix.net/images/9428764c15483648201a00f1560fd907.jpg?fit=crop&h=300&w=300,2026-10-08T22:24:03,0.125,KILO,12.0,28911,mad1,12562,https://tienda.mercadona.es/product/12562/chocolate-con-leche-extrafino-nestle-tableta,Chocolate,,leche,KILO
leche,Mercadona,Chocolate con leche Milka,0.15 kg,1.95 €,/ud,1.95,https://prod-mercadona.imgix.net/images/e6cbab042ce93bc6756ef45ff91a19bc.jpeg?fit=crop&h=300&w=300,2026-10-08T22:24:03,0.15,KILO,13.0,28911,mad1,12151,https://tienda.mercadona.es/product/12151/chocolate-con-leche-milka-tableta,Chocolate,,leche,KILO
leche,Mercadona,Chocolate extrafino con leche Hacendado almendras enteras,0.2 kg,2.0 €,/ud,2.0,https://prod-mercadona.imgix.net/images/2108bcd0f61db865e8504f9f12371050.jpg?fit=crop&h=300&w=300,2026-10-08T22:24:03,0.2,KILO,10.0,28911,mad1,12037,https://tienda.mercadona.es/product/12037/chocolate-extrafino-con-leche-hacendado-almendras-enteras-tableta,Chocolate,,leche,KILO
leche,Mercadona,Chocolate con leche Valor almendras enteras,0.25 kg,4.95 €,/ud,4.95,https://prod-mercadona.imgix.net/images/bcaa486e4d86b511a2b6e3b86a41187d.jpg?fit=crop&h=300&w=300,2026-10-08T22:24:03,0.25,KILO,19.8,28911,mad1,12107,https://tienda.mercadona.es/product/12107/chocolate-con-leche-valor-almendras-enteras-tableta,Chocolate,,leche,KILO
leche,Mercadona,Chocolate con leche Hacendado avellanas troceadas,0.15 kg,1.65 €,/ud,1.65,https://prod-mercadona.imgix.net/images/a29460ab8c6c5d36fe459be0d7c64f34.jpg?fit=crop&h=300&w=300,2026-10-08T22:24:03,0.15,KILO,11.0,28911,mad1,15633,https://tienda.mercadona.es/product/15633/chocolate-con-leche-hacendado-avellanas-troceadas-tableta,Chocolate,,leche,KILO
leche,Mercadona,Chocolate extrafino con leche Hacendado 0% azúcares añadidos,0.1 kg,1.35 €,/ud,1.35,https://prod-mercadona.imgix.net/images/aa0345e26a0ef7154087d5b34b3618e9.jpg?fit=crop&h=300&w=300,2026-10-08T22:24:03,0.1,KILO,13.5,28911,mad1,12946,https://tienda.mercadona.es/product/12946/chocolate-extrafino-con-leche-hacendado-0-azucares-anadidos-tableta,Chocolate,,leche,KILO
leche,Mercadona,Chocolate con leche Milka galleta,0.3 kg,2.95 €,/ud,2.95,https://prod-mercadona.imgix.net/images/9f1399d74f9a42a9ad82e0e9c27ed7a1.jpg?fit=crop&h=300&w=300,2026-10-08T22:24:03,0.3,KILO,9.834,28911,mad1,12016,https://tienda.mercadona.es/product/12016/chocolate-con-leche-milka-galleta-tableta,Chocolate,3.95,leche,KILO
leche,Mercadona,Chocolate con leche fundir Hacendado,0.2 kg,2.25 €,/ud,2.25,https://prod-mercadona.imgix.net/images/5230162330fda1f7d9e46152ba7a087d.jpg?fit=crop&h=300&w=300,2026-10-08T22:24:03,0.2,KILO,11.25,28911,mad1,12533,https://tienda.mercadona.es/product/12533/chocolate-con-leche-fundir-hacendado-tableta,Chocolate,,leche,KILO
leche,Mercadona,Chocolate con leche classic Hacendado extrafino,0.125 kg,1.1 €,/ud,1.1,https://prod-mercadona.imgix.net/images/7f3797b596510f7874ff60d99a6695f6.jpg?fit=crop&h=300&w=300,2026-10-08T22:24:03,0.125,KILO,8.8,28911,mad1,15101,https://tienda.mercadona.es/product/15101/chocolate-con-leche-classic-hacendado-extrafino-tableta,Chocolate,,leche,KILO
leche,Mercadona,Chocolate con leche Hacendado almendras enteras,0.15 kg,2.5 €,/ud,2.5,https://prod-mercadona.imgix.net/images/ec52ac5aeee9c382d24152cdbf402ef6.jpg?fit=crop&h=300&w=300,2026-10-08T22:24:03,0.15,KILO,16.667,28911,mad1,19988,https://tienda.mercadona.es/product/19988/chocolate-con-leche-hacendado-almendras-enteras-0-azucares-anadidos-tableta,Chocolate,,leche,KILO
leche,Mercadona,Barritas de barquillo Huesitos bañadas de chocolate con leche,0.2 kg,2.5 €,/ud,2.5,https://prod-mercadona.imgix.net/images/87917c5b5a8092a2ed5a8deebe3b4f4b.jpeg?fit=crop&h=300&w=300,2026-10-08T22:24:03,0.2,KILO,12.5,28911,mad1,12526,https://tienda.mercadona.es/product/12526/barritas-barquillo-huesitos-banadas-chocolate-con-leche-valor-paquete,Chocolate,,leche,KILO
leche,Mercadona,Barritas de chocolate con leche Hacendado rellenas de leche,0.2 kg,2.2 €,/ud,2.2,https://prod-mercadona.imgix.net/images/80ed20278bfdf737f42b6c581d92bc8a.jpg?fit=crop&h=300&w=300,2026-10-08T22:24:03,0.2,KILO,11.0,28911,mad1,17702,https://tienda.mercadona.es/product/17702/barritas-chocolate-con-leche-hacendado-rellenas-leche-paquete,Chocolate,,leche,KILO
leche,Mercadona,Disquitos Pintarolas de chocolate con leche coloreados,0.2 kg,1.9 €,/ud,1.9,https://prod-mercadona.imgix.net/images/9c21f0d353f64a2268b765f87dfdee7e.jpg?fit=crop&h=300&w=300,2026-10-08T22:24:03,0.2,KILO,9.5,28911,mad1,12094,https://tienda.mercadona.es/product/12094/disquitos-pintarolas-chocolate-con-leche-coloreados-paquete,Chocolate,2.0,leche,KILO
leche,Mercadona,Cacahuetes Hacendado chocolate con leche,0.25 kg,2.05 €,/ud,2.05,https://prod-mercadona.imgix.net/images/12b62cf298d117a326266b20c2755d88.jpg?fit=crop&h=300&w=300,2026-10-08T22:24:03,0.25,KILO,8.2,28911,mad1,12347,https://tienda.mercadona.es/product/12347/cacahuetes-hacendado-chocolate-con-leche-paquete,Chocolate,,leche,KILO
leche,Mercadona,Barritas de galleta y caramelo Hacendado bañadas de chocolate con leche,0.21 kg,1.75 €,/ud,1.75,https://prod-mercadona.imgix.net/images/86f47624af6e12dfc2d3c4fe82783e99.jpg?fit=crop&h=300&w=300,2026-10-08T22:24:03,0.21,KILO,8.334,28911,mad1,16329,https://tienda.mercadona.es/product/16329/barritas-galleta-caramelo-hacendado-banadas-chocolate-con-leche-paquete,Chocolate,,leche,KILO
leche,Mercadona,Cacahuetes Chocoiris Hacendado bañados de chocolate con leche coloreados,0.18 kg,1.9 €,/ud,1.9,https://prod-mercadona.imgix.net/images/24a261a6858c8c31cd16492de1f946a1.jpg?fit=crop&h=300&w=300,2026-10-08T22:24:03,0.18,KILO,10.556,28911,mad1,12020,https://tienda.mercadona.es/product/12020/cacahuetes-chocoiris-hacendado-banados-chocolate-con-leche-coloreados-paquete,Chocolate,,leche,KILO
huevos,Mercadona,Huevos sorpresa de chocolate Hacendado dibujo,0.06 kg,1.9 €,/ud,1.9,https://prod-mercadona.imgix.net/images/b88d583fadb4eef17db621326224f2e2.jpg?fit=crop&h=300&w=300,2026-10-08T22:24:03,0.06,KILO,31.667,28911,mad1,12362,https://tienda.mercadona.es/product/12362/huevos-chocolate-hacendado-dibujo-con-sorpresa-pack-3,Chocolate,,huevos,KILO
leche,Mercadona,Barritas de barquillo Hacendado con relleno de avellana cubiertas de chocolate con leche,0.123 kg,1.7 €,/ud,1.7,https://prod-mercadona.imgix.net/images/59b99dd718ce78c9b9dae135110ba086.jpg?fit=crop&h=300&w=300,2026-10-08T22:24:03,0.123,KILO,13.822,28911,mad1,8978,https://tienda.mercadona.es/product/8978/barritas-barquillo-hacendado-con-relleno-avellana-cubiertas-chocolate-con-leche-paquete,Chocolate,,leche,KILO
leche,Mercadona,"Barritas Peanuts Hacendado bañadas de chocolate con leche y rellenas con caramelo, cacahuetes tostados y crema azucarada",0.216 kg,1.85 €,/ud,1.85,https://prod-mercadona.imgix.net/images/0ab8e3420dc6bf467586a688c2752244.jpg?fit=crop&h=300&w=300,2026-10-08T22:24:03,0.216,KILO,8.565,28911,mad1,52442,https://tienda.mercadona.es/product/52442/barritas-peanuts-banadas-chocolate-con-leche-rellenas-con-caramelo-cacahuetes-tostados-crema-azucarada-hacendado-paquete,Chocolate,,leche,KILO
leche,Mercadona,Surtido chocolates con leche Halloween Hacendado,0.09 kg,1.25 €,/ud,1.25,https://prod-mercadona.imgix.net/images/565a4f3344ca67e011a357c032b25813.jpg?fit=crop&h=300&w=300,2026-10-08T22:24:03,0.09,KILO,13.889,28911,mad1,17551,https://tienda.mercadona.es/product/17551/surtido-chocolates-con-leche-halloween-hacendado-paquete,Chocolate,,leche,KILO
leche,Mercadona,Pistachos bañados de chocolate con leche Hacendado,0.1 kg,2.4 €,/ud,2.4,https://prod-mercadona.imgix.net/images/c5a626bbc99c90ebbc0a2996b94da099.jpg?fit=crop&h=300&w=300,2026-10-08T22:24:03,0.1,KILO,24.0,28911,mad1,20891,https://tienda.mercadona.es/product/20891/pistachos-caramelizados-con-sal-hacendado-banados-chocolate-con-leche-paquete,Chocolate,,leche,KILO
leche,Mercadona,Barritas de barquillo Kit-Kat bañadas de chocolate con leche,0.1245 kg,2.15 €,/ud,2.15,https://prod-mercadona.imgix.net/images/d7851d337d25180707e5223f80b9f4b2.jpg?fit=crop&h=300&w=300,2026-10-08T22:24:03,0.1245,KILO,17.27,28911,mad1,16285,https://tienda.mercadona.es/product/16285/barritas-barquillo-kit-kat-banadas-chocolate-con-leche-nestle-paquete,Chocolate,,leche,KILO
leche,Mercadona,Barritas crujientes Hacendado recubiertas de chocolate con leche,0.0645 kg,1.0 €,/ud,1.0,https://prod-mercadona.imgix.net/images/e75a00d806adbe658cde0af338de7208.jpg?fit=crop&h=300&w=300,2026-10-08T22:24:03,0.0645,KILO,15.385,28911,mad1,21688,https://tienda.mercadona.es/product/21688/barritas-crujientes-hacendado-recubiertas-chocolate-con-leche-paquete,Chocolate,,leche,KILO
leche,Mercadona,Barritas crujientes Crunchy Milk Hacendado con relleno de cereales y chocolate con leche,0.092 kg,1.8 €,/ud,1.8,https://prod-mercadona.imgix.net/images/47fcae3132c1079db77cc4c2baeee911.jpg?fit=crop&h=300&w=300,2026-10-08T22:24:03,0.092,KILO,19.566,28911,mad1,17705,https://tienda.mercadona.es/product/17705/barritas-crujientes-crunchy-milk-hacendado-con-relleno-cereales-chocolate-con-leche-paquete,Chocolate,,leche,KILO
leche,Mercadona,Mini bombones de chocolate con leche Peanut Cups Hacendado relleno de crema y pedazos de cacahuete,0.126 kg,1.9 €,/ud,1.9,https://prod-mercadona.imgix.net/images/31b869bb2ad25a9d58f56f0d9331fe5e.jpg?fit=crop&h=300&w=300,2026-10-08T22:24:03,0.126,KILO,15.08,28911,mad1,14355,https://tienda.mercadona.es/product/14355/bombones-chocolate-con-leche-mini-peanut-cups-hacendado-relleno-crema-pedazos-cacahuete-paquete,Chocolate,,leche,KILO
leche,Mercadona,Dulce de leche Chimbote,0.43 kg,2.71 €,/ud,2.71,https://prod-mercadona.imgix.net/images/2feec77376dba93bb847e0de3ffa1544.jpg?fit=crop&h=300&w=300,2026-10-08T22:24:03,0.43,KILO,6.303,28911,mad1,10286,https://tienda.mercadona.es/product/10286/dulce-leche-chimbote-tarro,Chocolate,,leche,KILO
leche,Mercadona,Crema al cacao y leche con avellanas Nocilla,0.36 kg,2.95 €,/ud,2.95,https://prod-mercadona.imgix.net/images/6b8a959f12e81dd552dd8efb221c37f9.jpg?fit=crop&h=300&w=300,2026-10-08T22:24:03,0.36,KILO,8.195,28911,mad1,16265,https://tienda.mercadona.es/product/16265/crema-cacao-leche-con-avellanas-nocilla-bote,Chocolate,,leche,KILO
zumo,Mercadona,Golosinas Rega Relli Hacendado rellena con zumo de fruta,0.15 kg,1.0 €,/ud,1.0,https://prod-mercadona.imgix.net/images/333b7e8da1e50e7f38241dec296c90d5.jpg?fit=crop&h=300&w=300,2026-10-08T22:24:04,0.15,KILO,6.667,28911,mad1,65055,https://tienda.mercadona.es/product/65055/golosinas-rega-relli-hacendado-rellena-con-zumo-fruta-paquete,Golosinas,,zumo,KILO
manzana,Mercadona,"Golosinas Rega Pica Mix Hacendado sabor fresa, frambuesa, manzana y cola ácida",0.3 kg,1.6 €,/ud,1.6,https://prod-mercadona.imgix.net/images/8d4e566245e58fd688ee6d3ea3592ff8.jpg?fit=crop&h=300&w=300,2026-10-08T22:24:04,0.3,KILO,5.334,28911,mad1,16443,https://tienda.mercadona.es/product/16443/golosinas-rega-pica-mix-hacendado-sabor-fresa-frambuesa-manzana-cola-acida-paquete,Golosinas,,manzana,KILO
tomate,Mercadona,Mermelada de tomate Hacendado,0.44 kg,1.95 €,/ud,1.95,https://prod-mercadona.imgix.net/images/f61d58c4d7425cc934dc90a7c7bfb392.jpg?fit=crop&h=300&w=300,2026-10-08T22:24:05,0.44,KILO,4.432,28911,mad1,15077,https://tienda.mercadona.es/product/15077/mermelada-tomate-hacendado-tarro,Mermelada y miel,,tomate,KILO
pollo,Mercadona,Papilla verduritas con pollo y ternera Hero Solo +6 meses,0.235 kg,1.8 €,/ud,1.8,https://prod-mercadona.imgix.net/images/e9bc85e5aa1facd74517d87e04e0c175.jpg?fit=crop&h=300&w=300,2026-10-08T22:24:08,0.235,KILO,7.66,28911,mad1,9058,https://tienda.mercadona.es/product/9058/papilla-verduritas-con-pollo-ternera-hero-baby-6-meses-tarrito,Alimentación infantil,,pollo,KILO
arroz,Mercadona,Papilla arroz con pollo Hero Solo +6 meses,0.235 kg,1.8 €,/ud,1.8,https://prod-mercadona.imgix.net/images/75cda11051647ecf75d499fc89309b47.jpg?fit=crop&h=300&w=300,2026-10-08T22:24:08,0.235,KILO,7.66,28911,mad1,9247,https://tienda.mercadona.es/product/9247/papilla-arroz-con-pollo-hero-baby-6-meses-tarrito,Alimentación infantil,,arroz|pollo,KILO
pollo,Mercadona,Papilla verduritas con pollo Hero Solo buenas noches +6 meses,2 tarritos x 0.19 kg,2.85 €,/pack,2.85,https://prod-mercadona.imgix.net/images/4d652bb5fdc000460b7a15e94de9acf8.jpg?fit=crop&h=300&w=300,2026-10-08T22:24:08,0.38,KILO,7.5,28911,mad1,9288,https://tienda.mercadona.es/product/9288/papilla-verduritas-con-pollo-hero-baby-buenas-noches-6-meses-pack-2,Alimentación infantil,,pollo,KILO
arroz,Mercadona,Papilla zanahorias con arroz en caldito de pollo Hero Solo +6 meses,0.235 kg,1.8 €,/ud,1.8,https://prod-mercadona.imgix.net/images/dcd2dc8aafeaee28d5bee0b6d49b3635.jpg?fit=crop&h=300&w=300,2026-10-08T22:24:08,0.235,KILO,7.66,28911,mad1,9259,https://tienda.mercadona.es/product/9259/papilla-zanahorias-con-arroz-caldito-pollo-hero-baby-6-meses-tarrito,Alimentación infantil,,arroz|pollo,KILO
plátano,Mercadona,"Papilla plátano, mandarina y pera Hacendado +4 meses",4 tarritos x 0.13 kg,2.9 €,/pack,2.9,https://prod-mercadona.imgix.net/images/3ca8f8d33d4c3549e9c9cd6ac901febe.jpg?fit=crop&h=300&w=300,2026-10-08T22:24:08,0.52,KILO,5.577,28911,mad1,22186,https://tienda.mercadona.es/product/22186/papilla-platano-mandarina-pera-4-meses-hacendado-pack-4,Alimentación infantil,,plátano,KILO
manzana,Mercadona,Papilla pera y manzana Hacendado +4 meses,4 tarritos x 0.13 kg,2.9 €,/pack,2.9,https://prod-mercadona.imgix.net/images/44868fc022b722412a155b73a6a3021d.jpg?fit=crop&h=300&w=300,2026-10-08T22:24:08,0.52,KILO,5.577,28911,mad1,22194,https://tienda.mercadona.es/product/22194/papilla-pera-manzana-4-meses-hacendado-pack-4,Alimentación infantil,,manzana,KILO
yogur,Mercadona,Papilla tres frutas con yogur Hacendado +8 meses,4 tarritos x 0.13 kg,2.95 €,/pack,2.95,https://prod-mercadona.imgix.net/images/165a52248374583118dbdbc82c8bd6d6.jpg?fit=crop&h=300&w=300,2026-10-08T22:24:08,0.52,KILO,5.674,28911,mad1,35961,https://tienda.mercadona.es/product/35961/papilla-tres-frutas-con-yogur-8-meses-hacendado-compuesta-pure-frutas-con-yogur-pasteurizado-cereales-pack-2,Alimentación infantil,,yogur,KILO
plátano,Mercadona,Bolsita puré fresa y plátano Hacendado +8 meses,0.12 kg,0.85 €,/ud,0.85,https://prod-mercadona.imgix.net/images/b6e752cf060c8f4fea07cf3f15233551.jpg?fit=crop&h=300&w=300,2026-10-08T22:24:08,0.12,KILO,7.084,28911,mad1,22180,https://tienda.mercadona.es/product/22180/papilla-fresa-platano-8-meses-hacendado,Alimentación infantil,,plátano,KILO
manzana,Mercadona,Bolsita puré plátano y manzana Hacendado +6 meses,0.12 kg,0.85 €,/ud,0.85,https://prod-mercadona.imgix.net/images/87e14c5158d0bc33ccb60c5346e05785.jpg?fit=crop&h=300&w=300,2026-10-08T22:24:08,0.12,KILO,7.084,28911,mad1,22179,https://tienda.mercadona.es/product/22179/papilla-platano-manzana-6-meses-hacendado,Alimentación infantil,,manzana|plátano,KILO
plátano,Mercadona,"Bolsita puré plátano, fresa, arándanos y avena Hacendado +8 meses",0.12 kg,0.9 €,/ud,0.9,https://prod-mercadona.imgix.net/images/a1a0c8926b88ec15a586ee9a002cf6a8.jpg?fit=crop&h=300&w=300,2026-10-08T22:24:08,0.12,KILO,7.5,28911,mad1,22182,https://tienda.mercadona.es/product/22182/papilla-platano-fresa-arandanos-avena-8-meses-hacendado,Alimentación infantil,,plátano,KILO
manzana,Mercadona,"Bolsita puré manzana, mango, frambuesa, plátano y papaya Hacendado +6 meses",0.12 kg,0.9 €,/ud,0.9,https://prod-mercadona.imgix.net/images/ceb39b3c6376a4d503ca4c029aedc5bb.jpg?fit=crop&h=300&w=300,2026-10-08T22:24:08,0.12,KILO,7.5,28911,mad1,16463,https://tienda.mercadona.es/product/16463/papilla-manzana-mango-frambuesa-platano-papaya-hacendado-6-meses,Alimentación infantil,,manzana|plátano,KILO
plátano,Mercadona,Bolsita postre lácteo fresa y plátano Hacendado +8 meses,0.1 kg,0.9 €,/ud,0.9,https://prod-mercadona.imgix.net/images/649d6e47cf3280b44a4b6058373616f0.jpg?fit=crop&h=300&w=300,2026-10-08T22:24:08,0.1,KILO,9.0,28911,mad1,22442,https://tienda.mercadona.es/product/22442/postre-lacteo-infantil-fresa-platano-hacendado-8-meses,Alimentación infantil,,plátano,KILO
leche,Mercadona,Leche para lactantes en polvo 1 Nativa Nestlé,0.8 kg,12.95 €,/ud,12.95,https://prod-mercadona.imgix.net/images/02f1e6f72b9089d00b47a674612ad3ea.jpg?fit=crop&h=300&w=300,2026-10-08T22:24:08,0.8,KILO,16.188,28911,mad1,9421,https://tienda.mercadona.es/product/9421/leche-lactantes-polvo-1-nativa-nestle-primer-dia-bote,Alimentación infantil,,leche,KILO
leche,Mercadona,Leche de continuación en polvo 2 Nativa Nestlé,0.8 kg,12.95 €,/ud,12.95,https://prod-mercadona.imgix.net/images/864398e89e2972bc707e121d6603e190.jpg?fit=crop&h=300&w=300,2026-10-08T22:24:08,0.8,KILO,16.188,28911,mad1,9407,https://tienda.mercadona.es/product/9407/leche-continuacion-polvo-2-nativa-nestle-6-meses-bote,Alimentación infantil,,leche,KILO
leche,Mercadona,Leche para lactantes en polvo 1 Nidina Nestlé,0.8 kg,14.95 €,/ud,14.95,https://prod-mercadona.imgix.net/images/659ca6174541aafa5986c075159e700a.jpg?fit=crop&h=300&w=300,2026-10-08T22:24:08,0.8,KILO,18.688,28911,mad1,9420,https://tienda.mercadona.es/product/9420/leche-lactantes-polvo-1-nidina-nestle-primer-dia-bote,Alimentación infantil,,leche,KILO
leche,Mercadona,Leche de continuación en polvo 2 Nidina Nestlé,0.8 kg,17.95 €,/ud,17.95,https://prod-mercadona.imgix.net/images/f83e6cd1354e765bc6b639b2b0feb6ff.jpg?fit=crop&h=300&w=300,2026-10-08T22:24:08,0.8,KILO,22.438,28911,mad1,9408,https://tienda.mercadona.es/product/9408/leche-continuacion-polvo-2-nidina-nestle-6-meses-bote,Alimentación infantil,,leche,KILO
arroz,Mercadona,Papilla sin gluten crema de arroz Hero Solo +4 meses,0.22 kg,2.95 €,/ud,2.95,https://prod-mercadona.imgix.net/images/df93989958840997d653077fe5aacace.jpg?fit=crop&h=300&w=300,2026-10-08T22:24:08,0.22,KILO,13.41,28911,mad1,9579,https://tienda.mercadona.es/product/9579/papilla-sin-gluten-crema-arroz-hero-baby-4-meses-0-azucares-anadidos-caja,Alimentación infantil,,arroz,KILO
agua,Mercadona,Agua de colonia bebé Nenuco,0.5 l,2.85 €,/ud,2.85,https://prod-mercadona.imgix.net/images/5ff603934a45cb735217009e38ba9f20.jpg?fit=crop&h=300&w=300,2026-10-08T22:24:10,0.5,LITRO,5.7,28911,mad1,35516,https://tienda.mercadona.es/product/35516/agua-colonia-bebe-nenuco-botella,Higiene y cuidado,,agua,LITRO
agua,Mercadona,Agua de colonia fresca infantil Deliplus con notas cítricas,0.6 l,1.9 €,/ud,1.9,https://prod-mercadona.imgix.net/images/1e830ecd99cb165865cdddd85666969e.jpg?fit=crop&h=300&w=300,2026-10-08T22:24:10,0.6,LITRO,3.17,28911,mad1,8949,https://tienda.mercadona.es/product/8949/agua-colonia-fresca-infantil-deliplus-con-notas-citricas-bote,Higiene y cuidado,,agua,LITRO
agua,Mercadona,Agua perfumada bebé con notas florales Deliplus,0.1 l,3.2 €,/ud,3.2,https://prod-mercadona.imgix.net/images/d8964bd9177d4c0478d127f259dfa5dc.jpg?fit=crop&h=300&w=300,2026-10-08T22:24:10,0.1,LITRO,32.0,28911,mad1,46559,https://tienda.mercadona.es/product/46559/agua-perfumada-bebe-con-notas-florales-deliplus-bote,Higiene y cuidado,,agua,LITRO
agua,Mercadona,Agua de colonia infantil Deliplus con notas cítricas y florales,0.4 l,1.3 €,/ud,1.3,https://prod-mercadona.imgix.net/images/8e5bd346662bcc78a0e6a7cda79d3391.jpg?fit=crop&h=300&w=300,2026-10-08T22:24:10,0.4,LITRO,3.25,28911,mad1,18599,https://tienda.mercadona.es/product/18599/agua-colonia-infantil-deliplus-con-notas-citricas-florales-bote,Higiene y cuidado,,agua,LITRO
zumo,Mercadona,Cerveza Radler Steinburg con zumo natural de limón,9 latas x 0.33 l,3.69 €,/pack,3.69,https://prod-mercadona.imgix.net/images/9a403e55ff089dd8b4efe695cf263431.jpg?fit=crop&h=300&w=300,2026-10-08T22:24:12,2.97,LITRO,1.243,28911,mad1,21742,https://tienda.mercadona.es/product/21742/cerveza-radler-steinburg-con-zumo-natural-limon,Cerveza,,zumo,LITRO
zumo,Mercadona,Cerveza Radler Steinburg con zumo natural de limón,0.33 l,0.41 €,/ud,0.41,https://prod-mercadona.imgix.net/images/32798f0a8258ef67adc9a84b940ea5f8.jpeg?fit=crop&h=300&w=300,2026-10-08T22:24:12,0.33,LITRO,1.243,28911,mad1,21743,https://tienda.mercadona.es/product/21743/cerveza-radler-steinburg-con-zumo-natural-limon-lata,Cerveza,,zumo,LITRO
manzana,Mercadona,Bebida cider con gas Spieler sabor a manzana,6 botellines x 0.25 l,4.74 €,/pack,4.74,https://prod-mercadona.imgix.net/images/1d13d9bc8164221075766435a023b553.jpg?fit=crop&h=300&w=300,2026-10-08T22:24:12,1.5,LITRO,3.16,28911,mad1,13955,https://tienda.mercadona.es/product/13955/bebida-cider-con-gas-spieler-sabor-manzana,Cerveza,,manzana,LITRO
manzana,Mercadona,Bebida cider con gas Spieler sabor a manzana,0.25 l,0.79 €,/ud,0.79,https://prod-mercadona.imgix.net/images/8e2395ba5bba387effaea76211709000.jpg?fit=crop&h=300&w=300,2026-10-08T22:24:12,0.25,LITRO,3.16,28911,mad1,13956,https://tienda.mercadona.es/product/13956/bebida-cider-con-gas-spieler-sabor-manzana-botellin,Cerveza,,manzana,LITRO
zumo,Mercadona,Cocktail sabor caipirinha coco sin alcohol Pi.omka con zumo de lima,0.25 l,1.3 €,/ud,1.3,https://prod-mercadona.imgix.net/images/e40129473bf72b22f6a5753230af0458.jpg?fit=crop&h=300&w=300,2026-10-08T22:24:15,0.25,LITRO,4.728,28911,mad1,21889,https://tienda.mercadona.es/product/21889/cocktail-sabor-caipirinha-coco-sin-alcohol-piomka-con-zumo-lima-botellin,Licores,,zumo,LITRO
manzana,Mercadona,Bebida zumo de manzana El Lagar sin alcohol,0.75 l,2.5 €,/ud,2.5,https://prod-mercadona.imgix.net/images/acfe7efe7f20ed703392a281c6849882.jpg?fit=crop&h=300&w=300,2026-10-08T22:24:16,0.75,LITRO,3.334,28911,mad1,28999,https://tienda.mercadona.es/product/28999/sidra-sin-alcohol-lagar-botella,Sidra y cava,,manzana|zumo,LITRO
leche,Mercadona,Café con leche en cápsula Dolce Gusto,0.16 kg,4.95 €,/ud,4.95,https://prod-mercadona.imgix.net/images/8b275251105f06343190da9c9e8f8430.jpg?fit=crop&h=300&w=300,2026-10-08T22:24:24,0.16,UNIDAD,0.31,28911,mad1,11801,https://tienda.mercadona.es/product/11801/cafe-con-leche-capsula-dolce-gusto-caja,Café cápsula y monodosis,,leche,KILO
leche,Mercadona,Café con leche en cápsula Hacendado,0.1536 kg,3.25 €,/ud,3.25,https://prod-mercadona.imgix.net/images/9a09682b89fb745ac5550a7055aab223.jpg?fit=crop&h=300&w=300,2026-10-08T22:24:24,0.1536,UNIDAD,0.204,28911,mad1,86348,https://tienda.mercadona.es/product/86348/cafe-con-leche-capsula-hacendado-compatibles-maquinas-dolce-gusto-caja,Café cápsula y monodosis,,leche,KILO
leche,Mercadona,Café con leche en cápsula descafeinado Hacendado,0.152 kg,3.35 €,/ud,3.35,https://prod-mercadona.imgix.net/images/4ee8dcf4c122ee081dfa59dde32060cf.jpg?fit=crop&h=300&w=300,2026-10-08T22:24:24,0.152,UNIDAD,0.21,28911,mad1,23405,https://tienda.mercadona.es/product/23405/cafe-con-leche-capsula-descafeinado-hacendado-compatibles-maquinas-dolce-gusto-caja,Café cápsula y monodosis,,leche,KILO
leche,Mercadona,Café con leche en cápsula Tassimo,0.184 kg,5.89 €,/ud,5.89,https://prod-mercadona.imgix.net/images/58ab2625f5a94ce3a1b056a0ef4bb0d4.jpg?fit=crop&h=300&w=300,2026-10-08T22:24:24,0.184,UNIDAD,0.369,28911,mad1,11871,https://tienda.mercadona.es/product/11871/cafe-con-leche-capsula-tassimo-paquete,Café cápsula y monodosis,,leche,KILO
leche,Mercadona,Café con leche cappuccino Hacendado,0.25 l,0.85 €,/ud,0.85,https://prod-mercadona.imgix.net/images/f71077f44842e60a701a74c15a390d44.jpg?fit=crop&h=300&w=300,2026-10-08T22:24:26,0.25,LITRO,3.4,28911,mad1,10666,https://tienda.mercadona.es/product/10666/cafe-con-leche-cappuccino-hacendado-vaso,Café soluble y otras bebidas,,leche,LITRO
leche,Mercadona,Café con leche light sin lactosa Hacendado,0.25 l,0.85 €,/ud,0.85,https://prod-mercadona.imgix.net/images/5fe468972fe8cc7a33506cba2b436946.jpg?fit=crop&h=300&w=300,2026-10-08T22:24:26,0.25,LITRO,3.4,28911,mad1,10642,https://tienda.mercadona.es/product/10642/cafe-con-leche-light-sin-lactosa-hacendado-vaso,Café soluble y otras bebidas,,leche,LITRO
leche,Mercadona,Café con leche espresso Hacendado,0.25 l,0.85 €,/ud,0.85,https://prod-mercadona.imgix.net/images/fbace2711111518e9ab7a3c54ad58656.jpg?fit=crop&h=300&w=300,2026-10-08T22:24:26,0.25,LITRO,3.4,28911,mad1,10644,https://tienda.mercadona.es/product/10644/cafe-con-leche-espresso-hacendado-vaso,Café soluble y otras bebidas,,leche,LITRO
leche,Mercadona,Café con leche descafeinado Hacendado,0.25 l,0.85 €,/ud,0.85,https://prod-mercadona.imgix.net/images/83a4f4b01c38d63142b2646afe4e1fa7.jpg?fit=crop&h=300&w=300,2026-10-08T22:24:26,0.25,LITRO,3.4,28911,mad1,10672,https://tienda.mercadona.es/product/10672/cafe-con-leche-descafeinado-hacendado-vaso,Café soluble y otras bebidas,,leche,LITRO
leche,Mercadona,Crema de leche para café Campina,0.2 kg,1.4 €,/ud,1.4,https://prod-mercadona.imgix.net/images/d60fe3bcdd22baf485111a85653587d3.jpg?fit=crop&h=300&w=300,2026-10-08T22:24:26,0.2,LITRO,7.0,28911,mad1,10449,https://tienda.mercadona.es/product/10449/crema-leche-cafe-campina-paquete,Café soluble y otras bebidas,,leche,KILO
manzana,Mercadona,Infusión Cúrcuma Hacendado con manzana y canela,0.034 kg,1.35 €,/ud,1.35,https://prod-mercadona.imgix.net/images/16b727aaeaaf1e700148fae8e4ff86c3.jpg?fit=crop&h=300&w=300,2026-10-08T22:24:27,0.034,KILO,39.71,28911,mad1,11438,https://tienda.mercadona.es/product/11438/infusion-curcuma-hacendado-caja,Té e infusiones,,manzana,KILO
manzana,Mercadona,Infusión manzana y canela Hacendado,0.04 kg,1.4 €,/ud,1.4,https://prod-mercadona.imgix.net/images/cab8f28fbe0f1f2e4a259a53b726fc46.jpeg?fit=crop&h=300&w=300,2026-10-08T22:24:27,0.04,KILO,35.0,28911,mad1,52607,https://tienda.mercadona.es/product/52607/infusion-manzana-canela-hacendado-caja,Té e infusiones,,manzana,KILO
pollo,Mercadona,"Arreglo para puchero vacuno, cerdo y pollo",1.0 kg,6.7 €,/ud,6.7,https://prod-mercadona.imgix.net/images/876a3e52b23c6ad5e1aeafec3c2af206.jpg?fit=crop&h=300&w=300,2026-10-08T22:24:29,1.0,KILO,6.7,28911,mad1,3497,https://tienda.mercadona.es/product/3497/arreglo-puchero-vacuno-cerdo-pollo-bandeja,Arreglos,,pollo,KILO
pollo,Mercadona,Filetes pechuga de pollo corte fino,0.5 kg,4.1 €,/ud,4.1,https://prod-mercadona.imgix.net/images/c89d28c5929f14861da52e2508912e3d.jpeg?fit=crop&h=300&w=300,2026-10-08T22:24:30,0.5,KILO,8.2,28911,mad1,3400,https://tienda.mercadona.es/product/3400/filetes-pechuga-pollo-corte-fino-minimo-10-filetes-bandeja,Aves y pollo,,pollo,KILO
pollo,Mercadona,Filetes pechuga de pollo,0.52 kg,4.0 €,/ud,4.0,https://prod-mercadona.imgix.net/images/cfbe3b741d3a64cc637efe0c7bf0bb93.jpg?fit=crop&h=300&w=300,2026-10-08T22:24:30,0.52,KILO,7.7,28911,mad1,2787,https://tienda.mercadona.es/product/2787/filetes-pechuga-pollo-bandeja,Aves y pollo,,pollo,KILO
pollo,Mercadona,Contramuslos de pollo deshuesados y sin piel,0.55 kg,3.74 €,/ud,3.74,https://prod-mercadona.imgix.net/images/6f014202bb9ed41e5125106c87ef1c74.jpg?fit=crop&h=300&w=300,2026-10-08T22:24:30,0.55,KILO,6.8,28911,mad1,2789,https://tienda.mercadona.es/product/2789/contramuslos-pollo-deshuesados-sin-piel-bandeja,Aves y pollo,,pollo,KILO
pollo,Mercadona,Solomillos de pollo,0.4 kg,3.2 €,/ud,3.2,https://prod-mercadona.imgix.net/images/f244d52e4c7843df0f8a23aa464ddde2.jpeg?fit=crop&h=300&w=300,2026-10-08T22:24:30,0.4,KILO,8.0,28911,mad1,2786,https://tienda.mercadona.es/product/2786/solomillos-pollo-bandeja,Aves y pollo,,pollo,KILO
pollo,Mercadona,Pechugas enteras familiar de pollo,1.09 kg,6.76 €,/ud,6.76,https://prod-mercadona.imgix.net/images/e20a225bd8032beb2866a2a0716809ad.jpg?fit=crop&h=300&w=300,2026-10-08T22:24:30,1.09,KILO,6.2,28911,mad1,3682,https://tienda.mercadona.es/product/3682/pechugas-enteras-pollo-bandeja,Aves y pollo,,pollo,KILO
pollo,Mercadona,Pechugas enteras de pollo,0.58 kg,3.86 €,/ud,3.86,https://prod-mercadona.imgix.net/images/626ed2bc08b4d92dc0d786b7c368a8c9.jpg?fit=crop&h=300&w=300,2026-10-08T22:24:30,0.58,KILO,6.65,28911,mad1,3724,https://tienda.mercadona.es/product/3724/pechugas-enteras-pollo-bandeja,Aves y pollo,,pollo,KILO
pollo,Mercadona,Cuartos traseros familiar de pollo,1.6 kg,4.96 €,/ud,4.96,https://prod-mercadona.imgix.net/images/79b5a7244ff93c42acf5917150bca750.jpg?fit=crop&h=300&w=300,2026-10-08T22:24:30,1.6,KILO,3.1,28911,mad1,3680,https://tienda.mercadona.es/product/3680/cuartos-traseros-familiar-pollo-bandeja,Aves y pollo,,pollo,KILO
pollo,Mercadona,Cuartos traseros de pollo,0.75 kg,2.48 €,/ud,2.48,https://prod-mercadona.imgix.net/images/ef4d972abf6b39c469ba11d25eecf306.jpg?fit=crop&h=300&w=300,2026-10-08T22:24:30,0.75,KILO,3.3,28911,mad1,3727,https://tienda.mercadona.es/product/3727/cuartos-traseros-pollo-bandeja,Aves y pollo,,pollo,KILO
pollo,Mercadona,"Brochetas de pollo, pimiento verde y tocino de cerdo con varilla",0.37 kg,3.11 €,/ud,3.11,https://prod-mercadona.imgix.net/images/15b2eaac006412625943b1d7a52d01de.jpg?fit=crop&h=300&w=300,2026-10-08T22:24:30,0.37,KILO,8.4,28911,mad1,35902,https://tienda.mercadona.es/product/35902/brochetas-pollo-con-varilla-bandeja,Aves y pollo,,pollo,KILO
pollo,Mercadona,Muslos de pollo deshuesados con piel,0.5 kg,2.78 €,/ud,2.78,https://prod-mercadona.imgix.net/images/8cfc723d78c28867e24d49022d5e0441.jpg?fit=crop&h=300&w=300,2026-10-08T22:24:30,0.5,KILO,5.55,28911,mad1,2788,https://tienda.mercadona.es/product/2788/muslos-pollo-deshuesados-con-piel-bandeja,Aves y pollo,,pollo,KILO
pollo,Mercadona,Medio pollo troceado,0.9 kg,3.6 €,/ud,3.6,https://prod-mercadona.imgix.net/images/78c6373538c9cae1793f4d41024c024c.jpg?fit=crop&h=300&w=300,2026-10-08T22:24:30,0.9,KILO,4.0,28911,mad1,2779,https://tienda.mercadona.es/product/2779/medio-pollo-troceado-bandeja,Aves y pollo,,pollo,KILO
pollo,Mercadona,Jamoncitos de pollo,0.92 kg,3.5 €,/ud,3.5,https://prod-mercadona.imgix.net/images/bdb83c7c681de567327ae97747a5d2bf.jpg?fit=crop&h=300&w=300,2026-10-08T22:24:30,0.92,KILO,3.8,28911,mad1,2778,https://tienda.mercadona.es/product/2778/jamoncitos-pollo-bandeja,Aves y pollo,,pollo,KILO
pollo,Mercadona,Alas partidas de pollo,0.53 kg,2.76 €,/ud,2.76,https://prod-mercadona.imgix.net/images/2d2e990b203eb6e7d83cc31666c76c4d.jpeg?fit=crop&h=300&w=300,2026-10-08T22:24:30,0.53,KILO,5.2,28911,mad1,2785,https://tienda.mercadona.es/product/2785/alas-partidas-pollo-bandeja,Aves y pollo,,pollo,KILO
pollo,Mercadona,Carcasa y espinazo de pollo,0.82 kg,1.07 €,/ud,1.07,https://prod-mercadona.imgix.net/images/5e85a7c4d66fe891192d6c6175a2f1a9.jpg?fit=crop&h=300&w=300,2026-10-08T22:24:30,0.82,KILO,1.3,28911,mad1,2853,https://tienda.mercadona.es/product/2853/carcasa-espinazo-pollo-bandeja,Aves y pollo,,pollo,KILO
pollo,Mercadona,Filetes pechuga de pollo marinadas empanadas sin gluten,0.48 kg,4.18 €,/ud,4.18,https://prod-mercadona.imgix.net/images/42ed3d070937a1a4ae9d33d65e6aa1a3.jpg?fit=crop&h=300&w=300,2026-10-08T22:24:30,0.48,KILO,8.7,28911,mad1,21227,https://tienda.mercadona.es/product/21227/pechugas-pollo-marinadas-empanadas-sin-gluten-bandeja,Aves y pollo,,pollo,KILO
pollo,Mercadona,Filetes pechuga de pollo finas hierbas marinadas,0.6 kg,4.92 €,/ud,4.92,https://prod-mercadona.imgix.net/images/b41d5df0b7894464440dc93ad577066f.jpg?fit=crop&h=300&w=300,2026-10-08T22:24:30,0.6,KILO,8.2,28911,mad1,2833,https://tienda.mercadona.es/product/2833/pechugas-pollo-finas-hierbas-marinadas-bandeja,Aves y pollo,,pollo,KILO
pollo,Mercadona,Filetes pechuga de pollo certificado alimentado con un 50% de maíz,0.59 kg,5.9 €,/ud,5.9,https://prod-mercadona.imgix.net/images/c0902c682f4d28953dc3dbf54cfbca00.jpeg?fit=crop&h=300&w=300,2026-10-08T22:24:30,0.59,KILO,10.0,28911,mad1,2791,https://tienda.mercadona.es/product/2791/filetes-pechuga-pollo-certificado-alimentado-con-50-maiz-bandeja,Aves y pollo,,pollo,KILO
pollo,Mercadona,Flautas de pollo y queso,0.28 kg,2.3 €,/ud,2.3,https://prod-mercadona.imgix.net/images/0ae8e36ead1e2d24d6f95c6abffe5e14.jpg?fit=crop&h=300&w=300,2026-10-08T22:24:30,0.28,KILO,8.215,28911,mad1,2137,https://tienda.mercadona.es/product/2137/flautas-pollo-queso-bandeja,Aves y pollo,,pollo|queso,KILO
pollo,Mercadona,Pollo entero,1.9 kg,6.65 €,/ud,6.65,https://prod-mercadona.imgix.net/images/cb8d3cd457f1c0c8bce835505ad77695.jpg?fit=crop&h=300&w=300,2026-10-08T22:24:30,1.9,KILO,3.5,28911,mad1,2781,https://tienda.mercadona.es/product/2781/pollo-entero-bandeja,Aves y pollo,,pollo,KILO
pollo,Mercadona,Hígados y corazones de pollo,0.39 kg,1.56 €,/ud,1.56,https://prod-mercadona.imgix.net/images/fc4beae71e0b59997815d674c1288f66.jpg?fit=crop&h=300&w=300,2026-10-08T22:24:30,0.39,KILO,4.0,28911,mad1,2857,https://tienda.mercadona.es/product/2857/higados-corazones-pollo-bandeja,Aves y pollo,,pollo,KILO
pollo,Mercadona,Cuartos traseros de pollo certificado alimentado con un 50% de maíz,0.9 kg,4.23 €,/ud,4.23,https://prod-mercadona.imgix.net/images/2c00c0299aa3d258c844e2b1305a8361.jpeg?fit=crop&h=300&w=300,2026-10-08T22:24:30,0.9,KILO,4.7,28911,mad1,2783,https://tienda.mercadona.es/product/2783/cuartos-traseros-pollo-certificado-alimentado-con-50-maiz-bandeja,Aves y pollo,,pollo,KILO
pollo,Mercadona,Alas de pollo,0.98 kg,4.36 €,/ud,4.36,https://prod-mercadona.imgix.net/images/9de7c0c7e523b36a96341a167d63aaf7.jpg?fit=crop&h=300&w=300,2026-10-08T22:24:30,0.98,KILO,4.45,28911,mad1,2784,https://tienda.mercadona.es/product/2784/alas-pollo-bandeja,Aves y pollo,,pollo,KILO
pollo,Mercadona,Alas de pollo adobadas,0.63 kg,3.53 €,/ud,3.53,https://prod-mercadona.imgix.net/images/9c0c83c985fce305964a324078f2119e.jpg?fit=crop&h=300&w=300,2026-10-08T22:24:30,0.63,KILO,5.6,28911,mad1,2832,https://tienda.mercadona.es/product/2832/alas-pollo-adobadas-bandeja,Aves y pollo,,pollo,KILO
pollo,Mercadona,Contramuslos de pollo sin piel,0.79 kg,3.32 €,/ud,3.32,https://prod-mercadona.imgix.net/images/696ce36da90626d3a36ae59f056f32dc.jpg?fit=crop&h=300&w=300,2026-10-08T22:24:30,0.79,KILO,4.2,28911,mad1,2777,https://tienda.mercadona.es/product/2777/contramuslos-pollo-sin-piel-bandeja,Aves y pollo,,pollo,KILO
pollo,Mercadona,Carcasa de pollo certificado alimentado con un 50% de maíz,0.75 kg,2.03 €,/ud,2.03,https://prod-mercadona.imgix.net/images/27d4b51410c547cf639c9b143269c449.jpg?fit=crop&h=300&w=300,2026-10-08T22:24:30,0.75,KILO,2.7,28911,mad1,2855,https://tienda.mercadona.es/product/2855/carcasa-pollo-certificado-alimentado-con-50-maiz-bandeja,Aves y pollo,,pollo,KILO
pollo,Mercadona,Jamoncitos de pollo certificado alimentado con un 50% de maíz,0.78 kg,3.67 €,/ud,3.67,https://prod-mercadona.imgix.net/images/831d545b3296f8a4eb2a2f38593c862d.jpg?fit=crop&h=300&w=300,2026-10-08T22:24:30,0.78,KILO,4.7,28911,mad1,25461,https://tienda.mercadona.es/product/25461/jamoncitos-pollo-certificado-alimentado-con-50-maiz-bandeja,Aves y pollo,,pollo,KILO
pollo,Mercadona,Pollo certificado entero alimentado con un 50% de maíz,1.8 kg,9.0 €,/ud,9.0,https://prod-mercadona.imgix.net/images/4ef0fdba9074b1b821ab2f1db0e7db78.jpg?fit=crop&h=300&w=300,2026-10-08T22:24:30,1.8,KILO,5.0,28911,mad1,2782,https://tienda.mercadona.es/product/2782/pollo-certificado-entero-alimentado-con-50-maiz-bandeja,Aves y pollo,,pollo,KILO
pollo,Mercadona,Pechugas enteras de pollo certificado alimentado con un 50% de maíz,0.55 kg,5.23 €,/ud,5.23,https://prod-mercadona.imgix.net/images/4c2e9f8d89ff232e22fdc9368ed527cb.jpg?fit=crop&h=300&w=300,2026-10-08T22:24:30,0.55,KILO,9.5,28911,mad1,25460,https://tienda.mercadona.es/product/25460/pechugas-enteras-pollo-certificado-alimentado-con-50-maiz-bandeja,Aves y pollo,,pollo,KILO
pollo,Mercadona,Alas partidas de pollo certificado alimentado con un 50% de maíz,0.59 kg,3.42 €,/ud,3.42,https://prod-mercadona.imgix.net/images/0a539fc2112b0d33d9ca35bea26ce7a1.jpg?fit=crop&h=300&w=300,2026-10-08T22:24:30,0.59,KILO,5.8,28911,mad1,3791,https://tienda.mercadona.es/product/3791/alas-partidas-pollo-certificado-alimentado-con-50-maiz-bandeja,Aves y pollo,,pollo,KILO
pollo,Mercadona,Mollejas de pollo,0.39 kg,2.09 €,/ud,2.09,https://prod-mercadona.imgix.net/images/ad2e1acc853b585c2256a69da7b5ca05.jpg?fit=crop&h=300&w=300,2026-10-08T22:24:30,0.39,KILO,5.35,28911,mad1,2856,https://tienda.mercadona.es/product/2856/mollejas-pollo-tarrina,Aves y pollo,,pollo,KILO
pollo,Mercadona,Patas de pollo,0.45 kg,2.07 €,/ud,2.07,https://prod-mercadona.imgix.net/images/35af05185d53494427962bf7dd09b12c.jpg?fit=crop&h=300&w=300,2026-10-08T22:24:30,0.45,KILO,4.6,28911,mad1,25243,https://tienda.mercadona.es/product/25243/patas-pollo-bandeja,Aves y pollo,,pollo,KILO
pollo,Mercadona,Picanton entero de pollo,0.45 kg,4.14 €,/ud,4.14,https://prod-mercadona.imgix.net/images/63fc3deddf526316995e808645f60287.jpg?fit=crop&h=300&w=300,2026-10-08T22:24:30,0.45,KILO,9.2,28911,mad1,2795,https://tienda.mercadona.es/product/2795/picantones-pollo-bandeja,Aves y pollo,,pollo,KILO
pollo,Mercadona,Filetes pechuga de pollo extra tiernos,0.56 kg,4.31 €,/ud,4.31,https://prod-mercadona.imgix.net/images/73de377ed3df77f417090cb84455c9bf.jpeg?fit=crop&h=300&w=300,2026-10-08T22:24:30,0.56,KILO,7.7,28911,mad1,3653,https://tienda.mercadona.es/product/3653/filetes-pechuga-pollo-extra-tiernos-bandeja,Aves y pollo,,pollo,KILO
pollo,Mercadona,Solomillos de pollo certificado alimentado con un 50% de maíz,0.4 kg,4.2 €,/ud,4.2,https://prod-mercadona.imgix.net/images/4a2dcc1f9454823ef90da1e084915e1a.jpeg?fit=crop&h=300&w=300,2026-10-08T22:24:30,0.4,KILO,10.5,28911,mad1,2830,https://tienda.mercadona.es/product/2830/solomillos-pollo-certificado-alimentado-con-50-maiz-bandeja,Aves y pollo,,pollo,KILO
pollo,Mercadona,Lagrimitas de pollo al limón empanadas sin gluten,0.42 kg,3.61 €,/ud,3.61,https://prod-mercadona.imgix.net/images/d1d6d1434aae4212853cc1dd44c33919.jpg?fit=crop&h=300&w=300,2026-10-08T22:24:30,0.42,KILO,8.6,28911,mad1,21235,https://tienda.mercadona.es/product/21235/lagrimitas-pollo-limon-empanadas-sin-gluten-bandeja,Aves y pollo,,pollo,KILO
pollo,Mercadona,Filetes solomillos de pollo marinados empanados sin gluten,0.55 kg,4.84 €,/ud,4.84,https://prod-mercadona.imgix.net/images/2b442fa9e3d97eb137f07af17f691dc7.jpg?fit=crop&h=300&w=300,2026-10-08T22:24:30,0.55,KILO,8.8,28911,mad1,52514,https://tienda.mercadona.es/product/52514/solomillos-pollo-marinados-empanados-sin-gluten-bandeja,Aves y pollo,,pollo,KILO
pollo,Mercadona,Alas de pollo adobadas picantes,0.51 kg,3.26 €,/ud,3.26,https://prod-mercadona.imgix.net/images/7dad7f5c3c8a5f55b76155f9b34be2b0.jpg?fit=crop&h=300&w=300,2026-10-08T22:24:30,0.51,KILO,6.4,28911,mad1,8970,https://tienda.mercadona.es/product/8970/alas-pollo-adobadas-picantes-bandeja,Aves y pollo,,pollo,KILO
pollo,Mercadona,Pinchos de pollo sin varilla adobados,0.5 kg,4.3 €,/ud,4.3,https://prod-mercadona.imgix.net/images/18faa0d5d1fb660eeb970c0958d22bb5.jpg?fit=crop&h=300&w=300,2026-10-08T22:24:30,0.5,KILO,8.6,28911,mad1,3456,https://tienda.mercadona.es/product/3456/pinchos-pollo-sin-varilla-adobados-bandeja,Aves y pollo,,pollo,KILO
pollo,Mercadona,Pincho Mexicano de pollo con varilla,0.48 kg,4.94 €,/ud,4.94,https://prod-mercadona.imgix.net/images/d15a89a092b17cc5b236c12867a2eb78.jpg?fit=crop&h=300&w=300,2026-10-08T22:24:30,0.48,KILO,10.3,28911,mad1,8252,https://tienda.mercadona.es/product/8252/pincho-mexicano-pollo-con-varilla-bandeja,Aves y pollo,,pollo,KILO
pollo,Mercadona,Contramuslos deshuesados y sin piel de pollo certificado alimentado con un 50% de maíz,0.55 kg,5.39 €,/ud,5.39,https://prod-mercadona.imgix.net/images/4de8ac6c4fecccfb9d16224edc25885b.jpg?fit=crop&h=300&w=300,2026-10-08T22:24:30,0.55,KILO,9.8,28911,mad1,25258,https://tienda.mercadona.es/product/25258/contramuslos-deshuesados-sin-piel-pollo-certificado-alimentado-con-50-maiz-bandeja,Aves y pollo,,pollo,KILO
pollo,Mercadona,Empanados de pollo picantes sin gluten,0.36 kg,3.1 €,/ud,3.1,https://prod-mercadona.imgix.net/images/3e26c6d2ec8cc06bd7175fa140853fdb.jpg?fit=crop&h=300&w=300,2026-10-08T22:24:30,0.36,KILO,8.612,28911,mad1,11687,https://tienda.mercadona.es/product/11687/filetes-pechuga-pollo-marinadas-empanadas-picantes-sin-gluten-bandeja,Aves y pollo,,pollo,KILO
pollo,Mercadona,Solomillos de pollo adobados,0.38 kg,3.34 €,/ud,3.34,https://prod-mercadona.imgix.net/images/2402c8237147e5acb322dd3fcae70044.jpg?fit=crop&h=300&w=300,2026-10-08T22:24:30,0.38,KILO,8.8,28911,mad1,14974,https://tienda.mercadona.es/product/14974/solomillos-pollo-adobados-bandeja,Aves y pollo,,pollo,KILO
pollo,Mercadona,Taquitos de pollo,0.36 kg,2.7 €,/ud,2.7,https://prod-mercadona.imgix.net/images/6f57caeeada02c1b444dc11562270e30.jpeg?fit=crop&h=300&w=300,2026-10-08T22:24:30,0.36,KILO,7.5,28911,mad1,17564,https://tienda.mercadona.es/product/17564/taquitos-pollo-bandeja,Aves y pollo,,pollo,KILO
pollo,Mercadona,Brochetas de pollo Yakitori Hacendado ultracongeladas,0.24 kg,3.4 €,/ud,3.4,https://prod-mercadona.imgix.net/images/56c1f6bd09368902a2c493d7f0c6a7a3.jpg?fit=crop&h=300&w=300,2026-10-08T22:24:31,0.24,KILO,14.167,28911,mad1,19996,https://tienda.mercadona.es/product/19996/brochetas-pollo-yakitori-hacendado-ultracongeladas-caja,Carne congelada,,pollo,KILO
pollo,Mercadona,Jamoncitos de pollo congelados,1.0 kg,3.5 €,/ud,3.5,https://prod-mercadona.imgix.net/images/628598ef0eef94c068206014855e28f7.jpg?fit=crop&h=300&w=300,2026-10-08T22:24:31,1.0,KILO,3.5,28911,mad1,25183,https://tienda.mercadona.es/product/25183/jamoncitos-pollo-congelados-paquete,Carne congelada,,pollo,KILO
pollo,Mercadona,Alas de pollo congeladas,1.0 kg,3.7 €,/ud,3.7,https://prod-mercadona.imgix.net/images/c57822e42dafc3bcab953b8755a6a40f.jpeg?fit=crop&h=300&w=300,2026-10-08T22:24:31,1.0,KILO,3.7,28911,mad1,25184,https://tienda.mercadona.es/product/25184/alas-pollo-congeladas-paquete,Carne congelada,,pollo,KILO
pollo,Mercadona,Cuartos traseros de pollo congelados,2.0 kg,6.0 €,/ud,6.0,https://prod-mercadona.imgix.net/images/64a92b8526d3a6544a6dfcba18b78e82.png?fit=crop&h=300&w=300,2026-10-08T22:24:31,2.0,KILO,3.0,28911,mad1,25182,https://tienda.mercadona.es/product/25182/cuartos-traseros-pollo-congelados-paquete,Carne congelada,,pollo,KILO
pollo,Mercadona,Pechugas de pollo enteras congeladas,1.2 kg,7.32 €,/ud,7.32,https://prod-mercadona.imgix.net/images/1decd31c8b43f5a43102378e2f5c9674.jpg?fit=crop&h=300&w=300,2026-10-08T22:24:31,1.2,KILO,6.1,28911,mad1,30006,https://tienda.mercadona.es/product/30006/pechugas-pollo-enteras-congeladas-paquete,Carne congelada,,pollo,KILO
pollo,Mercadona,Alas de pollo barbacoa congeladas,0.75 kg,3.7 €,/ud,3.7,https://prod-mercadona.imgix.net/images/08246c7166e5409f632528a1e900a3b6.jpg?fit=crop&h=300&w=300,2026-10-08T22:24:31,0.75,KILO,4.934,28911,mad1,52426,https://tienda.mercadona.es/product/52426/alas-pollo-barbacoa-congeladas-paquete,Carne congelada,,pollo,KILO
pollo,Mercadona,Bolitas de pollo Hacendado congeladas,0.75 kg,3.7 €,/ud,3.7,https://prod-mercadona.imgix.net/images/04c83fd193d2218bdc2d61a652ea1c2b.jpg?fit=crop&h=300&w=300,2026-10-08T22:24:31,0.75,KILO,4.934,28911,mad1,19852,https://tienda.mercadona.es/product/19852/bolitas-pollo-hacendado-congeladas-bolsa,Carne congelada,,pollo,KILO
queso,Mercadona,Flautas de bacón y queso,0.28 kg,2.3 €,/ud,2.3,https://prod-mercadona.imgix.net/images/efd938ceb30081a8b1c076c1d4a08bd9.jpg?fit=crop&h=300&w=300,2026-10-08T22:24:32,0.28,KILO,8.215,28911,mad1,2169,https://tienda.mercadona.es/product/2169/flautas-bacon-queso-bandeja,Cerdo,,queso,KILO
pollo,Mercadona,Longaniza fresca de pollo,0.55 kg,3.99 €,/ud,3.99,https://prod-mercadona.imgix.net/images/9509b9d588cb37aca8f104bac1f6c1c1.jpg?fit=crop&h=300&w=300,2026-10-08T22:24:34,0.55,KILO,7.25,28911,mad1,6041,https://tienda.mercadona.es/product/6041/longaniza-fresca-pollo-bandeja,Embutido,,pollo,KILO
arroz,Mercadona,Morcilla de arroz y cebolla,0.3 kg,1.72 €,/ud,1.72,https://prod-mercadona.imgix.net/images/0405d211265796755365fabbfd7fd172.jpg?fit=crop&h=300&w=300,2026-10-08T22:24:34,0.3,KILO,5.75,28911,mad1,2876,https://tienda.mercadona.es/product/2876/morcilla-arroz-cebolla-paquete,Embutido,,arroz,KILO
pollo,Mercadona,Burger de pollo,0.54 kg,3.8 €,/ud,3.8,https://prod-mercadona.imgix.net/images/bf1bd3c34696dbcfc3c3b608ca0f0c4d.jpg?fit=crop&h=300&w=300,2026-10-08T22:24:35,0.54,KILO,7.038,28911,mad1,2622,https://tienda.mercadona.es/product/2622/burger-pollo-bandeja,Hamburguesas y picadas,,pollo,KILO
pollo,Mercadona,Burger de pollo gruesa,0.36 kg,3.2 €,/ud,3.2,https://prod-mercadona.imgix.net/images/e62de035b39351e90b69a682a966c271.jpg?fit=crop&h=300&w=300,2026-10-08T22:24:35,0.36,KILO,8.889,28911,mad1,86911,https://tienda.mercadona.es/product/86911/burger-pollo-gruesa-bandeja,Hamburguesas y picadas,,pollo,KILO
pollo,Mercadona,Mini burgers de pollo,0.28 kg,2.9 €,/ud,2.9,https://prod-mercadona.imgix.net/images/4a2cb5989f97fa42b4dcdf415abd6fcd.jpg?fit=crop&h=300&w=300,2026-10-08T22:24:35,0.28,KILO,10.358,28911,mad1,10467,https://tienda.mercadona.es/product/10467/mini-burgers-pollo-bandeja,Hamburguesas y picadas,,pollo,KILO
carne picada,Mercadona,Preparado de carne picada vacuno y cerdo,0.5 kg,4.1 €,/ud,4.1,https://prod-mercadona.imgix.net/images/3ff4619c75302a2ae20831ae3ffe6c1c.jpeg?fit=crop&h=300&w=300,2026-10-08T22:24:35,0.5,KILO,8.2,28911,mad1,2869,https://tienda.mercadona.es/product/2869/preparado-carne-picada-vacuno-cerdo-bandeja,Hamburguesas y picadas,,carne picada,KILO
carne picada,Mercadona,Preparado de carne picada vacuno y cerdo,1.0 kg,8.0 €,/ud,8.0,https://prod-mercadona.imgix.net/images/5abc17f64c9721afe904923d5b12ecd2.jpeg?fit=crop&h=300&w=300,2026-10-08T22:24:35,1.0,KILO,8.0,28911,mad1,3453,https://tienda.mercadona.es/product/3453/preparado-carne-picada-vacuno-cerdo-bandeja,Hamburguesas y picadas,,carne picada,KILO
carne picada,Mercadona,Preparado de carne picada cerdo,0.5 kg,2.75 €,/ud,2.75,https://prod-mercadona.imgix.net/images/2781547566ca8d299f1e2e0d9cdccd4f.jpeg?fit=crop&h=300&w=300,2026-10-08T22:24:35,0.5,KILO,5.5,28911,mad1,2867,https://tienda.mercadona.es/product/2867/preparado-carne-picada-cerdo-bandeja,Hamburguesas y picadas,,carne picada,KILO
carne picada,Mercadona,Preparado de carne picada vacuno,0.5 kg,5.5 €,/ud,5.5,https://prod-mercadona.imgix.net/images/9b98483e96624180d8a01e2f7e085f87.jpg?fit=crop&h=300&w=300,2026-10-08T22:24:35,0.5,KILO,11.0,28911,mad1,2868,https://tienda.mercadona.es/product/2868/preparado-carne-picada-vacuno-bandeja,Hamburguesas y picadas,,carne picada,KILO
carne picada,Mercadona,Preparado de carne picada vacuno,1.0 kg,10.8 €,/ud,10.8,https://prod-mercadona.imgix.net/images/568b0075f1c53000f2a26946b6539e0c.jpg?fit=crop&h=300&w=300,2026-10-08T22:24:35,1.0,KILO,10.8,28911,mad1,3454,https://tienda.mercadona.es/product/3454/preparado-carne-picada-vacuno-bandeja,Hamburguesas y picadas,,carne picada,KILO
pollo,Mercadona,Preparado de carne picada pollo,0.5 kg,3.95 €,/ud,3.95,https://prod-mercadona.imgix.net/images/50a22eff94bcd78d616ede310499a235.jpg?fit=crop&h=300&w=300,2026-10-08T22:24:35,0.5,KILO,7.9,28911,mad1,35774,https://tienda.mercadona.es/product/35774/preparado-carne-picada-pollo-bandeja,Hamburguesas y picadas,,pollo|carne picada,KILO
pollo,Mercadona,Albóndigas de pollo,0.84 kg,5.8 €,/ud,5.8,https://prod-mercadona.imgix.net/images/0591c4d2bdb7d3c9c067d97673a592b7.jpg?fit=crop&h=300&w=300,2026-10-08T22:24:35,0.84,KILO,6.905,28911,mad1,23632,https://tienda.mercadona.es/product/23632/albondigas-pollo-bandeja,Hamburguesas y picadas,,pollo,KILO
carne picada,Mercadona,Preparado de carne picada vacuno,0.4 kg,5.4 €,/ud,5.4,https://prod-mercadona.imgix.net/images/4d062e075437ea420f6d4c4becf9143d.jpg?fit=crop&h=300&w=300,2026-10-08T22:24:35,0.4,KILO,13.5,28911,mad1,52776,https://tienda.mercadona.es/product/52776/preparado-carne-picada-vacuno-paquete,Hamburguesas y picadas,,carne picada,KILO
pollo,Mercadona,Nuggets de pollo Hacendado ultracongelados,0.5 kg,2.7 €,/ud,2.7,https://prod-mercadona.imgix.net/images/e8fa9d32e0463cb2cb7013f8cc1238fe.jpg?fit=crop&h=300&w=300,2026-10-08T22:24:38,0.5,KILO,5.4,28911,mad1,63323,https://tienda.mercadona.es/product/63323/nuggets-pollo-hacendado-ultracongelados-paquete,Empanados y elaborados,,pollo,KILO
pollo,Mercadona,Delicias de pollo Hacendado ultracongeladas,0.5 kg,3.7 €,/ud,3.7,https://prod-mercadona.imgix.net/images/69c43cac064a4c03f04c7e07bf3b617a.jpeg?fit=crop&h=300&w=300,2026-10-08T22:24:38,0.5,KILO,7.4,28911,mad1,63322,https://tienda.mercadona.es/product/63322/delicias-pollo-hacendado-ultracongeladas-con-empanado-base-maiz-paquete,Empanados y elaborados,,pollo,KILO
pollo,Mercadona,Pollo marinado rebozado Crispy American Style Hacendado ultracongelado,0.5 kg,4.9 €,/ud,4.9,https://prod-mercadona.imgix.net/images/70b625b38e0b189e1fc55ef2df98ebc9.jpg?fit=crop&h=300&w=300,2026-10-08T22:24:38,0.5,KILO,9.8,28911,mad1,60306,https://tienda.mercadona.es/product/60306/pollo-marinado-rebozado-crispy-american-style-hacendado-ultracongeladas-paquete,Empanados y elaborados,,pollo,KILO
queso,Mercadona,Cachopo de vacuno con jamón y queso sin gluten,0.25 kg,4.43 €,/ud,4.43,https://prod-mercadona.imgix.net/images/8f034507fee7b3628a5ec48e3e831a45.jpg?fit=crop&h=300&w=300,2026-10-08T22:24:38,0.25,KILO,17.7,28911,mad1,52810,https://tienda.mercadona.es/product/52810/cachopo-vacuno-con-jamon-queso-bandeja,Empanados y elaborados,,queso,KILO
pollo,Mercadona,Tiras de pollo marinado empanadas chicken fries,0.3 kg,2.52 €,/ud,2.52,https://prod-mercadona.imgix.net/images/262d6fa9aaa7c0ff081cdac0b8d0f2da.jpg?fit=crop&h=300&w=300,2026-10-08T22:24:38,0.3,KILO,8.4,28911,mad1,17575,https://tienda.mercadona.es/product/17575/tiras-empanadas-pollo-marinado-chicken-fries-bandeja,Empanados y elaborados,,pollo,KILO
leche,Mercadona,Cereales rellenos de leche Hacendado,0.5 kg,2.4 €,/ud,2.4,https://prod-mercadona.imgix.net/images/f28fce2e1849905d03b85683e4407734.jpeg?fit=crop&h=300&w=300,2026-10-08T22:24:39,0.5,KILO,4.8,28911,mad1,9264,https://tienda.mercadona.es/product/9264/cereales-rellenos-leche-hacendado-caja,Cereales,,leche,KILO
leche,Mercadona,Mini cereales rellenos de leche Hacendado,0.175 kg,1.95 €,/ud,1.95,https://prod-mercadona.imgix.net/images/c3ee3973b93c5c7a2b7c136f145bc3d1.jpeg?fit=crop&h=300&w=300,2026-10-08T22:24:39,0.175,KILO,11.143,28911,mad1,9333,https://tienda.mercadona.es/product/9333/mini-cereales-rellenos-leche-hacendado-caja,Cereales,,leche,KILO
arroz,Mercadona,Cereales de arroz inflado Choco Krispies Kellogg's con chocolate,0.42 kg,3.65 €,/ud,3.65,https://prod-mercadona.imgix.net/images/3aa570213697c9cd80248d024110faf1.jpeg?fit=crop&h=300&w=300,2026-10-08T22:24:39,0.42,KILO,8.691,28911,mad1,35987,https://tienda.mercadona.es/product/35987/cereales-arroz-inflado-choco-krispies-kelloggs-con-chocolate-caja,Cereales,,arroz,KILO
leche,Mercadona,Cereales cubiertos de chocolate blanco rellenos con leche Hacendado,0.125 kg,1.75 €,/ud,1.75,https://prod-mercadona.imgix.net/images/974abed62b2ae8a310ab1c222b37c209.jpg?fit=crop&h=300&w=300,2026-10-08T22:24:39,0.125,KILO,14.0,28911,mad1,21450,https://tienda.mercadona.es/product/21450/cereales-cubiertos-chocolate-blanco-rellenos-con-leche-hacendado-paquete,Cereales,,leche,KILO
arroz,Mercadona,Cereales copos de trigo integral y arroz Special K Classic,0.45 kg,3.25 €,/ud,3.25,https://prod-mercadona.imgix.net/images/7217d5cc7c1294828207ae7eab262d1e.jpg?fit=crop&h=300&w=300,2026-10-08T22:24:39,0.45,KILO,7.223,28911,mad1,35707,https://tienda.mercadona.es/product/35707/cereales-copos-trigo-integral-arroz-special-k-classic-kelloggs-caja,Cereales,,arroz,KILO
arroz,Mercadona,Cereales copos de trigo integral y arroz Hacendado 0% azúcares añadidos,0.5 kg,1.9 €,/ud,1.9,https://prod-mercadona.imgix.net/images/b911f6af2c54a9e27b676aef897ba8ff.jpeg?fit=crop&h=300&w=300,2026-10-08T22:24:39,0.5,KILO,3.8,28911,mad1,9488,https://tienda.mercadona.es/product/9488/cereales-copos-trigo-integral-arroz-hacendado-0-azucares-anadidos-linnea-v-caja,Cereales,,arroz,KILO
leche,Mercadona,Cereales copos de trigo integral y arroz Hacendado bañados en chocolate con leche,0.375 kg,2.65 €,/ud,2.65,https://prod-mercadona.imgix.net/images/5ef3d3435e4f02a3589a3745a9891faa.jpg?fit=crop&h=300&w=300,2026-10-08T22:24:39,0.375,KILO,7.067,28911,mad1,9487,https://tienda.mercadona.es/product/9487/cereales-copos-trigo-integral-arroz-hacendado-banados-chocolate-con-leche-linnea-v-caja,Cereales,,leche|arroz,KILO
arroz,Mercadona,Cereales copos tostados de trigo integral y arroz Hacendado con chocolate,0.425 kg,2.3 €,/ud,2.3,https://prod-mercadona.imgix.net/images/1bd07524e377881e474d3788346a17d9.jpg?fit=crop&h=300&w=300,2026-10-08T22:24:39,0.425,KILO,5.412,28911,mad1,52772,https://tienda.mercadona.es/product/52772/cereales-copos-tostados-trigo-integral-arroz-hacendado-con-chocolate-caja,Cereales,,arroz,KILO
leche,Mercadona,Barritas de cereales y chocolate con leche Hacendado,0.12 kg,1.55 €,/ud,1.55,https://prod-mercadona.imgix.net/images/d873cc7c5f9b10efd6967eccf90e1511.jpg?fit=crop&h=300&w=300,2026-10-08T22:24:39,0.12,KILO,12.917,28911,mad1,9350,https://tienda.mercadona.es/product/9350/barritas-cereales-hacendado-chocolate-con-leche-caja,Cereales,,leche,KILO
leche,Mercadona,Barrita con proteínas sabor chocolate con leche Enervit Sport,0.18 kg,4.9 €,/ud,4.9,https://prod-mercadona.imgix.net/images/9ed06a63ae5619678ca1e38aa1ebe2aa.jpg?fit=crop&h=300&w=300,2026-10-08T22:24:39,0.18,KILO,27.223,28911,mad1,19867,https://tienda.mercadona.es/product/19867/barrita-con-proteinas-enervit-sport-sabor-chocolate-con-leche-caja,Cereales,,leche,KILO
plátano,Mercadona,Barritas de cereales plátano y cacao Hacendado 0% azúcares añadidos,0.12 kg,1.65 €,/ud,1.65,https://prod-mercadona.imgix.net/images/0b1cb7ce015f70ca741f498a0a092fe0.jpg?fit=crop&h=300&w=300,2026-10-08T22:24:39,0.12,KILO,13.75,28911,mad1,21759,https://tienda.mercadona.es/product/21759/barritas-cereales-hacendado-sabor-platano-0-azucares-anadidos-caja,Cereales,,plátano,KILO
pasta,Mercadona,Pastas de aceite Hacendado,0.25 kg,1.25 €,/ud,1.25,https://prod-mercadona.imgix.net/images/387b56ecbbcd28b1c171be0ada5d0ff4.jpg?fit=crop&h=300&w=300,2026-10-08T22:24:40,0.25,KILO,5.0,28911,mad1,60586,https://tienda.mercadona.es/product/60586/pastas-aceite-hacendado-caja,Galletas,,pasta|aceite,KILO
manzana,Mercadona,Galletas Digestive manzana & avena Hacendado,0.384 kg,1.65 €,/ud,1.65,https://prod-mercadona.imgix.net/images/500583d75d43433a64dbec896cc8d655.jpg?fit=crop&h=300&w=300,2026-10-08T22:24:40,0.384,KILO,4.297,28911,mad1,14215,https://tienda.mercadona.es/product/14215/galletas-digestive-manzana-avena-hacendado-caja,Galletas,,manzana,KILO
leche,Mercadona,Galletas Digestive chocolate con leche Hacendado,0.3 kg,1.35 €,/ud,1.35,https://prod-mercadona.imgix.net/images/9cc53b960bd7e0aa69c37adb61c68f69.jpg?fit=crop&h=300&w=300,2026-10-08T22:24:40,0.3,KILO,4.5,28911,mad1,14131,https://tienda.mercadona.es/product/14131/galletas-digestive-chocolate-con-leche-hacendado-paquete,Galletas,,leche,KILO
leche,Mercadona,Barritas de galleta bañadas en chocolate con leche Chips Ahoy,0.14 kg,1.5 €,/ud,1.5,https://prod-mercadona.imgix.net/images/fc1f3da1290f5b6e78f240714ebe9094.jpg?fit=crop&h=300&w=300,2026-10-08T22:24:40,0.14,KILO,10.715,28911,mad1,14133,https://tienda.mercadona.es/product/14133/barritas-galleta-banadas-chocolate-con-leche-chips-ahoy-caja,Galletas,,leche,KILO
leche,Mercadona,Galletas con chocolate y crema de leche Hacendado,0.268 kg,2.55 €,/ud,2.55,https://prod-mercadona.imgix.net/images/507271ff3760f7aafa67951e0fc6b219.jpg?fit=crop&h=300&w=300,2026-10-08T22:24:40,0.268,KILO,9.515,28911,mad1,14038,https://tienda.mercadona.es/product/14038/galletas-con-chocolate-crema-leche-hacendado-caja,Galletas,2.65,leche,KILO
leche,Mercadona,Galletas Digestive avena chocolate con leche Hacendado,0.28 kg,1.4 €,/ud,1.4,https://prod-mercadona.imgix.net/images/3e17ecf7274093b44ef500a4482fdc3b.jpg?fit=crop&h=300&w=300,2026-10-08T22:24:40,0.28,KILO,5.0,28911,mad1,52594,https://tienda.mercadona.es/product/52594/galletas-digestive-avena-chocolate-con-leche-hacendado-paquete,Galletas,,leche,KILO
leche,Mercadona,Galletas Choco leche con chocolatina Hacendado,0.15 kg,1.35 €,/ud,1.35,https://prod-mercadona.imgix.net/images/8391b82efd2c1caf4348ee2a05c8fd01.jpg?fit=crop&h=300&w=300,2026-10-08T22:24:40,0.15,KILO,9.0,28911,mad1,14641,https://tienda.mercadona.es/product/14641/galletas-choco-leche-con-chocolatina-hacendado-caja,Galletas,,leche,KILO
leche,Mercadona,Rosquillas de chocolate con leche y coco Hacendado,0.3 kg,1.7 €,/ud,1.7,https://prod-mercadona.imgix.net/images/b5cc245fcd571b06777d72c09c1493f8.jpg?fit=crop&h=300&w=300,2026-10-08T22:24:40,0.3,KILO,5.667,28911,mad1,13656,https://tienda.mercadona.es/product/13656/rosquillas-chocolate-con-leche-coco-hacendado-caja,Galletas,1.75,leche,KILO
leche,Mercadona,Galletas Divertidas chocolate con leche Hacendado,0.251 kg,1.8 €,/ud,1.8,https://prod-mercadona.imgix.net/images/43ee6171b2a5d7e0b5f40cb563a441c3.jpg?fit=crop&h=300&w=300,2026-10-08T22:24:40,0.251,KILO,7.172,28911,mad1,52592,https://tienda.mercadona.es/product/52592/galletas-divertidas-chocolate-con-leche-hacendado-caja,Galletas,,leche,KILO
pasta,Mercadona,Surtido de pastas artesanas Hacendado,0.5 kg,2.35 €,/ud,2.35,https://prod-mercadona.imgix.net/images/9e54b56b77df48a29e0cd5e7409ce81c.jpg?fit=crop&h=300&w=300,2026-10-08T22:24:40,0.5,KILO,4.7,28911,mad1,14587,https://tienda.mercadona.es/product/14587/surtido-pastas-artesanas-hacendado-caja,Galletas,,pasta,KILO
arroz,Mercadona,Tortitas de arroz con chocolate blanco sabor yogur Hacendado,0.12 kg,1.9 €,/ud,1.9,https://prod-mercadona.imgix.net/images/06d5eaf5e7e3c88e3ccfe35f77c42e5a.jpg?fit=crop&h=300&w=300,2026-10-08T22:24:41,0.12,KILO,15.834,28911,mad1,14141,https://tienda.mercadona.es/product/14141/tortitas-arroz-con-chocolate-blanco-sabor-yogur-hacendado-paquete,Tortitas,,arroz|yogur,KILO
arroz,Mercadona,Tortitas de arroz Hacendado,0.124 kg,1.1 €,/ud,1.1,https://prod-mercadona.imgix.net/images/a202828b49681aeceaa281bc820c1a18.jpg?fit=crop&h=300&w=300,2026-10-08T22:24:41,0.124,KILO,8.871,28911,mad1,14013,https://tienda.mercadona.es/product/14013/tortitas-arroz-hacendado-paquete,Tortitas,,arroz,KILO
leche,Mercadona,Tortitas de arroz con chocolate con leche Hacendado,0.13 kg,1.9 €,/ud,1.9,https://prod-mercadona.imgix.net/images/992741048a0d81f6679873fd3eae9bd5.jpg?fit=crop&h=300&w=300,2026-10-08T22:24:41,0.13,KILO,14.616,28911,mad1,14142,https://tienda.mercadona.es/product/14142/tortitas-arroz-con-chocolate-con-leche-hacendado-paquete,Tortitas,,leche|arroz,KILO
arroz,Mercadona,Tortitas de legumbres y arroz Hacendado,0.109 kg,1.75 €,/ud,1.75,https://prod-mercadona.imgix.net/images/83544f58c2cff5206720c5d58a5d0f3f.jpg?fit=crop&h=300&w=300,2026-10-08T22:24:41,0.109,KILO,16.056,28911,mad1,86483,https://tienda.mercadona.es/product/86483/tortitas-legumbres-arroz-hacendado-paquete,Tortitas,,arroz,KILO
pollo,Mercadona,Pechuga de pollo braseada Hacendado lonchas,0.225 kg,2.3 €,/ud,2.3,https://prod-mercadona.imgix.net/images/857e317f4da4d99288d787a428f564be.jpg?fit=crop&h=300&w=300,2026-10-08T22:24:42,0.225,KILO,10.223,28911,mad1,18106,https://tienda.mercadona.es/product/18106/pechuga-pollo-braseada-hacendado-lonchas-paquete,Aves y jamón cocido,,pollo,KILO
pollo,Mercadona,Tiras de pechuga pollo 99% al horno Hacendado,0.14 kg,2.25 €,/ud,2.25,https://prod-mercadona.imgix.net/images/3c9bf449ba4715b82fb37dd9ce03b754.jpg?fit=crop&h=300&w=300,2026-10-08T22:24:42,0.14,KILO,16.072,28911,mad1,56652,https://tienda.mercadona.es/product/56652/tiras-pechuga-pollo-horno-hacendado-paquete,Aves y jamón cocido,,pollo,KILO
pollo,Mercadona,Tiras de pechuga de pollo 99% Hacendado al natural,0.14 kg,2.25 €,/ud,2.25,https://prod-mercadona.imgix.net/images/d14a184efcd64af70c57ea510d8e88b2.jpg?fit=crop&h=300&w=300,2026-10-08T22:24:42,0.14,KILO,16.072,28911,mad1,56661,https://tienda.mercadona.es/product/56661/tiras-pechuga-pollo-natural-hacendado-paquete,Aves y jamón cocido,,pollo,KILO
pollo,Mercadona,Pollo 97% relleno La Carloteña asado al horno lonchas,0.15 kg,2.3 €,/ud,2.3,https://prod-mercadona.imgix.net/images/c0a4ea8f1fe98e43e957b317ac9c3d07.jpg?fit=crop&h=300&w=300,2026-10-08T22:24:42,0.15,KILO,15.334,28911,mad1,56084,https://tienda.mercadona.es/product/56084/pollo-relleno-asado-horno-carlotena-lonchas-paquete,Aves y jamón cocido,2.4,pollo,KILO
pollo,Mercadona,Pechuguita de pollo 99% La Carloteña asada al horno lonchas,0.125 kg,2.5 €,/ud,2.5,https://prod-mercadona.imgix.net/images/1e13c330e4bce89f5a37d8e709c976a0.jpg?fit=crop&h=300&w=300,2026-10-08T22:24:42,0.125,KILO,20.0,28911,mad1,22332,https://tienda.mercadona.es/product/22332/pechuguita-pollo-asada-carlotena-lonchas-paquete,Aves y jamón cocido,,pollo,KILO
pollo,Mercadona,Muslito de pollo 97% La Carloteña asado al horno lonchas,0.15 kg,2.25 €,/ud,2.25,https://prod-mercadona.imgix.net/images/325deb597c90a810813ddd63281b3fd2.jpg?fit=crop&h=300&w=300,2026-10-08T22:24:42,0.15,KILO,15.0,28911,mad1,14269,https://tienda.mercadona.es/product/14269/muslito-pollo-97-carlotena-asado-horno-lonchas-paquete,Aves y jamón cocido,,pollo,KILO
pollo,Mercadona,Mini muslo de pollo 98% La Carloteña asado al horno,0.3 kg,3.25 €,/ud,3.25,https://prod-mercadona.imgix.net/images/e2a6d6dba6857a89c385178a661edb50.jpg?fit=crop&h=300&w=300,2026-10-08T22:24:42,0.3,KILO,10.834,28911,mad1,19994,https://tienda.mercadona.es/product/19994/muslo-pollo-98-mini-relleno-carlotena-asado-horno-paquete,Aves y jamón cocido,,pollo,KILO
pollo,Mercadona,Pechuga de pollo braseada extrafino Hacendado lonchas,0.15 kg,2.85 €,/ud,2.85,https://prod-mercadona.imgix.net/images/3a1c91aedd4a8405f6457a978c78df72.jpg?fit=crop&h=300&w=300,2026-10-08T22:24:42,0.15,KILO,19.0,28911,mad1,21647,https://tienda.mercadona.es/product/21647/pechuga-pollo-braseada-extrafino-hacendado-lonchas-paquete,Aves y jamón cocido,,pollo,KILO
pollo,Mercadona,Pechuga de pollo 92% Hacendado lonchas,0.2 kg,2.85 €,/ud,2.85,https://prod-mercadona.imgix.net/images/487f790bff56fce10fb0570a57ee5c2e.jpg?fit=crop&h=300&w=300,2026-10-08T22:24:42,0.2,KILO,14.25,28911,mad1,8667,https://tienda.mercadona.es/product/8667/pechuga-pollo-92-hacendado-lonchas-paquete,Aves y jamón cocido,,pollo,KILO
queso,Mercadona,Mini salchichas Bacon Cheese Hacendado con queso envueltas en bacon,0.25 kg,2.5 €,/ud,2.5,https://prod-mercadona.imgix.net/images/a4511d3015788f96d899ff178093ab79.jpg?fit=crop&h=300&w=300,2026-10-08T22:24:44,0.25,KILO,10.0,28911,mad1,18161,https://tienda.mercadona.es/product/18161/mini-salchichas-bacon-cheese-hacendado-con-queso-envueltas-bacon-paquete,Bacón y salchichas,,queso,KILO
pollo,Mercadona,Salchichas cocidas estilo Frankfurt Hacendado de pollo y cerdo sabor ahumado,4 paquetes x 0.176 kg,1.8 €,/pack,1.8,https://prod-mercadona.imgix.net/images/d3ca58a7c971dab07cb0095a4391f33b.jpg?fit=crop&h=300&w=300,2026-10-08T22:24:44,0.704,KILO,2.557,28911,mad1,53141,https://tienda.mercadona.es/product/53141/salchichas-cocidas-estilo-frankfurt-hacendado-pollo-cerdo-sabor-ahumado-pack-4,Bacón y salchichas,,pollo,KILO
pollo,Mercadona,Salchichas cocidas Hacendado de pollo y pavo sabor ahumado,2 paquetes x 0.2 kg,1.5 €,/pack,1.5,https://prod-mercadona.imgix.net/images/9c39be7437af0796e73aad07747b6690.jpg?fit=crop&h=300&w=300,2026-10-08T22:24:44,0.4,KILO,3.75,28911,mad1,53056,https://tienda.mercadona.es/product/53056/salchichas-cocidas-hacendado-pollo-pavo-sabor-ahumado-pack-2,Bacón y salchichas,,pollo,KILO
pollo,Mercadona,Salchichas cocidas estilo Viena con queso Hacendado de pollo y cerdo sabor ahumado,2 paquetes x 0.2 kg,1.7 €,/pack,1.7,https://prod-mercadona.imgix.net/images/866ff7ce472d2428ea28b52f90f2b823.jpg?fit=crop&h=300&w=300,2026-10-08T22:24:44,0.4,KILO,4.25,28911,mad1,53030,https://tienda.mercadona.es/product/53030/salchichas-cocidas-estilo-viena-con-queso-hacendado-pollo-cerdo-sabor-ahumado-pack-2,Bacón y salchichas,,pollo|queso,KILO
leche,Mercadona,"Salchichas cocidas con leche Campofrío de pollo, cerdo y pavo",0.17 kg,1.25 €,/ud,1.25,https://prod-mercadona.imgix.net/images/e5c0f7e1ba0e4de7b00eb90b6fc16d0c.jpg?fit=crop&h=300&w=300,2026-10-08T22:24:44,0.17,KILO,7.353,28911,mad1,52884,https://tienda.mercadona.es/product/52884/salchichas-cocidas-con-leche-campofrio-pollo-cerdo-pavo-paquete,Bacón y salchichas,,leche|pollo,KILO
pollo,Mercadona,Salchichas cocidas hot dog bocadillo Oscar Mayer Classic de pollo y cerdo sabor ahumado,0.275 kg,1.85 €,/ud,1.85,https://prod-mercadona.imgix.net/images/a6b6e3f0bd9a9ca915e2e3c248aceea7.jpg?fit=crop&h=300&w=300,2026-10-08T22:24:44,0.275,KILO,6.728,28911,mad1,53015,https://tienda.mercadona.es/product/53015/salchichas-cocidas-hot-dog-bocadillo-oscar-mayer-classic-pollo-cerdo-sabor-ahumado-paquete,Bacón y salchichas,,pollo,KILO
pollo,Mercadona,Salchichas cocidas estilo Frankfurt con queso Hacendado de pollo y cerdo sabor ahumado,4 paquetes x 0.176 kg,1.95 €,/pack,1.95,https://prod-mercadona.imgix.net/images/cb3e9c1f7f3e5a28f800036d0da00e01.jpg?fit=crop&h=300&w=300,2026-10-08T22:24:44,0.704,KILO,2.77,28911,mad1,53100,https://tienda.mercadona.es/product/53100/salchichas-cocidas-estilo-frankfurt-con-queso-hacendado-pollo-cerdo-sabor-ahumado-pack-4,Bacón y salchichas,,pollo|queso,KILO
pollo,Mercadona,Salchichas cocidas bocata Hacendado de pollo y pavo sabor ahumado,2 paquetes x 0.2 kg,2.0 €,/pack,2.0,https://prod-mercadona.imgix.net/images/5d0f719e7d043babbd24d60924135323.jpg?fit=crop&h=300&w=300,2026-10-08T22:24:44,0.4,KILO,5.0,28911,mad1,53059,https://tienda.mercadona.es/product/53059/salchichas-cocidas-bocata-hacendado-pollo-pavo-sabor-ahumado-pack-2,Bacón y salchichas,,pollo,KILO
queso,Mercadona,Salchichas cocidas bocata queso Hacendado,2 paquetes x 0.2 kg,2.1 €,/pack,2.1,https://prod-mercadona.imgix.net/images/d347bb292954340fea0afbe31e394369.jpg?fit=crop&h=300&w=300,2026-10-08T22:24:44,0.4,KILO,5.25,28911,mad1,53048,https://tienda.mercadona.es/product/53048/salchichas-cocidas-bocata-queso-hacendado-pollo-cerdo-sabor-ahumado-pack-2,Bacón y salchichas,,queso,KILO
pollo,Mercadona,Salchichas cocidas de pollo Hacendado,2 paquetes x 0.25 kg,1.75 €,/pack,1.75,https://prod-mercadona.imgix.net/images/df65edb0794384dfe93fd588a670a507.jpg?fit=crop&h=300&w=300,2026-10-08T22:24:44,0.5,KILO,3.5,28911,mad1,53042,https://tienda.mercadona.es/product/53042/salchichas-cocidas-pollo-hacendado-pack-2,Bacón y salchichas,,pollo,KILO
pollo,Mercadona,Salchichas estilo Frankfurt Serrana Hacendado de cerdo y pollo,2 paquetes x 0.2 kg,1.8 €,/pack,1.8,https://prod-mercadona.imgix.net/images/ca15bcf4510665598ae7ea351c542af7.jpg?fit=crop&h=300&w=300,2026-10-08T22:24:44,0.4,KILO,4.5,28911,mad1,17569,https://tienda.mercadona.es/product/17569/salchichas-estilo-frankfurt-serrana-hacendado-cerdo-pollo,Bacón y salchichas,,pollo,KILO
atún,Mercadona,Paté de lomo de atún Hacendado,3 latas x 0.1 kg,2.3 €,/pack,2.3,https://prod-mercadona.imgix.net/images/0428282db1384b9be1659122bd8d5590.jpg?fit=crop&h=300&w=300,2026-10-08T22:24:48,0.3,KILO,7.667,28911,mad1,21632,https://tienda.mercadona.es/product/21632/pate-lomo-atun-hacendado,Paté y sobrasada,,atún,KILO
salmón,Mercadona,Paté de salmón Hacendado,0.16 kg,1.1 €,/ud,1.1,https://prod-mercadona.imgix.net/images/23f1824d81823378bd3eb3adc85d9320.jpeg?fit=crop&h=300&w=300,2026-10-08T22:24:48,0.16,KILO,6.875,28911,mad1,52336,https://tienda.mercadona.es/product/52336/pate-salmon-hacendado-tarro,Paté y sobrasada,,salmón,KILO
pollo,Mercadona,Paté de cerdo y pollo con trufa y arándanos Hacendado,0.1 kg,1.85 €,/ud,1.85,https://prod-mercadona.imgix.net/images/a934d649a0d255eed26810f4804eb6d9.jpg?fit=crop&h=300&w=300,2026-10-08T22:24:48,0.1,KILO,18.5,28911,mad1,52157,https://tienda.mercadona.es/product/52157/pate-cerdo-pollo-con-trufa-arandanos-hacendado-paquete,Paté y sobrasada,,pollo,KILO
pollo,Mercadona,Paté de pollo asado Hacendado,0.16 kg,1.1 €,/ud,1.1,https://prod-mercadona.imgix.net/images/91214b6fc7bf43e1ab576f6f73316c2a.jpg?fit=crop&h=300&w=300,2026-10-08T22:24:48,0.16,KILO,6.875,28911,mad1,23596,https://tienda.mercadona.es/product/23596/pate-pollo-asado-hacendado-tarro,Paté y sobrasada,,pollo,KILO
queso,Mercadona,Queso curado mezcla Hacendado,1.63 kg,18.09 €,/ud,18.09,https://prod-mercadona.imgix.net/images/1937043ae309b399e4cd49c262927674.jpg?fit=crop&h=300&w=300,2026-10-08T22:24:49,1.63,KILO,11.1,28911,mad1,50968,https://tienda.mercadona.es/product/50968/queso-curado-mezcla-hacendado-pieza,"Queso curado, semicurado y tierno",,queso,KILO
queso,Mercadona,Queso curado mezcla Hacendado cortado en cuñitas,0.33 kg,4.69 €,/ud,4.69,https://prod-mercadona.imgix.net/images/bebb4ccbd7718c152e3212a4abeec174.jpg?fit=crop&h=300&w=300,2026-10-08T22:24:49,0.33,KILO,14.2,28911,mad1,50966,https://tienda.mercadona.es/product/50966/queso-curado-mezcla-hacendado-cortado-cunitas-pieza,"Queso curado, semicurado y tierno",,queso,KILO
queso,Mercadona,Queso curado mezcla Hacendado,0.41 kg,4.67 €,/ud,4.67,https://prod-mercadona.imgix.net/images/17ca4b46343fc3ef8c6a2efdb7be9c53.jpeg?fit=crop&h=300&w=300,2026-10-08T22:24:49,0.41,KILO,11.4,28911,mad1,50965,https://tienda.mercadona.es/product/50965/queso-curado-mezcla-hacendado-pieza,"Queso curado, semicurado y tierno",,queso,KILO
queso,Mercadona,Queso curado mezcla Hacendado,1.034 kg,11.67 €,/ud,11.67,https://prod-mercadona.imgix.net/images/bb1e5ccac306fd59a465fb1fb665333a.jpg?fit=crop&h=300&w=300,2026-10-08T22:24:49,1.034,KILO,11.29,28911,mad1,50967,https://tienda.mercadona.es/product/50967/queso-curado-mezcla-hacendado-pieza,"Queso curado, semicurado y tierno",,queso,KILO
queso,Mercadona,Queso grana padano Zanetti,0.23 kg,3.66 €,/ud,3.66,https://prod-mercadona.imgix.net/images/418183dd6b420070ef1dffb28b2d572b.jpg?fit=crop&h=300&w=300,2026-10-08T22:24:49,0.23,KILO,15.9,28911,mad1,50008,https://tienda.mercadona.es/product/50008/queso-grana-padano-zanetti-pieza,"Queso curado, semicurado y tierno",,queso,KILO
queso,Mercadona,Queso viejo tostado mezcla Hacendado,1.57 kg,21.07 €,/ud,21.07,https://prod-mercadona.imgix.net/images/252e2c9dddda3d3aa043deccc1695996.jpg?fit=crop&h=300&w=300,2026-10-08T22:24:49,1.57,KILO,13.42,28911,mad1,50985,https://tienda.mercadona.es/product/50985/queso-viejo-tostado-mezcla-hacendado-pieza,"Queso curado, semicurado y tierno",,queso,KILO
queso,Mercadona,Queso viejo tostado mezcla Hacendado,0.395 kg,5.59 €,/ud,5.59,https://prod-mercadona.imgix.net/images/9124c0261e7d38fcdcd6c5f0392c1eea.jpg?fit=crop&h=300&w=300,2026-10-08T22:24:49,0.395,KILO,14.15,28911,mad1,50971,https://tienda.mercadona.es/product/50971/queso-viejo-tostado-mezcla-hacendado-pieza,"Queso curado, semicurado y tierno",,queso,KILO
queso,Mercadona,Queso curado y cheddar Hacendado en dados,0.125 kg,1.15 €,/ud,1.15,https://prod-mercadona.imgix.net/images/e0e6d102cd561599009ea3d79e43d5a8.jpg?fit=crop&h=300&w=300,2026-10-08T22:24:49,0.125,KILO,9.2,28911,mad1,51111,https://tienda.mercadona.es/product/51111/queso-curado-cheddar-hacendado-dados-paquete,"Queso curado, semicurado y tierno",,queso,KILO
queso,Mercadona,Queso viejo de oveja Hacendado,1.54 kg,20.79 €,/ud,20.79,https://prod-mercadona.imgix.net/images/81019a97fe8588ab08f3d475169fb8c8.jpg?fit=crop&h=300&w=300,2026-10-08T22:24:49,1.54,KILO,13.5,28911,mad1,50984,https://tienda.mercadona.es/product/50984/queso-viejo-oveja-hacendado-pieza,"Queso curado, semicurado y tierno",,queso,KILO
queso,Mercadona,Queso viejo de oveja Hacendado,0.31 kg,4.56 €,/ud,4.56,https://prod-mercadona.imgix.net/images/ddf8f72498165132206de1b7561e59b9.jpg?fit=crop&h=300&w=300,2026-10-08T22:24:49,0.31,KILO,14.7,28911,mad1,50970,https://tienda.mercadona.es/product/50970/queso-viejo-oveja-hacendado-pieza,"Queso curado, semicurado y tierno",,queso,KILO
queso,Mercadona,Queso añejo fuerte de oveja Hacendado,0.33 kg,6.04 €,/ud,6.04,https://prod-mercadona.imgix.net/images/7c345b7547f9405537d744b1fcd5a6cd.jpg?fit=crop&h=300&w=300,2026-10-08T22:24:49,0.33,KILO,18.3,28911,mad1,50975,https://tienda.mercadona.es/product/50975/queso-anejo-fuerte-oveja-hacendado-pieza,"Queso curado, semicurado y tierno",,queso,KILO
queso,Mercadona,Queso añejo fuerte de oveja Hacendado cortado en cuñitas,0.33 kg,6.96 €,/ud,6.96,https://prod-mercadona.imgix.net/images/733c824810b9f174589f283be17b0127.jpg?fit=crop&h=300&w=300,2026-10-08T22:24:49,0.33,KILO,21.1,28911,mad1,11680,https://tienda.mercadona.es/product/11680/queso-anejo-fuerte-oveja-hacendado-cortado-cunitas-pieza,"Queso curado, semicurado y tierno",,queso,KILO
queso,Mercadona,Queso viejo intenso mezcla Hacendado cortado en cuñitas,0.3 kg,4.5 €,/ud,4.5,https://prod-mercadona.imgix.net/images/9f938afe1634fae888d6d4412232507a.jpg?fit=crop&h=300&w=300,2026-10-08T22:24:49,0.3,KILO,15.0,28911,mad1,23965,https://tienda.mercadona.es/product/23965/queso-viejo-intenso-mezcla-hacendado-cortado-cunitas-pieza,"Queso curado, semicurado y tierno",,queso,KILO
queso,Mercadona,Tabla de quesos nacionales Hacendado,0.24 kg,4.95 €,/ud,4.95,https://prod-mercadona.imgix.net/images/fd4abf9a02e72ce2a636dc02c1086d80.jpeg?fit=crop&h=300&w=300,2026-10-08T22:24:49,0.24,KILO,20.625,28911,mad1,50999,https://tienda.mercadona.es/product/50999/tabla-quesos-nacionales-hacendado-bandeja,"Queso curado, semicurado y tierno",,queso,KILO
queso,Mercadona,Queso viejo ahumado de oveja Hacendado,0.33 kg,5.9 €,/ud,5.9,https://prod-mercadona.imgix.net/images/bf6fc56d306be82245da7ff1fc1f0878.jpg?fit=crop&h=300&w=300,2026-10-08T22:24:49,0.33,KILO,17.88,28911,mad1,50976,https://tienda.mercadona.es/product/50976/queso-viejo-ahumado-oveja-hacendado-pieza,"Queso curado, semicurado y tierno",,queso,KILO
queso,Mercadona,Queso Arzúa-Ulloa de vaca Punteiro,0.78 kg,6.98 €,/ud,6.98,https://prod-mercadona.imgix.net/images/ed685abd82649cd657383bbab5d326d0.jpg?fit=crop&h=300&w=300,2026-10-08T22:24:49,0.78,KILO,8.95,28911,mad1,50929,https://tienda.mercadona.es/product/50929/queso-arzua-ulloa-vaca-punteiro-pieza,"Queso curado, semicurado y tierno",,queso,KILO
queso,Mercadona,Queso curado cheddar Hacendado,0.3 kg,2.95 €,/ud,2.95,https://prod-mercadona.imgix.net/images/b8ada196b5642778f3b5ad515ebb780e.jpg?fit=crop&h=300&w=300,2026-10-08T22:24:49,0.3,KILO,9.834,28911,mad1,51630,https://tienda.mercadona.es/product/51630/queso-curado-cheddar-hacendado-pieza,"Queso curado, semicurado y tierno",,queso,KILO
queso,Mercadona,Queso madurado de cabra con pimentón de la Vera Villa Noble,0.41 kg,6.54 €,/ud,6.54,https://prod-mercadona.imgix.net/images/e859dc8f9ab638041abb73f60d4c4d65.jpg?fit=crop&h=300&w=300,2026-10-08T22:24:49,0.41,KILO,15.95,28911,mad1,50196,https://tienda.mercadona.es/product/50196/queso-madurado-cabra-con-pimenton-vera-villa-noble-pieza,"Queso curado, semicurado y tierno",,queso,KILO
queso,Mercadona,Queso curado DOP manchego de oveja Hacendado,0.27 kg,5.43 €,/ud,5.43,https://prod-mercadona.imgix.net/images/e802c7400b8db1203d22e5c39efb0e5e.jpg?fit=crop&h=300&w=300,2026-10-08T22:24:49,0.27,KILO,20.1,28911,mad1,50589,https://tienda.mercadona.es/product/50589/queso-curado-dop-manchego-oveja-hacendado-pieza,"Queso curado, semicurado y tierno",,queso,KILO
queso,Mercadona,Queso grana padano Hacendado en escamas,0.1 kg,2.4 €,/ud,2.4,https://prod-mercadona.imgix.net/images/c91798065a7ad0354f5ae9e86c710abd.jpg?fit=crop&h=300&w=300,2026-10-08T22:24:49,0.1,KILO,24.0,28911,mad1,23037,https://tienda.mercadona.es/product/23037/queso-grana-padano-hacendado-escamas-bote,"Queso curado, semicurado y tierno",,queso,KILO
queso,Mercadona,Queso añejo tostado mezcla Hacendado,0.37 kg,6.19 €,/ud,6.19,https://prod-mercadona.imgix.net/images/c427745ef5eb7029152c476a811d1433.jpg?fit=crop&h=300&w=300,2026-10-08T22:24:49,0.37,KILO,16.74,28911,mad1,50952,https://tienda.mercadona.es/product/50952/queso-anejo-tostado-mezcla-hacendado-pieza,"Queso curado, semicurado y tierno",,queso,KILO
queso,Mercadona,Queso curado mezcla madurado en madera Hacendado,0.25 kg,3.73 €,/ud,3.73,https://prod-mercadona.imgix.net/images/8c86242c05277d1c509132e685053f0f.jpg?fit=crop&h=300&w=300,2026-10-08T22:24:49,0.25,KILO,14.9,28911,mad1,50994,https://tienda.mercadona.es/product/50994/queso-viejo-madurado-cava-mezcla-hacendado-pieza,"Queso curado, semicurado y tierno",,queso,KILO
queso,Mercadona,Queso añejo ibérico mezcla Hacendado cortado en cuñitas,0.32 kg,5.34 €,/ud,5.34,https://prod-mercadona.imgix.net/images/25eeac2b85468058ebfb978cc1813e27.jpg?fit=crop&h=300&w=300,2026-10-08T22:24:49,0.32,KILO,16.7,28911,mad1,5548,https://tienda.mercadona.es/product/5548/queso-anejo-iberico-mezcla-hacendado-cortado-cunitas-pieza,"Queso curado, semicurado y tierno",,queso,KILO
queso,Mercadona,Queso curado mezcla con trufa Hacendado,0.27 kg,5.94 €,/ud,5.94,https://prod-mercadona.imgix.net/images/cdba4ef5f02f0cbfbdc95300f7e1280e.jpg?fit=crop&h=300&w=300,2026-10-08T22:24:49,0.27,KILO,22.0,28911,mad1,4883,https://tienda.mercadona.es/product/4883/queso-curado-mezcla-con-trufa-hacendado-pieza,"Queso curado, semicurado y tierno",,queso,KILO
queso,Mercadona,Queso curado mezcla afrutado Hacendado cortado en cuñitas,0.33 kg,4.62 €,/ud,4.62,https://prod-mercadona.imgix.net/images/5dcb63aa7a68a41d622ae894a50eaeac.jpg?fit=crop&h=300&w=300,2026-10-08T22:24:49,0.33,KILO,14.0,28911,mad1,11682,https://tienda.mercadona.es/product/11682/queso-curado-mezcla-afrutado-hacendado-cortado-cunitas-pieza,"Queso curado, semicurado y tierno",,queso,KILO
queso,Mercadona,Queso semicurado mezcla Hacendado,1.54 kg,14.49 €,/ud,14.49,https://prod-mercadona.imgix.net/images/226430ffd0927fc4ab3c0f93831b5fe6.jpeg?fit=crop&h=300&w=300,2026-10-08T22:24:49,1.54,KILO,9.41,28911,mad1,50946,https://tienda.mercadona.es/product/50946/queso-semicurado-mezcla-hacendado-pieza,"Queso curado, semicurado y tierno",,queso,KILO
queso,Mercadona,Queso semicurado mezcla Hacendado,1.08 kg,10.79 €,/ud,10.79,https://prod-mercadona.imgix.net/images/767210a206f9fc6293771b72647d8b15.jpg?fit=crop&h=300&w=300,2026-10-08T22:24:49,1.08,KILO,9.99,28911,mad1,50945,https://tienda.mercadona.es/product/50945/queso-semicurado-mezcla-hacendado-pieza,"Queso curado, semicurado y tierno",,queso,KILO
queso,Mercadona,Queso semicurado mezcla Hacendado,0.42 kg,4.07 €,/ud,4.07,https://prod-mercadona.imgix.net/images/15998e3937eafce26125047dde97e3ad.jpeg?fit=crop&h=300&w=300,2026-10-08T22:24:49,0.42,KILO,9.7,28911,mad1,50943,https://tienda.mercadona.es/product/50943/queso-semicurado-mezcla-hacendado-pieza,"Queso curado, semicurado y tierno",,queso,KILO
queso,Mercadona,Queso semicurado mezcla Hacendado cortado en cuñitas,0.34 kg,4.25 €,/ud,4.25,https://prod-mercadona.imgix.net/images/0e7fc066a86aefbf2f47ae394c23d3cf.jpg?fit=crop&h=300&w=300,2026-10-08T22:24:49,0.34,KILO,12.5,28911,mad1,50944,https://tienda.mercadona.es/product/50944/queso-semicurado-mezcla-hacendado-cortado-cunitas-pieza,"Queso curado, semicurado y tierno",,queso,KILO
queso,Mercadona,Queso semicurado de cabra Hacendado,0.3 kg,4.89 €,/ud,4.89,https://prod-mercadona.imgix.net/images/1c14b15aa6d7743e1e8d30907d8a8ea9.jpg?fit=crop&h=300&w=300,2026-10-08T22:24:49,0.3,KILO,16.3,28911,mad1,50942,https://tienda.mercadona.es/product/50942/queso-semicurado-cabra-hacendado-pieza,"Queso curado, semicurado y tierno",,queso,KILO
queso,Mercadona,Queso semicurado sin lactosa mezcla Hacendado,0.43 kg,5.63 €,/ud,5.63,https://prod-mercadona.imgix.net/images/72d74e624439e4a4cff9da77eea90c6b.jpeg?fit=crop&h=300&w=300,2026-10-08T22:24:49,0.43,KILO,13.1,28911,mad1,50941,https://tienda.mercadona.es/product/50941/queso-semicurado-sin-lactosa-mezcla-hacendado-pieza,"Queso curado, semicurado y tierno",,queso,KILO
queso,Mercadona,Queso semicurado de oveja Hacendado cortado en cuñitas,0.28 kg,4.14 €,/ud,4.14,https://prod-mercadona.imgix.net/images/22f6d6603802e5f83ec9956a016a9c49.jpg?fit=crop&h=300&w=300,2026-10-08T22:24:49,0.28,KILO,14.8,28911,mad1,11672,https://tienda.mercadona.es/product/11672/queso-semicurado-oveja-hacendado-cortado-cunitas-pieza,"Queso curado, semicurado y tierno",,queso,KILO
queso,Mercadona,Queso emmental de vaca Hacendado,0.35 kg,3.0 €,/ud,3.0,https://prod-mercadona.imgix.net/images/59f451f75ce0ef7b7d82bc610d115ad0.jpg?fit=crop&h=300&w=300,2026-10-08T22:24:49,0.35,KILO,8.572,28911,mad1,23561,https://tienda.mercadona.es/product/23561/queso-emmental-vaca-hacendado-pieza,"Queso curado, semicurado y tierno",,queso,KILO
queso,Mercadona,Queso tierno de vaca Hacendado cortado en cuñitas,0.32 kg,2.56 €,/ud,2.56,https://prod-mercadona.imgix.net/images/186dfb670bf13288034301d6a83b155f.jpg?fit=crop&h=300&w=300,2026-10-08T22:24:49,0.32,KILO,8.0,28911,mad1,50916,https://tienda.mercadona.es/product/50916/queso-tierno-vaca-hacendado-cortado-cunitas-pieza,"Queso curado, semicurado y tierno",,queso,KILO
queso,Mercadona,Queso tierno tronchón mezcla Hacendado,0.26 kg,3.21 €,/ud,3.21,https://prod-mercadona.imgix.net/images/687939fd32ee5711466f52a34fe4641b.jpg?fit=crop&h=300&w=300,2026-10-08T22:24:49,0.26,KILO,12.35,28911,mad1,50020,https://tienda.mercadona.es/product/50020/queso-tierno-tronchon-mezcla-montesinos-pieza,"Queso curado, semicurado y tierno",,queso,KILO
queso,Mercadona,Queso tierno mezcla Hacendado,1.22 kg,10.61 €,/ud,10.61,https://prod-mercadona.imgix.net/images/9379089121c56177044af4e3763129be.jpg?fit=crop&h=300&w=300,2026-10-08T22:24:49,1.22,KILO,8.7,28911,mad1,50919,https://tienda.mercadona.es/product/50919/queso-tierno-mezcla-hacendado-pieza,"Queso curado, semicurado y tierno",,queso,KILO
queso,Mercadona,Queso tierno mezcla Hacendado,0.35 kg,3.13 €,/ud,3.13,https://prod-mercadona.imgix.net/images/78c744ea97cd0cf9311b659bd58a220d.jpg?fit=crop&h=300&w=300,2026-10-08T22:24:49,0.35,KILO,8.95,28911,mad1,50917,https://tienda.mercadona.es/product/50917/queso-tierno-mezcla-hacendado-pieza,"Queso curado, semicurado y tierno",,queso,KILO
queso,Mercadona,Queso tierno mezcla Hacendado cortado en cuñitas,0.325 kg,3.82 €,/ud,3.82,https://prod-mercadona.imgix.net/images/b4a7a056f264b59418bf6602426ede49.jpg?fit=crop&h=300&w=300,2026-10-08T22:24:49,0.325,KILO,11.75,28911,mad1,50918,https://tienda.mercadona.es/product/50918/queso-tierno-mezcla-hacendado-cortado-cunitas-pieza,"Queso curado, semicurado y tierno",,queso,KILO
queso,Mercadona,Queso tierno bajo en sal mezcla Hacendado,0.35 kg,3.87 €,/ud,3.87,https://prod-mercadona.imgix.net/images/82bed1f7916ed6b6cefbd53fd44cd326.jpg?fit=crop&h=300&w=300,2026-10-08T22:24:49,0.35,KILO,11.05,28911,mad1,50915,https://tienda.mercadona.es/product/50915/queso-tierno-bajo-sal-mezcla-hacendado-pieza,"Queso curado, semicurado y tierno",,queso,KILO
queso,Mercadona,Queso tierno maasdam de vaca Holland Corona,0.4 kg,3.3 €,/ud,3.3,https://prod-mercadona.imgix.net/images/4c4553f602e70ffccb2fb128c705b2ae.jpg?fit=crop&h=300&w=300,2026-10-08T22:24:49,0.4,KILO,8.25,28911,mad1,50480,https://tienda.mercadona.es/product/50480/queso-tierno-maasdam-vaca-holland-corona-pieza,"Queso curado, semicurado y tierno",,queso,KILO
queso,Mercadona,Queso tierno gouda de vaca Hacendado,0.45 kg,3.3 €,/ud,3.3,https://prod-mercadona.imgix.net/images/cd3a3f67ae3288c1e18da00940afa252.jpg?fit=crop&h=300&w=300,2026-10-08T22:24:49,0.45,KILO,7.334,28911,mad1,50478,https://tienda.mercadona.es/product/50478/queso-tierno-gouda-vaca-holland-pieza,"Queso curado, semicurado y tierno",,queso,KILO
queso,Mercadona,Queso tierno de vaca Hacendado,1.05 kg,6.0 €,/ud,6.0,https://prod-mercadona.imgix.net/images/6321f051781cee8452a9a4437ddef8df.jpg?fit=crop&h=300&w=300,2026-10-08T22:24:49,1.05,KILO,5.715,28911,mad1,50935,https://tienda.mercadona.es/product/50935/queso-tierno-vaca-hacendado-pieza,"Queso curado, semicurado y tierno",,queso,KILO
queso,Mercadona,Queso tierno de cabra Hacendado,0.35 kg,5.27 €,/ud,5.27,https://prod-mercadona.imgix.net/images/1bdc83cbb5f54b2f53090ffd0055964a.jpg?fit=crop&h=300&w=300,2026-10-08T22:24:49,0.35,KILO,15.05,28911,mad1,50927,https://tienda.mercadona.es/product/50927/queso-tierno-cabra-hacendado-pieza,"Queso curado, semicurado y tierno",,queso,KILO
queso,Mercadona,Snack de queso madurado de vaca Hacendado,0.16 kg,2.4 €,/ud,2.4,https://prod-mercadona.imgix.net/images/ec36a5940e8d66756ef40258781861d1.jpg?fit=crop&h=300&w=300,2026-10-08T22:24:49,0.16,KILO,15.0,28911,mad1,18440,https://tienda.mercadona.es/product/18440/snack-queso-madurado-vaca-hacendado-paquete,"Queso curado, semicurado y tierno",,queso,KILO
queso,Mercadona,Queso lonchas cremoso de vaca Hacendado,0.3 kg,2.8 €,/ud,2.8,https://prod-mercadona.imgix.net/images/25fe53131f87dfeba20008ce868de29c.jpg?fit=crop&h=300&w=300,2026-10-08T22:24:51,0.3,KILO,9.334,28911,mad1,50545,https://tienda.mercadona.es/product/50545/queso-lonchas-cremoso-havarti-vaca-hacendado-paquete,"Queso lonchas, rallado y en porciones",,queso,KILO
queso,Mercadona,Queso lonchas tierno mezcla Hacendado,0.25 kg,2.49 €,/ud,2.49,https://prod-mercadona.imgix.net/images/64c70ea48d0a710780a67971c70f7e54.jpg?fit=crop&h=300&w=300,2026-10-08T22:24:51,0.25,KILO,9.95,28911,mad1,50385,https://tienda.mercadona.es/product/50385/queso-lonchas-tierno-mezcla-entrepinares-paquete,"Queso lonchas, rallado y en porciones",,queso,KILO
queso,Mercadona,Queso lonchas cremoso light de vaca Hacendado,0.3 kg,2.9 €,/ud,2.9,https://prod-mercadona.imgix.net/images/bf40cbb31507eaf48225f29f65c325b9.jpg?fit=crop&h=300&w=300,2026-10-08T22:24:51,0.3,KILO,9.667,28911,mad1,50546,https://tienda.mercadona.es/product/50546/queso-lonchas-cremoso-light-havarti-vaca-hacendado-paquete,"Queso lonchas, rallado y en porciones",,queso,KILO
queso,Mercadona,Queso lonchas semicurado mezcla Hacendado,0.21 kg,2.57 €,/ud,2.57,https://prod-mercadona.imgix.net/images/717ff26ca49d56dd956fad414961c020.jpg?fit=crop&h=300&w=300,2026-10-08T22:24:51,0.21,KILO,12.25,28911,mad1,50148,https://tienda.mercadona.es/product/50148/queso-lonchas-semicurado-mezcla-entrepinares-paquete,"Queso lonchas, rallado y en porciones",,queso,KILO
queso,Mercadona,Queso lonchas fundido sándwich mezcla Hacendado,0.2 kg,1.1 €,/ud,1.1,https://prod-mercadona.imgix.net/images/466833190111f32b6901258f9ebe4265.jpg?fit=crop&h=300&w=300,2026-10-08T22:24:51,0.2,KILO,5.5,28911,mad1,50371,https://tienda.mercadona.es/product/50371/queso-lonchas-fundido-sandwich-mezcla-hacendado-paquete,"Queso lonchas, rallado y en porciones",,queso,KILO
queso,Mercadona,Queso lonchas gouda de vaca Hacendado,0.3 kg,1.95 €,/ud,1.95,https://prod-mercadona.imgix.net/images/3c0bd3e0e3803f38df0677d86b8c8b43.jpg?fit=crop&h=300&w=300,2026-10-08T22:24:51,0.3,KILO,6.5,28911,mad1,50654,https://tienda.mercadona.es/product/50654/queso-lonchas-gouda-vaca-hacendado-paquete,"Queso lonchas, rallado y en porciones",,queso,KILO
queso,Mercadona,Queso lonchas de cabra Hacendado,0.22 kg,3.26 €,/ud,3.26,https://prod-mercadona.imgix.net/images/83876b302b8f4bafde5749db67fdfc0b.jpg?fit=crop&h=300&w=300,2026-10-08T22:24:51,0.22,KILO,14.8,28911,mad1,50153,https://tienda.mercadona.es/product/50153/queso-lonchas-cabra-entrepinares-paquete,"Queso lonchas, rallado y en porciones",,queso,KILO
queso,Mercadona,Queso lonchas tierno de vaca Hacendado,0.3 kg,2.5 €,/ud,2.5,https://prod-mercadona.imgix.net/images/7fd31869c4e06d13baac0bdc8970e2e5.jpg?fit=crop&h=300&w=300,2026-10-08T22:24:51,0.3,KILO,8.334,28911,mad1,50543,https://tienda.mercadona.es/product/50543/queso-lonchas-tierno-vaca-entrepinares-paquete,"Queso lonchas, rallado y en porciones",,queso,KILO
queso,Mercadona,Queso lonchas fundido suave mezcla Hacendado,0.555 kg,2.35 €,/ud,2.35,https://prod-mercadona.imgix.net/images/d6d49f98b5ad0ebd7d7604ab48e47a8c.jpg?fit=crop&h=300&w=300,2026-10-08T22:24:51,0.555,KILO,4.235,28911,mad1,51182,https://tienda.mercadona.es/product/51182/queso-lonchas-fundido-suave-mezcla-hacendado-paquete,"Queso lonchas, rallado y en porciones",,queso,KILO
queso,Mercadona,Queso lonchas edam de vaca Holland Corona,0.3 kg,2.0 €,/ud,2.0,https://prod-mercadona.imgix.net/images/f30a5f14122dc2e4ede36df9dc80a881.jpg?fit=crop&h=300&w=300,2026-10-08T22:24:51,0.3,KILO,6.667,28911,mad1,50459,https://tienda.mercadona.es/product/50459/queso-lonchas-edam-vaca-holland-corona-paquete,"Queso lonchas, rallado y en porciones",,queso,KILO
queso,Mercadona,Queso lonchas mozzarella de vaca Hacendado,0.2 kg,1.8 €,/ud,1.8,https://prod-mercadona.imgix.net/images/d96788c89dc992674ef5ea2ebdd8401f.jpg?fit=crop&h=300&w=300,2026-10-08T22:24:51,0.2,KILO,9.0,28911,mad1,51126,https://tienda.mercadona.es/product/51126/queso-lonchas-mozzarella-vaca-hacendado-paquete,"Queso lonchas, rallado y en porciones",,queso,KILO
queso,Mercadona,Queso lonchas cheddar de vaca Hacendado,0.2 kg,1.95 €,/ud,1.95,https://prod-mercadona.imgix.net/images/0b9d375bd00ab01c8971dab13297cfcb.jpg?fit=crop&h=300&w=300,2026-10-08T22:24:51,0.2,KILO,9.75,28911,mad1,8180,https://tienda.mercadona.es/product/8180/queso-lonchas-cheddar-vaca-hacendado-paquete,"Queso lonchas, rallado y en porciones",,queso,KILO
queso,Mercadona,Queso lonchas emmental de vaca Hacendado,0.2 kg,2.0 €,/ud,2.0,https://prod-mercadona.imgix.net/images/875611713160608d482a7856b3324512.jpg?fit=crop&h=300&w=300,2026-10-08T22:24:51,0.2,KILO,10.0,28911,mad1,60710,https://tienda.mercadona.es/product/60710/queso-lonchas-emmental-vaca-hacendado-paquete,"Queso lonchas, rallado y en porciones",2.15,queso,KILO
queso,Mercadona,Queso lonchas sin lactosa de vaca Hacendado,0.2 kg,2.6 €,/ud,2.6,https://prod-mercadona.imgix.net/images/41e0218522470559822527317e7c5568.jpg?fit=crop&h=300&w=300,2026-10-08T22:24:51,0.2,KILO,13.0,28911,mad1,12846,https://tienda.mercadona.es/product/12846/queso-lonchas-sin-lactosa-vaca-hacendado-paquete,"Queso lonchas, rallado y en porciones",,queso,KILO
queso,Mercadona,Queso lonchas de oveja Hacendado,0.21 kg,3.02 €,/ud,3.02,https://prod-mercadona.imgix.net/images/42c41d47391b7f165e9c19f13a2ab40d.jpg?fit=crop&h=300&w=300,2026-10-08T22:24:51,0.21,KILO,14.4,28911,mad1,50151,https://tienda.mercadona.es/product/50151/queso-lonchas-oveja-entrepinares-paquete,"Queso lonchas, rallado y en porciones",,queso,KILO
queso,Mercadona,Queso lonchas fundido burger mezcla Hacendado,0.3 kg,1.9 €,/ud,1.9,https://prod-mercadona.imgix.net/images/7bd7b58ec4f47a62db26456bdf66ba1a.jpg?fit=crop&h=300&w=300,2026-10-08T22:24:51,0.3,KILO,6.334,28911,mad1,51198,https://tienda.mercadona.es/product/51198/queso-lonchas-fundido-burger-mezcla-hacendado-paquete,"Queso lonchas, rallado y en porciones",,queso,KILO
queso,Mercadona,Queso lonchas curado de vaca Hacendado Flamengo,0.2 kg,1.83 €,/ud,1.83,https://prod-mercadona.imgix.net/images/9627c84191377433c42ccf95558112e4.jpg?fit=crop&h=300&w=300,2026-10-08T22:24:51,0.2,KILO,9.15,28911,mad1,60927,https://tienda.mercadona.es/product/60927/queso-lonchas-curado-vaca-hacendado-flamengo-paquete,"Queso lonchas, rallado y en porciones",,queso,KILO
queso,Mercadona,Queso rallado mozzarella y gouda Hacendado,0.4 kg,2.4 €,/ud,2.4,https://prod-mercadona.imgix.net/images/de08f6f483ea86b0bcdde2b8ea1665d1.jpg?fit=crop&h=300&w=300,2026-10-08T22:24:51,0.4,KILO,6.0,28911,mad1,18344,https://tienda.mercadona.es/product/18344/queso-rallado-mozzarella-gouda-hacendado-paquete,"Queso lonchas, rallado y en porciones",,queso,KILO
queso,Mercadona,Queso rallado emmental gratinar Hacendado,0.2 kg,1.6 €,/ud,1.6,https://prod-mercadona.imgix.net/images/bfc088bcd08f0dc6e421323e51b5d9fa.jpg?fit=crop&h=300&w=300,2026-10-08T22:24:51,0.2,KILO,8.0,28911,mad1,22216,https://tienda.mercadona.es/product/22216/queso-rallado-emmental-gratinar-hacendado-paquete,"Queso lonchas, rallado y en porciones",1.65,queso,KILO
queso,Mercadona,Queso rallado mozzarella pizza-Roma de vaca Hacendado,0.2 kg,1.6 €,/ud,1.6,https://prod-mercadona.imgix.net/images/0697e560e6a01d260447f0d5aa8ae1a2.jpg?fit=crop&h=300&w=300,2026-10-08T22:24:51,0.2,KILO,8.0,28911,mad1,51110,https://tienda.mercadona.es/product/51110/queso-rallado-mozzarella-pizza-roma-vaca-hacendado-paquete,"Queso lonchas, rallado y en porciones",,queso,KILO
pasta,Mercadona,Queso en polvo especial pasta mezcla Hacendado,0.15 kg,1.25 €,/ud,1.25,https://prod-mercadona.imgix.net/images/80ee5b96b8090f21c040774ba4f5b2f0.jpg?fit=crop&h=300&w=300,2026-10-08T22:24:51,0.15,KILO,8.334,28911,mad1,51151,https://tienda.mercadona.es/product/51151/queso-polvo-especial-pasta-mezcla-hacendado-paquete,"Queso lonchas, rallado y en porciones",,pasta|queso,KILO
queso,Mercadona,Queso rallado 4 quesos Hacendado,0.2 kg,1.75 €,/ud,1.75,https://prod-mercadona.imgix.net/images/9bdb83693cb107ef8e90da30dea2e26e.jpg?fit=crop&h=300&w=300,2026-10-08T22:24:51,0.2,KILO,8.75,28911,mad1,21581,https://tienda.mercadona.es/product/21581/queso-rallado-4-quesos-hacendado-paquete,"Queso lonchas, rallado y en porciones",,queso,KILO
queso,Mercadona,Queso en polvo grana padano Hacendado,0.1 kg,1.65 €,/ud,1.65,https://prod-mercadona.imgix.net/images/4a8175be3a61ee058257e1bacbf59d9d.jpg?fit=crop&h=300&w=300,2026-10-08T22:24:51,0.1,KILO,16.5,28911,mad1,51146,https://tienda.mercadona.es/product/51146/queso-polvo-grana-padano-hacendado-paquete,"Queso lonchas, rallado y en porciones",,queso,KILO
queso,Mercadona,Queso rallado especial fundir mezcla Hacendado,0.4 kg,1.9 €,/ud,1.9,https://prod-mercadona.imgix.net/images/aa127a068121be5a0a5dfd543ddb2fa0.jpg?fit=crop&h=300&w=300,2026-10-08T22:24:51,0.4,KILO,4.75,28911,mad1,23622,https://tienda.mercadona.es/product/23622/queso-rallado-especial-fundir-mezcla-hacendado-paquete,"Queso lonchas, rallado y en porciones",,queso,KILO
queso,Mercadona,Queso rallado especial fundir mezcla Hacendado,0.2 kg,1.1 €,/ud,1.1,https://prod-mercadona.imgix.net/images/1ddf478e8a82a6c7386e9aea1b442b33.jpg?fit=crop&h=300&w=300,2026-10-08T22:24:51,0.2,KILO,5.5,28911,mad1,23621,https://tienda.mercadona.es/product/23621/queso-rallado-especial-fundir-mezcla-hacendado-paquete,"Queso lonchas, rallado y en porciones",,queso,KILO
queso,Mercadona,Queso rallado sin lactosa de vaca Hacendado,0.15 kg,1.8 €,/ud,1.8,https://prod-mercadona.imgix.net/images/1789e099c343b7a0eda70dd1a38a9c63.jpg?fit=crop&h=300&w=300,2026-10-08T22:24:51,0.15,KILO,12.0,28911,mad1,51236,https://tienda.mercadona.es/product/51236/queso-rallado-sin-lactosa-vaca-hacendado-paquete,"Queso lonchas, rallado y en porciones",,queso,KILO
queso,Mercadona,Queso en porciones Hacendado,0.375 kg,1.95 €,/ud,1.95,https://prod-mercadona.imgix.net/images/62e21e9aeaf9f20b7c81fc2ff229c976.jpg?fit=crop&h=300&w=300,2026-10-08T22:24:51,0.375,KILO,5.2,28911,mad1,52405,https://tienda.mercadona.es/product/52405/queso-porciones-hacendado-caja,"Queso lonchas, rallado y en porciones",,queso,KILO
queso,Mercadona,Queso en porciones light Hacendado,0.25 kg,1.5 €,/ud,1.5,https://prod-mercadona.imgix.net/images/66ba7ab8e03fba0930d149762ec484a7.jpg?fit=crop&h=300&w=300,2026-10-08T22:24:51,0.25,KILO,6.0,28911,mad1,51232,https://tienda.mercadona.es/product/51232/queso-porciones-light-hacendado-caja,"Queso lonchas, rallado y en porciones",,queso,KILO
queso,Mercadona,Queso en porciones mini Babybel,0.16 kg,3.9 €,/ud,3.9,https://prod-mercadona.imgix.net/images/0268b22955184deb0c53b6b022b45608.jpg?fit=crop&h=300&w=300,2026-10-08T22:24:51,0.16,KILO,24.375,28911,mad1,51504,https://tienda.mercadona.es/product/51504/queso-porciones-mini-babybel-malla,"Queso lonchas, rallado y en porciones",,queso,KILO
queso,Mercadona,Queso fundido con palitos La vaca que ríe,0.14 kg,2.6 €,/ud,2.6,https://prod-mercadona.imgix.net/images/7cac434507dc65e9401f3ccb67c1ea5e.jpg?fit=crop&h=300&w=300,2026-10-08T22:24:51,0.14,KILO,18.572,28911,mad1,51068,https://tienda.mercadona.es/product/51068/queso-fundido-con-palitos-vaca-rie-caja,"Queso lonchas, rallado y en porciones",,queso,KILO
queso,Mercadona,Queso untar suave de vaca Hacendado,0.3 kg,1.4 €,/ud,1.4,https://prod-mercadona.imgix.net/images/18901ca537c8de2c4c77f69baf4ee430.jpg?fit=crop&h=300&w=300,2026-10-08T22:24:52,0.3,KILO,4.667,28911,mad1,51203,https://tienda.mercadona.es/product/51203/queso-untar-suave-vaca-hacendado-tarrina,"Queso untable, fresco y especialidades",,queso,KILO
queso,Mercadona,Queso untar original Philadelphia,0.27 kg,2.9 €,/ud,2.9,https://prod-mercadona.imgix.net/images/1489ec9201bb07df10b421e1598217e3.jpg?fit=crop&h=300&w=300,2026-10-08T22:24:52,0.27,KILO,10.741,28911,mad1,51073,https://tienda.mercadona.es/product/51073/queso-untar-original-philadelphia-tarrina,"Queso untable, fresco y especialidades",,queso,KILO
queso,Mercadona,Queso untar light Philadelphia,0.27 kg,2.9 €,/ud,2.9,https://prod-mercadona.imgix.net/images/1a7ff652c2508d92c72cd6058c70a29a.jpg?fit=crop&h=300&w=300,2026-10-08T22:24:52,0.27,KILO,10.741,28911,mad1,51079,https://tienda.mercadona.es/product/51079/queso-untar-light-philadelphia-tarrina,"Queso untable, fresco y especialidades",,queso,KILO
queso,Mercadona,Queso untar light de vaca Hacendado,0.3 kg,1.4 €,/ud,1.4,https://prod-mercadona.imgix.net/images/1d2818584e9062155452c615168af0c1.jpg?fit=crop&h=300&w=300,2026-10-08T22:24:52,0.3,KILO,4.667,28911,mad1,51223,https://tienda.mercadona.es/product/51223/queso-untar-light-vaca-hacendado-tarrina,"Queso untable, fresco y especialidades",,queso,KILO
queso,Mercadona,Crema de queso camembert Hacendado,0.15 kg,1.8 €,/ud,1.8,https://prod-mercadona.imgix.net/images/7c54037f0113375790b2d78b3746c75b.jpg?fit=crop&h=300&w=300,2026-10-08T22:24:52,0.15,KILO,12.0,28911,mad1,51181,https://tienda.mercadona.es/product/51181/crema-queso-camembert-hacendado-tarrina,"Queso untable, fresco y especialidades",,queso,KILO
queso,Mercadona,Mousse de queso de vaca con ajo y finas hierbas Hacendado,0.15 kg,1.65 €,/ud,1.65,https://prod-mercadona.imgix.net/images/020c63a196138f9f1209fd8cc6845f79.jpg?fit=crop&h=300&w=300,2026-10-08T22:24:52,0.15,KILO,11.0,28911,mad1,51167,https://tienda.mercadona.es/product/51167/mousse-queso-vaca-con-ajo-finas-hierbas-hacendado-tarrina,"Queso untable, fresco y especialidades",,queso,KILO
queso,Mercadona,Queso untar de vaca con finas hierbas Hacendado,0.2 kg,1.85 €,/ud,1.85,https://prod-mercadona.imgix.net/images/c4e1e4b4bde56c545484ee43f051e8d1.jpg?fit=crop&h=300&w=300,2026-10-08T22:24:52,0.2,KILO,9.25,28911,mad1,51208,https://tienda.mercadona.es/product/51208/queso-untar-vaca-con-finas-hierbas-hacendado-tarrina,"Queso untable, fresco y especialidades",,queso,KILO
queso,Mercadona,Queso untar con queso azul de vaca Hacendado,0.2 kg,1.9 €,/ud,1.9,https://prod-mercadona.imgix.net/images/c9d50bec731f012ba2eca8db98d90442.jpg?fit=crop&h=300&w=300,2026-10-08T22:24:52,0.2,KILO,9.5,28911,mad1,51211,https://tienda.mercadona.es/product/51211/queso-untar-con-queso-azul-vaca-hacendado-tarrina,"Queso untable, fresco y especialidades",,queso,KILO
queso,Mercadona,Queso untar sin lactosa de vaca Hacendado,0.2 kg,1.9 €,/ud,1.9,https://prod-mercadona.imgix.net/images/7cf5aa8500e1805409a2362c79012fdf.jpg?fit=crop&h=300&w=300,2026-10-08T22:24:52,0.2,KILO,9.5,28911,mad1,51212,https://tienda.mercadona.es/product/51212/queso-untar-sin-lactosa-vaca-hacendado-tarrina,"Queso untable, fresco y especialidades",,queso,KILO
queso,Mercadona,Crema de queso viejo tostado mezcla Hacendado,0.15 kg,1.74 €,/ud,1.74,https://prod-mercadona.imgix.net/images/1aa1c7b76f5a83e54d74d4a97030c15c.jpg?fit=crop&h=300&w=300,2026-10-08T22:24:52,0.15,KILO,11.6,28911,mad1,22780,https://tienda.mercadona.es/product/22780/crema-queso-viejo-tostado-mezcla-hacendado-tarrina,"Queso untable, fresco y especialidades",,queso,KILO
queso,Mercadona,Queso fresco Burgos natural Hacendado,2 tarrinas x 0.25 kg,2.05 €,/pack,2.05,https://prod-mercadona.imgix.net/images/f720ac03cd3735edc5ec4647c7da94ec.jpg?fit=crop&h=300&w=300,2026-10-08T22:24:52,0.5,KILO,4.1,28911,mad1,52406,https://tienda.mercadona.es/product/52406/queso-fresco-burgos-natural-hacendado-pack-2,"Queso untable, fresco y especialidades",,queso,KILO
queso,Mercadona,Queso fresco Burgos natural Hacendado,4 tarrinas x 0.0625 kg,1.15 €,/pack,1.15,https://prod-mercadona.imgix.net/images/3824dc695ca20c37b11efce2c2a2f8cc.jpg?fit=crop&h=300&w=300,2026-10-08T22:24:52,0.25,KILO,4.6,28911,mad1,52408,https://tienda.mercadona.es/product/52408/queso-fresco-burgos-natural-hacendado-pack-4,"Queso untable, fresco y especialidades",,queso,KILO
queso,Mercadona,Queso fresco Burgos desnatado 0% MG Hacendado,4 tarrinas x 0.0625 kg,1.15 €,/pack,1.15,https://prod-mercadona.imgix.net/images/dcabfcce232c97690046b09ca74f58fd.jpg?fit=crop&h=300&w=300,2026-10-08T22:24:52,0.25,KILO,4.6,28911,mad1,52409,https://tienda.mercadona.es/product/52409/queso-fresco-burgos-desnatado-0-mg-hacendado-pack-4,"Queso untable, fresco y especialidades",,queso,KILO
queso,Mercadona,Queso feta mezcla Hacendado en dados,0.37 kg,2.4 €,/ud,2.4,https://prod-mercadona.imgix.net/images/32a48eaa259c9728b5f4e60333eb2fea.jpg?fit=crop&h=300&w=300,2026-10-08T22:24:52,0.37,KILO,16.0,28911,mad1,51197,https://tienda.mercadona.es/product/51197/queso-feta-mezcla-hacendado-dados-tarrina,"Queso untable, fresco y especialidades",,queso,KILO
queso,Mercadona,Queso fresco de vaca Burgo de Arias,3 tarrinas x 0.072 kg,3.4 €,/pack,3.4,https://prod-mercadona.imgix.net/images/d086320f12ec29078e54e13b280fdece.jpg?fit=crop&h=300&w=300,2026-10-08T22:24:52,0.216,KILO,15.741,28911,mad1,51044,https://tienda.mercadona.es/product/51044/queso-fresco-vaca-burgo-arias-pack-3,"Queso untable, fresco y especialidades",,queso,KILO
queso,Mercadona,Queso fresco de cabra Hacendado,0.25 kg,2.95 €,/ud,2.95,https://prod-mercadona.imgix.net/images/2578bc6a70f9d8740cc291e87927680b.jpg?fit=crop&h=300&w=300,2026-10-08T22:24:52,0.25,KILO,11.8,28911,mad1,51194,https://tienda.mercadona.es/product/51194/queso-fresco-cabra-hacendado-tarrina,"Queso untable, fresco y especialidades",,queso,KILO
queso,Mercadona,Queso fresco batido desnatado 0% MG Hacendado,0.5 kg,1.1 €,/ud,1.1,https://prod-mercadona.imgix.net/images/d2f12f4f6b2de080b5aeebc8aa1a5e46.jpg?fit=crop&h=300&w=300,2026-10-08T22:24:52,0.5,KILO,2.2,28911,mad1,51071,https://tienda.mercadona.es/product/51071/queso-fresco-batido-desnatado-0-mg-hacendado-tarrina,"Queso untable, fresco y especialidades",,queso,KILO
queso,Mercadona,Queso fresco mascarpone de vaca Hacendado,0.25 kg,2.75 €,/ud,2.75,https://prod-mercadona.imgix.net/images/eec701a15d0cb0fdda6f4fcd32dabcbb.jpg?fit=crop&h=300&w=300,2026-10-08T22:24:52,0.25,KILO,11.0,28911,mad1,51072,https://tienda.mercadona.es/product/51072/queso-fresco-mascarpone-vaca-hacendado-tarrina,"Queso untable, fresco y especialidades",,queso,KILO
queso,Mercadona,Queso fresco de vaca Hacendado,0.25 kg,1.6 €,/ud,1.6,https://prod-mercadona.imgix.net/images/b06c07419501f3ff1f89dac54ad5fb9a.jpeg?fit=crop&h=300&w=300,2026-10-08T22:24:52,0.25,KILO,6.4,28911,mad1,51191,https://tienda.mercadona.es/product/51191/queso-fresco-vaca-hacendado-tarrina,"Queso untable, fresco y especialidades",,queso,KILO
queso,Mercadona,Queso fresco light de vaca Hacendado,0.25 kg,2.2 €,/ud,2.2,https://prod-mercadona.imgix.net/images/a4b60f9c10fe0184d26f319dc57b7afc.jpg?fit=crop&h=300&w=300,2026-10-08T22:24:52,0.25,KILO,8.8,28911,mad1,51192,https://tienda.mercadona.es/product/51192/queso-fresco-light-vaca-hacendado-tarrina,"Queso untable, fresco y especialidades",,queso,KILO
queso,Mercadona,Queso fresco 0% MG de vaca Burgo de Arias,3 tarrinas x 0.072 kg,3.4 €,/pack,3.4,https://prod-mercadona.imgix.net/images/dc244bf231aab729a3eaf8cf80a17c8b.jpg?fit=crop&h=300&w=300,2026-10-08T22:24:52,0.216,KILO,15.741,28911,mad1,51043,https://tienda.mercadona.es/product/51043/queso-fresco-0-mg-vaca-burgo-arias-pack-3,"Queso untable, fresco y especialidades",,queso,KILO
queso,Mercadona,Queso fresco Burgos sin lactosa Hacendado,4 tarrinas x 0.0625 kg,1.9 €,/pack,1.9,https://prod-mercadona.imgix.net/images/cd3bdadd0b5c89172306f169328d21f9.jpg?fit=crop&h=300&w=300,2026-10-08T22:24:52,0.25,KILO,7.6,28911,mad1,52411,https://tienda.mercadona.es/product/52411/queso-fresco-burgos-sin-lactosa-hacendado-pack-4,"Queso untable, fresco y especialidades",,queso,KILO
queso,Mercadona,Queso ricotta mezcla Hacendado,0.2 kg,1.6 €,/ud,1.6,https://prod-mercadona.imgix.net/images/d23d75db49d283dc3c92f3ca9ff8789f.jpg?fit=crop&h=300&w=300,2026-10-08T22:24:52,0.2,KILO,8.0,28911,mad1,51228,https://tienda.mercadona.es/product/51228/queso-ricotta-mezcla-hacendado-tarrina,"Queso untable, fresco y especialidades",,queso,KILO
queso,Mercadona,Queso fresco Villalón mezcla Hacendado,0.25 kg,2.3 €,/ud,2.3,https://prod-mercadona.imgix.net/images/d386a5f6b01eb230c889c9beaf6e763f.jpg?fit=crop&h=300&w=300,2026-10-08T22:24:52,0.25,KILO,9.2,28911,mad1,50395,https://tienda.mercadona.es/product/50395/queso-fresco-villalon-mezcla-hacendado-tarrina,"Queso untable, fresco y especialidades",,queso,KILO
queso,Mercadona,Queso fresco cottage semidesnatado de vaca Hacendado,0.2 kg,1.35 €,/ud,1.35,https://prod-mercadona.imgix.net/images/ccf937c7331c2fb05567eda981b55fbc.jpg?fit=crop&h=300&w=300,2026-10-08T22:24:52,0.2,KILO,6.75,28911,mad1,60963,https://tienda.mercadona.es/product/60963/queso-fresco-cottage-semidesnatado-vaca-hacendado-tarrina,"Queso untable, fresco y especialidades",,queso,KILO
queso,Mercadona,Queso fresco de vaca QuesPro Hacendado,0.3 kg,2.0 €,/ud,2.0,https://prod-mercadona.imgix.net/images/5405a1d47cab264cb1a8adbe4e458551.jpg?fit=crop&h=300&w=300,2026-10-08T22:24:52,0.3,KILO,13.334,28911,mad1,17463,https://tienda.mercadona.es/product/17463/queso-fresco-vaca-quespro-hacendado-tarrina,"Queso untable, fresco y especialidades",,queso,KILO
queso,Mercadona,Queso fresco crema estilo Cottage Hacendado,0.2 kg,1.5 €,/ud,1.5,https://prod-mercadona.imgix.net/images/ea58c08c3c494e0652fe6d2ed60dbdec.jpg?fit=crop&h=300&w=300,2026-10-08T22:24:52,0.2,KILO,7.5,28911,mad1,17461,https://tienda.mercadona.es/product/17461/queso-fresco-crema-estilo-cottage-hacendado-tarrina,"Queso untable, fresco y especialidades",,queso,KILO
queso,Mercadona,Queso rulo de cabra Hacendado,0.2 kg,2.65 €,/ud,2.65,https://prod-mercadona.imgix.net/images/5e1814a3522c87ad5e0a3d748278037c.jpg?fit=crop&h=300&w=300,2026-10-08T22:24:52,0.2,KILO,13.25,28911,mad1,50021,https://tienda.mercadona.es/product/50021/queso-rulo-cabra-hacendado-paquete,"Queso untable, fresco y especialidades",,queso,KILO
queso,Mercadona,Queso roquefort  de oveja Hacendado,0.1 kg,1.95 €,/ud,1.95,https://prod-mercadona.imgix.net/images/8c56d52889b3953d268c5b50730a071b.jpg?fit=crop&h=300&w=300,2026-10-08T22:24:52,0.1,KILO,19.5,28911,mad1,86276,https://tienda.mercadona.es/product/86276/queso-roquefort-oveja-hacendado-pieza,"Queso untable, fresco y especialidades",,queso,KILO
queso,Mercadona,Queso camembert de vaca Marcillat,0.24 kg,2.0 €,/ud,2.0,https://prod-mercadona.imgix.net/images/f0a656c1468da1084f89081ef070c1bd.jpg?fit=crop&h=300&w=300,2026-10-08T22:24:52,0.24,KILO,8.334,28911,mad1,51621,https://tienda.mercadona.es/product/51621/queso-camembert-vaca-marcillat-caja,"Queso untable, fresco y especialidades",,queso,KILO
queso,Mercadona,Queso azul de vaca Hacendado,0.18 kg,2.3 €,/ud,2.3,https://prod-mercadona.imgix.net/images/b4c1536ca2733eea0acbaca8ac4f6810.jpg?fit=crop&h=300&w=300,2026-10-08T22:24:52,0.18,KILO,12.778,28911,mad1,51627,https://tienda.mercadona.es/product/51627/queso-azul-vaca-hacendado-pieza,"Queso untable, fresco y especialidades",,queso,KILO
queso,Mercadona,Queso rulo con piña y almendra Liptana,0.1 kg,1.45 €,/ud,1.45,https://prod-mercadona.imgix.net/images/29f74b4eec7a17d711864fd9462bef29.jpg?fit=crop&h=300&w=300,2026-10-08T22:24:52,0.1,KILO,14.5,28911,mad1,51619,https://tienda.mercadona.es/product/51619/queso-rulo-con-pina-almendra-liptana-bandeja,"Queso untable, fresco y especialidades",,queso,KILO
queso,Mercadona,Queso brie marcillat de vaca Plaisir de Roy,0.2 kg,1.65 €,/ud,1.65,https://prod-mercadona.imgix.net/images/c2446828dd55519f7d18b21249e5e38c.jpeg?fit=crop&h=300&w=300,2026-10-08T22:24:52,0.2,KILO,8.25,28911,mad1,50619,https://tienda.mercadona.es/product/50619/queso-brie-marcillat-vaca-plaisir-roy-pieza,"Queso untable, fresco y especialidades",,queso,KILO
queso,Mercadona,Queso gorgonzola de vaca Hacendado,0.17 kg,2.09 €,/ud,2.09,https://prod-mercadona.imgix.net/images/351bb005af78cbd5d4cbae3adc36ba24.jpg?fit=crop&h=300&w=300,2026-10-08T22:24:52,0.17,KILO,12.3,28911,mad1,50613,https://tienda.mercadona.es/product/50613/queso-gorgonzola-vaca-hacendado-pieza,"Queso untable, fresco y especialidades",,queso,KILO
queso,Mercadona,Queso provolone de vaca Hacendado,0.2 kg,2.45 €,/ud,2.45,https://prod-mercadona.imgix.net/images/fa5a68a5090c9a809f5b42c4a4e5af43.jpg?fit=crop&h=300&w=300,2026-10-08T22:24:52,0.2,KILO,12.25,28911,mad1,4848,https://tienda.mercadona.es/product/4848/queso-provolone-vaca-hacendado-paquete,"Queso untable, fresco y especialidades",,queso,KILO
queso,Mercadona,Queso precortado de cabra Hacendado,0.2 kg,2.8 €,/ud,2.8,https://prod-mercadona.imgix.net/images/fc820e556adafef4bfb5b53e1da02caf.jpg?fit=crop&h=300&w=300,2026-10-08T22:24:52,0.2,KILO,14.0,28911,mad1,4929,https://tienda.mercadona.es/product/4929/queso-precortado-cabra-hacendado-paquete,"Queso untable, fresco y especialidades",,queso,KILO
arroz,Mercadona,Arroz tres delicias Hacendado ultracongelado,1.0 kg,2.85 €,/ud,2.85,https://prod-mercadona.imgix.net/images/428728aa152dad6c0476a1c0ce694804.jpg?fit=crop&h=300&w=300,2026-10-08T22:24:53,1.0,KILO,2.85,28911,mad1,86905,https://tienda.mercadona.es/product/86905/arroz-tres-delicias-hacendado-ultracongelado-con-2-sazonadores-paquete,Arroz y pasta,,arroz,KILO
arroz,Mercadona,Arroz para microondas Hacendado ultracongelado,1.0 kg,1.9 €,/ud,1.9,https://prod-mercadona.imgix.net/images/6e9554aa659c51ead8bc8f8a4ff4cfda.jpg?fit=crop&h=300&w=300,2026-10-08T22:24:53,1.0,KILO,1.9,28911,mad1,61302,https://tienda.mercadona.es/product/61302/arroz-precocido-hacendado-ultracongelado-paquete,Arroz y pasta,,arroz,KILO
arroz,Mercadona,Arroz negro Hacendado ultracongelado,0.6 kg,3.1 €,/ud,3.1,https://prod-mercadona.imgix.net/images/d2da7fb2337140feb1f91337e2d6ec41.jpg?fit=crop&h=300&w=300,2026-10-08T22:24:53,0.6,KILO,5.167,28911,mad1,35541,https://tienda.mercadona.es/product/35541/arroz-negro-hacendado-ultracongelado-paquete,Arroz y pasta,,arroz,KILO
arroz,Mercadona,Arroz con verduras para microondas Hacendado ultracongelado,0.8 kg,2.0 €,/ud,2.0,https://prod-mercadona.imgix.net/images/3ec70d5faabb7b56be94793ba994dc27.jpg?fit=crop&h=300&w=300,2026-10-08T22:24:53,0.8,KILO,2.5,28911,mad1,12756,https://tienda.mercadona.es/product/12756/arroz-con-verduras-hacendado-ultracongelado-paquete,Arroz y pasta,,arroz,KILO
arroz,Mercadona,Arroz marinera Hacendado ultracongelado,0.35 kg,2.2 €,/ud,2.2,https://prod-mercadona.imgix.net/images/2ebc5f0970400df4a806f0be6f9710fc.jpg?fit=crop&h=300&w=300,2026-10-08T22:24:53,0.35,KILO,6.286,28911,mad1,12782,https://tienda.mercadona.es/product/12782/arroz-marinera-hacendado-ultracongelado-paquete,Arroz y pasta,,arroz,KILO
atún,Mercadona,Lasaña de atún Hacendado ultracongelada,0.6 kg,3.66 €,/ud,3.66,https://prod-mercadona.imgix.net/images/0d9f43e80c095ffae34b75a073ee5c05.jpeg?fit=crop&h=300&w=300,2026-10-08T22:24:53,0.6,KILO,6.1,28911,mad1,86598,https://tienda.mercadona.es/product/86598/lasana-atun-hacendado-ultracongelada-caja,Arroz y pasta,,atún,KILO
pasta,Mercadona,Pasta con pollo al pesto Hacendado ultracongelada,0.3 kg,2.4 €,/ud,2.4,https://prod-mercadona.imgix.net/images/31eef31dca31ac4c3f3f39e849ecd934.jpeg?fit=crop&h=300&w=300,2026-10-08T22:24:53,0.3,KILO,8.0,28911,mad1,61362,https://tienda.mercadona.es/product/61362/pasta-con-pollo-pesto-hacendado-ultracongelada-paquete,Arroz y pasta,,pasta|pollo,KILO
pollo,Mercadona,Gnocchi de pollo y verduras Hacendado ultracongelados,0.6 kg,3.0 €,/ud,3.0,https://prod-mercadona.imgix.net/images/7bdda45e3b804697c2450020bbbda640.jpeg?fit=crop&h=300&w=300,2026-10-08T22:24:53,0.6,KILO,5.0,28911,mad1,61354,https://tienda.mercadona.es/product/61354/gnocchi-pollo-verduras-hacendado-ultracongelados-paquete,Arroz y pasta,,pollo,KILO
pollo,Mercadona,Gyozas de pollo y verduras Hacendado congeladas,0.23 kg,1.95 €,/ud,1.95,https://prod-mercadona.imgix.net/images/701ac0f02ecae7317070866fcfb7e662.jpg?fit=crop&h=300&w=300,2026-10-08T22:24:53,0.23,KILO,8.479,28911,mad1,23155,https://tienda.mercadona.es/product/23155/gyozas-pollo-verduras-hacendado-congeladas-paquete,Arroz y pasta,,pollo,KILO
plátano,Mercadona,Dúo frutas fresa y plátano Hacendado congeladas,0.45 kg,2.75 €,/ud,2.75,https://prod-mercadona.imgix.net/images/dee9e99a3f469b14377c764e16e55355.jpg?fit=crop&h=300&w=300,2026-10-08T22:24:55,0.45,KILO,6.112,28911,mad1,14301,https://tienda.mercadona.es/product/14301/mix-frutas-fresa-platano-hacendado-congeladas-paquete,Fruta y verdura,,plátano,KILO
pollo,Mercadona,"Relleno fajitas pollo, pimientos y cebolla Hacendado ultracongelado",0.3 kg,1.9 €,/ud,1.9,https://prod-mercadona.imgix.net/images/616e77243843f37f7568ef21d1b4fd13.jpg?fit=crop&h=300&w=300,2026-10-08T22:24:55,0.3,KILO,6.334,28911,mad1,86820,https://tienda.mercadona.es/product/86820/relleno-fajitas-pollo-pimientos-cebolla-hacendado-ultracongelado-paquete,Fruta y verdura,,pollo,KILO
pollo,Mercadona,Salteado de pollo Hacendado ultracongelado,0.45 kg,2.1 €,/ud,2.1,https://prod-mercadona.imgix.net/images/3d0f392901892995052d73f31754f043.jpg?fit=crop&h=300&w=300,2026-10-08T22:24:55,0.45,KILO,4.667,28911,mad1,13404,https://tienda.mercadona.es/product/13404/salteado-pollo-hacendado-ultracongelado-paquete,Fruta y verdura,,pollo,KILO
leche,Mercadona,Helado de leche merengada Hacendado,1.0 l,2.95 €,/ud,2.95,https://prod-mercadona.imgix.net/images/2412af59c3c31bb85eda3fa94f048e21.jpg?fit=crop&h=300&w=300,2026-10-08T22:24:56,1.0,LITRO,2.95,28911,mad1,64414,https://tienda.mercadona.es/product/64414/helado-leche-merengada-hacendado-tarrina,Helados,,leche,LITRO
salmón,Mercadona,Filete de salmón rosado salvaje con piel Hacendado ultracongelado,,4.99 €,/ud,4.99,https://prod-mercadona.imgix.net/images/9433ea335072ed81924f318ac4cdb24e.jpg?fit=crop&h=300&w=300,2026-10-08T22:25:00,,KILO,13.5,28911,mad1,24350,https://tienda.mercadona.es/product/24350/filete-salmon-rosado-salvaje-con-piel-hacendado-ultracongelado-pieza,Pescado,,salmón,KILO
salmón,Mercadona,Lomos de salmón sin piel Hacendado congelado,0.25 kg,5.95 €,/ud,5.95,https://prod-mercadona.imgix.net/images/d276498ce484c1c8c3b247d77589e49d.jpg?fit=crop&h=300&w=300,2026-10-08T22:25:00,0.25,KILO,23.8,28911,mad1,24511,https://tienda.mercadona.es/product/24511/lomos-salmon-sin-piel-sin-espinas-hacendado-congelado-paquete,Pescado,,salmón,KILO
atún,Mercadona,Rodajas de atún de aleta amarilla Hacendado congelado,0.25 kg,4.38 €,/ud,4.38,https://prod-mercadona.imgix.net/images/2044dea67f3208de4b6c1cc55a693b7e.jpg?fit=crop&h=300&w=300,2026-10-08T22:25:00,0.25,KILO,17.5,28911,mad1,24357,https://tienda.mercadona.es/product/24357/rodajas-atun-aleta-amarilla-hacendado-congelado-bandeja,Pescado,,atún,KILO
salmón,Mercadona,Medallones de salmón Hacendado cocinar congelados,0.25 kg,3.95 €,/ud,3.95,https://prod-mercadona.imgix.net/images/c7d4d7ef02ddcdb3b08fed4ebae950c8.jpg?fit=crop&h=300&w=300,2026-10-08T22:25:00,0.25,KILO,15.8,28911,mad1,26749,https://tienda.mercadona.es/product/26749/medallones-salmon-hacendado-cocinar-congelados-paquete,Pescado,,salmón,KILO
queso,Mercadona,Baguette jamón y queso Hacendado ultracongeladas,0.25 kg,2.1 €,/ud,2.1,https://prod-mercadona.imgix.net/images/d8f054e03063949cd9ec19b17af447b3.jpg?fit=crop&h=300&w=300,2026-10-08T22:25:01,0.25,KILO,8.4,28911,mad1,23988,https://tienda.mercadona.es/product/23988/baguette-jamon-queso-hacendado-ultracongeladas-caja,Pizzas,,queso,KILO
tomate,Mercadona,Pizzas tomate y queso Hacendado ultracongeladas,0.57 kg,2.4 €,/ud,2.4,https://prod-mercadona.imgix.net/images/f0436f96ce14469e9de949a925ce4586.jpg?fit=crop&h=300&w=300,2026-10-08T22:25:01,0.57,KILO,4.211,28911,mad1,63597,https://tienda.mercadona.es/product/63597/pizzas-tomate-queso-hacendado-ultracongeladas-pack-2,Pizzas,,tomate|queso,KILO
queso,Mercadona,Pizza masa fina 4 quesos Hacendado ultracongelada,0.39 kg,2.5 €,/ud,2.5,https://prod-mercadona.imgix.net/images/c97a0c3ec9130986d83e8b1bc93f23e8.jpg?fit=crop&h=300&w=300,2026-10-08T22:25:01,0.39,KILO,6.411,28911,mad1,63340,https://tienda.mercadona.es/product/63340/pizza-masa-fina-4-quesos-hacendado-ultracongelada,Pizzas,,queso,KILO
atún,Mercadona,Pizza atún Hacendado ultracongelada,0.39 kg,2.6 €,/ud,2.6,https://prod-mercadona.imgix.net/images/da7daf9eea17ff8dad88b8e5d1523348.jpg?fit=crop&h=300&w=300,2026-10-08T22:25:01,0.39,KILO,6.667,28911,mad1,63501,https://tienda.mercadona.es/product/63501/pizza-atun-hacendado-ultracongelada,Pizzas,,atún,KILO
queso,Mercadona,Pizza 4 quesos sin gluten y sin lactosa Hacendado ultracongelada,0.41 kg,3.1 €,/ud,3.1,https://prod-mercadona.imgix.net/images/3277286cd21ed3f13c83377fcea99374.jpg?fit=crop&h=300&w=300,2026-10-08T22:25:01,0.41,KILO,7.561,28911,mad1,63623,https://tienda.mercadona.es/product/63623/pizza-4-quesos-sin-gluten-sin-lactosa-hacendado-ultracongelada,Pizzas,,queso,KILO
queso,Mercadona,Mini pizzas jamón y queso Fiesta ultracongeladas,0.27 kg,2.9 €,/ud,2.9,https://prod-mercadona.imgix.net/images/1f6a8a0430b29daafd8e7e66063df2e8.jpeg?fit=crop&h=300&w=300,2026-10-08T22:25:01,0.27,KILO,10.741,28911,mad1,13984,https://tienda.mercadona.es/product/13984/mini-pizzas-jamon-queso-fiesta-ultracongeladas-paquete,Pizzas,,queso,KILO
queso,Mercadona,"Pizza Truffata con queso, champiñones y trufa Hacendado ultracongelada",0.4 kg,2.9 €,/ud,2.9,https://prod-mercadona.imgix.net/images/b097921ea92f003e3415c5f98351edbb.jpg?fit=crop&h=300&w=300,2026-10-08T22:25:01,0.4,KILO,7.25,28911,mad1,13943,https://tienda.mercadona.es/product/13943/pizza-truffata-con-queso-champinones-trufa-hacendado-ultracongelada,Pizzas,,queso,KILO
pollo,Mercadona,Pizza Kebab con pollo asado Hacendado ultracongelada,0.4 kg,2.9 €,/ud,2.9,https://prod-mercadona.imgix.net/images/0e91ec1f3da0c71a5ad07c7d8dda0a70.jpg?fit=crop&h=300&w=300,2026-10-08T22:25:01,0.4,KILO,7.25,28911,mad1,21594,https://tienda.mercadona.es/product/21594/pizza-kebab-con-pollo-asado-hacendado-ultracongelada,Pizzas,,pollo,KILO
queso,Mercadona,San Jacobos empanados de york y queso Hacendado ultracongelados,0.35 kg,1.45 €,/ud,1.45,https://prod-mercadona.imgix.net/images/f2cf8a4cc78bd048eb248eda8c31825d.jpg?fit=crop&h=300&w=300,2026-10-08T22:25:02,0.35,KILO,4.143,28911,mad1,63321,https://tienda.mercadona.es/product/63321/san-jacobos-empanados-york-queso-hacendado-ultracongelados-paquete,Rebozados,,queso,KILO
pollo,Mercadona,Relleno para kebab con carne de pollo asado Hacendado ultracongelado,0.3 kg,3.15 €,/ud,3.15,https://prod-mercadona.imgix.net/images/84adc6ad27ca9c31c3e4eedcf0819b9f.jpg?fit=crop&h=300&w=300,2026-10-08T22:25:02,0.3,KILO,10.5,28911,mad1,13778,https://tienda.mercadona.es/product/13778/relleno-kebab-con-carne-pollo-asado-hacendado-ultracongelado-paquete,Rebozados,,pollo,KILO
pan,Mercadona,Merluza empanada pan fino Hacendado ultracongelada,0.51 kg,4.0 €,/ud,4.0,https://prod-mercadona.imgix.net/images/fa324c4f316afd055004b0acb6122a1f.jpg?fit=crop&h=300&w=300,2026-10-08T22:25:02,0.51,KILO,7.844,28911,mad1,63140,https://tienda.mercadona.es/product/63140/merluza-empanada-pan-fino-hacendado-ultracongelada-paquete,Rebozados,,pan,KILO
atún,Mercadona,Empanadillas de atún Hacendado ultracongeladas,0.5 kg,1.9 €,/ud,1.9,https://prod-mercadona.imgix.net/images/9b146c9fe9a7f3988138b8d9626eab95.jpg?fit=crop&h=300&w=300,2026-10-08T22:25:02,0.5,KILO,3.8,28911,mad1,63407,https://tienda.mercadona.es/product/63407/empanadillas-atun-hacendado-ultracongeladas-caja,Rebozados,,atún,KILO
queso,Mercadona,Fingers de queso Hacendado ultracongelados,0.3 kg,2.3 €,/ud,2.3,https://prod-mercadona.imgix.net/images/cdf0d9840d26aaf7f0d1c3f23d679d1a.jpeg?fit=crop&h=300&w=300,2026-10-08T22:25:02,0.3,KILO,7.667,28911,mad1,63739,https://tienda.mercadona.es/product/63739/fingers-queso-hacendado-ultracongelados-paquete,Rebozados,,queso,KILO
queso,Mercadona,Tequeños de queso Hacendado ultracongelados,0.48 kg,4.7 €,/ud,4.7,https://prod-mercadona.imgix.net/images/b703147ab73a07889ae50db736367d74.jpg?fit=crop&h=300&w=300,2026-10-08T22:25:02,0.48,KILO,9.792,28911,mad1,13413,https://tienda.mercadona.es/product/13413/tequenos-queso-hacendado-ultracongelados-caja,Rebozados,,queso,KILO
queso,Mercadona,Bocaditos de queso y chile Hot Cheese Hacendado ultracongelados,0.3 kg,2.3 €,/ud,2.3,https://prod-mercadona.imgix.net/images/f67c1ef7a89bf901033e6df1c8d8db1a.jpg?fit=crop&h=300&w=300,2026-10-08T22:25:02,0.3,KILO,7.667,28911,mad1,21846,https://tienda.mercadona.es/product/21846/bocaditos-queso-chile-hot-cheese-hacendado-ultracongelados-paquete,Rebozados,,queso,KILO
tomate,Mercadona,"Bocaditos de queso mozzarella, tomate y orégano Pizza Bites Hacendado ultracongelados",0.3 kg,2.3 €,/ud,2.3,https://prod-mercadona.imgix.net/images/6c6070aa22b0a8f0ca9b2fa2949944cf.jpg?fit=crop&h=300&w=300,2026-10-08T22:25:02,0.3,KILO,7.667,28911,mad1,16590,https://tienda.mercadona.es/product/16590/bocaditos-queso-mozzarella-tomate-oregano-pizza-bites-hacendado-ultracongelados-paquete,Rebozados,,tomate|queso,KILO
queso,Mercadona,Mousse de queso Hacendado congelado,0.52 kg,8.0 €,/ud,8.0,https://prod-mercadona.imgix.net/images/aac7d8418f95619b694460dded597098.jpg?fit=crop&h=300&w=300,2026-10-08T22:25:03,0.52,KILO,15.385,28911,mad1,87601,https://tienda.mercadona.es/product/87601/mousse-queso-hacendado-congelado-con-arandanos-sin-gluten,Tartas y churros,,queso,KILO
queso,Mercadona,Tarta de queso Hacendado congelada,0.88 kg,10.0 €,/ud,10.0,https://prod-mercadona.imgix.net/images/3b8d87796e76adc7b248bacfbe25d62b.jpg?fit=crop&h=300&w=300,2026-10-08T22:25:03,0.88,KILO,11.364,28911,mad1,9641,https://tienda.mercadona.es/product/9641/tarta-queso-hacendado-congelada,Tartas y churros,,queso,KILO
leche,Mercadona,Tarta tres leches con dulce de leche Hacendado congelada,1.05 kg,9.0 €,/ud,9.0,https://prod-mercadona.imgix.net/images/8fc03846b63954857f351e1ca73eb4b0.jpg?fit=crop&h=300&w=300,2026-10-08T22:25:03,1.05,KILO,8.572,28911,mad1,18316,https://tienda.mercadona.es/product/18316/tarta-tres-leches-con-dulce-leche-hacendado-congelada-bizcocho-con-base-liquida-bandeja,Tartas y churros,,leche,KILO
atún,Mercadona,Atún en aceite de girasol Hacendado,0.9 kg,6.5 €,/ud,6.5,https://prod-mercadona.imgix.net/images/2c06dcbb4643e6b4447d5d064c4eb6a5.jpeg?fit=crop&h=300&w=300,2026-10-08T22:25:05,0.9,KILO,10.0,28911,mad1,18086,https://tienda.mercadona.es/product/18086/atun-aceite-girasol-hacendado-lata,Atún y otras conservas de pescado,,atún|aceite,KILO
atún,Mercadona,Atún claro en aceite de girasol Hacendado,6 latas x 0.06 kg,4.2 €,/pack,4.2,https://prod-mercadona.imgix.net/images/d8fdd0b8183829db2aa6f531bc008202.jpg?fit=crop&h=300&w=300,2026-10-08T22:25:05,0.48,KILO,11.667,28911,mad1,18055,https://tienda.mercadona.es/product/18055/atun-claro-aceite-girasol-hacendado-pack-6,Atún y otras conservas de pescado,,atún|aceite,KILO
atún,Mercadona,Atún claro en aceite de girasol Hacendado,3 latas x 0.06 kg,2.7 €,/pack,2.7,https://prod-mercadona.imgix.net/images/05c67043e6c2918b27b0d79ebfb99a7a.jpg?fit=crop&h=300&w=300,2026-10-08T22:25:05,0.24,KILO,15.0,28911,mad1,18092,https://tienda.mercadona.es/product/18092/atun-claro-aceite-girasol-hacendado-pack-3,Atún y otras conservas de pescado,,atún|aceite,KILO
atún,Mercadona,Atún en aceite de oliva Hacendado,0.9 kg,7.7 €,/ud,7.7,https://prod-mercadona.imgix.net/images/890912ced7f8be4da5455ca493729892.jpeg?fit=crop&h=300&w=300,2026-10-08T22:25:05,0.9,KILO,11.847,28911,mad1,18030,https://tienda.mercadona.es/product/18030/atun-aceite-oliva-hacendado-lata,Atún y otras conservas de pescado,,atún|aceite,KILO
atún,Mercadona,Atún claro en aceite de oliva Hacendado,6 latas x 0.06 kg,4.9 €,/pack,4.9,https://prod-mercadona.imgix.net/images/003c8146e861ce8abd19032687b62da0.jpg?fit=crop&h=300&w=300,2026-10-08T22:25:05,0.48,KILO,13.612,28911,mad1,18002,https://tienda.mercadona.es/product/18002/atun-claro-aceite-oliva-hacendado-pack-6,Atún y otras conservas de pescado,,atún|aceite,KILO
atún,Mercadona,Atún claro en aceite de oliva Hacendado,0.111 kg,1.55 €,/ud,1.55,https://prod-mercadona.imgix.net/images/ff946d98e9578c45513cbf77bbf4127d.jpg?fit=crop&h=300&w=300,2026-10-08T22:25:05,0.111,KILO,18.903,28911,mad1,18071,https://tienda.mercadona.es/product/18071/atun-claro-aceite-oliva-hacendado-lata,Atún y otras conservas de pescado,,atún|aceite,KILO
atún,Mercadona,Atún claro al natural Hacendado,6 latas x 0.06 kg,4.2 €,/pack,4.2,https://prod-mercadona.imgix.net/images/956d1c5ec266d8ac6c94e6aa70335047.jpg?fit=crop&h=300&w=300,2026-10-08T22:25:05,0.48,KILO,11.667,28911,mad1,18018,https://tienda.mercadona.es/product/18018/atun-claro-natural-hacendado,Atún y otras conservas de pescado,,atún,KILO
atún,Mercadona,Atún claro en escabeche blanco Hacendado,6 latas x 0.06 kg,4.6 €,/pack,4.6,https://prod-mercadona.imgix.net/images/5204877d2125bea45a992fc002e97960.jpg?fit=crop&h=300&w=300,2026-10-08T22:25:05,0.48,KILO,12.778,28911,mad1,18031,https://tienda.mercadona.es/product/18031/atun-claro-escabeche-blanco-hacendado,Atún y otras conservas de pescado,,atún,KILO
atún,Mercadona,Atún claro en aceite de oliva Hacendado,0.195 kg,3.7 €,/ud,3.7,https://prod-mercadona.imgix.net/images/666079e35f5efa5f551aba0c2136ea8e.jpg?fit=crop&h=300&w=300,2026-10-08T22:25:05,0.195,KILO,26.429,28911,mad1,18054,https://tienda.mercadona.es/product/18054/atun-claro-aceite-oliva-hacendado-bote,Atún y otras conservas de pescado,,atún|aceite,KILO
tomate,Mercadona,Atún en salsa de tomate Hacendado,3 latas x 0.052 kg,2.1 €,/pack,2.1,https://prod-mercadona.imgix.net/images/c9071d53ff875259f5093059e17a732b.jpg?fit=crop&h=300&w=300,2026-10-08T22:25:05,0.24,KILO,13.462,28911,mad1,18037,https://tienda.mercadona.es/product/18037/atun-salsa-tomate-hacendado-pack-3,Atún y otras conservas de pescado,,tomate|atún,KILO
atún,Mercadona,Ventresca de atún claro en aceite de oliva Hacendado,0.111 kg,3.3 €,/ud,3.3,https://prod-mercadona.imgix.net/images/5610e6403d50026b3d4ded454fc74dd7.jpeg?fit=crop&h=300&w=300,2026-10-08T22:25:05,0.111,KILO,42.308,28911,mad1,18011,https://tienda.mercadona.es/product/18011/ventresca-atun-claro-aceite-oliva-hacendado-lata,Atún y otras conservas de pescado,,atún|aceite,KILO
atún,Mercadona,Atún listado al natural Hacendado,0.385 kg,3.0 €,/ud,3.0,https://prod-mercadona.imgix.net/images/2081279781b45dc5b89ebb64a9b0b4f3.jpeg?fit=crop&h=300&w=300,2026-10-08T22:25:05,0.385,KILO,11.112,28911,mad1,12911,https://tienda.mercadona.es/product/12911/atun-listado-natural-hacendado-lata,Atún y otras conservas de pescado,,atún,KILO
aceite,Mercadona,Migas de bonito del norte en aceite de oliva Hacendado,3 latas x 0.052 kg,2.9 €,/pack,2.9,https://prod-mercadona.imgix.net/images/3b949ee5f292d0a72a9e4ecdf293499a.jpg?fit=crop&h=300&w=300,2026-10-08T22:25:05,0.24,KILO,18.59,28911,mad1,16812,https://tienda.mercadona.es/product/16812/migas-bonito-norte-aceite-oliva-hacendado-pack-3,Atún y otras conservas de pescado,,aceite,KILO
aceite,Mercadona,Bonito del norte en aceite de oliva Hacendado,2 latas x 0.073 kg,3.2 €,/pack,3.2,https://prod-mercadona.imgix.net/images/ab5f6221766e916ed6f7427b29a9666c.jpg?fit=crop&h=300&w=300,2026-10-08T22:25:05,0.222,KILO,21.918,28911,mad1,18116,https://tienda.mercadona.es/product/18116/bonito-norte-aceite-oliva-hacendado-pack-2,Atún y otras conservas de pescado,,aceite,KILO
aceite,Mercadona,Filetes de bonito del norte en aceite de oliva Hacendado,0.4 kg,8.1 €,/ud,8.1,https://prod-mercadona.imgix.net/images/b565c6df3e0976c383af67fe0d43f86a.jpg?fit=crop&h=300&w=300,2026-10-08T22:25:05,0.4,KILO,28.929,28911,mad1,18102,https://tienda.mercadona.es/product/18102/filetes-bonito-norte-aceite-oliva-hacendado-tarro,Atún y otras conservas de pescado,,aceite,KILO
aceite,Mercadona,Filetes de caballa del sur en aceite de oliva Hacendado,2 latas x 0.085 kg,2.95 €,/pack,2.95,https://prod-mercadona.imgix.net/images/a092a30536edf17460eace014bbfdfcf.jpg?fit=crop&h=300&w=300,2026-10-08T22:25:05,0.24,KILO,17.353,28911,mad1,13628,https://tienda.mercadona.es/product/13628/filetes-caballa-sur-aceite-oliva-hacendado-pack-2,Atún y otras conservas de pescado,,aceite,KILO
tomate,Mercadona,Filetes de caballa del sur en tomate Hacendado,2 latas x 0.082 kg,2.85 €,/pack,2.85,https://prod-mercadona.imgix.net/images/1e8f32465308a61957c796d36f81054d.jpeg?fit=crop&h=300&w=300,2026-10-08T22:25:05,0.24,KILO,17.379,28911,mad1,13632,https://tienda.mercadona.es/product/13632/filetes-caballa-sur-tomate-hacendado-pack-2,Atún y otras conservas de pescado,,tomate,KILO
aceite,Mercadona,Filetes de caballa del sur contenido reducido en sal Hacendado en aceite de oliva,2 latas x 0.085 kg,3.45 €,/pack,3.45,https://prod-mercadona.imgix.net/images/a95d6e92f16721a1b18a8f918528f400.jpg?fit=crop&h=300&w=300,2026-10-08T22:25:05,0.24,KILO,20.295,28911,mad1,12794,https://tienda.mercadona.es/product/12794/filetes-caballa-sur-contenido-reducido-sal-hacendado-aceite-oliva,Atún y otras conservas de pescado,,aceite,KILO
aceite,Mercadona,Filetes de melva en aceite de oliva Hacendado,0.12 kg,1.9 €,/ud,1.9,https://prod-mercadona.imgix.net/images/81891326085ae9267ea256fca9001d73.jpg?fit=crop&h=300&w=300,2026-10-08T22:25:05,0.12,KILO,23.75,28911,mad1,18107,https://tienda.mercadona.es/product/18107/filetes-melva-aceite-oliva-hacendado-lata,Atún y otras conservas de pescado,,aceite,KILO
aceite,Mercadona,Filetes de melva canutera con pimientos del piquillo Hacendado en aceite de oliva,0.09 kg,1.85 €,/ud,1.85,https://prod-mercadona.imgix.net/images/445a01e2f758999022716b69d4adb597.jpg?fit=crop&h=300&w=300,2026-10-08T22:25:05,0.09,KILO,28.462,28911,mad1,18114,https://tienda.mercadona.es/product/18114/filetes-melva-canutera-con-pimientos-piquillo-hacendado-aceite-oliva-lata,Atún y otras conservas de pescado,,aceite,KILO
aceite,Mercadona,Sardinillas en aceite de oliva Hacendado,2 latas x 0.065 kg,2.15 €,/pack,2.15,https://prod-mercadona.imgix.net/images/1f36c7f7b11b4527ca9171efdcef237a.jpg?fit=crop&h=300&w=300,2026-10-08T22:25:05,0.18,KILO,16.539,28911,mad1,18210,https://tienda.mercadona.es/product/18210/sardinillas-aceite-oliva-hacendado-6-12-ud-pack-2,Atún y otras conservas de pescado,,aceite,KILO
aceite,Mercadona,Sardinillas reducidas en sal en aceite de oliva Hacendado,2 latas x 0.065 kg,2.15 €,/pack,2.15,https://prod-mercadona.imgix.net/images/50ed9a5e452499dc949cd76af9138024.jpg?fit=crop&h=300&w=300,2026-10-08T22:25:05,0.18,KILO,16.539,28911,mad1,18214,https://tienda.mercadona.es/product/18214/sardinillas-reducidas-sal-aceite-oliva-hacendado-6-12-ud-pack-2,Atún y otras conservas de pescado,,aceite,KILO
tomate,Mercadona,Sardinillas en tomate Hacendado,2 latas x 0.065 kg,1.75 €,/pack,1.75,https://prod-mercadona.imgix.net/images/aff82c8f60e81628279ad09c64dba7cc.jpeg?fit=crop&h=300&w=300,2026-10-08T22:25:05,0.18,KILO,13.462,28911,mad1,18209,https://tienda.mercadona.es/product/18209/sardinillas-tomate-hacendado-6-12-ud-pack-2,Atún y otras conservas de pescado,,tomate,KILO
aceite,Mercadona,Sardinillas picantes en aceite de girasol Hacendado,2 latas x 0.065 kg,1.9 €,/pack,1.9,https://prod-mercadona.imgix.net/images/0e433275266c537dffe8c7be183ccae9.jpeg?fit=crop&h=300&w=300,2026-10-08T22:25:05,0.18,KILO,14.616,28911,mad1,18212,https://tienda.mercadona.es/product/18212/sardinillas-picantes-aceite-girasol-hacendado-6-12-ud-pack-2,Atún y otras conservas de pescado,,aceite,KILO
salmón,Mercadona,Salmón al natural Hacendado,3 latas x 0.05 kg,3.55 €,/pack,3.55,https://prod-mercadona.imgix.net/images/132349e85d92574b06ec1ecd52a1cfa4.jpg?fit=crop&h=300&w=300,2026-10-08T22:25:05,0.24,KILO,23.667,28911,mad1,18817,https://tienda.mercadona.es/product/18817/salmon-natural-hacendado-pack-3,Atún y otras conservas de pescado,,salmón,KILO
aceite,Mercadona,Chipirones rellenos enteros en aceite de girasol Hacendado,0.115 kg,2.45 €,/ud,2.45,https://prod-mercadona.imgix.net/images/32e0c0696fccdd8b73eedad6da427e5d.jpeg?fit=crop&h=300&w=300,2026-10-08T22:25:05,0.115,KILO,34.028,28911,mad1,23560,https://tienda.mercadona.es/product/23560/chipirones-rellenos-enteros-aceite-girasol-hacendado-lata,Atún y otras conservas de pescado,,aceite,KILO
manzana,Mercadona,Postre de manzana Jamar,0.71 kg,1.9 €,/ud,1.9,https://prod-mercadona.imgix.net/images/3365e8aa9279ee048b4ddcb7d44b47b3.jpg?fit=crop&h=300&w=300,2026-10-08T22:25:07,0.71,KILO,2.677,28911,mad1,15086,https://tienda.mercadona.es/product/15086/postre-manzana-jamar-tarro,Conservas de verdura y frutas,,manzana,KILO
pollo,Mercadona,Crema de pollo Hacendado con verduras,0.5 l,1.0 €,/ud,1.0,https://prod-mercadona.imgix.net/images/e7dd64a7791cb538c4d48e8a333cdbc8.jpg?fit=crop&h=300&w=300,2026-10-08T22:25:08,0.5,LITRO,2.0,28911,mad1,8448,https://tienda.mercadona.es/product/8448/crema-pollo-hacendado-con-verduras-brick,Gazpacho y cremas,,pollo,LITRO
pollo,Mercadona,Sopa de pollo Gallina Blanca con fideos finos,0.071 kg,0.85 €,/ud,0.85,https://prod-mercadona.imgix.net/images/e8047938e241f4694a1a3ddab163c9a4.jpg?fit=crop&h=300&w=300,2026-10-08T22:25:09,0.071,KILO,11.972,28911,mad1,8044,https://tienda.mercadona.es/product/8044/sopa-pollo-gallina-blanca-con-fideos-finos,Sopa y caldo,,pollo,KILO
pollo,Mercadona,Sopa de pollo Hacendado con fideos finos,0.072 kg,0.55 €,/ud,0.55,https://prod-mercadona.imgix.net/images/b7376490fee7a26c553ee656f233aef0.jpg?fit=crop&h=300&w=300,2026-10-08T22:25:09,0.072,KILO,7.639,28911,mad1,11646,https://tienda.mercadona.es/product/11646/sopa-pollo-hacendado-con-fideos-finos,Sopa y caldo,,pollo,KILO
pollo,Mercadona,Caldo de pollo Hacendado,1.0 l,0.75 €,/ud,0.75,https://prod-mercadona.imgix.net/images/3e2c70ef189f6a929a7fa045cfc22485.jpg?fit=crop&h=300&w=300,2026-10-08T22:25:09,1.0,LITRO,0.75,28911,mad1,7313,https://tienda.mercadona.es/product/7313/caldo-pollo-hacendado-brick,Sopa y caldo,,pollo,LITRO
pollo,Mercadona,Caldo de pollo casero Gallina Blanca,1.0 l,2.3 €,/ud,2.3,https://prod-mercadona.imgix.net/images/fe86551e6df09f72b72bcc5c0e68c5d1.jpg?fit=crop&h=300&w=300,2026-10-08T22:25:09,1.0,LITRO,2.3,28911,mad1,7024,https://tienda.mercadona.es/product/7024/caldo-pollo-casero-gallina-blanca-brick,Sopa y caldo,,pollo,LITRO
pollo,Mercadona,Caldo de pollo Hacendado bajo en sal,1.0 l,1.2 €,/ud,1.2,https://prod-mercadona.imgix.net/images/42add0a8d4db36dfc601f6150309664c.jpg?fit=crop&h=300&w=300,2026-10-08T22:25:09,1.0,LITRO,1.2,28911,mad1,7031,https://tienda.mercadona.es/product/7031/caldo-pollo-hacendado-bajo-sal-brick,Sopa y caldo,,pollo,LITRO
pollo,Mercadona,Caldo de pollo Avecrem en pastillas,0.24 kg,2.95 €,/ud,2.95,https://prod-mercadona.imgix.net/images/7ec740fb505add047043453134ff3d07.jpg?fit=crop&h=300&w=300,2026-10-08T22:25:09,0.24,KILO,12.292,28911,mad1,7014,https://tienda.mercadona.es/product/7014/caldo-pollo-avecrem-pastillas-gallina-blanca-caja,Sopa y caldo,,pollo,KILO
pollo,Mercadona,Caldo de pollo Hacendado en pastillas,0.24 kg,1.4 €,/ud,1.4,https://prod-mercadona.imgix.net/images/7655d0341839cc875249fc04810d7e4a.jpg?fit=crop&h=300&w=300,2026-10-08T22:25:09,0.24,KILO,5.834,28911,mad1,7867,https://tienda.mercadona.es/product/7867/caldo-pollo-hacendado-pastillas-caja,Sopa y caldo,,pollo,KILO
tomate,Mercadona,Tomate triturado Hacendado,0.8 kg,1.0 €,/ud,1.0,https://prod-mercadona.imgix.net/images/117a2a2230b103f17b50e07a73a8fc38.jpg?fit=crop&h=300&w=300,2026-10-08T22:25:10,0.8,KILO,1.25,28911,mad1,16043,https://tienda.mercadona.es/product/16043/tomate-triturado-hacendado-freir-bote,Tomate,,tomate,KILO
tomate,Mercadona,Tomate triturado Hacendado,0.4 kg,0.55 €,/ud,0.55,https://prod-mercadona.imgix.net/images/db53895dcbf286affe16def253a0ab89.jpg?fit=crop&h=300&w=300,2026-10-08T22:25:10,0.4,KILO,1.375,28911,mad1,16044,https://tienda.mercadona.es/product/16044/tomate-triturado-hacendado-freir-bote,Tomate,,tomate,KILO
tomate,Mercadona,Tomate troceado pelado Hacendado,0.41 kg,0.7 €,/ud,0.7,https://prod-mercadona.imgix.net/images/f57a95e6f3f0cce02e36ec9bd75cbfc9.jpg?fit=crop&h=300&w=300,2026-10-08T22:25:10,0.41,KILO,1.708,28911,mad1,16022,https://tienda.mercadona.es/product/16022/tomate-troceado-pelado-hacendado-freir-bote,Tomate,,tomate,KILO
tomate,Mercadona,Tomate entero pelado Hacendado,0.8 kg,1.35 €,/ud,1.35,https://prod-mercadona.imgix.net/images/da1986c59308309dbcb8fdd2e5c3f730.jpg?fit=crop&h=300&w=300,2026-10-08T22:25:10,0.8,KILO,2.813,28911,mad1,16041,https://tienda.mercadona.es/product/16041/tomate-entero-pelado-hacendado-freir-bote,Tomate,,tomate,KILO
tomate,Mercadona,Tomate doble concentrado Hacendado extra,0.17 kg,1.05 €,/ud,1.05,https://prod-mercadona.imgix.net/images/21524237f9e676cb0c075d38a8ff1578.jpg?fit=crop&h=300&w=300,2026-10-08T22:25:10,0.17,KILO,6.177,28911,mad1,16074,https://tienda.mercadona.es/product/16074/tomate-doble-concentrado-hacendado-extra-freir-bote,Tomate,,tomate,KILO
tomate,Mercadona,Tomate tamizado sin piel Hacendado,0.39 kg,0.9 €,/ud,0.9,https://prod-mercadona.imgix.net/images/9f10fd49b839d3ba386a892572ffdf79.jpg?fit=crop&h=300&w=300,2026-10-08T22:25:10,0.39,KILO,2.308,28911,mad1,16012,https://tienda.mercadona.es/product/16012/tomate-tamizado-sin-piel-hacendado-freir-brick,Tomate,,tomate,KILO
tomate,Mercadona,Tomate seco Hacendado en aceite de oliva,0.19 kg,2.2 €,/ud,2.2,https://prod-mercadona.imgix.net/images/583806865dd5df9204520ea70f4f4287.jpg?fit=crop&h=300&w=300,2026-10-08T22:25:10,0.19,KILO,23.158,28911,mad1,16046,https://tienda.mercadona.es/product/16046/tomate-seco-hacendado-aceite-oliva-tarro,Tomate,,tomate|aceite,KILO
tomate,Mercadona,Tomate para untar Hacendado con aceite de oliva,0.18 kg,0.95 €,/ud,0.95,https://prod-mercadona.imgix.net/images/2c1a04607508e5a28a7ec775b9558aec.jpg?fit=crop&h=300&w=300,2026-10-08T22:25:10,0.18,KILO,5.278,28911,mad1,17647,https://tienda.mercadona.es/product/17647/tomate-untar-hacendado-con-aceite-oliva-tarro,Tomate,,tomate|aceite,KILO
agua,Mercadona,Agua de peinado cabello Aqua Styling Deliplus,0.2 l,2.0 €,/ud,2.0,https://prod-mercadona.imgix.net/images/9182a1bc5ffa4a841f5d7dbcf5e55ad8.jpg?fit=crop&h=300&w=300,2026-10-08T22:25:15,0.2,LITRO,10.0,28911,mad1,44313,https://tienda.mercadona.es/product/44313/agua-peinado-cabello-aqua-styling-deliplus-fijacion-1-profix-spray,Fijación cabello,,agua,LITRO
aceite,Mercadona,Gel fijador cabello con aceite de oliva Eco style,0.237 l,2.85 €,/ud,2.85,https://prod-mercadona.imgix.net/images/dfd34409aed0c7081962b37853f32869.jpg?fit=crop&h=300&w=300,2026-10-08T22:25:15,0.237,LITRO,12.08,28911,mad1,13924,https://tienda.mercadona.es/product/13924/gel-fijador-cabello-con-aceite-oliva-eco-style-bote,Fijación cabello,,aceite,LITRO
aceite,Mercadona,Aceite corporal aloe vera Deliplus,0.4 l,1.6 €,/ud,1.6,https://prod-mercadona.imgix.net/images/76a23c276b7c9273382d278ac4fab212.jpg?fit=crop&h=300&w=300,2026-10-08T22:25:17,0.4,LITRO,4.0,28911,mad1,79217,https://tienda.mercadona.es/product/79217/aceite-corporal-aloe-vera-deliplus-bote,Cuidado corporal,,aceite,LITRO
aceite,Mercadona,Aceite en crema corporal Fussion Oriental Deliplus,0.25 l,3.0 €,/ud,3.0,https://prod-mercadona.imgix.net/images/f46095d808583dc7443ef3bc3739fda1.jpg?fit=crop&h=300&w=300,2026-10-08T22:25:17,0.25,LITRO,12.0,28911,mad1,46844,https://tienda.mercadona.es/product/46844/aceite-crema-corporal-oriental-deliplus-bote,Cuidado corporal,,aceite,LITRO
aceite,Mercadona,Aceite corporal de almendras Deliplus 100% natural,0.2 l,3.4 €,/ud,3.4,https://prod-mercadona.imgix.net/images/540b2c7636d8a7b332bfa47583ed71b9.jpg?fit=crop&h=300&w=300,2026-10-08T22:25:17,0.2,LITRO,17.0,28911,mad1,46815,https://tienda.mercadona.es/product/46815/aceite-corporal-almendras-deliplus-100-natural-bote,Cuidado corporal,,aceite,LITRO
aceite,Mercadona,Aceite corporal de romero Deliplus 100% natural,0.2 l,3.2 €,/ud,3.2,https://prod-mercadona.imgix.net/images/6d2e4f4e6218a9d008b19aece550c27e.jpg?fit=crop&h=300&w=300,2026-10-08T22:25:17,0.2,LITRO,16.0,28911,mad1,46816,https://tienda.mercadona.es/product/46816/aceite-corporal-romero-deliplus-100-natural-bote,Cuidado corporal,,aceite,LITRO
aceite,Mercadona,Aceite corporal rosa mosqueta Deliplus,0.03 l,4.8 €,/ud,4.8,https://prod-mercadona.imgix.net/images/cd7948cffa7ee9e056e11906b3321897.jpg?fit=crop&h=300&w=300,2026-10-08T22:25:17,0.03,LITRO,160.0,28911,mad1,46831,https://tienda.mercadona.es/product/46831/aceite-corporal-rosa-mosqueta-deliplus-100-puro-natural-bote,Cuidado corporal,,aceite,LITRO
leche,Mercadona,"Leche corporal nutritiva Nivea con ácido hialurónico, aceite de almendras y sérum de nutrición profunda",0.4 l,4.95 €,/ud,4.95,https://prod-mercadona.imgix.net/images/ab0fdc2e46e5e4cc481ee550a78c4c37.jpg?fit=crop&h=300&w=300,2026-10-08T22:25:17,0.4,LITRO,12.38,28911,mad1,11567,https://tienda.mercadona.es/product/11567/leche-corporal-nutritiva-nivea-con-acido-hialuronico-aceite-almendras-serum-nutricion-profunda-bote,Cuidado corporal,,leche|aceite,LITRO
papel higiénico,Mercadona,Papel higiénico húmedo WC Bosque Verde,100.0 ud,1.55 €,/ud,1.55,https://prod-mercadona.imgix.net/images/c68d2b5eab2731c6dd548946adabb1d1.jpg?fit=crop&h=300&w=300,2026-10-08T22:25:17,100.0,UNIDAD,0.016,28911,mad1,47291,https://tienda.mercadona.es/product/47291/papel-higienico-humedo-wc-bosque-verde-con-aloe-vera-camomila-paquete,Cuidado corporal,,papel higiénico,UNIDAD
papel higiénico,Mercadona,Papel higiénico húmedo WC Bosque Verde,1.0 ud,0.8 €,/ud,0.8,https://prod-mercadona.imgix.net/images/b28e83f87f4061d7092638225b942bdf.jpg?fit=crop&h=300&w=300,2026-10-08T22:25:17,1.0,UNIDAD,0.054,28911,mad1,47293,https://tienda.mercadona.es/product/47293/papel-higienico-humedo-wc-bosque-verde-con-aloe-vera-camomila-paquete,Cuidado corporal,,papel higiénico,UNIDAD
agua,Mercadona,Agua micelar cara y ojos Facial Clean todo tipo de piel,0.4 l,2.5 €,/ud,2.5,https://prod-mercadona.imgix.net/images/29cdaced180cce4b9b29cbe016fd705d.jpeg?fit=crop&h=300&w=300,2026-10-08T22:25:18,0.4,LITRO,6.25,28911,mad1,46954,https://tienda.mercadona.es/product/46954/agua-micelar-cara-ojos-facial-clean-deliplus-tipo-piel-bote,Cuidado e higiene facial,,agua,LITRO
leche,Mercadona,Leche facial limpiadora Facial Clean,0.25 l,1.5 €,/ud,1.5,https://prod-mercadona.imgix.net/images/bb612ace571d2e9abe5f4c148e3713d0.jpg?fit=crop&h=300&w=300,2026-10-08T22:25:18,0.25,LITRO,6.0,28911,mad1,46877,https://tienda.mercadona.es/product/46877/leche-facial-limpiadora-facial-clean-deliplus-tipo-piel-bote,Cuidado e higiene facial,,leche,LITRO
agua,Mercadona,Agua facial de avena Deliplus,0.3 l,2.8 €,/ud,2.8,https://prod-mercadona.imgix.net/images/d86e8ed6326085f3d1aa071e6443e62c.jpg?fit=crop&h=300&w=300,2026-10-08T22:25:18,0.3,LITRO,9.34,28911,mad1,76465,https://tienda.mercadona.es/product/76465/agua-facial-avena-deliplus-piel-sensible-spray,Cuidado e higiene facial,,agua,LITRO
aceite,Mercadona,Aceite facial doble limpieza Facial Clean desmaquillante y limpiador,0.15 l,3.5 €,/ud,3.5,https://prod-mercadona.imgix.net/images/a1aa65102da6336443e5a1003c74c2a1.jpg?fit=crop&h=300&w=300,2026-10-08T22:25:18,0.15,LITRO,23.34,28911,mad1,8822,https://tienda.mercadona.es/product/8822/aceite-facial-micelar-desmaquillante-limpiador-deliplus-facial-clean-bote,Cuidado e higiene facial,,aceite,LITRO
aceite,Mercadona,Sérum facial aceite Licopeno Anti Ox ilumina y unifica,0.03 l,4.0 €,/ud,4.0,https://prod-mercadona.imgix.net/images/4905cd322e50797bf5b7cd27a843acdc.jpg?fit=crop&h=300&w=300,2026-10-08T22:25:18,0.03,LITRO,133.34,28911,mad1,11629,https://tienda.mercadona.es/product/11629/serum-aceite-facial-licopeno-anti-ox-tipo-piel-frasco,Cuidado e higiene facial,,aceite,LITRO
aceite,Mercadona,Aceite de Ricino Deliplus,0.03 l,2.95 €,/ud,2.95,https://prod-mercadona.imgix.net/images/fc6ee2aef0e5948f98ed863f05d48ea9.jpg?fit=crop&h=300&w=300,2026-10-08T22:25:18,0.03,LITRO,98.34,28911,mad1,52590,https://tienda.mercadona.es/product/52590/aceite-ricino-deliplus-nutre-fortalece-contiene-aplicador-bote,Cuidado e higiene facial,,aceite,LITRO
aceite,Mercadona,Gel aceite de baño Deliplus piel atópica,0.5 l,3.6 €,/ud,3.6,https://prod-mercadona.imgix.net/images/50a332713b228ef79445853dd97bb35b.jpg?fit=crop&h=300&w=300,2026-10-08T22:25:22,0.5,LITRO,7.2,28911,mad1,44914,https://tienda.mercadona.es/product/44914/gel-aceite-bano-deliplus-piel-atopica-botella,Gel y jabón de manos,,aceite,LITRO
agua,Mercadona,Esponja de baño dermo agua Deliplus,1.0 ud,1.5 €,/ud,1.5,https://prod-mercadona.imgix.net/images/cba72a117cfa5e38f96b0d80a3097d45.jpg?fit=crop&h=300&w=300,2026-10-08T22:25:22,1.0,UNIDAD,1.5,28911,mad1,45716,https://tienda.mercadona.es/product/45716/esponja-bano-dermo-agua-deliplus-intensifica-espuma-paquete,Gel y jabón de manos,,agua,UNIDAD
agua,Mercadona,Agua de colonia Classic fresh S3,0.75 l,3.9 €,/ud,3.9,https://prod-mercadona.imgix.net/images/92b5b89f5ae5276905d53beec7f4febd.jpg?fit=crop&h=300&w=300,2026-10-08T22:25:26,0.75,LITRO,5.2,28911,mad1,46204,https://tienda.mercadona.es/product/46204/agua-colonia-s3-classic-fresh-botella,Perfume y colonia,,agua,LITRO
agua,Mercadona,Agua de colonia Citrus Classic Deliplus,0.75 l,2.5 €,/ud,2.5,https://prod-mercadona.imgix.net/images/7788c8b3600c12a1e0985c7759a507ad.jpg?fit=crop&h=300&w=300,2026-10-08T22:25:26,0.75,LITRO,3.34,28911,mad1,14391,https://tienda.mercadona.es/product/14391/agua-colonia-deliplus-citrus-classic-botella,Perfume y colonia,,agua,LITRO
agua,Mercadona,Agua de colonia Floral Infusion Deliplus,0.75 l,2.5 €,/ud,2.5,https://prod-mercadona.imgix.net/images/277976d30d026ba16097803fdb3012f1.jpg?fit=crop&h=300&w=300,2026-10-08T22:25:26,0.75,LITRO,3.34,28911,mad1,14390,https://tienda.mercadona.es/product/14390/agua-colonia-deliplus-floral-infusion-botella,Perfume y colonia,,agua,LITRO
aceite,Mercadona,Aceite árbol del té 100% puro Deliplus con pipeta dosificadora,0.01 l,3.0 €,/ud,3.0,https://prod-mercadona.imgix.net/images/e7326462e1c7e1a0c92a5993c88682e9.jpg?fit=crop&h=300&w=300,2026-10-08T22:25:29,0.01,LITRO,300.0,28911,mad1,23017,https://tienda.mercadona.es/product/23017/aceite-arbol-te-100-puro-deliplus-con-pipeta-dosificadora-bote,Fitoterapia,,aceite,LITRO
agua,Mercadona,Agua oxigenada Deliplus desinfectante antiséptico,0.25 l,0.7 €,/ud,0.7,https://prod-mercadona.imgix.net/images/87da79c7a7b3c04f21b2132ad8e2948a.jpg?fit=crop&h=300&w=300,2026-10-08T22:25:30,0.25,LITRO,2.8,28911,mad1,77241,https://tienda.mercadona.es/product/77241/agua-oxigenada-deliplus-desinfectante-antiseptico-botella,Parafarmacia,,agua,LITRO
agua,Mercadona,Tiras adhesivas protectoras de poliuretano Aqua Deliplus surtidas resistentes al agua,1.0 ud,1.3 €,/ud,1.3,https://prod-mercadona.imgix.net/images/160a9b9a017acf1f044008290727bb57.jpg?fit=crop&h=300&w=300,2026-10-08T22:25:30,1.0,UNIDAD,0.109,28911,mad1,12779,https://tienda.mercadona.es/product/12779/tiras-adhesivas-protectoras-poliuretano-aqua-deliplus-surtidas-resistentes-agua-caja,Parafarmacia,,agua,UNIDAD
plátano,Mercadona,Plátano de Canarias IGP,0.17 kg,0.43 €,/ud,0.43,https://prod-mercadona.imgix.net/images/e4a37940916985bf5ca166e266580c37.jpg?fit=crop&h=300&w=300,2026-10-08T22:25:31,0.17,KILO,2.5,28911,mad1,3819,https://tienda.mercadona.es/product/3819/platano-canarias-igp-pieza,Fruta,,plátano,KILO
plátano,Mercadona,Plátano macho,0.29 kg,0.84 €,/ud,0.84,https://prod-mercadona.imgix.net/images/c22baa2a17de06fbf8477ef25392b7ca.jpg?fit=crop&h=300&w=300,2026-10-08T22:25:31,0.29,KILO,2.9,28911,mad1,3132,https://tienda.mercadona.es/product/3132/platano-macho-pieza,Fruta,,plátano,KILO
manzana,Mercadona,Manzana Golden,0.23 kg,0.46 €,/ud,0.46,https://prod-mercadona.imgix.net/images/12cc1ef38a5b781f364ca22e46a25ad7.jpg?fit=crop&h=300&w=300,2026-10-08T22:25:31,0.23,KILO,2.0,28911,mad1,3028,https://tienda.mercadona.es/product/3028/manzana-golden-pieza,Fruta,,manzana,KILO
manzana,Mercadona,Manzanas Golden,1.55 kg,2.79 €,/pack,2.79,https://prod-mercadona.imgix.net/images/022fa8e1cd6c9d9ee18a41ed06d71c35.jpg?fit=crop&h=300&w=300,2026-10-08T22:25:31,1.55,KILO,1.8,28911,mad1,3269,https://tienda.mercadona.es/product/3269/manzanas-golden-bolsa,Fruta,,manzana,KILO
manzana,Mercadona,Manzana roja dulce,0.2 kg,0.4 €,/ud,0.4,https://prod-mercadona.imgix.net/images/4287bde2a6bab7877b74f79e7d989d8c.jpg?fit=crop&h=300&w=300,2026-10-08T22:25:31,0.2,KILO,2.0,28911,mad1,8177,https://tienda.mercadona.es/product/8177/manzana-roja-dulce-pieza,Fruta,,manzana,KILO
manzana,Mercadona,Manzanas rojas dulces,1.61 kg,2.9 €,/pack,2.9,https://prod-mercadona.imgix.net/images/87f801433e34719ba9bdc226616e7511.jpg?fit=crop&h=300&w=300,2026-10-08T22:25:31,1.61,KILO,1.8,28911,mad1,8280,https://tienda.mercadona.es/product/8280/manzanas-rojas-dulces-bolsa,Fruta,,manzana,KILO
manzana,Mercadona,Manzana Granny Smith,0.16 kg,0.4 €,/ud,0.4,https://prod-mercadona.imgix.net/images/fea3470bee0679f0e081916ec48c0b36.jpg?fit=crop&h=300&w=300,2026-10-08T22:25:31,0.16,KILO,2.5,28911,mad1,3021,https://tienda.mercadona.es/product/3021/manzana-granny-smith-pieza,Fruta,,manzana,KILO
manzana,Mercadona,Manzana roja acidulce,0.23 kg,0.55 €,/ud,0.55,https://prod-mercadona.imgix.net/images/22301daf320667073b7662206e508c36.jpg?fit=crop&h=300&w=300,2026-10-08T22:25:31,0.23,KILO,2.4,28911,mad1,8175,https://tienda.mercadona.es/product/8175/manzana-roja-acidulce-pieza,Fruta,,manzana,KILO
manzana,Mercadona,Manzanas rojas acidulces,1.61 kg,3.38 €,/pack,3.38,https://prod-mercadona.imgix.net/images/e65f4165ef836b54f4cb49b719b269bd.jpg?fit=crop&h=300&w=300,2026-10-08T22:25:31,1.61,KILO,2.1,28911,mad1,8268,https://tienda.mercadona.es/product/8268/manzanas-rojas-acidulces-bolsa,Fruta,,manzana,KILO
pasta,Mercadona,Ensalada de pasta,0.25 kg,2.6 €,/ud,2.6,https://prod-mercadona.imgix.net/images/ae77ea3f2cfbc1ecb9326ce77fed7232.jpg?fit=crop&h=300&w=300,2026-10-08T22:25:32,0.25,KILO,10.4,28911,mad1,69461,https://tienda.mercadona.es/product/69461/ensalada-pasta-compuesta-pasta-fiambre-jamon-pavo-salsa-yogur-incluye-tenedor-bol,Lechuga y ensalada preparada,,pasta,KILO
queso,Mercadona,Ensalada queso de cabra,0.153 kg,2.8 €,/ud,2.8,https://prod-mercadona.imgix.net/images/bc6e6327f48aa24e184e5a2df7bc3c85.jpg?fit=crop&h=300&w=300,2026-10-08T22:25:32,0.153,KILO,18.301,28911,mad1,69474,https://tienda.mercadona.es/product/69474/ensalada-queso-cabra-compuesta-brotes-manzana-queso-cabra-frutos-secos-vinagreta-balsamica-incluye-tenedor-bol,Lechuga y ensalada preparada,,queso,KILO
pasta,Mercadona,Ensalada de pasta Listo para Comer,0.366 kg,4.0 €,/ud,4.0,https://prod-mercadona.imgix.net/images/6604913c5a5d31159a6c090c3e84f38d.jpeg?fit=crop&h=300&w=300,2026-10-08T22:25:32,0.366,UNIDAD,4.0,28911,mad1,13241,https://tienda.mercadona.es/product/13241/ensalada-pasta-listo-comer-compuesta-atun-huevo-cocido-surimi-mix-queso-cebolla-con-monodosis-bol,Lechuga y ensalada preparada,,pasta,KILO
pollo,Mercadona,"Ensalada de pollo, queso y frutos secos Listo para Comer",0.25 kg,4.0 €,/ud,4.0,https://prod-mercadona.imgix.net/images/8e19b97cf10d815ec7c3a284dff1ccf2.jpeg?fit=crop&h=300&w=300,2026-10-08T22:25:32,0.25,UNIDAD,4.0,28911,mad1,13240,https://tienda.mercadona.es/product/13240/ensalada-pollo-queso-frutos-secos-listo-comer-compuesta-pollo-asado-tomate-cherry-queso-fresco-brotes-espinaca-lechuga-verde-lechuga-roja-mezcla-frutos-secos-fruta-desecada-con-monodosis-bol,Lechuga y ensalada preparada,,pollo|queso,KILO
tomate,Mercadona,Tomate ensalada,0.21 kg,0.46 €,/ud,0.46,https://prod-mercadona.imgix.net/images/ccb2b42ba2bb6a7b692dac6101074709.jpg?fit=crop&h=300&w=300,2026-10-08T22:25:33,0.21,KILO,2.2,28911,mad1,69937,https://tienda.mercadona.es/product/69937/tomate-ensalada-pieza,Verdura,,tomate,KILO
tomate,Mercadona,Tomate canario,0.18 kg,0.4 €,/ud,0.4,https://prod-mercadona.imgix.net/images/74f33f458b7f5fa55cdb4490730cccd8.jpg?fit=crop&h=300&w=300,2026-10-08T22:25:33,0.18,KILO,2.2,28911,mad1,69968,https://tienda.mercadona.es/product/69968/tomate-canario-pieza,Verdura,,tomate,KILO
tomate,Mercadona,Tomate pera,0.13 kg,0.29 €,/ud,0.29,https://prod-mercadona.imgix.net/images/29e2448e80d5a23e8fc907138e551748.jpg?fit=crop&h=300&w=300,2026-10-08T22:25:33,0.13,KILO,2.2,28911,mad1,69912,https://tienda.mercadona.es/product/69912/tomate-pera-pieza,Verdura,,tomate,KILO
tomate,Mercadona,Tomates pera,1.18 kg,2.71 €,/pack,2.71,https://prod-mercadona.imgix.net/images/40027e42b9ec9f0693e8f6eb09e1e213.jpeg?fit=crop&h=300&w=300,2026-10-08T22:25:33,1.18,KILO,2.3,28911,mad1,69975,https://tienda.mercadona.es/product/69975/tomates-pera-bandeja,Verdura,,tomate,KILO
tomate,Mercadona,Tomates cherry pera kumato,0.3 kg,1.7 €,/ud,1.7,https://prod-mercadona.imgix.net/images/0b7b48379a277881183c9d692b671999.jpg?fit=crop&h=300&w=300,2026-10-08T22:25:33,0.3,KILO,5.667,28911,mad1,69930,https://tienda.mercadona.es/product/69930/tomates-cherry-pera-kumato-bandeja,Verdura,,tomate,KILO
tomate,Mercadona,Tomates cherry,0.5 kg,2.2 €,/ud,2.2,https://prod-mercadona.imgix.net/images/686833b9bfd1cc7f410c39199a347a85.jpeg?fit=crop&h=300&w=300,2026-10-08T22:25:33,0.5,KILO,4.4,28911,mad1,69990,https://tienda.mercadona.es/product/69990/tomates-cherry-bandeja,Verdura,,tomate,KILO
tomate,Mercadona,Tomates cherry en rama Dulcita,0.2 kg,2.5 €,/ud,2.5,https://prod-mercadona.imgix.net/images/66cbca38df7850609b4eaa53baace8b0.jpg?fit=crop&h=300&w=300,2026-10-08T22:25:33,0.2,KILO,12.5,28911,mad1,69414,https://tienda.mercadona.es/product/69414/tomates-cherry-rama-dulcita-bandeja,Verdura,,tomate,KILO
tomate,Mercadona,Tomates negros,1.13 kg,2.94 €,/pack,2.94,https://prod-mercadona.imgix.net/images/9dcdcd3905a23003d0033161674abf16.jpg?fit=crop&h=300&w=300,2026-10-08T22:25:33,1.13,KILO,2.6,28911,mad1,69976,https://tienda.mercadona.es/product/69976/tomates-kumato-negro-bandeja,Verdura,,tomate,KILO
tomate,Mercadona,Tomates,2.0 kg,4.2 €,/ud,4.2,https://prod-mercadona.imgix.net/images/8d8b0344fdd594338795d6d4e7f496aa.jpeg?fit=crop&h=300&w=300,2026-10-08T22:25:33,2.0,KILO,2.1,28911,mad1,69971,https://tienda.mercadona.es/product/69971/tomates-malla,Verdura,,tomate,KILO
tomate,Mercadona,Tomate rallado,0.29 kg,1.45 €,/ud,1.45,https://prod-mercadona.imgix.net/images/3e710720845fde2965e96f24b08c864e.jpg?fit=crop&h=300&w=300,2026-10-08T22:25:33,0.29,KILO,5.0,28911,mad1,69938,https://tienda.mercadona.es/product/69938/tomate-rallado-tarrina,Verdura,,tomate,KILO
tomate,Mercadona,Rama de Tomates,0.66 kg,1.58 €,/pack,1.58,https://prod-mercadona.imgix.net/images/b865049658bc89eaf2131c967ee4d57e.jpg?fit=crop&h=300&w=300,2026-10-08T22:25:33,0.66,KILO,2.4,28911,mad1,69487,https://tienda.mercadona.es/product/69487/rama-tomates-granel,Verdura,,tomate,KILO
tomate,Mercadona,Tomate ensalada,1.12 kg,2.58 €,/pack,2.58,https://prod-mercadona.imgix.net/images/807541ef3b71addb45eb7efc78409625.jpg?fit=crop&h=300&w=300,2026-10-08T22:25:33,1.12,KILO,2.3,28911,mad1,69973,https://tienda.mercadona.es/product/69973/tomate-ensalada-bandeja,Verdura,,tomate,KILO
huevos,Mercadona,Huevos,24.0 ud,5.25 €,/ud,5.25,https://prod-mercadona.imgix.net/images/3a0b8ec917c50794e9aed65bbfea018b.jpg?fit=crop&h=300&w=300,2026-10-08T22:25:34,24.0,DOCENA,2.625,28911,mad1,30167,https://tienda.mercadona.es/product/30167/huevos-tamanos-diferentes-paquete,Huevos,,huevos,UNIDAD
huevos,Mercadona,Huevos super grandes XL,12.0 ud,4.3 €,/ud,4.3,https://prod-mercadona.imgix.net/images/5bad6ba1d83593e621cdee275de8fd77.jpg?fit=crop&h=300&w=300,2026-10-08T22:25:34,12.0,DOCENA,4.3,28911,mad1,31592,https://tienda.mercadona.es/product/31592/huevos-super-grandes-xl-paquete,Huevos,,huevos,UNIDAD
huevos,Mercadona,Huevos grandes L,12.0 ud,3.05 €,/ud,3.05,https://prod-mercadona.imgix.net/images/707625e3e76b36f1834d56c1ed8aa8df.jpg?fit=crop&h=300&w=300,2026-10-08T22:25:34,12.0,DOCENA,3.05,28911,mad1,31504,https://tienda.mercadona.es/product/31504/huevos-grandes-l-paquete,Huevos,,huevos,UNIDAD
huevos,Mercadona,Huevos grandes L,6.0 ud,1.8 €,/ud,1.8,https://prod-mercadona.imgix.net/images/f320cc362d58afd514c38aae399c6cec.jpg?fit=crop&h=300&w=300,2026-10-08T22:25:34,6.0,DOCENA,3.6,28911,mad1,31540,https://tienda.mercadona.es/product/31540/huevos-grandes-l-paquete,Huevos,,huevos,UNIDAD
huevos,Mercadona,Huevos medianos M,12.0 ud,2.85 €,/ud,2.85,https://prod-mercadona.imgix.net/images/96ba986bc89d7298da0a7605824227a9.jpg?fit=crop&h=300&w=300,2026-10-08T22:25:34,12.0,DOCENA,2.85,28911,mad1,31505,https://tienda.mercadona.es/product/31505/huevos-medianos-m-paquete,Huevos,,huevos,UNIDAD
huevos,Mercadona,Huevos de gallinas camperas,12.0 ud,3.35 €,/ud,3.35,https://prod-mercadona.imgix.net/images/50933500ef69e4c4cc91733c48e4e909.jpg?fit=crop&h=300&w=300,2026-10-08T22:25:34,12.0,DOCENA,3.35,28911,mad1,15768,https://tienda.mercadona.es/product/15768/huevos-gallinas-camperas-paquete,Huevos,,huevos,UNIDAD
huevos,Mercadona,Huevos de gallinas camperas,6.0 ud,1.95 €,/ud,1.95,https://prod-mercadona.imgix.net/images/91e31618d31b0cf31818de4e76dcc031.jpg?fit=crop&h=300&w=300,2026-10-08T22:25:34,6.0,DOCENA,3.9,28911,mad1,31310,https://tienda.mercadona.es/product/31310/huevos-gallinas-camperas-paquete,Huevos,,huevos,UNIDAD
huevos,Mercadona,Huevos cocidos,6.0 ud,2.2 €,/ud,2.2,https://prod-mercadona.imgix.net/images/415028c8977c97560369dcebb4c2357d.jpg?fit=crop&h=300&w=300,2026-10-08T22:25:34,6.0,DOCENA,4.4,28911,mad1,31010,https://tienda.mercadona.es/product/31010/huevos-cocidos-paquete,Huevos,,huevos,UNIDAD
huevos,Mercadona,Huevos de codorniz,18.0 ud,1.85 €,/ud,1.85,https://prod-mercadona.imgix.net/images/f884227376ae28f6d79420714cad0f6a.jpg?fit=crop&h=300&w=300,2026-10-08T22:25:34,18.0,DOCENA,1.234,28911,mad1,31011,https://tienda.mercadona.es/product/31011/huevos-codorniz-paquete,Huevos,,huevos,UNIDAD
leche,Mercadona,Leche semidesnatada Hacendado,6 briks x 1.0 l,4.98 €,/pack,4.98,https://prod-mercadona.imgix.net/images/b91d8b8bafd5eabab8961aabbe16c28b.jpg?fit=crop&h=300&w=300,2026-10-08T22:25:35,6.0,LITRO,0.83,28911,mad1,10381,https://tienda.mercadona.es/product/10381/leche-semidesnatada-hacendado-pack-6,Leche y bebidas vegetales,5.04,leche,LITRO
leche,Mercadona,Leche semidesnatada Hacendado,1.0 l,0.83 €,/ud,0.83,https://prod-mercadona.imgix.net/images/da2348eb6ffa595fbfdbe66367bcad3c.jpg?fit=crop&h=300&w=300,2026-10-08T22:25:35,1.0,LITRO,0.83,28911,mad1,10382,https://tienda.mercadona.es/product/10382/leche-semidesnatada-hacendado-brick,Leche y bebidas vegetales,,leche,LITRO
leche,Mercadona,Leche semidesnatada Hacendado,6 mini briks x 0.2 l,1.64 €,/pack,1.64,https://prod-mercadona.imgix.net/images/f16c6d550a0a4236222a7dfdea3017ca.jpg?fit=crop&h=300&w=300,2026-10-08T22:25:35,1.2,LITRO,1.367,28911,mad1,10794,https://tienda.mercadona.es/product/10794/leche-semidesnatada-hacendado-pack-6,Leche y bebidas vegetales,,leche,LITRO
leche,Mercadona,Leche semidesnatada Hacendado,6 botellas x 1.5 l,8.7 €,/pack,8.7,https://prod-mercadona.imgix.net/images/866fa5a181f2d26607393eac0323a40c.jpg?fit=crop&h=300&w=300,2026-10-08T22:25:35,9.0,LITRO,0.967,28911,mad1,10541,https://tienda.mercadona.es/product/10541/leche-semidesnatada-hacendado-pack-6,Leche y bebidas vegetales,,leche,LITRO
leche,Mercadona,Leche semidesnatada Hacendado,1.5 l,1.45 €,/ud,1.45,https://prod-mercadona.imgix.net/images/ff7a708dfba6860d1c625d4cf8316719.jpg?fit=crop&h=300&w=300,2026-10-08T22:25:35,1.5,LITRO,0.967,28911,mad1,10542,https://tienda.mercadona.es/product/10542/leche-semidesnatada-hacendado-botella,Leche y bebidas vegetales,,leche,LITRO
leche,Mercadona,Leche semidesnatada sin lactosa Hacendado,6 briks x 1.0 l,5.64 €,/pack,5.64,https://prod-mercadona.imgix.net/images/6b8cf0ba135f7e717632541922c5791d.jpg?fit=crop&h=300&w=300,2026-10-08T22:25:35,6.0,LITRO,0.94,28911,mad1,10721,https://tienda.mercadona.es/product/10721/leche-semidesnatada-sin-lactosa-hacendado-pack-6,Leche y bebidas vegetales,,leche,LITRO
leche,Mercadona,Leche semidesnatada sin lactosa Hacendado,1.0 l,0.94 €,/ud,0.94,https://prod-mercadona.imgix.net/images/15f28a7326cdf32ea0e7304b16a154b9.jpg?fit=crop&h=300&w=300,2026-10-08T22:25:35,1.0,LITRO,0.94,28911,mad1,10722,https://tienda.mercadona.es/product/10722/leche-semidesnatada-sin-lactosa-hacendado-brick,Leche y bebidas vegetales,,leche,LITRO
leche,Mercadona,Leche semidesnatada sin lactosa Hacendado,6 mini briks x 0.2 l,1.9 €,/pack,1.9,https://prod-mercadona.imgix.net/images/86beaab2a15ac2d9840049b9cdbd6535.jpg?fit=crop&h=300&w=300,2026-10-08T22:25:35,1.2,LITRO,1.584,28911,mad1,10732,https://tienda.mercadona.es/product/10732/leche-semidesnatada-sin-lactosa-hacendado-pack-6,Leche y bebidas vegetales,,leche,LITRO
leche,Mercadona,Leche semidesnatada calcio Hacendado,6 briks x 1.0 l,6.3 €,/pack,6.3,https://prod-mercadona.imgix.net/images/b039c847158c6726b1db24fe8091a8ed.jpg?fit=crop&h=300&w=300,2026-10-08T22:25:35,6.0,LITRO,1.05,28911,mad1,10683,https://tienda.mercadona.es/product/10683/leche-semidesnatada-calcio-hacendado-pack-6,Leche y bebidas vegetales,,leche,LITRO
leche,Mercadona,Leche semidesnatada calcio Hacendado,1.0 l,1.05 €,/ud,1.05,https://prod-mercadona.imgix.net/images/837e6dc6649b9b85135a84e53a858742.jpg?fit=crop&h=300&w=300,2026-10-08T22:25:35,1.0,LITRO,1.05,28911,mad1,10685,https://tienda.mercadona.es/product/10685/leche-semidesnatada-calcio-hacendado-brick,Leche y bebidas vegetales,,leche,LITRO
leche,Mercadona,Leche semidesnatada Asturiana,6 botellas x 1.5 l,10.02 €,/pack,10.02,https://prod-mercadona.imgix.net/images/1a9456d94ced3e143534df8d6fce8864.jpg?fit=crop&h=300&w=300,2026-10-08T22:25:35,9.0,LITRO,1.114,28911,mad1,10505,https://tienda.mercadona.es/product/10505/leche-semidesnatada-asturiana-pack-6,Leche y bebidas vegetales,10.74,leche,LITRO
leche,Mercadona,Leche semidesnatada Asturiana,1.5 l,1.67 €,/ud,1.67,https://prod-mercadona.imgix.net/images/7f91dfedcf0dff19cc00bf464475c052.jpg?fit=crop&h=300&w=300,2026-10-08T22:25:35,1.5,LITRO,1.114,28911,mad1,10502,https://tienda.mercadona.es/product/10502/leche-semidesnatada-asturiana-botella,Leche y bebidas vegetales,1.79,leche,LITRO
leche,Mercadona,Leche semidesnatada de cabra Hacendado,6 briks x 1.0 l,11.82 €,/pack,11.82,https://prod-mercadona.imgix.net/images/4395b561337441945693f84660814c2e.jpg?fit=crop&h=300&w=300,2026-10-08T22:25:35,6.0,LITRO,1.97,28911,mad1,10806,https://tienda.mercadona.es/product/10806/leche-semidesnatada-cabra-hacendado-pack-6,Leche y bebidas vegetales,,leche,LITRO
leche,Mercadona,Leche semidesnatada de cabra Hacendado,1.0 l,1.97 €,/ud,1.97,https://prod-mercadona.imgix.net/images/5ebf4f33cd25300147cca4db86f18e6f.jpg?fit=crop&h=300&w=300,2026-10-08T22:25:35,1.0,LITRO,1.97,28911,mad1,10812,https://tienda.mercadona.es/product/10812/leche-semidesnatada-cabra-hacendado-brick,Leche y bebidas vegetales,,leche,LITRO
leche,Mercadona,Leche semidesnatada Hacendado,1.0 l,1.09 €,/ud,1.09,https://prod-mercadona.imgix.net/images/7f509c7db41e5763626998702f5cb755.jpeg?fit=crop&h=300&w=300,2026-10-08T22:25:35,1.0,LITRO,1.09,28911,mad1,10922,https://tienda.mercadona.es/product/10922/leche-semidesnatada-fresca-hacendado-botella,Leche y bebidas vegetales,,leche,LITRO
leche,Mercadona,Leche semidesnatada sin lactosa Hacendado,6 botellas x 1.5 l,9.72 €,/pack,9.72,https://prod-mercadona.imgix.net/images/f0cd5d59c24ed6637a2d1f1e1c4bd093.jpg?fit=crop&h=300&w=300,2026-10-08T22:25:35,9.0,LITRO,1.08,28911,mad1,10545,https://tienda.mercadona.es/product/10545/leche-semidesnatada-sin-lactosa-hacendado-pack-6,Leche y bebidas vegetales,,leche,LITRO
leche,Mercadona,Leche semidesnatada sin lactosa Hacendado,1.5 l,1.62 €,/ud,1.62,https://prod-mercadona.imgix.net/images/cb6c51dc548abac574de376046426d67.jpg?fit=crop&h=300&w=300,2026-10-08T22:25:35,1.5,LITRO,1.08,28911,mad1,10546,https://tienda.mercadona.es/product/10546/leche-semidesnatada-sin-lactosa-hacendado-botella,Leche y bebidas vegetales,,leche,LITRO
leche,Mercadona,Leche semidesnatada Asturiana,6 briks x 1.0 l,7.02 €,/pack,7.02,https://prod-mercadona.imgix.net/images/2131c6c4a05a707eb66025fb0d86a95d.jpg?fit=crop&h=300&w=300,2026-10-08T22:25:35,6.0,LITRO,1.17,28911,mad1,10531,https://tienda.mercadona.es/product/10531/leche-semidesnatada-asturiana-pack-6,Leche y bebidas vegetales,,leche,LITRO
leche,Mercadona,Leche semidesnatada Asturiana,1.0 l,1.17 €,/ud,1.17,https://prod-mercadona.imgix.net/images/4e47699cd59e42ae6a11b6b83651542d.jpeg?fit=crop&h=300&w=300,2026-10-08T22:25:35,1.0,LITRO,1.17,28911,mad1,10712,https://tienda.mercadona.es/product/10712/leche-semidesnatada-asturiana-brick,Leche y bebidas vegetales,,leche,LITRO
leche,Mercadona,Leche desnatada Hacendado,6 briks x 1.0 l,4.86 €,/pack,4.86,https://prod-mercadona.imgix.net/images/3b2cde7125f13d701043eef134149fe3.jpg?fit=crop&h=300&w=300,2026-10-08T22:25:35,6.0,LITRO,0.81,28911,mad1,10383,https://tienda.mercadona.es/product/10383/leche-desnatada-hacendado-pack-6,Leche y bebidas vegetales,4.92,leche,LITRO
leche,Mercadona,Leche desnatada Hacendado,1.0 l,0.81 €,/ud,0.81,https://prod-mercadona.imgix.net/images/ce429d893cf4ce5867a74c7d71778806.jpg?fit=crop&h=300&w=300,2026-10-08T22:25:35,1.0,LITRO,0.81,28911,mad1,10384,https://tienda.mercadona.es/product/10384/leche-desnatada-hacendado-brick,Leche y bebidas vegetales,,leche,LITRO
leche,Mercadona,Leche desnatada sin lactosa Hacendado,6 briks x 1.0 l,5.46 €,/pack,5.46,https://prod-mercadona.imgix.net/images/84271adfb6b8db545c2f7c32ce09e1ed.jpg?fit=crop&h=300&w=300,2026-10-08T22:25:35,6.0,LITRO,0.91,28911,mad1,10730,https://tienda.mercadona.es/product/10730/leche-desnatada-sin-lactosa-hacendado-pack-6,Leche y bebidas vegetales,,leche,LITRO
leche,Mercadona,Leche desnatada sin lactosa Hacendado,1.0 l,0.91 €,/ud,0.91,https://prod-mercadona.imgix.net/images/a17b0af292e26e84ee2eaacad71e6f80.jpg?fit=crop&h=300&w=300,2026-10-08T22:25:35,1.0,LITRO,0.91,28911,mad1,10731,https://tienda.mercadona.es/product/10731/leche-desnatada-sin-lactosa-hacendado-brick,Leche y bebidas vegetales,,leche,LITRO
leche,Mercadona,Leche desnatada calcio Hacendado,6 briks x 1.0 l,6.12 €,/pack,6.12,https://prod-mercadona.imgix.net/images/761614ac020458712e57841305df431a.jpg?fit=crop&h=300&w=300,2026-10-08T22:25:35,6.0,LITRO,1.02,28911,mad1,10686,https://tienda.mercadona.es/product/10686/leche-desnatada-calcio-hacendado-pack-6,Leche y bebidas vegetales,,leche,LITRO
leche,Mercadona,Leche desnatada calcio Hacendado,1.0 l,1.02 €,/ud,1.02,https://prod-mercadona.imgix.net/images/780eeb2b41d3910960e6a42b3d410107.jpg?fit=crop&h=300&w=300,2026-10-08T22:25:35,1.0,LITRO,1.02,28911,mad1,10687,https://tienda.mercadona.es/product/10687/leche-desnatada-calcio-hacendado-brick,Leche y bebidas vegetales,,leche,LITRO
leche,Mercadona,Leche desnatada Hacendado,6 botellas x 1.5 l,8.52 €,/pack,8.52,https://prod-mercadona.imgix.net/images/e2a6879b0f9a88fff1965e0f735136a9.jpg?fit=crop&h=300&w=300,2026-10-08T22:25:35,9.0,LITRO,0.947,28911,mad1,10543,https://tienda.mercadona.es/product/10543/leche-desnatada-hacendado-pack-6,Leche y bebidas vegetales,,leche,LITRO
leche,Mercadona,Leche desnatada Hacendado,1.5 l,1.42 €,/ud,1.42,https://prod-mercadona.imgix.net/images/005b40bb5a93e80cc77926ad84ae22e0.jpg?fit=crop&h=300&w=300,2026-10-08T22:25:35,1.5,LITRO,0.947,28911,mad1,10544,https://tienda.mercadona.es/product/10544/leche-desnatada-hacendado-botella,Leche y bebidas vegetales,,leche,LITRO
leche,Mercadona,Bebida láctea Omega 3 Puleva con leche desnatada,6 briks x 1.0 l,11.34 €,/pack,11.34,https://prod-mercadona.imgix.net/images/7c9553aed202938385ddf8f174e0c805.jpg?fit=crop&h=300&w=300,2026-10-08T22:25:35,6.0,LITRO,1.89,28911,mad1,10146,https://tienda.mercadona.es/product/10146/bebida-lactea-omega-3-puleva-con-leche-desnatada-pack-6,Leche y bebidas vegetales,,leche,LITRO
leche,Mercadona,Bebida láctea Omega 3 Puleva con leche desnatada,1.0 l,1.89 €,/ud,1.89,https://prod-mercadona.imgix.net/images/af6b32b8e306c397ff7748e5e33e2b48.jpg?fit=crop&h=300&w=300,2026-10-08T22:25:35,1.0,LITRO,1.89,28911,mad1,10884,https://tienda.mercadona.es/product/10884/bebida-lactea-omega-3-puleva-con-leche-desnatada-brick,Leche y bebidas vegetales,,leche,LITRO
leche,Mercadona,Leche desnatada Asturiana,6 botellas x 1.5 l,9.72 €,/pack,9.72,https://prod-mercadona.imgix.net/images/22f7569aa05f4978981f42b409135121.jpg?fit=crop&h=300&w=300,2026-10-08T22:25:35,9.0,LITRO,1.08,28911,mad1,10516,https://tienda.mercadona.es/product/10516/leche-desnatada-asturiana-pack-6,Leche y bebidas vegetales,10.38,leche,LITRO
leche,Mercadona,Leche desnatada Asturiana,1.5 l,1.62 €,/ud,1.62,https://prod-mercadona.imgix.net/images/f609c9ef2158eec4e857db31398c071f.jpg?fit=crop&h=300&w=300,2026-10-08T22:25:35,1.5,LITRO,1.08,28911,mad1,10599,https://tienda.mercadona.es/product/10599/leche-desnatada-asturiana-botella,Leche y bebidas vegetales,1.73,leche,LITRO
leche,Mercadona,Bebida láctea Omega 3 Puleva con nueces y leche desnatada,6 briks x 1.0 l,11.7 €,/pack,11.7,https://prod-mercadona.imgix.net/images/c49e6a513e35fde93bd8557ec42463c3.jpg?fit=crop&h=300&w=300,2026-10-08T22:25:35,6.0,LITRO,1.95,28911,mad1,10281,https://tienda.mercadona.es/product/10281/bebida-lactea-omega-3-puleva-con-nueces-leche-desnatada-pack-6,Leche y bebidas vegetales,,leche,LITRO
leche,Mercadona,Bebida láctea Omega 3 Puleva con nueces y leche desnatada,1.0 l,1.95 €,/ud,1.95,https://prod-mercadona.imgix.net/images/8ef8d5777a1b0af5a70a3c411025cd40.jpg?fit=crop&h=300&w=300,2026-10-08T22:25:35,1.0,LITRO,1.95,28911,mad1,10282,https://tienda.mercadona.es/product/10282/bebida-lactea-omega-3-puleva-con-nueces-leche-desnatada-brick,Leche y bebidas vegetales,,leche,LITRO
leche,Mercadona,Leche en polvo desnatada Hacendado,0.7 kg,5.4 €,/ud,5.4,https://prod-mercadona.imgix.net/images/17bd49f9b24aa0e4291b0b29ea497d12.jpg?fit=crop&h=300&w=300,2026-10-08T22:25:35,0.7,KILO,7.715,28911,mad1,10414,https://tienda.mercadona.es/product/10414/leche-polvo-desnatada-paquete,Leche y bebidas vegetales,,leche,KILO
leche,Mercadona,Leche desnatada +Proteínas & calcio,6 briks x 1.0 l,8.1 €,/pack,8.1,https://prod-mercadona.imgix.net/images/d470211a0604c39ba3ff5f5d6ee734ed.jpeg?fit=crop&h=300&w=300,2026-10-08T22:25:35,6.0,LITRO,1.35,28911,mad1,10676,https://tienda.mercadona.es/product/10676/leche-proteinas-desnatada-hacendado-pack-6,Leche y bebidas vegetales,,leche,LITRO
leche,Mercadona,Leche desnatada +Proteínas & calcio,1.0 l,1.35 €,/ud,1.35,https://prod-mercadona.imgix.net/images/c4558a06013b7b9c1afb6d188f1692f2.jpeg?fit=crop&h=300&w=300,2026-10-08T22:25:35,1.0,LITRO,1.35,28911,mad1,10678,https://tienda.mercadona.es/product/10678/leche-proteinas-desnatada-hacendado-brick,Leche y bebidas vegetales,,leche,LITRO
leche,Mercadona,Leche desnatada +Proteínas & calcio,6 mini briks x 0.2 l,2.1 €,/pack,2.1,https://prod-mercadona.imgix.net/images/9b34cb359dac31df627b4fa76af53cfa.jpg?fit=crop&h=300&w=300,2026-10-08T22:25:35,1.2,LITRO,1.75,28911,mad1,21640,https://tienda.mercadona.es/product/21640/leche-proteinas-desnatada-hacendado,Leche y bebidas vegetales,,leche,LITRO
leche,Mercadona,Leche desnatada Asturiana,6 briks x 1.0 l,6.78 €,/pack,6.78,https://prod-mercadona.imgix.net/images/fec001e16543d9bf191d0fb0770a37a4.jpg?fit=crop&h=300&w=300,2026-10-08T22:25:35,6.0,LITRO,1.13,28911,mad1,10532,https://tienda.mercadona.es/product/10532/leche-desnatada-asturiana-pack-6,Leche y bebidas vegetales,,leche,LITRO
leche,Mercadona,Leche desnatada Asturiana,1.0 l,1.13 €,/ud,1.13,https://prod-mercadona.imgix.net/images/3a7e6290317bc2b0fbc87092dc877430.jpg?fit=crop&h=300&w=300,2026-10-08T22:25:35,1.0,LITRO,1.13,28911,mad1,10801,https://tienda.mercadona.es/product/10801/leche-desnatada-asturiana-brick,Leche y bebidas vegetales,,leche,LITRO
leche,Mercadona,Leche entera Hacendado,6 briks x 1.0 l,5.76 €,/pack,5.76,https://prod-mercadona.imgix.net/images/b4db71bda48058bb37cd556c55b2fc64.jpg?fit=crop&h=300&w=300,2026-10-08T22:25:35,6.0,LITRO,0.96,28911,mad1,10379,https://tienda.mercadona.es/product/10379/leche-entera-hacendado-pack-6,Leche y bebidas vegetales,,leche,LITRO
leche,Mercadona,Leche entera Hacendado,1.0 l,0.96 €,/ud,0.96,https://prod-mercadona.imgix.net/images/a731a91252722a3a9cb5856ae8f7d282.jpg?fit=crop&h=300&w=300,2026-10-08T22:25:35,1.0,LITRO,0.96,28911,mad1,10380,https://tienda.mercadona.es/product/10380/leche-entera-hacendado-brick,Leche y bebidas vegetales,,leche,LITRO
leche,Mercadona,Leche entera Hacendado,6 mini briks x 0.2 l,1.71 €,/pack,1.71,https://prod-mercadona.imgix.net/images/6e6f87557b2929cfffcc08ef72385328.jpg?fit=crop&h=300&w=300,2026-10-08T22:25:35,1.2,LITRO,1.425,28911,mad1,10783,https://tienda.mercadona.es/product/10783/leche-entera-hacendado-pack-6,Leche y bebidas vegetales,,leche,LITRO
leche,Mercadona,Leche entera Asturiana,6 botellas x 1.5 l,11.34 €,/pack,11.34,https://prod-mercadona.imgix.net/images/724c49d63dee993987fb212c6b1f2bc9.jpg?fit=crop&h=300&w=300,2026-10-08T22:25:35,9.0,LITRO,1.26,28911,mad1,10504,https://tienda.mercadona.es/product/10504/leche-entera-asturiana-pack-6,Leche y bebidas vegetales,11.82,leche,LITRO
leche,Mercadona,Leche entera Asturiana,1.5 l,1.89 €,/ud,1.89,https://prod-mercadona.imgix.net/images/e2ed561550344094833752c71eb0ef49.jpg?fit=crop&h=300&w=300,2026-10-08T22:25:35,1.5,LITRO,1.26,28911,mad1,10506,https://tienda.mercadona.es/product/10506/leche-entera-asturiana-botella,Leche y bebidas vegetales,1.97,leche,LITRO
leche,Mercadona,Leche entera sin lactosa Hacendado,6 briks x 1.0 l,6.18 €,/pack,6.18,https://prod-mercadona.imgix.net/images/16227e6ffd9278e3d1ff55fa8c86734b.jpg?fit=crop&h=300&w=300,2026-10-08T22:25:35,6.0,LITRO,1.03,28911,mad1,10698,https://tienda.mercadona.es/product/10698/leche-entera-sin-lactosa-hacendado-pack-6,Leche y bebidas vegetales,,leche,LITRO
leche,Mercadona,Leche entera sin lactosa Hacendado,1.0 l,1.03 €,/ud,1.03,https://prod-mercadona.imgix.net/images/0806acbc42778d7d0f63b6df45beec43.jpg?fit=crop&h=300&w=300,2026-10-08T22:25:35,1.0,LITRO,1.03,28911,mad1,10699,https://tienda.mercadona.es/product/10699/leche-entera-sin-lactosa-hacendado-brick,Leche y bebidas vegetales,,leche,LITRO
leche,Mercadona,Leche entera Hacendado,6 botellas x 1.5 l,9.36 €,/pack,9.36,https://prod-mercadona.imgix.net/images/7c62cddec66dcb9ff1517ef35563c51c.jpg?fit=crop&h=300&w=300,2026-10-08T22:25:35,9.0,LITRO,1.04,28911,mad1,10533,https://tienda.mercadona.es/product/10533/leche-entera-hacendado-pack-6,Leche y bebidas vegetales,,leche,LITRO
leche,Mercadona,Leche entera Hacendado,1.5 l,1.56 €,/ud,1.56,https://prod-mercadona.imgix.net/images/b4eb04d1b82b50228bae54af395675a1.jpg?fit=crop&h=300&w=300,2026-10-08T22:25:35,1.5,LITRO,1.04,28911,mad1,10540,https://tienda.mercadona.es/product/10540/leche-entera-hacendado-botella,Leche y bebidas vegetales,,leche,LITRO
leche,Mercadona,Leche entera Hacendado,1.0 l,1.15 €,/ud,1.15,https://prod-mercadona.imgix.net/images/d985ec1b5f0e21f2fe5e32857e5200af.jpeg?fit=crop&h=300&w=300,2026-10-08T22:25:35,1.0,LITRO,1.15,28911,mad1,10933,https://tienda.mercadona.es/product/10933/leche-entera-fresca-hacendado-botella,Leche y bebidas vegetales,,leche,LITRO
leche,Mercadona,Leche entera Asturiana,6 briks x 1.0 l,7.74 €,/pack,7.74,https://prod-mercadona.imgix.net/images/6751278cbad81ab48d3e40934bab3c03.jpg?fit=crop&h=300&w=300,2026-10-08T22:25:35,6.0,LITRO,1.29,28911,mad1,10530,https://tienda.mercadona.es/product/10530/leche-entera-asturiana-pack-6,Leche y bebidas vegetales,,leche,LITRO
leche,Mercadona,Leche entera Asturiana,1.0 l,1.29 €,/ud,1.29,https://prod-mercadona.imgix.net/images/8bedc0ed2166e3e37219b40a2d5ea6d0.jpg?fit=crop&h=300&w=300,2026-10-08T22:25:35,1.0,LITRO,1.29,28911,mad1,10617,https://tienda.mercadona.es/product/10617/leche-entera-asturiana-brick,Leche y bebidas vegetales,,leche,LITRO
arroz,Mercadona,Bebida de arroz sin azúcares añadidos Hacendado,6 briks x 1.0 l,6.3 €,/pack,6.3,https://prod-mercadona.imgix.net/images/dcfdebb7a1671e785c4b7b00108e2aee.jpg?fit=crop&h=300&w=300,2026-10-08T22:25:35,6.0,LITRO,1.05,28911,mad1,23048,https://tienda.mercadona.es/product/23048/bebida-arroz-sin-azucares-anadidos-hacendado-pack-6,Leche y bebidas vegetales,,arroz,LITRO
arroz,Mercadona,Bebida de arroz sin azúcares añadidos Hacendado,1.0 l,1.05 €,/ud,1.05,https://prod-mercadona.imgix.net/images/d131c2686702a304e7cc1b7b1814244a.jpg?fit=crop&h=300&w=300,2026-10-08T22:25:35,1.0,LITRO,1.05,28911,mad1,23047,https://tienda.mercadona.es/product/23047/bebida-arroz-sin-azucares-anadidos-hacendado-brick,Leche y bebidas vegetales,,arroz,LITRO
arroz,Mercadona,Bebida de coco y arroz sin azúcares añadidos Hacendado,6 briks x 1.0 l,9.6 €,/pack,9.6,https://prod-mercadona.imgix.net/images/7c35ba5dd79dbf94fdeb432d1f80106f.jpg?fit=crop&h=300&w=300,2026-10-08T22:25:35,6.0,LITRO,1.6,28911,mad1,13847,https://tienda.mercadona.es/product/13847/bebida-coco-arroz-sin-azucares-anadidos-hacendado-pack-6,Leche y bebidas vegetales,,arroz,LITRO
arroz,Mercadona,Bebida de coco y arroz sin azúcares añadidos Hacendado,1.0 l,1.6 €,/ud,1.6,https://prod-mercadona.imgix.net/images/c9d5c928c1099db31752e2e688d808a6.jpg?fit=crop&h=300&w=300,2026-10-08T22:25:35,1.0,LITRO,1.6,28911,mad1,13846,https://tienda.mercadona.es/product/13846/bebida-coco-arroz-sin-azucares-anadidos-hacendado-brick,Leche y bebidas vegetales,,arroz,LITRO
arroz,Mercadona,Bebida de avellana y arroz sin azúcares añadidos Hacendado,6 briks x 1.0 l,7.5 €,/pack,7.5,https://prod-mercadona.imgix.net/images/a45c6c0894a2635aad570cc9b30add0d.jpg?fit=crop&h=300&w=300,2026-10-08T22:25:35,6.0,LITRO,1.25,28911,mad1,13849,https://tienda.mercadona.es/product/13849/bebida-avellana-arroz-sin-azucares-anadidos-hacendado-pack-6,Leche y bebidas vegetales,,arroz,LITRO
arroz,Mercadona,Bebida de avellana y arroz sin azúcares añadidos Hacendado,1.0 l,1.25 €,/ud,1.25,https://prod-mercadona.imgix.net/images/48f3b41650de1c5aab91011aceddc8d4.jpg?fit=crop&h=300&w=300,2026-10-08T22:25:35,1.0,LITRO,1.25,28911,mad1,13848,https://tienda.mercadona.es/product/13848/bebida-avellana-arroz-sin-azucares-anadidos-hacendado-brick,Leche y bebidas vegetales,,arroz,LITRO
leche,Mercadona,Batido de chocolate 90% leche Hacendado,1.0 l,1.45 €,/ud,1.45,https://prod-mercadona.imgix.net/images/6132210119248dd5457342819fd26392.jpg?fit=crop&h=300&w=300,2026-10-08T22:25:35,1.0,LITRO,1.45,28911,mad1,23050,https://tienda.mercadona.es/product/23050/batido-chocolate-90-leche-hacendado-botella,Leche y bebidas vegetales,,leche,LITRO
leche,Mercadona,Batido de chocolate 90% leche Hacendado,6 mini briks x 0.2 l,1.75 €,/pack,1.75,https://prod-mercadona.imgix.net/images/a1f0f20dfd294022344acb43427d9a18.jpg?fit=crop&h=300&w=300,2026-10-08T22:25:35,1.2,LITRO,1.459,28911,mad1,10055,https://tienda.mercadona.es/product/10055/batido-chocolate-90-leche-hacendado-pack-6,Leche y bebidas vegetales,,leche,LITRO
leche,Mercadona,Batido de chocolate 90% leche Puleva,6 mini briks x 0.2 l,2.75 €,/pack,2.75,https://prod-mercadona.imgix.net/images/118b04b2870df73a19605a8987545455.jpg?fit=crop&h=300&w=300,2026-10-08T22:25:35,1.2,LITRO,2.292,28911,mad1,10043,https://tienda.mercadona.es/product/10043/batido-chocolate-90-leche-puleva-pack-6,Leche y bebidas vegetales,,leche,LITRO
leche,Mercadona,Leche condensada Hacendado,1.0 kg,3.35 €,/ud,3.35,https://prod-mercadona.imgix.net/images/b6c7821e45659190d4af302c40508d34.jpeg?fit=crop&h=300&w=300,2026-10-08T22:25:35,1.0,KILO,3.35,28911,mad1,60348,https://tienda.mercadona.es/product/60348/leche-condensada-hacendado-bote,Leche y bebidas vegetales,,leche,KILO
leche,Mercadona,Leche condensada Hacendado,0.37 kg,2.1 €,/ud,2.1,https://prod-mercadona.imgix.net/images/1032cdb6c1a2d2555a933680e4ed418a.jpeg?fit=crop&h=300&w=300,2026-10-08T22:25:35,0.37,KILO,5.676,28911,mad1,60347,https://tienda.mercadona.es/product/60347/leche-condensada-hacendado-bote,Leche y bebidas vegetales,,leche,KILO
leche,Mercadona,Leche condensada Hacendado,0.45 kg,2.35 €,/ud,2.35,https://prod-mercadona.imgix.net/images/e946b63ac639e0e856989870b08807cf.jpeg?fit=crop&h=300&w=300,2026-10-08T22:25:35,0.45,KILO,5.223,28911,mad1,60345,https://tienda.mercadona.es/product/60345/leche-condensada-hacendado-bote,Leche y bebidas vegetales,,leche,KILO
leche,Mercadona,Leche condensada desnatada Hacendado,0.45 kg,2.35 €,/ud,2.35,https://prod-mercadona.imgix.net/images/461642fceb3d080f2cd3e6f67fea3b6d.jpeg?fit=crop&h=300&w=300,2026-10-08T22:25:35,0.45,KILO,5.223,28911,mad1,60346,https://tienda.mercadona.es/product/60346/leche-condensada-desnatada-hacendado-bote,Leche y bebidas vegetales,,leche,KILO
leche,Mercadona,Leche evaporada Hacendado,3 mini briks x 0.2 l,1.66 €,/pack,1.66,https://prod-mercadona.imgix.net/images/786f650d3ee412906c31b12eff57d005.jpg?fit=crop&h=300&w=300,2026-10-08T22:25:35,0.6,KILO,2.767,28911,mad1,15599,https://tienda.mercadona.es/product/15599/leche-evaporada-hacendado-pack-3,Leche y bebidas vegetales,,leche,LITRO
detergente,Mercadona,Detergente ropa jabón natural de Marsella Bosque Verde líquido,3.0 l,3.5 €,/ud,3.5,https://prod-mercadona.imgix.net/images/102bbb82bf71a7846528e2d2daef4567.jpeg?fit=crop&h=300&w=300,2026-10-08T22:25:38,3.0,LAVADO,0.07,28911,mad1,86397,https://tienda.mercadona.es/product/86397/detergente-ropa-jabon-natural-marsella-bosque-verde-liquido-botella,Detergente y suavizante ropa,,detergente,LITRO
detergente,Mercadona,Detergente ropa Blanca y de Color Bosque Verde en gel concentrado,0.81 l,3.65 €,/ud,3.65,https://prod-mercadona.imgix.net/images/d7d3cf05c5162a35ed107bc310f505a0.jpg?fit=crop&h=300&w=300,2026-10-08T22:25:38,0.81,LAVADO,0.136,28911,mad1,40404,https://tienda.mercadona.es/product/40404/detergente-ropa-blanca-color-bosque-verde-gel-concentrado-botella,Detergente y suavizante ropa,,detergente,LITRO
detergente,Mercadona,Detergente ropa Blanca y de Color Bosque Verde líquido,3.0 l,5.85 €,/ud,5.85,https://prod-mercadona.imgix.net/images/a6b5023c46b3a1f230230cc88db78c09.jpeg?fit=crop&h=300&w=300,2026-10-08T22:25:38,3.0,LAVADO,0.117,28911,mad1,86400,https://tienda.mercadona.es/product/86400/detergente-ropa-blanca-color-bosque-verde-liquido-botella,Detergente y suavizante ropa,,detergente,LITRO
detergente,Mercadona,Detergente ropa Prendas Delicadas Bosque Verde líquido,1.98 l,2.5 €,/ud,2.5,https://prod-mercadona.imgix.net/images/f9be1d7261a02ea1689531d025e18d68.jpeg?fit=crop&h=300&w=300,2026-10-08T22:25:38,1.98,LAVADO,0.038,28911,mad1,40530,https://tienda.mercadona.es/product/40530/detergente-ropa-prendas-delicadas-bosque-verde-liquido-botella,Detergente y suavizante ropa,,detergente,LITRO
detergente,Mercadona,Detergente ropa Ariel líquido,1.35 l,5.95 €,/ud,5.95,https://prod-mercadona.imgix.net/images/0903e7cc7f3b7b746b5423037fad8865.jpg?fit=crop&h=300&w=300,2026-10-08T22:25:38,1.35,LAVADO,0.199,28911,mad1,16830,https://tienda.mercadona.es/product/16830/detergente-ropa-total-ariel-liquido-botella,Detergente y suavizante ropa,7.95,detergente,LITRO
detergente,Mercadona,Detergente ropa Pieles Sensibles Bosque Verde líquido,1.98 l,4.8 €,/ud,4.8,https://prod-mercadona.imgix.net/images/8d5bea0bf5aff7faf2f494a29bb14336.jpg?fit=crop&h=300&w=300,2026-10-08T22:25:38,1.98,LAVADO,0.073,28911,mad1,13643,https://tienda.mercadona.es/product/13643/detergente-ropa-pieles-sensibles-bosque-verde-liquido-botella,Detergente y suavizante ropa,,detergente,LITRO
detergente,Mercadona,Detergente ropa Colonia Hipoalergénico Bosque Verde líquido,3.0 l,3.5 €,/ud,3.5,https://prod-mercadona.imgix.net/images/f5b64f6a4c89b0bd1fb736fb98b51952.jpg?fit=crop&h=300&w=300,2026-10-08T22:25:38,3.0,LAVADO,0.07,28911,mad1,86399,https://tienda.mercadona.es/product/86399/detergente-ropa-colonia-hipoalergenico-bosque-verde-liquido-botella,Detergente y suavizante ropa,,detergente,LITRO
detergente,Mercadona,Detergente ropa Frescura Bosque Verde líquido,3.0 l,3.5 €,/ud,3.5,https://prod-mercadona.imgix.net/images/c07f239cc2c76fea1f2c71b1b6a60367.jpg?fit=crop&h=300&w=300,2026-10-08T22:25:38,3.0,LAVADO,0.07,28911,mad1,11664,https://tienda.mercadona.es/product/11664/detergente-ropa-frescura-bosque-verde-liquido-botella,Detergente y suavizante ropa,,detergente,LITRO
detergente,Mercadona,Detergente ropa de Color y Oscura Bosque Verde líquido,3.0 l,4.9 €,/ud,4.9,https://prod-mercadona.imgix.net/images/f3b8cbd95b177e12735f13169587232d.jpg?fit=crop&h=300&w=300,2026-10-08T22:25:38,3.0,LAVADO,0.107,28911,mad1,21534,https://tienda.mercadona.es/product/21534/detergente-ropa-color-oscura-bosque-verde-liquido-botella,Detergente y suavizante ropa,,detergente,LITRO
detergente,Mercadona,Detergente ropa blanca y de color Bosque Verde en polvo,2.75 kg,6.9 €,/ud,6.9,https://prod-mercadona.imgix.net/images/c75203fbc5e74f0715cf4be74bf8707e.jpg?fit=crop&h=300&w=300,2026-10-08T22:25:38,2.75,LAVADO,0.138,28911,mad1,14270,https://tienda.mercadona.es/product/14270/detergente-ropa-blanca-color-bosque-verde-polvo-contiene-dosificador-caja,Detergente y suavizante ropa,,detergente,KILO
detergente,Mercadona,Detergente ropa todo en 1 frescor floral Ariel Pods en cápsulas,0.4636 kg,6.9 €,/ud,6.9,https://prod-mercadona.imgix.net/images/ac78c0a8f08e2ff7e0d1a5f054bbcba3.jpg?fit=crop&h=300&w=300,2026-10-08T22:25:38,0.4636,UNIDAD,0.364,28911,mad1,16442,https://tienda.mercadona.es/product/16442/detergente-ropa-1-frescor-floral-ariel-pods-capsulas-caja,Detergente y suavizante ropa,,detergente,KILO
detergente,Mercadona,Detergente ropa todo en 1 Ariel Pods en cápsulas,0.3477 kg,6.9 €,/ud,6.9,https://prod-mercadona.imgix.net/images/ba919332f9144e6089d057b6c799e080.jpg?fit=crop&h=300&w=300,2026-10-08T22:25:38,0.3477,UNIDAD,0.364,28911,mad1,21993,https://tienda.mercadona.es/product/21993/detergente-ropa-1-ariel-pods-capsulas-caja,Detergente y suavizante ropa,,detergente,KILO
detergente,Mercadona,Detergente ropa jabón de Marsella Bosque Verde en polvo,2.75 kg,5.9 €,/ud,5.9,https://prod-mercadona.imgix.net/images/9bd953189306103748aaec9fe8d1097c.jpg?fit=crop&h=300&w=300,2026-10-08T22:25:38,2.75,LAVADO,0.118,28911,mad1,14271,https://tienda.mercadona.es/product/14271/detergente-ropa-jabon-marsella-bosque-verde-polvo-contiene-dosificador-caja,Detergente y suavizante ropa,,detergente,KILO
detergente,Mercadona,Detergente ropa blanca y color Bosque Verde en cápsulas,0.528 kg,4.65 €,/ud,4.65,https://prod-mercadona.imgix.net/images/bf4a9874d690566300dc4d9ef9582a0c.jpg?fit=crop&h=300&w=300,2026-10-08T22:25:38,0.528,LAVADO,0.194,28911,mad1,23440,https://tienda.mercadona.es/product/23440/detergente-ropa-blanca-color-bosque-verde-capsulas-lavadora-caja,Detergente y suavizante ropa,,detergente,KILO
detergente,Mercadona,Detergente ropa Blanca y Color floral Sensation Bosque Verde en cápsulas,0.528 kg,4.65 €,/ud,4.65,https://prod-mercadona.imgix.net/images/7506b9fd1605c5c43304dee2f48adf82.jpeg?fit=crop&h=300&w=300,2026-10-08T22:25:38,0.528,UNIDAD,0.194,28911,mad1,20959,https://tienda.mercadona.es/product/20959/detergente-ropa-blanca-color-floral-sensation-bosque-verde-capsulas-caja,Detergente y suavizante ropa,,detergente,KILO
detergente,Mercadona,Detergente Lavado a Mano Bosque Verde en polvo,0.65 kg,1.9 €,/ud,1.9,https://prod-mercadona.imgix.net/images/aaeaf34a357f844bb096a7b6ce32767e.jpg?fit=crop&h=300&w=300,2026-10-08T22:25:38,0.65,KILO,2.924,28911,mad1,52752,https://tienda.mercadona.es/product/52752/detergente-lavado-mano-bosque-verde-polvo-caja,Detergente y suavizante ropa,,detergente,KILO
agua,Mercadona,Agua destilada Bosque Verde,2.0 l,0.95 €,/ud,0.95,https://prod-mercadona.imgix.net/images/97a14ac137b896e603ef688f2efccd6d.jpg?fit=crop&h=300&w=300,2026-10-08T22:25:38,2.0,LITRO,0.475,28911,mad1,90505,https://tienda.mercadona.es/product/90505/agua-destilada-bosque-verde-garrafa,Detergente y suavizante ropa,,agua,LITRO
agua,Mercadona,Agua para plancha Bosque Verde perfume ropa limpia,1.0 l,1.5 €,/ud,1.5,https://prod-mercadona.imgix.net/images/56e716e04c1c57d3bb5ab98657d35875.jpg?fit=crop&h=300&w=300,2026-10-08T22:25:38,1.0,LITRO,1.5,28911,mad1,44413,https://tienda.mercadona.es/product/44413/agua-plancha-bosque-verde-perfume-ropa-limpia-botella,Detergente y suavizante ropa,,agua,LITRO
detergente,Mercadona,Lejía Perfumada con detergente Bosque Verde,2.0 l,1.15 €,/ud,1.15,https://prod-mercadona.imgix.net/images/1e6ba2eaf9402a42dfa4e8a053dc88e8.jpg?fit=crop&h=300&w=300,2026-10-08T22:25:41,2.0,LITRO,0.575,28911,mad1,43024,https://tienda.mercadona.es/product/43024/lejia-con-detergente-bosque-verde-botella,Lejía y líquidos fuertes,,detergente,LITRO
detergente,Mercadona,Lejía Perfumada con detergente limón Bosque Verde,2.0 l,1.15 €,/ud,1.15,https://prod-mercadona.imgix.net/images/090b5f559b111d8776d31b4ef29226d4.jpg?fit=crop&h=300&w=300,2026-10-08T22:25:41,2.0,LITRO,0.575,28911,mad1,43054,https://tienda.mercadona.es/product/43054/lejia-perfumada-con-detergente-bosque-verde-limon-botella,Lejía y líquidos fuertes,,detergente,LITRO
detergente,Mercadona,Amoníaco con detergente Bosque Verde,1.5 l,1.0 €,/ud,1.0,https://prod-mercadona.imgix.net/images/afaf120d288805d92135a27848b2c9d0.jpg?fit=crop&h=300&w=300,2026-10-08T22:25:41,1.5,LITRO,0.667,28911,mad1,43802,https://tienda.mercadona.es/product/43802/amoniaco-con-detergente-bosque-verde-botella,Lejía y líquidos fuertes,,detergente,LITRO
detergente,Mercadona,Amoníaco concentrado Bosque Verde con detergente,0.75 l,1.25 €,/ud,1.25,https://prod-mercadona.imgix.net/images/f3a8f0b1cb5013b73110e045a88d4db5.jpeg?fit=crop&h=300&w=300,2026-10-08T22:25:41,0.75,LITRO,1.667,28911,mad1,43813,https://tienda.mercadona.es/product/43813/amoniaco-muy-fuerte-bosque-verde-con-detergente-botella,Lejía y líquidos fuertes,,detergente,LITRO
pasta,Mercadona,Pasta Piedra blanca multiusos Power Paste Scrub Daddy con estropajo Scrub Mommy,0.2 kg,3.0 €,/ud,3.0,https://prod-mercadona.imgix.net/images/6722edb4fafac5373794970e4f50747b.jpg?fit=crop&h=300&w=300,2026-10-08T22:25:47,0.2,KILO,15.0,28911,mad1,24527,https://tienda.mercadona.es/product/24527/pasta-piedra-blanca-multiusos-power-paste-scrub-daddy-contiene-estropajo-scrub-mommy-tarro,Limpieza muebles y multiusos,,pasta,KILO
papel higiénico,Mercadona,Papel higiénico Doble Rollo Bosque Verde,1.0 ud,4.6 €,/ud,4.6,https://prod-mercadona.imgix.net/images/2114d726e660470b9eea54e72125280a.jpg?fit=crop&h=300&w=300,2026-10-08T22:25:50,1.0,UNIDAD,0.384,28911,mad1,47818,https://tienda.mercadona.es/product/47818/papel-higienico-doble-rollo-bosque-verde-paquete,Papel higiénico y celulosa,,papel higiénico,UNIDAD
papel higiénico,Mercadona,Papel higiénico Doble Rollo Bosque Verde,1.0 ud,2.4 €,/ud,2.4,https://prod-mercadona.imgix.net/images/7dceeae4ce17bf0c89c9e02330457a4a.jpg?fit=crop&h=300&w=300,2026-10-08T22:25:50,1.0,UNIDAD,0.4,28911,mad1,47819,https://tienda.mercadona.es/product/47819/papel-higienico-doble-rollo-bosque-verde-paquete,Papel higiénico y celulosa,,papel higiénico,UNIDAD
papel higiénico,Mercadona,Papel higiénico doble hoja Bosque Verde,1.0 ud,2.4 €,/ud,2.4,https://prod-mercadona.imgix.net/images/8629429b287c46d53db4df0f83fee72a.jpg?fit=crop&h=300&w=300,2026-10-08T22:25:50,1.0,UNIDAD,0.2,28911,mad1,47835,https://tienda.mercadona.es/product/47835/papel-higienico-doble-hoja-bosque-verde-paquete,Papel higiénico y celulosa,,papel higiénico,UNIDAD
papel higiénico,Mercadona,Papel higiénico Suave Bosque Verde,1.0 ud,3.7 €,/ud,3.7,https://prod-mercadona.imgix.net/images/c101fb054823f64dfbece29949dd8e23.jpg?fit=crop&h=300&w=300,2026-10-08T22:25:50,1.0,UNIDAD,0.463,28911,mad1,12912,https://tienda.mercadona.es/product/12912/papel-higienico-suave-bosque-verde-4-capas-paquete,Papel higiénico y celulosa,,papel higiénico,UNIDAD
arroz,Mercadona,Arreglo de marisco pelado para arroz,0.45 kg,9.45 €,/ud,9.45,https://prod-mercadona.imgix.net/images/872c79b037188297ba00e68bccae5820.jpeg?fit=crop&h=300&w=300,2026-10-08T22:26:00,0.45,KILO,21.0,28911,mad1,87786,https://tienda.mercadona.es/product/87786/arreglo-marisco-pelado-bandeja,Marisco,,arroz,KILO
salmón,Mercadona,Filete de salmón,0.85 kg,16.15 €,/ud,16.15,https://prod-mercadona.imgix.net/images/da236aaa8e3f4a760d95f063ec5a1638.jpeg?fit=crop&h=300&w=300,2026-10-08T22:26:02,0.85,KILO,19.0,28911,mad1,87208,https://tienda.mercadona.es/product/87208/medio-salmon-bandeja,Pescado fresco,,salmón,KILO
salmón,Mercadona,Porción de  salmón,0.35 kg,8.05 €,/ud,8.05,https://prod-mercadona.imgix.net/images/b072fbeed617fa30e152c33cd8eb8fbb.jpeg?fit=crop&h=300&w=300,2026-10-08T22:26:02,0.35,KILO,23.0,28911,mad1,87204,https://tienda.mercadona.es/product/87204/filete-salmon-bandeja,Pescado fresco,,salmón,KILO
salmón,Mercadona,Escalopín de salmón,0.35 kg,8.4 €,/ud,8.4,https://prod-mercadona.imgix.net/images/f0440b17c29353c142230199775eb9d1.jpg?fit=crop&h=300&w=300,2026-10-08T22:26:02,0.35,KILO,24.0,28911,mad1,87203,https://tienda.mercadona.es/product/87203/escalopin-salmon-bandeja,Pescado fresco,,salmón,KILO
salmón,Mercadona,Rodaja de salmón,0.35 kg,6.82 €,/ud,6.82,https://prod-mercadona.imgix.net/images/ac2b7d73878e09585fc804ab563f6fae.jpg?fit=crop&h=300&w=300,2026-10-08T22:26:02,0.35,KILO,19.5,28911,mad1,87205,https://tienda.mercadona.es/product/87205/rodaja-salmon-bandeja,Pescado fresco,,salmón,KILO
atún,Mercadona,Rodajas de atún de aleta amarilla descongelada,0.235 kg,5.23 €,/ud,5.23,https://prod-mercadona.imgix.net/images/3575d37231fa5c37125c3fd65d2d6143.jpeg?fit=crop&h=300&w=300,2026-10-08T22:26:02,0.235,KILO,22.25,28911,mad1,87197,https://tienda.mercadona.es/product/87197/rodajas-atun-aleta-amarilla-bandeja,Pescado fresco,,atún,KILO
aceite,Mercadona,Filetes de anchoa en aceite de girasol Hacendado,3 bandejas x 0.029 kg,2.1 €,/pack,2.1,https://prod-mercadona.imgix.net/images/5e45177a7e75e7fddbf121c217a372f2.jpg?fit=crop&h=300&w=300,2026-10-08T22:26:03,0.12,KILO,24.138,28911,mad1,18407,https://tienda.mercadona.es/product/18407/filetes-anchoa-aceite-girasol-hacendado-pack-3,Salazones y ahumados,,aceite,KILO
aceite,Mercadona,Boquerones en vinagre Hacendado en aceite de girasol,0.08 kg,1.6 €,/ud,1.6,https://prod-mercadona.imgix.net/images/9595020a85dd8fcd551d2f8c27493028.jpg?fit=crop&h=300&w=300,2026-10-08T22:26:03,0.08,KILO,26.667,28911,mad1,80405,https://tienda.mercadona.es/product/80405/boquerones-vinagre-hacendado-aceite-girasol-bandeja,Salazones y ahumados,,aceite,KILO
aceite,Mercadona,Boquerones al vinagre Hacendado en aceite de girasol,0.33 kg,5.5 €,/ud,5.5,https://prod-mercadona.imgix.net/images/1ae52aa9697fa04273f1b5561a149c6f.jpg?fit=crop&h=300&w=300,2026-10-08T22:26:03,0.33,KILO,20.755,28911,mad1,23122,https://tienda.mercadona.es/product/23122/boquerones-vinagre-hacendado-aceite-girasol-tarrina,Salazones y ahumados,,aceite,KILO
aceite,Mercadona,Filetes de anchoa en aceite de oliva Hacendado,0.042 kg,1.3 €,/ud,1.3,https://prod-mercadona.imgix.net/images/295dcdb95ca41e7576a396a533584e18.jpg?fit=crop&h=300&w=300,2026-10-08T22:26:03,0.042,KILO,44.828,28911,mad1,18433,https://tienda.mercadona.es/product/18433/filetes-anchoa-aceite-oliva-hacendado-lata,Salazones y ahumados,,aceite,KILO
aceite,Mercadona,Filetes de anchoa en aceite de oliva Hacendado,3 bandejas x 0.029 kg,2.8 €,/pack,2.8,https://prod-mercadona.imgix.net/images/e96b227b0623ad993f6595fe117dbca5.jpg?fit=crop&h=300&w=300,2026-10-08T22:26:03,0.12,KILO,32.184,28911,mad1,18408,https://tienda.mercadona.es/product/18408/filetes-anchoa-aceite-oliva-hacendado-pack-3,Salazones y ahumados,,aceite,KILO
aceite,Mercadona,Filetes de anchoa en aceite de oliva Hacendado,0.14 kg,6.75 €,/ud,6.75,https://prod-mercadona.imgix.net/images/c68c86888d778e0ece5c589622dbd2dc.jpg?fit=crop&h=300&w=300,2026-10-08T22:26:03,0.14,KILO,61.364,28911,mad1,18402,https://tienda.mercadona.es/product/18402/filetes-anchoa-aceite-oliva-hacendado-bandeja,Salazones y ahumados,,aceite,KILO
aceite,Mercadona,Filetes de anchoa en aceite de oliva Hacendado,0.074 kg,3.65 €,/ud,3.65,https://prod-mercadona.imgix.net/images/9a7778131b8713e8a177a827544489f4.jpg?fit=crop&h=300&w=300,2026-10-08T22:26:03,0.074,KILO,73.0,28911,mad1,80418,https://tienda.mercadona.es/product/80418/filetes-anchoa-aceite-oliva-hacendado-lata,Salazones y ahumados,,aceite,KILO
salmón,Mercadona,Salmón ahumado Hacendado,0.1 kg,3.7 €,/ud,3.7,https://prod-mercadona.imgix.net/images/80565fbe85f53b259dea2a15845ee08e.jpg?fit=crop&h=300&w=300,2026-10-08T22:26:03,0.1,KILO,37.0,28911,mad1,53444,https://tienda.mercadona.es/product/53444/salmon-ahumado-hacendado-paquete,Salazones y ahumados,,salmón,KILO
salmón,Mercadona,Salmón ahumado Hacendado,2 paquetes x 0.15 kg,10.8 €,/pack,10.8,https://prod-mercadona.imgix.net/images/e1ad29ad8ea58c630d90ae813bb2f42d.jpg?fit=crop&h=300&w=300,2026-10-08T22:26:03,0.3,KILO,36.0,28911,mad1,53445,https://tienda.mercadona.es/product/53445/salmon-ahumado-hacendado-pack-2,Salazones y ahumados,,salmón,KILO
aceite,Mercadona,Bacalao ahumado Hacendado en aceite de girasol,0.11 kg,4.3 €,/ud,4.3,https://prod-mercadona.imgix.net/images/ca3ceda75726781294e90f803e596c32.jpg?fit=crop&h=300&w=300,2026-10-08T22:26:03,0.11,KILO,53.75,28911,mad1,13787,https://tienda.mercadona.es/product/13787/bacalao-ahumado-hacendado-aceite-girasol-bandeja,Salazones y ahumados,,aceite,KILO
salmón,Mercadona,Salmón marinado Hacendado,0.08 kg,3.5 €,/ud,3.5,https://prod-mercadona.imgix.net/images/39224e678bfa489afb1e5357982d7148.jpg?fit=crop&h=300&w=300,2026-10-08T22:26:03,0.08,KILO,43.75,28911,mad1,53446,https://tienda.mercadona.es/product/53446/salmon-marinado-hacendado-paquete,Salazones y ahumados,,salmón,KILO
aceite,Mercadona,Filetes de sardina ahumada Hacendado en aceite de girasol,0.085 kg,2.15 €,/ud,2.15,https://prod-mercadona.imgix.net/images/10f4e6e466e471beb3bfd594e6fb48c8.jpg?fit=crop&h=300&w=300,2026-10-08T22:26:03,0.085,KILO,33.077,28911,mad1,18436,https://tienda.mercadona.es/product/18436/filetes-sardina-ahumada-hacendado-aceite-girasol-bandeja,Salazones y ahumados,,aceite,KILO
salmón,Mercadona,Taquitos de salmón ahumado Hacendado,0.1 kg,3.8 €,/ud,3.8,https://prod-mercadona.imgix.net/images/8fcc57e7b49d3a0d3416acd77110e8f0.jpg?fit=crop&h=300&w=300,2026-10-08T22:26:03,0.1,KILO,38.0,28911,mad1,22612,https://tienda.mercadona.es/product/22612/taquitos-salmon-ahumado-hacendado-paquete,Salazones y ahumados,,salmón,KILO
pollo,Mercadona,"Bocaditos con pollo, pavo y verduras en salsa gato adulto Lechat Excellence",0.4 kg,0.7 €,/ud,0.7,https://prod-mercadona.imgix.net/images/f7b369e5941cec101f1710769c47ca53.jpg?fit=crop&h=300&w=300,2026-10-08T22:26:04,0.4,KILO,1.75,28911,mad1,52710,https://tienda.mercadona.es/product/52710/bocaditos-salsa-gato-adulto-lechat-excellence-con-pollo-pavo-verduras-bote,Gato,,pollo,KILO
salmón,Mercadona,"Bocaditos con salmón, trucha y verduras en salsa gato adulto Lechat Excellence",0.4 kg,0.7 €,/ud,0.7,https://prod-mercadona.imgix.net/images/7b3ad728d68666008f7f4b4ecda401ce.jpg?fit=crop&h=300&w=300,2026-10-08T22:26:04,0.4,KILO,1.75,28911,mad1,52711,https://tienda.mercadona.es/product/52711/bocaditos-salsa-gato-adulto-lechat-excellence-con-salmon-trucha-verduras-bote,Gato,,salmón,KILO
salmón,Mercadona,Paté con salmón gato adulto Delikuit,0.1 kg,0.35 €,/ud,0.35,https://prod-mercadona.imgix.net/images/2dd98576f1e265aadf75a8d63f6edb70.jpg?fit=crop&h=300&w=300,2026-10-08T22:26:04,0.1,KILO,3.5,28911,mad1,16578,https://tienda.mercadona.es/product/16578/pate-gato-adulto-delikuit-con-salmon-tarrina,Gato,,salmón,KILO
pollo,Mercadona,Paté con pollo gato adulto Delikuit,0.1 kg,0.35 €,/ud,0.35,https://prod-mercadona.imgix.net/images/73fd2b48f2d2f47f9b620588d5d5e156.jpg?fit=crop&h=300&w=300,2026-10-08T22:26:04,0.1,KILO,3.5,28911,mad1,16580,https://tienda.mercadona.es/product/16580/pate-gato-adulto-delikuit-con-pollo-tarrina,Gato,,pollo,KILO
pollo,Mercadona,"Comida con pollo, frutas y verduras gato júnior Compy",1.5 kg,3.3 €,/ud,3.3,https://prod-mercadona.imgix.net/images/a666833230deb0c5f81e86816b0e0614.jpg?fit=crop&h=300&w=300,2026-10-08T22:26:04,1.5,KILO,2.2,28911,mad1,15640,https://tienda.mercadona.es/product/15640/comida-gato-junior-compy-con-pollo-frutas-verduras-paquete,Gato,,pollo,KILO
pollo,Mercadona,"Comida con pollo, ternera, frutas y verduras gato adulto Compy",10.0 kg,12.5 €,/ud,12.5,https://prod-mercadona.imgix.net/images/c12817b680ec245b3f7ce5b1000f7a72.jpg?fit=crop&h=300&w=300,2026-10-08T22:26:04,10.0,KILO,1.25,28911,mad1,15987,https://tienda.mercadona.es/product/15987/comida-gato-adulto-compy-con-pollo-ternera-frutas-verduras-paquete,Gato,,pollo,KILO
pollo,Mercadona,"Comida con pollo, ternera, frutas y verduras gato adulto Compy",2.0 kg,2.95 €,/ud,2.95,https://prod-mercadona.imgix.net/images/ffddd54013db7edc832bfa8670d8e6ca.jpg?fit=crop&h=300&w=300,2026-10-08T22:26:04,2.0,KILO,1.475,28911,mad1,15986,https://tienda.mercadona.es/product/15986/comida-gato-adulto-compy-con-pollo-ternera-frutas-verduras-paquete,Gato,,pollo,KILO
salmón,Mercadona,"Comida con salmón, atún, frutas y verduras gato adulto Compy",10.0 kg,13.5 €,/ud,13.5,https://prod-mercadona.imgix.net/images/6f1887f41173ce0384b03771a1ba57b0.jpg?fit=crop&h=300&w=300,2026-10-08T22:26:04,10.0,KILO,1.35,28911,mad1,15983,https://tienda.mercadona.es/product/15983/comida-gato-adulto-compy-con-salmon-atun-frutas-verduras-paquete,Gato,,salmón|atún,KILO
salmón,Mercadona,"Comida con salmón, atún, frutas y verduras gato adulto Compy",2.0 kg,3.1 €,/ud,3.1,https://prod-mercadona.imgix.net/images/764a33a1b6853219cb817ad773e5c3b0.jpg?fit=crop&h=300&w=300,2026-10-08T22:26:04,2.0,KILO,1.55,28911,mad1,15982,https://tienda.mercadona.es/product/15982/comida-gato-adulto-compy-con-salmon-atun-frutas-verduras-paquete,Gato,,salmón|atún,KILO
pollo,Mercadona,"Comida con pollo, frutas y verduras gato adulto Supreme Compy",1.5 kg,5.8 €,/ud,5.8,https://prod-mercadona.imgix.net/images/de12125a02b803330f90e208d79fa3ed.jpg?fit=crop&h=300&w=300,2026-10-08T22:26:04,1.5,KILO,3.867,28911,mad1,13714,https://tienda.mercadona.es/product/13714/comida-gato-adulto-supreme-compy-con-pollo-frutas-verduras-paquete,Gato,,pollo,KILO
pollo,Mercadona,"Comida con pollo fresco, frutas y verduras gato adulto esterilizado Supreme Compy",1.5 kg,5.8 €,/ud,5.8,https://prod-mercadona.imgix.net/images/296a54eb252f2552345e581cf83f8b92.jpg?fit=crop&h=300&w=300,2026-10-08T22:26:04,1.5,KILO,3.867,28911,mad1,15560,https://tienda.mercadona.es/product/15560/comida-gato-esterilizado-light-supreme-compy-con-pollo-fresco-frutas-verduras-paquete,Gato,,pollo,KILO
salmón,Mercadona,"Comida con salmón, frutas y verduras gato adulto Supreme Compy",1.5 kg,5.8 €,/ud,5.8,https://prod-mercadona.imgix.net/images/fe66c8be1d37e1367134334646902ad7.jpg?fit=crop&h=300&w=300,2026-10-08T22:26:04,1.5,KILO,3.867,28911,mad1,13715,https://tienda.mercadona.es/product/13715/comida-gato-adulto-supreme-compy-con-salmon-frutas-verduras-paquete,Gato,,salmón,KILO
pollo,Mercadona,"Comida con pollo fresco, frutas y verduras gato sénior Supreme Compy",1.5 kg,6.3 €,/ud,6.3,https://prod-mercadona.imgix.net/images/fda64270ee8fb909c39674984721a5ad.jpg?fit=crop&h=300&w=300,2026-10-08T22:26:04,1.5,KILO,4.2,28911,mad1,23174,https://tienda.mercadona.es/product/23174/comida-gato-senior-supreme-compy-con-pollo-fresco-frutas-verduras-paquete,Gato,,pollo,KILO
pollo,Mercadona,"Comida con pollo, frutas y verduras gato adulto esterilizado light Compy",2.0 kg,4.25 €,/ud,4.25,https://prod-mercadona.imgix.net/images/10587a8c829fca3f9c28d29f07468747.jpg?fit=crop&h=300&w=300,2026-10-08T22:26:04,2.0,KILO,2.125,28911,mad1,14385,https://tienda.mercadona.es/product/14385/comida-gato-adulto-esterilizado-light-compy-con-pollo-frutas-verduras-paquete,Gato,,pollo,KILO
queso,Mercadona,Malta para gato Natura con queso,0.1 kg,4.0 €,/ud,4.0,https://prod-mercadona.imgix.net/images/2baa4a05a71339b0772b83fd3ed330bb.jpg?fit=crop&h=300&w=300,2026-10-08T22:26:04,0.1,KILO,40.0,28911,mad1,52098,https://tienda.mercadona.es/product/52098/malta-gato-natura-con-queso-tubo,Gato,,queso,KILO
salmón,Mercadona,Snacks rellenos con salmón y malta gato Compy,0.15 kg,2.1 €,/ud,2.1,https://prod-mercadona.imgix.net/images/48b04bd8a8363060c55cadce194a6022.jpg?fit=crop&h=300&w=300,2026-10-08T22:26:04,0.15,KILO,14.0,28911,mad1,16459,https://tienda.mercadona.es/product/16459/snacks-gato-rellenos-con-salmon-malta-compy-paquete,Gato,,salmón,KILO
pollo,Mercadona,Snack barritas de pollo e hígado gato Compy,0.05 kg,1.05 €,/ud,1.05,https://prod-mercadona.imgix.net/images/bd7b4b2b0853dd7d764089d9f6cd38b4.jpg?fit=crop&h=300&w=300,2026-10-08T22:26:04,0.05,KILO,21.0,28911,mad1,22008,https://tienda.mercadona.es/product/22008/snack-gato-barritas-compy-pollo-higado-pack-10,Gato,,pollo,KILO
salmón,Mercadona,Snack barritas de salmón y trucha gato Compy,0.05 kg,1.05 €,/ud,1.05,https://prod-mercadona.imgix.net/images/0af61ed93b57a2df63116c93f9dae4b8.jpg?fit=crop&h=300&w=300,2026-10-08T22:26:04,0.05,KILO,21.0,28911,mad1,52149,https://tienda.mercadona.es/product/52149/snack-gato-barritas-compy-salmon-trucha-pack-10,Gato,,salmón,KILO
pollo,Mercadona,Snacks rellenos con pollo y malta gato Compy,0.15 kg,2.1 €,/ud,2.1,https://prod-mercadona.imgix.net/images/fdd05b17626704deb73399a2e6061988.jpg?fit=crop&h=300&w=300,2026-10-08T22:26:04,0.15,KILO,14.0,28911,mad1,16460,https://tienda.mercadona.es/product/16460/snacks-gato-rellenos-con-pollo-malta-compy-paquete,Gato,,pollo,KILO
arroz,Mercadona,Salchicha con pollo y arroz perro adulto Delikuit,1.0 kg,1.8 €,/ud,1.8,https://prod-mercadona.imgix.net/images/c140c290c05a01ec329e846fdaf87369.jpg?fit=crop&h=300&w=300,2026-10-08T22:26:05,1.0,KILO,1.8,28911,mad1,52096,https://tienda.mercadona.es/product/52096/salchicha-perro-adulto-delikuit-con-pollo-arroz,Perro,,arroz|pollo,KILO
salmón,Mercadona,Paté de salmón y verduras perro adulto Delikuit,0.3 kg,0.95 €,/ud,0.95,https://prod-mercadona.imgix.net/images/e8f86ec3de7bd5c92c2e850731588bb7.jpg?fit=crop&h=300&w=300,2026-10-08T22:26:05,0.3,KILO,3.167,28911,mad1,70733,https://tienda.mercadona.es/product/70733/pate-perro-adulto-delikuit-con-salmon-verduras-tarrina,Perro,,salmón,KILO
salmón,Mercadona,Trozos de salmón y verduras en salsa perro adulto Delikuit,0.3 kg,0.95 €,/ud,0.95,https://prod-mercadona.imgix.net/images/327619998acebafc86875f36c7c289e3.jpg?fit=crop&h=300&w=300,2026-10-08T22:26:05,0.3,KILO,3.167,28911,mad1,70735,https://tienda.mercadona.es/product/70735/trozos-salsa-perro-adulto-delikuit-con-salmon-verduras-tarrina,Perro,,salmón,KILO
pollo,Mercadona,Trozos de pollo y verduras en salsa perros adultos Quartett,0.4 kg,2.25 €,/ud,2.25,https://prod-mercadona.imgix.net/images/1f830a7a6b4f85ab3a1ed0c7662d1d88.jpg?fit=crop&h=300&w=300,2026-10-08T22:26:05,0.4,KILO,5.625,28911,mad1,60552,https://tienda.mercadona.es/product/60552/trozos-salsa-perros-adultos-quartett-con-pollo-verduras-paquete,Perro,,pollo,KILO
salmón,Mercadona,Bocaditos de salmón y verduras en salsa perro adulto Special Dog Excellence,1.23 kg,1.5 €,/ud,1.5,https://prod-mercadona.imgix.net/images/7cf69a2dd67016694191f93777116a0d.jpg?fit=crop&h=300&w=300,2026-10-08T22:26:05,1.23,KILO,1.22,28911,mad1,9833,https://tienda.mercadona.es/product/9833/bocaditos-salsa-perro-adulto-special-dog-excellence-con-salmon-verduras-bote,Perro,,salmón,KILO
pollo,Mercadona,Paté de pollo perro adulto Delikuit,1.2 kg,2.1 €,/ud,2.1,https://prod-mercadona.imgix.net/images/9f75b65c6b0f073a8f72545f451dc708.jpg?fit=crop&h=300&w=300,2026-10-08T22:26:05,1.2,KILO,1.75,28911,mad1,16554,https://tienda.mercadona.es/product/16554/pate-perro-adulto-delikuit-con-pollo-bote,Perro,,pollo,KILO
arroz,Mercadona,"Comida con pollo, arroz, frutas y verduras perro júnior Compy",4.0 kg,6.75 €,/ud,6.75,https://prod-mercadona.imgix.net/images/f247f1e0ab8e3ecd4824247a50426cda.jpg?fit=crop&h=300&w=300,2026-10-08T22:26:05,4.0,KILO,1.688,28911,mad1,23204,https://tienda.mercadona.es/product/23204/comida-perro-junior-compy-con-pollo-arroz-frutas-verduras-razas-medianas-grandes-paquete,Perro,,arroz|pollo,KILO
arroz,Mercadona,"Comida con ternera, pollo, verduras y arroz perro adulto Compy",18.0 kg,16.5 €,/ud,16.5,https://prod-mercadona.imgix.net/images/f36babf90fe277ac5498ce6446ef5fa7.jpg?fit=crop&h=300&w=300,2026-10-08T22:26:05,18.0,KILO,0.917,28911,mad1,38297,https://tienda.mercadona.es/product/38297/comida-perro-adulto-compy-con-ternera-pollo-verduras-arroz-razas-medianas-grandes-saco,Perro,,arroz|pollo,KILO
pollo,Mercadona,"Comida con pollo, ternera, frutas y verduras perro adulto Compy",18.0 kg,19.5 €,/ud,19.5,https://prod-mercadona.imgix.net/images/f2a42f62abdef6fefe045462d248ad55.jpg?fit=crop&h=300&w=300,2026-10-08T22:26:05,18.0,KILO,1.084,28911,mad1,15974,https://tienda.mercadona.es/product/15974/comida-perro-adulto-compy-con-pollo-ternera-frutas-verduras-razas-medianas-grandes-saco,Perro,,pollo,KILO
pollo,Mercadona,"Comida con pollo, ternera, frutas y verduras perro adulto Compy",4.0 kg,6.0 €,/ud,6.0,https://prod-mercadona.imgix.net/images/07dafbdddd6faae1f27cf86e95025960.jpg?fit=crop&h=300&w=300,2026-10-08T22:26:05,4.0,KILO,1.5,28911,mad1,15972,https://tienda.mercadona.es/product/15972/comida-perro-adulto-compy-con-pollo-ternera-frutas-verduras-razas-medianas-grandes-paquete,Perro,,pollo,KILO
pollo,Mercadona,"Comida con pollo, ternera, frutas y verduras perro adulto Compy",3.0 kg,5.5 €,/ud,5.5,https://prod-mercadona.imgix.net/images/7b8ce43f1e9900c63fc48fd9434221f6.jpeg?fit=crop&h=300&w=300,2026-10-08T22:26:05,3.0,KILO,1.834,28911,mad1,15970,https://tienda.mercadona.es/product/15970/comida-perro-adulto-compy-con-pollo-ternera-frutas-verduras-razas-pequenas-paquete,Perro,,pollo,KILO
salmón,Mercadona,"Comida con salmón, atún, frutas y verduras perro adulto Compy",4.0 kg,6.75 €,/ud,6.75,https://prod-mercadona.imgix.net/images/446cdbe46949a7e64c7569b4cfda92ec.jpg?fit=crop&h=300&w=300,2026-10-08T22:26:05,4.0,KILO,1.688,28911,mad1,15973,https://tienda.mercadona.es/product/15973/comida-perro-adulto-compy-con-salmon-atun-frutas-verduras-razas-medianas-grandes-paquete,Perro,,salmón|atún,KILO
pollo,Mercadona,"Comida con pollo fresco, frutas y verduras perro júnior Supreme Compy",1.5 kg,6.0 €,/ud,6.0,https://prod-mercadona.imgix.net/images/0acfc3a5b9f725d4a2b5bb9f7eb94669.jpg?fit=crop&h=300&w=300,2026-10-08T22:26:05,1.5,KILO,4.0,28911,mad1,23207,https://tienda.mercadona.es/product/23207/comida-perro-junior-supreme-compy-con-pollo-fresco-frutas-verduras-razas-pequenas-paquete,Perro,,pollo,KILO
pollo,Mercadona,"Comida con pollo, frutas y verduras perro sénior y adultos esterilizados Supreme Compy",3.0 kg,9.5 €,/ud,9.5,https://prod-mercadona.imgix.net/images/df2f57ffbae2ae84c4e15ec0d9354891.jpg?fit=crop&h=300&w=300,2026-10-08T22:26:05,3.0,KILO,3.167,28911,mad1,23209,https://tienda.mercadona.es/product/23209/comida-perro-senior-adultos-esterilizados-supreme-compy-con-pollo-frutas-verduras-razas-medianas-grandes-paquete,Perro,,pollo,KILO
pollo,Mercadona,"Comida con pollo fresco, frutas y verduras perro sénior esterilizados Supreme Compy",1.5 kg,6.0 €,/ud,6.0,https://prod-mercadona.imgix.net/images/13fce346978da5bba7251fc4d7dd61ab.jpg?fit=crop&h=300&w=300,2026-10-08T22:26:05,1.5,KILO,4.0,28911,mad1,23171,https://tienda.mercadona.es/product/23171/comida-perro-senior-esterilizados-supreme-compy-pollo-fresco-con-frutas-verduras-razas-pequenas-paquete,Perro,,pollo,KILO
salmón,Mercadona,Comida salmón fresco con frutas y verduras perro adulto Supreme Compy,10.0 kg,26.5 €,/ud,26.5,https://prod-mercadona.imgix.net/images/06855deba17638e02f3d89bbb8d01897.jpg?fit=crop&h=300&w=300,2026-10-08T22:26:05,10.0,KILO,2.65,28911,mad1,15981,https://tienda.mercadona.es/product/15981/comida-perro-adulto-supreme-compy-salmon-fresco-con-frutas-verduras-razas-medianas-grandes-saco,Perro,,salmón,KILO
salmón,Mercadona,"Comida con salmón fresco, frutas y verduras perro adulto Supreme Compy",3.0 kg,10.5 €,/ud,10.5,https://prod-mercadona.imgix.net/images/429f7abe723f184825bd581d2e4cdcd6.jpg?fit=crop&h=300&w=300,2026-10-08T22:26:05,3.0,KILO,3.5,28911,mad1,15980,https://tienda.mercadona.es/product/15980/comida-perro-adulto-supreme-compy-salmon-fresco-con-frutas-verduras-razas-medianas-grandes-paquete,Perro,,salmón,KILO
salmón,Mercadona,"Comida con salmón fresco, frutas y verduras perro adulto Supreme Compy",1.5 kg,6.0 €,/ud,6.0,https://prod-mercadona.imgix.net/images/1b14358f5b1ee191fe7720a2e2db971e.jpg?fit=crop&h=300&w=300,2026-10-08T22:26:05,1.5,KILO,4.0,28911,mad1,15977,https://tienda.mercadona.es/product/15977/comida-perro-adulto-supreme-compy-salmon-fresco-con-frutas-verduras-razas-pequenas-paquete,Perro,,salmón,KILO
pollo,Mercadona,"Comida con pollo fresco, frutas y verduras perro adulto Supreme Compy",10.0 kg,24.5 €,/ud,24.5,https://prod-mercadona.imgix.net/images/b83cc921c9e362d97363b1f7c8162485.jpg?fit=crop&h=300&w=300,2026-10-08T22:26:05,10.0,KILO,2.45,28911,mad1,15979,https://tienda.mercadona.es/product/15979/comida-perro-adulto-supreme-compy-pollo-fresco-con-frutas-verduras-razas-medianas-grandes-saco,Perro,,pollo,KILO
pollo,Mercadona,"Comida con pollo fresco, frutas y verduras perro adulto Supreme Compy",3.0 kg,9.5 €,/ud,9.5,https://prod-mercadona.imgix.net/images/bde2b24e27567b9eb706c59c34ea3e75.jpg?fit=crop&h=300&w=300,2026-10-08T22:26:05,3.0,KILO,3.167,28911,mad1,15978,https://tienda.mercadona.es/product/15978/comida-perro-adulto-supreme-compy-pollo-fresco-con-frutas-verduras-razas-medianas-grandes-paquete,Perro,,pollo,KILO
pollo,Mercadona,"Comida con pollo fresco, frutas y verduras perro adulto Supreme Compy",1.5 kg,5.25 €,/ud,5.25,https://prod-mercadona.imgix.net/images/8e95110dc5b64b20479426779400374f.jpg?fit=crop&h=300&w=300,2026-10-08T22:26:05,1.5,KILO,3.5,28911,mad1,15976,https://tienda.mercadona.es/product/15976/comida-perro-adulto-supreme-compy-pollo-fresco-con-frutas-verduras-razas-pequenas-paquete,Perro,,pollo,KILO
pollo,Mercadona,Huesos de cuero con pollo y zanahoria perro adulto Compy,0.12 kg,1.75 €,/ud,1.75,https://prod-mercadona.imgix.net/images/f29862bc2c2f87459f3d760d0abfa29c.jpg?fit=crop&h=300&w=300,2026-10-08T22:26:05,0.12,KILO,14.584,28911,mad1,13494,https://tienda.mercadona.es/product/13494/huesos-cuero-con-pollo-zanahoria-compy-perro-adulto-razas-medianas-grandes-paquete,Perro,,pollo,KILO
pollo,Mercadona,Snack palitos con pollo y ternera perro adulto Compy,0.2 kg,1.1 €,/ud,1.1,https://prod-mercadona.imgix.net/images/fc37029b6ca40eb9441a6cde919af817.jpg?fit=crop&h=300&w=300,2026-10-08T22:26:05,0.2,KILO,5.5,28911,mad1,52135,https://tienda.mercadona.es/product/52135/snack-palitos-perro-adulto-con-pollo-ternera-compy-paquete,Perro,,pollo,KILO
pollo,Mercadona,Snack barritas de pollo e hígado perro adulto Compy,0.088 kg,1.05 €,/ud,1.05,https://prod-mercadona.imgix.net/images/17de9c32ee10ae75f0251d075d4993da.jpg?fit=crop&h=300&w=300,2026-10-08T22:26:05,0.088,KILO,11.932,28911,mad1,22009,https://tienda.mercadona.es/product/22009/snack-barritas-perro-adulto-pollo-higado-compy-pack-8,Perro,,pollo,KILO
pollo,Mercadona,Snack galletas con pollo y ternera perro adulto Compy razas medianas y grandes,0.7 kg,1.95 €,/ud,1.95,https://prod-mercadona.imgix.net/images/54988ca540b37197c2bee8b9d850c99e.jpg?fit=crop&h=300&w=300,2026-10-08T22:26:05,0.7,KILO,2.786,28911,mad1,70763,https://tienda.mercadona.es/product/70763/snack-galletas-perro-adulto-con-pollo-ternera-compy-razas-medianas-grandes-paquete,Perro,,pollo,KILO
pollo,Mercadona,Snack nuggets 80% pollo perro adulto Compy,0.08 kg,1.35 €,/ud,1.35,https://prod-mercadona.imgix.net/images/8f4a682200fc668e97c1d27cb51e993a.jpg?fit=crop&h=300&w=300,2026-10-08T22:26:05,0.08,KILO,16.875,28911,mad1,11963,https://tienda.mercadona.es/product/11963/snack-nuggets-perro-adulto-compy-80-pollo-paquete,Perro,,pollo,KILO
yogur,Mercadona,Bizcocho de yogur Hacendado,0.8 kg,3.5 €,/ud,3.5,https://prod-mercadona.imgix.net/images/0dc994fc90ab43ba3e9768c9f34d1daa.jpg?fit=crop&h=300&w=300,2026-10-08T22:26:08,0.8,KILO,4.375,28911,mad1,83995,https://tienda.mercadona.es/product/83995/bizcocho-yogur-hacendado-paquete,Bollería de horno,,yogur,KILO
leche,Mercadona,Croissants surtidos rellenos de crema de cacao y crema con leche sabor a chocolate blanco,0.3 kg,2.55 €,/ud,2.55,https://prod-mercadona.imgix.net/images/9e729a200c977f97415a449b11d2d973.jpg?fit=crop&h=300&w=300,2026-10-08T22:26:08,0.3,KILO,8.5,28911,mad1,84937,https://tienda.mercadona.es/product/84937/surtido-croissants-rellenos-crema-cacao-crema-con-leche-sabor-chocolate-blanco-bandeja,Bollería de horno,,leche,KILO
manzana,Mercadona,Bizcocho de manzana,0.6 kg,4.2 €,/ud,4.2,https://prod-mercadona.imgix.net/images/4f625f735f24926291921b1f1bb99c0e.jpg?fit=crop&h=300&w=300,2026-10-08T22:26:08,0.6,KILO,7.0,28911,mad1,16288,https://tienda.mercadona.es/product/16288/bizcocho-manzana-paquete,Bollería de horno,,manzana,KILO
atún,Mercadona,Empanada de atún,0.5 kg,3.5 €,/ud,3.5,https://prod-mercadona.imgix.net/images/af643679aebe19a4769c91976f9585b1.jpg?fit=crop&h=300&w=300,2026-10-08T22:26:08,0.5,KILO,7.0,28911,mad1,84284,https://tienda.mercadona.es/product/84284/empanada-atun-pieza,Bollería de horno,,atún,KILO
atún,Mercadona,Empanada de atún grande,1.12 kg,7.2 €,/ud,7.2,https://prod-mercadona.imgix.net/images/7db27ca0b22ffa3d9ebf1db18bf2392e.jpg?fit=crop&h=300&w=300,2026-10-08T22:26:08,1.12,KILO,6.429,28911,mad1,84287,https://tienda.mercadona.es/product/84287/empanada-atun-grande-pieza,Bollería de horno,,atún,KILO
pollo,Mercadona,Empanada rellena de pollo y setas con crema de queso,0.5 kg,3.65 €,/ud,3.65,https://prod-mercadona.imgix.net/images/1e017096d4ae940a9c4ceb15c7f28cb6.jpg?fit=crop&h=300&w=300,2026-10-08T22:26:08,0.5,KILO,7.3,28911,mad1,84289,https://tienda.mercadona.es/product/84289/empanada-rellena-pollo-setas-con-crema-queso-pieza,Bollería de horno,,pollo|queso,KILO
pollo,Mercadona,Empanadilla de pollo y bechamel,0.12 kg,1.3 €,/ud,1.3,https://prod-mercadona.imgix.net/images/1df2e2f6b66e9a464133fcbbc60f7b43.jpg?fit=crop&h=300&w=300,2026-10-08T22:26:08,0.12,KILO,10.834,28911,mad1,17709,https://tienda.mercadona.es/product/17709/empanadilla-pollo-bechamel-pieza,Bollería de horno,,pollo,KILO
atún,Mercadona,Empanadilla de atún,0.125 kg,1.3 €,/ud,1.3,https://prod-mercadona.imgix.net/images/f1306bdb6ec098d1b05b7d02039e19de.jpg?fit=crop&h=300&w=300,2026-10-08T22:26:08,0.125,KILO,10.4,28911,mad1,4911,https://tienda.mercadona.es/product/4911/empanadilla-atun-16-pieza,Bollería de horno,,atún,KILO
queso,Mercadona,Empanadilla de bacon y queso,0.11 kg,1.4 €,/ud,1.4,https://prod-mercadona.imgix.net/images/f680f279fca174d6ce6329a8d8f23922.jpg?fit=crop&h=300&w=300,2026-10-08T22:26:08,0.11,KILO,12.728,28911,mad1,17559,https://tienda.mercadona.es/product/17559/empanadilla-bacon-11-queso-32-pieza,Bollería de horno,,queso,KILO
leche,Mercadona,Pan de leche Hacendado,0.48 kg,1.85 €,/ud,1.85,https://prod-mercadona.imgix.net/images/91121503647f92da9fa6d7d56357c99c.jpg?fit=crop&h=300&w=300,2026-10-08T22:26:09,0.48,KILO,3.855,28911,mad1,82933,https://tienda.mercadona.es/product/82933/pan-leche-hacendado-paquete,Bollería envasada,,leche|pan,KILO
pasta,Mercadona,Rosegones pasta de almendras Hacendado,0.25 kg,1.9 €,/ud,1.9,https://prod-mercadona.imgix.net/images/8b0cc78315d96d2300bac835e17ad8ad.jpg?fit=crop&h=300&w=300,2026-10-08T22:26:09,0.25,KILO,7.6,28911,mad1,82900,https://tienda.mercadona.es/product/82900/rosegones-pasta-almendras-hacendado-paquete,Bollería envasada,,pasta,KILO
aceite,Mercadona,Tortas de aceite Inés Rosales,0.18 kg,2.15 €,/ud,2.15,https://prod-mercadona.imgix.net/images/bcb8a5cfcad3ae65cbb352ddf3ecb3f4.jpg?fit=crop&h=300&w=300,2026-10-08T22:26:09,0.18,KILO,11.945,28911,mad1,82908,https://tienda.mercadona.es/product/82908/tortas-aceite-ines-rosales-paquete,Bollería envasada,,aceite,KILO
aceite,Mercadona,Tortas de aceite Inés Rosales sin azúcar,0.15 kg,2.7 €,/ud,2.7,https://prod-mercadona.imgix.net/images/e3b8dced93aa8bba139818095046b1dc.jpg?fit=crop&h=300&w=300,2026-10-08T22:26:09,0.15,KILO,18.0,28911,mad1,82920,https://tienda.mercadona.es/product/82920/tortas-aceite-ines-rosales-sin-azucar-paquete,Bollería envasada,,aceite,KILO
leche,Mercadona,Mini magdalenas con pepitas de chocolate con leche Hacendado,0.27 kg,1.9 €,/ud,1.9,https://prod-mercadona.imgix.net/images/c016e796dbf8a761318f4793d2986b48.jpeg?fit=crop&h=300&w=300,2026-10-08T22:26:09,0.27,KILO,7.038,28911,mad1,35941,https://tienda.mercadona.es/product/35941/mini-magdalenas-con-pepitas-chocolate-con-leche-hacendado-paquete,Bollería envasada,,leche,KILO
pasta,Mercadona,Pasta de almendra Hacendado,0.05 kg,0.29 €,/ud,0.29,https://prod-mercadona.imgix.net/images/f94ffac8df0ace40737b70556c6583d2.jpg?fit=crop&h=300&w=300,2026-10-08T22:26:09,0.05,KILO,5.75,28911,mad1,21432,https://tienda.mercadona.es/product/21432/pasta-almendra-hacendado,Bollería envasada,,pasta,KILO
arroz,Mercadona,Harina de arroz Hacendado,0.5 kg,1.31 €,/ud,1.31,https://prod-mercadona.imgix.net/images/914803265b7c94915e6cb6fc92fdb407.jpg?fit=crop&h=300&w=300,2026-10-08T22:26:10,0.5,KILO,2.62,28911,mad1,29130,https://tienda.mercadona.es/product/29130/harina-arroz-hacendado-paquete,Harina y preparado repostería,,arroz,KILO
pan,Mercadona,Barra pan integral 100%,0.23 kg,0.9 €,/ud,0.9,https://prod-mercadona.imgix.net/images/874a7b34074067296b857133b1928bc5.jpg?fit=crop&h=300&w=300,2026-10-08T22:26:11,0.23,KILO,3.914,28911,mad1,17912.1,https://tienda.mercadona.es/product/17912.1/barra-pan-integral-100,Pan de horno,,pan,KILO
pan,Mercadona,3 Barras de pan,0.75 kg,1.19 €,/ud,1.19,https://prod-mercadona.imgix.net/images/b2885ac23e9ad6ffc406882e24291809.jpg?fit=crop&h=300&w=300,2026-10-08T22:26:11,0.75,KILO,1.587,28911,mad1,83203.1,https://tienda.mercadona.es/product/83203.1/3-barras-pan,Pan de horno,,pan,KILO
pan,Mercadona,Barra de pan,0.25 kg,0.5 €,/ud,0.5,https://prod-mercadona.imgix.net/images/b0382f15d4c53669852e014255bdc714.jpg?fit=crop&h=300&w=300,2026-10-08T22:26:11,0.25,KILO,2.0,28911,mad1,83202.1,https://tienda.mercadona.es/product/83202.1/barra-pan,Pan de horno,,pan,KILO
pan,Mercadona,Barra de pan rústica,0.25 kg,0.7 €,/ud,0.7,https://prod-mercadona.imgix.net/images/96ac4931d4a1315b475c71eed491ea5e.jpg?fit=crop&h=300&w=300,2026-10-08T22:26:11,0.25,KILO,2.8,28911,mad1,9638.1,https://tienda.mercadona.es/product/9638.1/barra-pan-rustica,Pan de horno,,pan,KILO
pan,Mercadona,Barra de pan campesina masa madre,0.25 kg,0.65 €,/ud,0.65,https://prod-mercadona.imgix.net/images/065a0790cf04335b7802e01a105a07da.jpg?fit=crop&h=300&w=300,2026-10-08T22:26:11,0.25,KILO,2.6,28911,mad1,82830.1,https://tienda.mercadona.es/product/82830.1/barra-pan-campesina-masa-madre,Pan de horno,,pan,KILO
pan,Mercadona,Barra de pan chapata,0.4 kg,1.3 €,/ud,1.3,https://prod-mercadona.imgix.net/images/f65821a5e0f5740c1c80636f7238b394.jpg?fit=crop&h=300&w=300,2026-10-08T22:26:11,0.4,KILO,3.25,28911,mad1,83194.1,https://tienda.mercadona.es/product/83194.1/barra-pan-chapata,Pan de horno,,pan,KILO
pan,Mercadona,Pan moño,0.5 kg,1.45 €,/ud,1.45,https://prod-mercadona.imgix.net/images/8ce9c1573c4af3136b63714c6472c4e2.jpg?fit=crop&h=300&w=300,2026-10-08T22:26:11,0.5,KILO,2.9,28911,mad1,83160.1,https://tienda.mercadona.es/product/83160.1/pan-mono,Pan de horno,,pan,KILO
pan,Mercadona,Pan campeón del mundo,0.75 kg,2.0 €,/ud,2.0,https://prod-mercadona.imgix.net/images/9b4ea2fcafe1157323c788640891bc80.jpg?fit=crop&h=300&w=300,2026-10-08T22:26:11,0.75,KILO,2.667,28911,mad1,82380.1,https://tienda.mercadona.es/product/82380.1/pan-campeon-mundo,Pan de horno,,pan,KILO
pan,Mercadona,Pan integral trigo 100%,0.35 kg,1.5 €,/ud,1.5,https://prod-mercadona.imgix.net/images/af7f030f73aeb80be5996256f1b3f44f.jpg?fit=crop&h=300&w=300,2026-10-08T22:26:11,0.35,KILO,4.286,28911,mad1,12049.1,https://tienda.mercadona.es/product/12049.1/pan-integral-trigo-100,Pan de horno,,pan,KILO
pan,Mercadona,Barra pan de pueblo,0.8 kg,1.6 €,/ud,1.6,https://prod-mercadona.imgix.net/images/f2c461ca72260e92cd55bda23e266256.jpg?fit=crop&h=300&w=300,2026-10-08T22:26:11,0.8,KILO,2.0,28911,mad1,23086.1,https://tienda.mercadona.es/product/23086.1/barra-pan-pueblo,Pan de horno,,pan,KILO
pan,Mercadona,Barra de pan espiga,0.4 kg,1.05 €,/ud,1.05,https://prod-mercadona.imgix.net/images/284599e6e5bf62e1b0a9a834b385fbdd.jpg?fit=crop&h=300&w=300,2026-10-08T22:26:11,0.4,KILO,2.625,28911,mad1,86610.1,https://tienda.mercadona.es/product/86610.1/barra-pan-espiga,Pan de horno,,pan,KILO
pan,Mercadona,Barra pan integral de espelta 100%,0.25 kg,1.25 €,/ud,1.25,https://prod-mercadona.imgix.net/images/668bc5de88ff6ea24633608fd7422173.jpg?fit=crop&h=300&w=300,2026-10-08T22:26:11,0.25,KILO,5.0,28911,mad1,21596.1,https://tienda.mercadona.es/product/21596.1/barra-pan-integral-espelta-100,Pan de horno,,pan,KILO
queso,Mercadona,Panecillo de queso,0.085 kg,0.5 €,/ud,0.5,https://prod-mercadona.imgix.net/images/f4f02a71533319d2aac8a592955f39e7.jpg?fit=crop&h=300&w=300,2026-10-08T22:26:11,0.085,KILO,5.883,28911,mad1,67563,https://tienda.mercadona.es/product/67563/panecillo-queso-18,Pan de horno,,queso,KILO
pan,Mercadona,Panes chapata de cristal,0.284 kg,1.3 €,/ud,1.3,https://prod-mercadona.imgix.net/images/d5957a4bdd1ddf5232905190e2b0974b.jpg?fit=crop&h=300&w=300,2026-10-08T22:26:11,0.284,KILO,4.578,28911,mad1,6459,https://tienda.mercadona.es/product/6459/chapata-cristal-paquete,Pan de horno,,pan,KILO
pan,Mercadona,Pan mini semillas,0.09 kg,0.35 €,/ud,0.35,https://prod-mercadona.imgix.net/images/59676df0c9df7308840d3aac54fd742c.jpg?fit=crop&h=300&w=300,2026-10-08T22:26:11,0.09,KILO,3.889,28911,mad1,83116,https://tienda.mercadona.es/product/83116/pan-mini-semillas,Pan de horno,,pan,KILO
pan,Mercadona,5 Barras de pan 51% integral,0.625 kg,1.35 €,/ud,1.35,https://prod-mercadona.imgix.net/images/145fcd2de95532d134a4a0078da2af2d.jpg?fit=crop&h=300&w=300,2026-10-08T22:26:11,0.625,KILO,2.16,28911,mad1,83452,https://tienda.mercadona.es/product/83452/5-barras-pan-51-integral-pack-5,Pan de horno,,pan,KILO
leche,Mercadona,6 Panes de leche 3%,0.48 kg,1.51 €,/ud,1.51,https://prod-mercadona.imgix.net/images/40e7eb342245e8ac03222b69274cebb2.jpg?fit=crop&h=300&w=300,2026-10-08T22:26:11,0.48,KILO,3.146,28911,mad1,14431,https://tienda.mercadona.es/product/14431/6-panes-leche-3-bolsa,Pan de horno,,leche|pan,KILO
pan,Mercadona,6 Panes pulguitas sin aditivos,0.24 kg,1.05 €,/ud,1.05,https://prod-mercadona.imgix.net/images/95cb736d41facafa9094ab7232126eef.jpg?fit=crop&h=300&w=300,2026-10-08T22:26:11,0.24,KILO,4.375,28911,mad1,83292,https://tienda.mercadona.es/product/83292/6-panes-pulguitas-sin-aditivos-pack-6,Pan de horno,,pan,KILO
pan,Mercadona,6 Panes de centeno 51%,0.465 kg,1.47 €,/ud,1.47,https://prod-mercadona.imgix.net/images/02216c41098c1435d23cc9da18b632b3.jpg?fit=crop&h=300&w=300,2026-10-08T22:26:11,0.465,KILO,3.162,28911,mad1,83056,https://tienda.mercadona.es/product/83056/6-panes-centeno-51-pack-6,Pan de horno,,pan,KILO
pan,Mercadona,Pan Viena,0.08 kg,0.4 €,/ud,0.4,https://prod-mercadona.imgix.net/images/5eba3600e4801b6bcaff2a3dd359ec8d.jpg?fit=crop&h=300&w=300,2026-10-08T22:26:11,0.08,KILO,5.0,28911,mad1,83594,https://tienda.mercadona.es/product/83594/pan-viena,Pan de horno,,pan,KILO
pan,Mercadona,3 Panes molletes,0.315 kg,1.2 €,/ud,1.2,https://prod-mercadona.imgix.net/images/b9db21b2c0e6715ce71937a84d42164e.jpg?fit=crop&h=300&w=300,2026-10-08T22:26:11,0.315,KILO,3.81,28911,mad1,83908,https://tienda.mercadona.es/product/83908/3-panes-molletes-pack-3,Pan de horno,,pan,KILO
pan,Mercadona,Panes de cristal redondos cortados 100 % natural,0.24 kg,1.85 €,/ud,1.85,https://prod-mercadona.imgix.net/images/e618b2cf4ec1d34fb5fd0e30c97365a6.jpg?fit=crop&h=300&w=300,2026-10-08T22:26:11,0.24,KILO,7.709,28911,mad1,5850,https://tienda.mercadona.es/product/5850/4-panes-cristal-redondos-cortados-100-natural-pack-4,Pan de horno,,pan,KILO
pan,Mercadona,Panes integrales 100 % natural,0.165 kg,1.4 €,/ud,1.4,https://prod-mercadona.imgix.net/images/54de49ea0f90e922a30eb4f2e6843ec6.jpg?fit=crop&h=300&w=300,2026-10-08T22:26:11,0.165,KILO,8.485,28911,mad1,60354,https://tienda.mercadona.es/product/60354/pan-integral-100-fino-paquete,Pan de horno,,pan,KILO
pan,Mercadona,Panes con semillas,0.17 kg,1.5 €,/ud,1.5,https://prod-mercadona.imgix.net/images/27ce902c875893f25844d240f5b72bef.jpg?fit=crop&h=300&w=300,2026-10-08T22:26:11,0.17,KILO,8.824,28911,mad1,21841,https://tienda.mercadona.es/product/21841/panes-semillas-bolsa,Pan de horno,,pan,KILO
pan,Mercadona,Barra pan integral 100% rebanado,0.23 kg,0.9 €,/ud,0.9,https://prod-mercadona.imgix.net/images/ef0e32258013ebee99f2efe92b3daefa.jpg?fit=crop&h=300&w=300,2026-10-08T22:26:11,0.23,KILO,3.914,28911,mad1,17912.2,https://tienda.mercadona.es/product/17912.2/barra-pan-integral-100-rebanado,Pan de horno,,pan,KILO
pan,Mercadona,Pan moño rebanado,0.5 kg,1.45 €,/ud,1.45,https://prod-mercadona.imgix.net/images/1ab6498bff13afc54ed56e9fe6460fc9.jpg?fit=crop&h=300&w=300,2026-10-08T22:26:11,0.5,KILO,2.9,28911,mad1,83160.2,https://tienda.mercadona.es/product/83160.2/pan-mono-rebanado,Pan de horno,,pan,KILO
pan,Mercadona,Pan campeón del mundo rebanado,0.75 kg,2.0 €,/ud,2.0,https://prod-mercadona.imgix.net/images/a5babc6aec25d9e089128830c9c2f0a3.jpg?fit=crop&h=300&w=300,2026-10-08T22:26:11,0.75,KILO,2.667,28911,mad1,82380.2,https://tienda.mercadona.es/product/82380.2/pan-campeon-mundo-rebanado,Pan de horno,,pan,KILO
pan,Mercadona,Pan integral de trigo 100% rebanado,0.35 kg,1.5 €,/ud,1.5,https://prod-mercadona.imgix.net/images/cb30fd011ec4458e55e88e4367a00749.jpg?fit=crop&h=300&w=300,2026-10-08T22:26:11,0.35,KILO,4.286,28911,mad1,12049.2,https://tienda.mercadona.es/product/12049.2/pan-integral-trigo-100-rebanado,Pan de horno,,pan,KILO
pan,Mercadona,3 Barras de pan rebanadas,0.75 kg,1.19 €,/ud,1.19,https://prod-mercadona.imgix.net/images/63ccfde2421a1579e2ebd41ef601e7ac.jpg?fit=crop&h=300&w=300,2026-10-08T22:26:11,0.75,KILO,1.587,28911,mad1,83203.2,https://tienda.mercadona.es/product/83203.2/3-barras-pan-rebanadas,Pan de horno,,pan,KILO
pan,Mercadona,Barra de pan rebanada,0.25 kg,0.5 €,/ud,0.5,https://prod-mercadona.imgix.net/images/7474dd2f93517278a47d86c77c7ab673.jpg?fit=crop&h=300&w=300,2026-10-08T22:26:11,0.25,KILO,2.0,28911,mad1,83202.2,https://tienda.mercadona.es/product/83202.2/barra-pan-rebanada,Pan de horno,,pan,KILO
pan,Mercadona,Barra de pan rústica rebanada,0.25 kg,0.7 €,/ud,0.7,https://prod-mercadona.imgix.net/images/8df880aae61e2166f5785826a46791c7.jpg?fit=crop&h=300&w=300,2026-10-08T22:26:11,0.25,KILO,2.8,28911,mad1,9638.2,https://tienda.mercadona.es/product/9638.2/barra-pan-rustica-rebanada,Pan de horno,,pan,KILO
pan,Mercadona,Barra de pan campesina masa madre rebanada,0.25 kg,0.65 €,/ud,0.65,https://prod-mercadona.imgix.net/images/7675edec6d28958ad99dcd4570650669.jpg?fit=crop&h=300&w=300,2026-10-08T22:26:11,0.25,KILO,2.6,28911,mad1,82830.2,https://tienda.mercadona.es/product/82830.2/barra-pan-campesina-masa-madre-rebanada,Pan de horno,,pan,KILO
pan,Mercadona,Barra pan de pueblo rebanada,0.8 kg,1.6 €,/ud,1.6,https://prod-mercadona.imgix.net/images/77cc7feb7d78d72b25961bc190cf2e40.jpg?fit=crop&h=300&w=300,2026-10-08T22:26:11,0.8,KILO,2.0,28911,mad1,23086.2,https://tienda.mercadona.es/product/23086.2/barra-pan-pueblo-rebanada,Pan de horno,,pan,KILO
pan,Mercadona,Barra de pan espiga rebanado,0.4 kg,1.05 €,/ud,1.05,https://prod-mercadona.imgix.net/images/206048f5888d401fc1680a7b676be85b.jpg?fit=crop&h=300&w=300,2026-10-08T22:26:11,0.4,KILO,2.625,28911,mad1,86610.2,https://tienda.mercadona.es/product/86610.2/barra-pan-espiga-rebanado,Pan de horno,,pan,KILO
pan,Mercadona,Barra pan integral de espelta 100% rebanado,0.25 kg,1.25 €,/ud,1.25,https://prod-mercadona.imgix.net/images/93ecc84a1e386398fb79f446a2c85a21.jpg?fit=crop&h=300&w=300,2026-10-08T22:26:11,0.25,KILO,5.0,28911,mad1,21596.2,https://tienda.mercadona.es/product/21596.2/barra-pan-integral-espelta-100-rebanado,Pan de horno,,pan,KILO
pan,Mercadona,Pan de molde blanco sin corteza Hacendado,0.45 kg,1.05 €,/ud,1.05,https://prod-mercadona.imgix.net/images/7931704a16106081eb2e0d81c340306c.jpg?fit=crop&h=300&w=300,2026-10-08T22:26:12,0.45,KILO,2.334,28911,mad1,82322,https://tienda.mercadona.es/product/82322/pan-molde-blanco-sin-corteza-hacendado-paquete,Pan de molde y otras especialidades,,pan,KILO
pan,Mercadona,Pan de molde blanco familiar Hacendado,0.82 kg,1.15 €,/ud,1.15,https://prod-mercadona.imgix.net/images/f26045084b08d8792979df13779e97d3.jpeg?fit=crop&h=300&w=300,2026-10-08T22:26:12,0.82,KILO,1.403,28911,mad1,83867,https://tienda.mercadona.es/product/83867/pan-molde-blanco-familiar-hacendado-paquete,Pan de molde y otras especialidades,,pan,KILO
pan,Mercadona,Pan de molde blanco Hacendado,0.46 kg,0.8 €,/ud,0.8,https://prod-mercadona.imgix.net/images/37367d7a79c63686cbdb1cdad6b5e927.jpeg?fit=crop&h=300&w=300,2026-10-08T22:26:12,0.46,KILO,1.74,28911,mad1,13810,https://tienda.mercadona.es/product/13810/pan-molde-blanco-hacendado-paquete,Pan de molde y otras especialidades,,pan,KILO
pan,Mercadona,Pan de molde 100% integral familiar Hacendado,0.82 kg,1.15 €,/ud,1.15,https://prod-mercadona.imgix.net/images/bb4bc87dd5cde05303b1e222c2131fb0.jpg?fit=crop&h=300&w=300,2026-10-08T22:26:12,0.82,KILO,1.403,28911,mad1,83886,https://tienda.mercadona.es/product/83886/pan-molde-100-integral-familiar-hacendado-paquete,Pan de molde y otras especialidades,,pan,KILO
pan,Mercadona,Pan de molde 100% integral Hacendado,0.46 kg,0.9 €,/ud,0.9,https://prod-mercadona.imgix.net/images/56c8c047c86cba1164ccd7026e5b771c.jpg?fit=crop&h=300&w=300,2026-10-08T22:26:12,0.46,KILO,1.957,28911,mad1,82328,https://tienda.mercadona.es/product/82328/pan-molde-100-integral-hacendado-0-mg-0-azucares-anadidos-paquete,Pan de molde y otras especialidades,,pan,KILO
pan,Mercadona,Pan de molde 100% integral sin corteza Hacendado,0.45 kg,1.1 €,/ud,1.1,https://prod-mercadona.imgix.net/images/3c3a0ceabc49c8022b255bb92751d3d5.jpeg?fit=crop&h=300&w=300,2026-10-08T22:26:12,0.45,KILO,2.445,28911,mad1,23643,https://tienda.mercadona.es/product/23643/pan-molde-100-integral-sin-corteza-hacendado-0-azucares-anadidos-paquete,Pan de molde y otras especialidades,,pan,KILO
pan,Mercadona,Pan de molde blanco natural rústico Hacendado,0.55 kg,1.3 €,/ud,1.3,https://prod-mercadona.imgix.net/images/f959357511174b86d32065978125d81e.jpeg?fit=crop&h=300&w=300,2026-10-08T22:26:12,0.55,KILO,2.364,28911,mad1,23359,https://tienda.mercadona.es/product/23359/pan-molde-blanco-natural-rustico-hacendado-0-azucares-anadidos-paquete,Pan de molde y otras especialidades,,pan,KILO
pan,Mercadona,Pan de molde blanco rebanada gruesa Hacendado,0.82 kg,1.7 €,/ud,1.7,https://prod-mercadona.imgix.net/images/d364635710f8dcbfee0bdca12889d3c0.jpg?fit=crop&h=300&w=300,2026-10-08T22:26:12,0.82,KILO,2.074,28911,mad1,1699,https://tienda.mercadona.es/product/1699/pan-molde-blanco-rebanada-gruesa-hacendado-paquete,Pan de molde y otras especialidades,,pan,KILO
pan,Mercadona,Pan de molde cereales sin gluten Hacendado,0.47 kg,2.74 €,/ud,2.74,https://prod-mercadona.imgix.net/images/a8c90aab11776a9f62a00b0a10634ad7.jpg?fit=crop&h=300&w=300,2026-10-08T22:26:12,0.47,KILO,5.83,28911,mad1,86750,https://tienda.mercadona.es/product/86750/pan-molde-cereales-sin-gluten-hacendado-paquete,Pan de molde y otras especialidades,,pan,KILO
pan,Mercadona,Pan de molde sin gluten blanco Hacendado,0.5 kg,2.74 €,/ud,2.74,https://prod-mercadona.imgix.net/images/4b2fd6f2a42c76ccb71db2be51fa7ec5.jpg?fit=crop&h=300&w=300,2026-10-08T22:26:12,0.5,KILO,5.48,28911,mad1,35711,https://tienda.mercadona.es/product/35711/pan-molde-sin-gluten-blanco-hacendado-paquete,Pan de molde y otras especialidades,,pan,KILO
pan,Mercadona,Pan de molde integral con 20% avena 5% trigo sarraceno Hacendado,0.55 kg,1.5 €,/ud,1.5,https://prod-mercadona.imgix.net/images/f3ccd8c0b23f1583738c49f03fb2e254.jpg?fit=crop&h=300&w=300,2026-10-08T22:26:12,0.55,KILO,2.728,28911,mad1,18294,https://tienda.mercadona.es/product/18294/pan-molde-integral-con-20-avena-5-trigo-sarraceno-hacendado-paquete,Pan de molde y otras especialidades,,pan,KILO
pan,Mercadona,Pan 5 semillas,0.5 kg,1.5 €,/ud,1.5,https://prod-mercadona.imgix.net/images/a350fb1c5677d63b916ef0ecc3183df5.jpg?fit=crop&h=300&w=300,2026-10-08T22:26:12,0.5,KILO,3.0,28911,mad1,83558,https://tienda.mercadona.es/product/83558/pan-5-semillas-cortado-paquete,Pan de molde y otras especialidades,,pan,KILO
pan,Mercadona,Barra de pan tradicional,0.7 kg,1.28 €,/ud,1.28,https://prod-mercadona.imgix.net/images/25c4bc7eecd7bb503f2339aac9059af4.jpg?fit=crop&h=300&w=300,2026-10-08T22:26:12,0.7,KILO,1.829,28911,mad1,83560,https://tienda.mercadona.es/product/83560/barra-pan-tradicional-cortada-paquete,Pan de molde y otras especialidades,,pan,KILO
pan,Mercadona,Pan de molde espelta 100% integral Hacendado natural,0.55 kg,1.65 €,/ud,1.65,https://prod-mercadona.imgix.net/images/174093fd98d687d6f3e191a0207cc828.jpg?fit=crop&h=300&w=300,2026-10-08T22:26:12,0.55,KILO,3.0,28911,mad1,14961,https://tienda.mercadona.es/product/14961/pan-molde-espelta-100-integral-hacendado-natural-paquete,Pan de molde y otras especialidades,,pan,KILO
pan,Mercadona,Pan de molde semillas y pipas de calabaza Hacendado,0.58 kg,1.55 €,/ud,1.55,https://prod-mercadona.imgix.net/images/2c503fa3d2fb1a21bf062e8a9b9affae.jpeg?fit=crop&h=300&w=300,2026-10-08T22:26:12,0.58,KILO,2.673,28911,mad1,83869,https://tienda.mercadona.es/product/83869/pan-molde-semillas-pipas-calabaza-hacendado-paquete,Pan de molde y otras especialidades,,pan,KILO
pan,Mercadona,Pan de molde con 55% centeno Hacendado,0.72 kg,1.35 €,/ud,1.35,https://prod-mercadona.imgix.net/images/f9b68761bf2dfe1c91dabcb96b64afe5.jpg?fit=crop&h=300&w=300,2026-10-08T22:26:12,0.72,KILO,1.875,28911,mad1,82302,https://tienda.mercadona.es/product/82302/pan-molde-con-55-centeno-hacendado-paquete,Pan de molde y otras especialidades,,pan,KILO
pan,Mercadona,Pan de molde 12 cereales y semillas Hacendado,0.68 kg,1.5 €,/ud,1.5,https://prod-mercadona.imgix.net/images/bf669c3d9063dfe4e7ba8f105f36b704.jpg?fit=crop&h=300&w=300,2026-10-08T22:26:12,0.68,KILO,2.206,28911,mad1,83547,https://tienda.mercadona.es/product/83547/pan-molde-12-cereales-semillas-hacendado-paquete,Pan de molde y otras especialidades,,pan,KILO
pan,Mercadona,Pan Brioche Hacendado,0.4 kg,2.35 €,/ud,2.35,https://prod-mercadona.imgix.net/images/093aa5fd71175cc58f2cdecd129572cf.jpg?fit=crop&h=300&w=300,2026-10-08T22:26:12,0.4,KILO,5.875,28911,mad1,22899,https://tienda.mercadona.es/product/22899/pan-brioche-hacendado-paquete,Pan de molde y otras especialidades,,pan,KILO
pan,Mercadona,Pan Bagel Hacendado,0.3 kg,1.42 €,/ud,1.42,https://prod-mercadona.imgix.net/images/043c6fcbfadeded3d49b292df2f1e624.jpg?fit=crop&h=300&w=300,2026-10-08T22:26:12,0.3,KILO,4.734,28911,mad1,23843,https://tienda.mercadona.es/product/23843/pan-bagel-hacendado-paquete,Pan de molde y otras especialidades,,pan,KILO
pan,Mercadona,Pan redondo sin gluten Hacendado,0.16 kg,1.93 €,/ud,1.93,https://prod-mercadona.imgix.net/images/a3a8bd862ae9048c2fb1b2c56523bcad.jpg?fit=crop&h=300&w=300,2026-10-08T22:26:12,0.16,KILO,12.063,28911,mad1,35849,https://tienda.mercadona.es/product/35849/pan-redondo-sin-gluten-hacendado-paquete,Pan de molde y otras especialidades,,pan,KILO
pan,Mercadona,Pan de molde 15% maíz Hacendado,0.55 kg,1.65 €,/ud,1.65,https://prod-mercadona.imgix.net/images/086d7d02eb8e3c7412942bbdb6e7e04d.jpg?fit=crop&h=300&w=300,2026-10-08T22:26:12,0.55,KILO,3.0,28911,mad1,17667,https://tienda.mercadona.es/product/17667/pan-molde-15-maiz-hacendado-paquete,Pan de molde y otras especialidades,,pan,KILO
pan,Mercadona,Pan hot dog Hacendado,0.33 kg,0.9 €,/ud,0.9,https://prod-mercadona.imgix.net/images/1a4384796c10baa72355deb00039cbd4.jpeg?fit=crop&h=300&w=300,2026-10-08T22:26:12,0.33,KILO,2.728,28911,mad1,82332,https://tienda.mercadona.es/product/82332/pan-hot-dog-hacendado-paquete,Pan de molde y otras especialidades,,pan,KILO
pan,Mercadona,Maxi pan de burger Hacendado,0.3 kg,0.85 €,/ud,0.85,https://prod-mercadona.imgix.net/images/fb708bb25242783ad87a60db2ddccef1.jpg?fit=crop&h=300&w=300,2026-10-08T22:26:12,0.3,KILO,2.834,28911,mad1,13803,https://tienda.mercadona.es/product/13803/pan-maxi-hamburguesa-hacendado-paquete,Pan de molde y otras especialidades,,pan,KILO
pan,Mercadona,Pan de burger Brioche Hacendado,0.15 kg,1.1 €,/ud,1.1,https://prod-mercadona.imgix.net/images/c4f9f0e92cd76bbb10bb9761df1ca7b6.jpg?fit=crop&h=300&w=300,2026-10-08T22:26:12,0.15,KILO,7.334,28911,mad1,52602,https://tienda.mercadona.es/product/52602/pan-hamburguesa-brioche-hacendado-paquete,Pan de molde y otras especialidades,,pan,KILO
pan,Mercadona,Mini pan de burger Hacendado,0.165 kg,1.25 €,/ud,1.25,https://prod-mercadona.imgix.net/images/2bd3a8a79f94c5c3e9c4763d912e6e75.jpg?fit=crop&h=300&w=300,2026-10-08T22:26:12,0.165,KILO,7.576,28911,mad1,84429,https://tienda.mercadona.es/product/84429/pan-mini-bocados-hacendado-paquete,Pan de molde y otras especialidades,,pan,KILO
pan,Mercadona,Pan de burger Hacendado Rústico 100% integral,0.3 kg,1.05 €,/ud,1.05,https://prod-mercadona.imgix.net/images/8c4c82b8e3fad5489f4aecb68809f547.jpg?fit=crop&h=300&w=300,2026-10-08T22:26:12,0.3,KILO,3.5,28911,mad1,21960,https://tienda.mercadona.es/product/21960/pan-hamburguesa-hacendado-rustico-100-integral-paquete,Pan de molde y otras especialidades,,pan,KILO
pan,Mercadona,Pan de pita Mission,0.3 kg,2.0 €,/ud,2.0,https://prod-mercadona.imgix.net/images/4af89bf80e15b2a11b57f8e001013cc4.jpg?fit=crop&h=300&w=300,2026-10-08T22:26:12,0.3,KILO,6.667,28911,mad1,14378,https://tienda.mercadona.es/product/14378/pan-pita-mission-paquete,Pan de molde y otras especialidades,,pan,KILO
pan,Mercadona,Pan hot dog Brioche Hacendado,0.25 kg,1.55 €,/ud,1.55,https://prod-mercadona.imgix.net/images/242b6385ccc272660fde58a0024094d5.jpg?fit=crop&h=300&w=300,2026-10-08T22:26:12,0.25,KILO,6.2,28911,mad1,17613,https://tienda.mercadona.es/product/17613/pan-hot-dog-brioche-hacendado-paquete,Pan de molde y otras especialidades,,pan,KILO
pan,Mercadona,Pan de burger Hacendado Rústico,0.22 kg,0.95 €,/ud,0.95,https://prod-mercadona.imgix.net/images/17b3a7964421bf5cf816bd81faa8a1b8.jpg?fit=crop&h=300&w=300,2026-10-08T22:26:12,0.22,KILO,4.319,28911,mad1,17665,https://tienda.mercadona.es/product/17665/pan-burger-hacendado-rustico-paquete,Pan de molde y otras especialidades,,pan,KILO
pan,Mercadona,Pan tostado classic Hacendado,0.55 kg,1.7 €,/ud,1.7,https://prod-mercadona.imgix.net/images/1d7a425e6f2f3c735d48c7c2393f0fbf.jpg?fit=crop&h=300&w=300,2026-10-08T22:26:14,0.55,KILO,3.091,28911,mad1,82287,https://tienda.mercadona.es/product/82287/pan-tostado-classic-hacendado-paquete,Pan tostado y rallado,,pan,KILO
pan,Mercadona,Pan tostado cereales y semillas Hacendado,0.55 kg,2.2 €,/ud,2.2,https://prod-mercadona.imgix.net/images/804d415f8f4701b031f6662c2ba6ae52.jpg?fit=crop&h=300&w=300,2026-10-08T22:26:14,0.55,KILO,4.0,28911,mad1,82290,https://tienda.mercadona.es/product/82290/pan-tostado-cereales-semillas-hacendado-paquete,Pan tostado y rallado,,pan,KILO
pan,Mercadona,Pan tostado pasas Hacendado,0.12 kg,1.15 €,/ud,1.15,https://prod-mercadona.imgix.net/images/373a41e1bce564b863389145b18aa576.jpg?fit=crop&h=300&w=300,2026-10-08T22:26:14,0.12,KILO,9.584,28911,mad1,82665,https://tienda.mercadona.es/product/82665/pan-tostado-pasas-hacendado-paquete,Pan tostado y rallado,,pan,KILO
pan,Mercadona,Pan tostado 100% espelta integral Hacendado,0.25 kg,1.5 €,/ud,1.5,https://prod-mercadona.imgix.net/images/72a54e7ef736024a01f13af1eb3e3f5b.jpg?fit=crop&h=300&w=300,2026-10-08T22:26:14,0.25,KILO,6.0,28911,mad1,82842,https://tienda.mercadona.es/product/82842/pan-tostado-100-espelta-integral-hacendado-paquete,Pan tostado y rallado,,pan,KILO
pan,Mercadona,Pan tostado 100% integral,0.55 kg,1.8 €,/ud,1.8,https://prod-mercadona.imgix.net/images/5de413d561d2f5a1df428beaeb6746cb.jpg?fit=crop&h=300&w=300,2026-10-08T22:26:14,0.55,KILO,3.273,28911,mad1,86008,https://tienda.mercadona.es/product/86008/pan-tostado-100-integral-paquete,Pan tostado y rallado,,pan,KILO
pan,Mercadona,Pan tostado 100% integral bajo en sal y en azúcares Hacendado,0.54 kg,2.2 €,/ud,2.2,https://prod-mercadona.imgix.net/images/04649845ba2e5c3286480fb1c73d84f7.jpeg?fit=crop&h=300&w=300,2026-10-08T22:26:14,0.54,KILO,4.075,28911,mad1,83789,https://tienda.mercadona.es/product/83789/pan-tostado-100-integral-bajo-sal-azucares-hacendado-paquete,Pan tostado y rallado,,pan,KILO
pan,Mercadona,Pan tostado con copos de avena Vitalité Kaura Wasa,0.28 kg,2.45 €,/ud,2.45,https://prod-mercadona.imgix.net/images/5b7cbb8768c63c5223cfa44dbd9d9e65.jpg?fit=crop&h=300&w=300,2026-10-08T22:26:14,0.28,KILO,8.75,28911,mad1,82150,https://tienda.mercadona.es/product/82150/pan-tostado-vitalite-wasa-paquete,Pan tostado y rallado,,pan,KILO
tomate,Mercadona,Pan tostado con tomate Hacendado,0.17 kg,1.3 €,/ud,1.3,https://prod-mercadona.imgix.net/images/6e9f47916f81a70709740fc6f61d703d.jpg?fit=crop&h=300&w=300,2026-10-08T22:26:14,0.17,KILO,7.648,28911,mad1,82190,https://tienda.mercadona.es/product/82190/pan-tostado-con-tomate-hacendado-paquete,Pan tostado y rallado,,tomate|pan,KILO
pan,Mercadona,Pan tostado con ajo y perejil Hacendado,0.17 kg,1.3 €,/ud,1.3,https://prod-mercadona.imgix.net/images/4897d5374277c5144e00b31f9d6d0f73.jpg?fit=crop&h=300&w=300,2026-10-08T22:26:14,0.17,KILO,7.648,28911,mad1,82199,https://tienda.mercadona.es/product/82199/pan-tostado-con-ajo-perejil-hacendado-paquete,Pan tostado y rallado,,pan,KILO
pan,Mercadona,Pan tostado fino con sésamo y sal marina Delicate Crisp Wasa,0.19 kg,1.8 €,/ud,1.8,https://prod-mercadona.imgix.net/images/dc28342be8c28a14264d7e15fc7301e2.jpg?fit=crop&h=300&w=300,2026-10-08T22:26:14,0.19,KILO,9.474,28911,mad1,17572,https://tienda.mercadona.es/product/17572/pan-tostado-fino-con-sesamo-sal-marina-delicate-crisp-wasa-paquete,Pan tostado y rallado,,pan,KILO
pan,Mercadona,Pan rallado Hacendado,0.75 kg,0.85 €,/ud,0.85,https://prod-mercadona.imgix.net/images/fe031df985de4909241d4503364df110.jpg?fit=crop&h=300&w=300,2026-10-08T22:26:14,0.75,KILO,1.134,28911,mad1,82219,https://tienda.mercadona.es/product/82219/pan-rallado-hacendado-paquete,Pan tostado y rallado,,pan,KILO
pan,Mercadona,Pan rallado con ajo y perejil Hacendado,0.5 kg,1.0 €,/ud,1.0,https://prod-mercadona.imgix.net/images/618fc5e463121c35126427369486d7bf.jpg?fit=crop&h=300&w=300,2026-10-08T22:26:14,0.5,KILO,2.0,28911,mad1,82227,https://tienda.mercadona.es/product/82227/pan-rallado-con-ajo-perejil-hacendado-paquete,Pan tostado y rallado,,pan,KILO
pan,Mercadona,Pan rallado casero Hacendado,0.5 kg,1.0 €,/ud,1.0,https://prod-mercadona.imgix.net/images/7d68ff5676a8158bdcb746652bb3a8f7.jpg?fit=crop&h=300&w=300,2026-10-08T22:26:14,0.5,KILO,2.0,28911,mad1,82352,https://tienda.mercadona.es/product/82352/pan-rallado-casero-hacendado-paquete,Pan tostado y rallado,,pan,KILO
arroz,Mercadona,Pan rallado de arroz Hacendado,0.35 kg,2.0 €,/ud,2.0,https://prod-mercadona.imgix.net/images/1fe73669ffad4e34c4b4c33890289cbd.jpg?fit=crop&h=300&w=300,2026-10-08T22:26:14,0.35,KILO,5.715,28911,mad1,82656,https://tienda.mercadona.es/product/82656/pan-rallado-sin-gluten-hacendado-paquete,Pan tostado y rallado,,arroz|pan,KILO
pan,Mercadona,Pan de fibra y sésamo Hacendado,0.25 kg,1.15 €,/ud,1.15,https://prod-mercadona.imgix.net/images/a3392f9e5392dfbc6be285a4864bb40a.jpg?fit=crop&h=300&w=300,2026-10-08T22:26:14,0.25,KILO,4.6,28911,mad1,82655,https://tienda.mercadona.es/product/82655/pan-fibra-sesamo-hacendado-paquete,Pan tostado y rallado,,pan,KILO
arroz,Mercadona,Tostadas de arroz y maíz Hacendado,0.1 kg,1.45 €,/ud,1.45,https://prod-mercadona.imgix.net/images/81d40b8341c1854b845a7d93972b3e4d.jpg?fit=crop&h=300&w=300,2026-10-08T22:26:14,0.1,KILO,14.5,28911,mad1,82839,https://tienda.mercadona.es/product/82839/tostadas-sin-gluten-hacendado-caja,Pan tostado y rallado,,arroz,KILO
pan,Mercadona,Grissini palitos de pan con sésamo Hacendado,0.2 kg,1.45 €,/ud,1.45,https://prod-mercadona.imgix.net/images/a37ca456b4ae38be1b9455576b2daa6f.jpg?fit=crop&h=300&w=300,2026-10-08T22:26:15,0.2,KILO,7.25,28911,mad1,82464,https://tienda.mercadona.es/product/82464/grissini-palitos-pan-con-sesamo-hacendado-pack-2,"Picos, rosquilletas y picatostes",,pan,KILO
pan,Mercadona,Grissini palitos de pan Hacendado,0.25 kg,1.65 €,/ud,1.65,https://prod-mercadona.imgix.net/images/dfd2340cf6d3d0598af9ad5f3379327c.jpg?fit=crop&h=300&w=300,2026-10-08T22:26:15,0.25,KILO,6.6,28911,mad1,82599,https://tienda.mercadona.es/product/82599/grissini-palitos-pan-hacendado-caja,"Picos, rosquilletas y picatostes",,pan,KILO
pan,Mercadona,Palitos de pan con pipas Anitin,0.166 kg,1.32 €,/ud,1.32,https://prod-mercadona.imgix.net/images/22f3495240fc59bf1c0b2d3cbab284a9.jpg?fit=crop&h=300&w=300,2026-10-08T22:26:15,0.166,KILO,7.952,28911,mad1,82765,https://tienda.mercadona.es/product/82765/palitos-pan-con-pipas-anitin-pack-2,"Picos, rosquilletas y picatostes",,pan,KILO
pan,Mercadona,Palitos de pan 100% trigo espelta integral Anitin,0.15 kg,1.32 €,/ud,1.32,https://prod-mercadona.imgix.net/images/2c7ed49985b4fb8ee808adbfdd499b05.jpg?fit=crop&h=300&w=300,2026-10-08T22:26:15,0.15,KILO,8.8,28911,mad1,86559,https://tienda.mercadona.es/product/86559/palitos-pan-100-trigo-espelta-integral-anitin-pack-2,"Picos, rosquilletas y picatostes",,pan,KILO
pan,Mercadona,Palitos de pan con queso Anitin,0.142 kg,1.32 €,/ud,1.32,https://prod-mercadona.imgix.net/images/91bbc9b83c4f1bd646799c45273acd39.jpg?fit=crop&h=300&w=300,2026-10-08T22:26:15,0.142,KILO,9.296,28911,mad1,82892,https://tienda.mercadona.es/product/82892/palitos-pan-con-queso-anitin-pack-2,"Picos, rosquilletas y picatostes",,pan|queso,KILO
tomate,Mercadona,Panes especiales con tomate y orégano Hacendado,0.08 kg,0.85 €,/ud,0.85,https://prod-mercadona.imgix.net/images/0d92b58d808b8569d896b359abfa934d.jpg?fit=crop&h=300&w=300,2026-10-08T22:26:15,0.08,KILO,10.625,28911,mad1,22396,https://tienda.mercadona.es/product/22396/panes-especiales-con-tomate-oregano-hacendado-anitines-paquete,"Picos, rosquilletas y picatostes",,tomate|pan,KILO
pan,Mercadona,Panes especiales sabor pizza con queso Hacendado,0.08 kg,0.85 €,/ud,0.85,https://prod-mercadona.imgix.net/images/836a03b4a090848b15043ebe56036e39.jpg?fit=crop&h=300&w=300,2026-10-08T22:26:15,0.08,KILO,10.625,28911,mad1,22397,https://tienda.mercadona.es/product/22397/panes-especiales-sabor-pizza-con-queso-hacendado-anitines-paquete,"Picos, rosquilletas y picatostes",,pan|queso,KILO
pollo,Mercadona,Pollo teriyaki,0.3 kg,5.0 €,/ud,5.0,https://prod-mercadona.imgix.net/images/6d5527d54fd9c0d634759c308779ff5e.jpeg?fit=crop&h=300&w=300,2026-10-08T22:26:18,0.3,UNIDAD,5.0,28911,mad1,13236,https://tienda.mercadona.es/product/13236/pollo-teriyaki-contiene-arroz-jazmin-pollo-salsa-teriyaki-puerro-sesamo-bol,Listo para Comer,,pollo,KILO
salmón,Mercadona,Salmón con verduras Listo para Comer,0.4 kg,5.75 €,/ud,5.75,https://prod-mercadona.imgix.net/images/441868df8a6387963157125bf8b11519.jpeg?fit=crop&h=300&w=300,2026-10-08T22:26:18,0.4,UNIDAD,5.75,28911,mad1,13243,https://tienda.mercadona.es/product/13243/salmon-con-verduras-listo-comer-compuesto-salmon-marinado-salsa-romescu-arroz-verduras-asadas-calabacin-patata-pimiento-rojo-boniato-bol,Listo para Comer,,salmón,KILO
salmón,Mercadona,Poke salmón,0.4 kg,5.5 €,/ud,5.5,https://prod-mercadona.imgix.net/images/f6b031c42619fb91198aa9fe406c69a8.jpg?fit=crop&h=300&w=300,2026-10-08T22:26:18,0.4,UNIDAD,5.5,28911,mad1,13237,https://tienda.mercadona.es/product/13237/poke-salmon-contine-arroz-cocido-salmon-mango-pepino-ensalada-wakame-cebolla-encurtida-mezcla-semillas-salsa-soja-bol,Listo para Comer,,salmón,KILO
pollo,Mercadona,Pizza Tex-mex Hacendado con pollo asado marinado,0.41 kg,2.9 €,/ud,2.9,https://prod-mercadona.imgix.net/images/cf6f629738483574e6b753933492868b.jpg?fit=crop&h=300&w=300,2026-10-08T22:26:19,0.41,KILO,7.074,28911,mad1,17828,https://tienda.mercadona.es/product/17828/pizza-tex-mex-hacendado-con-pollo-asado-marinado,Pizzas,,pollo,KILO
queso,Mercadona,Pizza jamón y queso Hacendado,0.415 kg,2.5 €,/ud,2.5,https://prod-mercadona.imgix.net/images/b4332955fe7f32ad14615bc73901507f.jpg?fit=crop&h=300&w=300,2026-10-08T22:26:19,0.415,KILO,6.025,28911,mad1,63581,https://tienda.mercadona.es/product/63581/pizza-jamon-queso-hacendado,Pizzas,,queso,KILO
queso,Mercadona,Pizza jamón y queso familiar Hacendado,0.6 kg,3.4 €,/ud,3.4,https://prod-mercadona.imgix.net/images/b691e7d5680563e6b335f85dc177af63.jpg?fit=crop&h=300&w=300,2026-10-08T22:26:19,0.6,KILO,5.667,28911,mad1,63627,https://tienda.mercadona.es/product/63627/pizza-jamon-queso-familiar-hacendado,Pizzas,,queso,KILO
queso,Mercadona,Pizza jamón y queso Hacendado,2 ud. x 0.22 kg,2.9 €,/pack,2.9,https://prod-mercadona.imgix.net/images/e564ad75944e9d36a0db7a1b98043b17.jpg?fit=crop&h=300&w=300,2026-10-08T22:26:19,0.44,KILO,6.591,28911,mad1,63593,https://tienda.mercadona.es/product/63593/pizza-jamon-queso-hacendado-pack-2,Pizzas,,queso,KILO
queso,Mercadona,Pizza 4 quesos Hacendado,0.41 kg,2.9 €,/ud,2.9,https://prod-mercadona.imgix.net/images/13af77737d77557ce05a42d101269498.jpg?fit=crop&h=300&w=300,2026-10-08T22:26:19,0.41,KILO,7.074,28911,mad1,63580,https://tienda.mercadona.es/product/63580/pizza-4-quesos-hacendado,Pizzas,,queso,KILO
queso,Mercadona,Pizza 4 quesos familiar Hacendado,0.58 kg,3.4 €,/ud,3.4,https://prod-mercadona.imgix.net/images/4dd690c0861c18825f8fd0d6c0792019.jpg?fit=crop&h=300&w=300,2026-10-08T22:26:19,0.58,KILO,5.863,28911,mad1,63628,https://tienda.mercadona.es/product/63628/pizza-4-quesos-familiar-hacendado,Pizzas,,queso,KILO
queso,Mercadona,Pizza 4 quesos Hacendado,2 ud. x 0.21 kg,2.9 €,/pack,2.9,https://prod-mercadona.imgix.net/images/c07cc6ebe791ae37a82c449ab82999f8.jpg?fit=crop&h=300&w=300,2026-10-08T22:26:19,0.42,KILO,6.905,28911,mad1,63592,https://tienda.mercadona.es/product/63592/pizza-4-quesos-hacendado-pack-2,Pizzas,,queso,KILO
atún,Mercadona,Pizza atún y bacón Hacendado,0.415 kg,2.9 €,/ud,2.9,https://prod-mercadona.imgix.net/images/2350a88000eea41111d5194750894d11.jpg?fit=crop&h=300&w=300,2026-10-08T22:26:19,0.415,KILO,6.988,28911,mad1,63582,https://tienda.mercadona.es/product/63582/pizza-atun-bacon-hacendado,Pizzas,,atún,KILO
atún,Mercadona,Pizza atún y bacón Hacendado,2 ud. x 0.22 kg,2.9 €,/pack,2.9,https://prod-mercadona.imgix.net/images/f9cd7c45b880709a4b1f001dd0ae68f5.jpg?fit=crop&h=300&w=300,2026-10-08T22:26:19,0.44,KILO,6.591,28911,mad1,56647,https://tienda.mercadona.es/product/56647/pizza-atun-bacon-hacendado-pack-2,Pizzas,,atún,KILO
pollo,Mercadona,Pizza pollo Hacendado,0.43 kg,2.9 €,/ud,2.9,https://prod-mercadona.imgix.net/images/3deef79f1f3331d4db8a2c14009262cf.jpg?fit=crop&h=300&w=300,2026-10-08T22:26:19,0.43,KILO,6.745,28911,mad1,63529,https://tienda.mercadona.es/product/63529/pizza-pollo-hacendado,Pizzas,,pollo,KILO
queso,Mercadona,Pizza jamón y queso sin gluten y sin lactosa Hacendado,0.42 kg,3.2 €,/ud,3.2,https://prod-mercadona.imgix.net/images/4774039067043504f25de381732a0736.jpg?fit=crop&h=300&w=300,2026-10-08T22:26:19,0.42,KILO,7.62,28911,mad1,63514,https://tienda.mercadona.es/product/63514/pizza-jamon-queso-sin-gluten-sin-lactosa-hacendado,Pizzas,,queso,KILO
pollo,Mercadona,Pizza pollo y bacón Hacendado,0.42 kg,2.9 €,/ud,2.9,https://prod-mercadona.imgix.net/images/32c73e252594380ec6a074185bd75527.jpg?fit=crop&h=300&w=300,2026-10-08T22:26:19,0.42,KILO,6.905,28911,mad1,63645,https://tienda.mercadona.es/product/63645/pizza-pollo-bacon-hacendado,Pizzas,,pollo,KILO
queso,Mercadona,Pizza Prosciutto Hacendado jamón y queso,0.4 kg,3.9 €,/ud,3.9,https://prod-mercadona.imgix.net/images/ad274136c0cbc1b07191d3485bd14eee.jpg?fit=crop&h=300&w=300,2026-10-08T22:26:19,0.4,KILO,9.75,28911,mad1,22343,https://tienda.mercadona.es/product/22343/pizza-prosciutto-hacendado-jamon-queso-caja,Pizzas,,queso,KILO
queso,Mercadona,Pizza Formaggi Hacendado 4 quesos,0.4 kg,3.9 €,/ud,3.9,https://prod-mercadona.imgix.net/images/eee48d84bc3e6c7fd1a3e47a06d07f47.jpg?fit=crop&h=300&w=300,2026-10-08T22:26:19,0.4,KILO,9.75,28911,mad1,67947,https://tienda.mercadona.es/product/67947/pizza-formaggi-hacendado-4-quesos-caja,Pizzas,,queso,KILO
queso,Mercadona,Rosca jamón serrano y queso emmental Hacendado,0.45 kg,3.7 €,/ud,3.7,https://prod-mercadona.imgix.net/images/fd1ffba3ba94f9802c4eb2fcba2c25d3.jpg?fit=crop&h=300&w=300,2026-10-08T22:26:19,0.45,KILO,8.223,28911,mad1,35851,https://tienda.mercadona.es/product/35851/rosca-jamon-serrano-queso-emmental-hacendado,Pizzas,,queso,KILO
queso,Mercadona,"Rosca lomo, bacón y queso emmental Hacendado",0.48 kg,3.4 €,/ud,3.4,https://prod-mercadona.imgix.net/images/b4c8a8e0e98b0fa2639711dc5e2918e5.jpg?fit=crop&h=300&w=300,2026-10-08T22:26:19,0.48,KILO,7.084,28911,mad1,35822,https://tienda.mercadona.es/product/35822/rosca-lomo-bacon-queso-emmental-hacendado,Pizzas,,queso,KILO
tomate,Mercadona,Focaccia con tomates cherry Hacendado,0.16 kg,1.95 €,/ud,1.95,https://prod-mercadona.imgix.net/images/e9ec4b201edfdcc489e7b32fe2664527.jpg?fit=crop&h=300&w=300,2026-10-08T22:26:19,0.16,KILO,12.188,28911,mad1,12784,https://tienda.mercadona.es/product/12784/focaccia-con-tomates-cherry-hacendado-paquete,Pizzas,,tomate,KILO
pollo,Mercadona,Lasaña de pollo Hacendado,0.35 kg,2.75 €,/ud,2.75,https://prod-mercadona.imgix.net/images/ba16a63c0a0e42553d851d3c9aa74340.jpg?fit=crop&h=300&w=300,2026-10-08T22:26:20,0.35,KILO,7.858,28911,mad1,11994,https://tienda.mercadona.es/product/11994/lasana-pollo-hacendado-bandeja,Platos preparados calientes,,pollo,KILO
pasta,Mercadona,Pasta tiburón Mac & Cheese Hacendado con salsa de queso,0.19 kg,1.3 €,/ud,1.3,https://prod-mercadona.imgix.net/images/7e210823ef6009e43b87ee2592fff29b.jpg?fit=crop&h=300&w=300,2026-10-08T22:26:20,0.19,KILO,6.843,28911,mad1,11934,https://tienda.mercadona.es/product/11934/pasta-tiburon-mac-cheese-hacendado-con-salsa-queso-paquete,Platos preparados calientes,,pasta|queso,KILO
arroz,Mercadona,Arroz de secreto ibérico con setas Hacendado,0.28 kg,3.0 €,/ud,3.0,https://prod-mercadona.imgix.net/images/94b4b695305d0769d0e0d21efb30636f.jpg?fit=crop&h=300&w=300,2026-10-08T22:26:20,0.28,KILO,10.715,28911,mad1,22767,https://tienda.mercadona.es/product/22767/arroz-secreto-iberico-con-setas-hacendado-bandeja,Platos preparados calientes,,arroz,KILO
arroz,Mercadona,Pollo al curry Hacendado con arroz basmati,0.28 kg,2.85 €,/ud,2.85,https://prod-mercadona.imgix.net/images/2eecb819ac61c1a941dd70d4b9f5959b.jpg?fit=crop&h=300&w=300,2026-10-08T22:26:20,0.28,KILO,10.179,28911,mad1,4498,https://tienda.mercadona.es/product/4498/pollo-curry-hacendado-con-arroz-basmati-bandeja,Platos preparados calientes,,arroz|pollo,KILO
arroz,Mercadona,Arroz de verduras Hacendado,0.28 kg,3.5 €,/ud,3.5,https://prod-mercadona.imgix.net/images/9d1b44c510d51537b8e76a263b898456.jpg?fit=crop&h=300&w=300,2026-10-08T22:26:20,0.28,KILO,12.5,28911,mad1,60621,https://tienda.mercadona.es/product/60621/arroz-verduras-hacendado-bandeja,Platos preparados calientes,,arroz,KILO
arroz,Mercadona,Arroz de pescado Hacendado,0.28 kg,3.75 €,/ud,3.75,https://prod-mercadona.imgix.net/images/0b719a295ce244c216335370dbdf882f.jpg?fit=crop&h=300&w=300,2026-10-08T22:26:20,0.28,KILO,13.393,28911,mad1,20893,https://tienda.mercadona.es/product/20893/arroz-pescado-hacendado-bandeja,Platos preparados calientes,,arroz,KILO
pollo,Mercadona,Pollo asado Hacendado,1.2 kg,6.78 €,/ud,6.78,https://prod-mercadona.imgix.net/images/bf5c527e50ce50bb951e705fad9dc27f.jpg?fit=crop&h=300&w=300,2026-10-08T22:26:20,1.2,KILO,5.65,28911,mad1,13706,https://tienda.mercadona.es/product/13706/pollo-asado-hacendado-paquete,Platos preparados calientes,,pollo,KILO
pollo,Mercadona,Roti de pollo relleno de jamón y queso Hacendado,0.375 kg,3.0 €,/ud,3.0,https://prod-mercadona.imgix.net/images/9ab6eb035146b4e95041c72834ebc235.jpg?fit=crop&h=300&w=300,2026-10-08T22:26:20,0.375,KILO,8.0,28911,mad1,13713,https://tienda.mercadona.es/product/13713/roti-pollo-relleno-jamon-queso-hacendado-paquete,Platos preparados calientes,,pollo|queso,KILO
pollo,Mercadona,Pollo asado troceado Hacendado,1.24 kg,8.0 €,/ud,8.0,https://prod-mercadona.imgix.net/images/cf543e86e69dd75eca520302b1191233.jpg?fit=crop&h=300&w=300,2026-10-08T22:26:20,1.24,KILO,6.45,28911,mad1,13707,https://tienda.mercadona.es/product/13707/pollo-asado-troceado-hacendado-paquete,Platos preparados calientes,,pollo,KILO
pollo,Mercadona,Alitas de pollo asadas Hacendado,0.5 kg,4.4 €,/ud,4.4,https://prod-mercadona.imgix.net/images/e76f498a284a1062f5054648815e4908.jpg?fit=crop&h=300&w=300,2026-10-08T22:26:20,0.5,KILO,8.8,28911,mad1,13705,https://tienda.mercadona.es/product/13705/alitas-pollo-asadas-hacendado-bote,Platos preparados calientes,,pollo,KILO
pollo,Mercadona,Fideos orientales sabor pollo Hacendado,0.065 kg,0.55 €,/ud,0.55,https://prod-mercadona.imgix.net/images/21653251ead8dac554e053423442a41c.jpg?fit=crop&h=300&w=300,2026-10-08T22:26:20,0.065,KILO,8.462,28911,mad1,35681,https://tienda.mercadona.es/product/35681/fideos-orientales-sabor-pollo-hacendado-paquete,Platos preparados calientes,0.65,pollo,KILO
garbanzos,Mercadona,Garbanzos a la riojana Hacendado,0.42 kg,1.35 €,/ud,1.35,https://prod-mercadona.imgix.net/images/a457a8d635eb1c41f1ceb5df904b0441.jpg?fit=crop&h=300&w=300,2026-10-08T22:26:20,0.42,KILO,3.215,28911,mad1,26174,https://tienda.mercadona.es/product/26174/garbanzos-riojana-hacendado-bote,Platos preparados calientes,,garbanzos,KILO
garbanzos,Mercadona,Garbanzos a la jardinera Hacendado,0.42 kg,1.2 €,/ud,1.2,https://prod-mercadona.imgix.net/images/96d0a66dd959f41d8ad589e81c42bfcf.jpg?fit=crop&h=300&w=300,2026-10-08T22:26:20,0.42,KILO,2.858,28911,mad1,26110,https://tienda.mercadona.es/product/26110/garbanzos-jardinera-hacendado-bote,Platos preparados calientes,,garbanzos,KILO
pollo,Mercadona,Albóndigas de pollo Hacendado,0.42 kg,1.8 €,/ud,1.8,https://prod-mercadona.imgix.net/images/04e99d3dc3f5809360e2822edf760470.jpg?fit=crop&h=300&w=300,2026-10-08T22:26:20,0.42,KILO,4.286,28911,mad1,23139,https://tienda.mercadona.es/product/23139/albondigas-pollo-hacendado-bote,Platos preparados calientes,,pollo,KILO
tomate,Mercadona,Alubias con tomate Heinz,0.415 kg,1.5 €,/ud,1.5,https://prod-mercadona.imgix.net/images/b7271388f347be0f04c504571ed30cfd.jpg?fit=crop&h=300&w=300,2026-10-08T22:26:20,0.415,KILO,3.615,28911,mad1,26138,https://tienda.mercadona.es/product/26138/alubias-con-tomate-heinz-bote,Platos preparados calientes,,tomate,KILO
queso,Mercadona,Sándwiches jamón y queso Hacendado,0.48 kg,2.8 €,/ud,2.8,https://prod-mercadona.imgix.net/images/80c29413b6077115dba5999bfa2b6bb9.jpg?fit=crop&h=300&w=300,2026-10-08T22:26:20,0.48,KILO,5.834,28911,mad1,59032,https://tienda.mercadona.es/product/59032/sandwiches-jamon-queso-hacendado-paquete,Platos preparados calientes,,queso,KILO
pasta,Mercadona,Ensalada de pasta al estilo Italiana Hacendado,0.2 kg,2.0 €,/ud,2.0,https://prod-mercadona.imgix.net/images/1026ccb9ddbd336cf4fdc6673209e3e8.jpg?fit=crop&h=300&w=300,2026-10-08T22:26:22,0.2,KILO,10.0,28911,mad1,24083,https://tienda.mercadona.es/product/24083/ensalada-pasta-estilo-italiana-hacendado-con-pollo-queso-tomate-seco-salsa-pesto-tarrina,Platos preparados fríos,,pasta,KILO
garbanzos,Mercadona,Hummus de garbanzos Hacendado receta clásica,0.24 kg,1.05 €,/ud,1.05,https://prod-mercadona.imgix.net/images/b7e088db663b6315a397f75514dc4d61.jpg?fit=crop&h=300&w=300,2026-10-08T22:26:22,0.24,KILO,4.375,28911,mad1,80858,https://tienda.mercadona.es/product/80858/hummus-garbanzos-hacendado-receta-clasica-tarrina,Platos preparados fríos,,garbanzos,KILO
garbanzos,Mercadona,Hummus de garbanzos Hacendado con pimiento del piquillo asado,0.24 kg,1.45 €,/ud,1.45,https://prod-mercadona.imgix.net/images/3770ffe361f92836ab96d4fa43b0b196.jpg?fit=crop&h=300&w=300,2026-10-08T22:26:22,0.24,KILO,6.042,28911,mad1,80862,https://tienda.mercadona.es/product/80862/hummus-garbanzos-hacendado-con-pimiento-piquillo-asado-tarrina,Platos preparados fríos,,garbanzos,KILO
atún,Mercadona,Pastel de atún Hacendado,0.26 kg,2.9 €,/ud,2.9,https://prod-mercadona.imgix.net/images/553311bfca2491a21960ac02722bdc46.jpg?fit=crop&h=300&w=300,2026-10-08T22:26:22,0.26,KILO,11.154,28911,mad1,4798,https://tienda.mercadona.es/product/4798/pastel-atun-hacendado-bandeja,Platos preparados fríos,,atún,KILO
pollo,Mercadona,Sándwich pollo y queso Hacendado,0.185 kg,1.85 €,/ud,1.85,https://prod-mercadona.imgix.net/images/1c593da1f45a228feaec75d3970a6172.jpeg?fit=crop&h=300&w=300,2026-10-08T22:26:22,0.185,KILO,10.0,28911,mad1,86588,https://tienda.mercadona.es/product/86588/sandwich-pollo-queso-hacendado-paquete,Platos preparados fríos,,pollo|queso,KILO
atún,Mercadona,Sándwich atún y huevo Hacendado,0.185 kg,1.8 €,/ud,1.8,https://prod-mercadona.imgix.net/images/e2ac23455fdd4a64d98288512bb8d717.jpeg?fit=crop&h=300&w=300,2026-10-08T22:26:22,0.185,KILO,9.73,28911,mad1,4106,https://tienda.mercadona.es/product/4106/sandwich-atun-huevo-hacendado-paquete,Platos preparados fríos,,atún,KILO
queso,Mercadona,Flan de queso Hacendado,4 ud. x 0.1 kg,2.15 €,/pack,2.15,https://prod-mercadona.imgix.net/images/df1806996518942539d72e4b20bcdc22.jpg?fit=crop&h=300&w=300,2026-10-08T22:26:24,0.4,KILO,5.375,28911,mad1,68116,https://tienda.mercadona.es/product/68116/flan-queso-hacendado-bano-maria-pack-4,Flan y natillas,,queso,KILO
leche,Mercadona,Natillas de chocolate con leche Hacendado,4 ud. x 0.125 kg,1.05 €,/pack,1.05,https://prod-mercadona.imgix.net/images/a5dc2eea8ad210c93cc2a831464d72ea.jpg?fit=crop&h=300&w=300,2026-10-08T22:26:24,0.5,KILO,2.1,28911,mad1,68138,https://tienda.mercadona.es/product/68138/natillas-chocolate-con-leche-hacendado-pack-4,Flan y natillas,,leche,KILO
leche,Mercadona,Arroz con leche Hacendado,4 ud. x 0.13 kg,1.3 €,/pack,1.3,https://prod-mercadona.imgix.net/images/ad0433518327b7e4e1a4305c8710d524.jpg?fit=crop&h=300&w=300,2026-10-08T22:26:25,0.52,KILO,2.5,28911,mad1,68354,https://tienda.mercadona.es/product/68354/arroz-con-leche-hacendado-pack-4,Gelatina y otros postres,,leche|arroz,KILO
yogur,Mercadona,"Yogur azucarado YogoMix Hacendado variado de copos maíz, bolitas y disquitos chocolateados",6 ud. x 0.15 kg,3.15 €,/pack,3.15,https://prod-mercadona.imgix.net/images/c1e27c067328e2c3c2b12cfe82e6c65f.jpg?fit=crop&h=300&w=300,2026-10-08T22:26:25,0.9,KILO,3.5,28911,mad1,28496,https://tienda.mercadona.es/product/28496/yogur-azucarado-yogomix-hacendado-variado-copos-maiz-bolitas-disquitos-chocolateados-pack-6,Gelatina y otros postres,,yogur,KILO
yogur,Mercadona,Yogur azucarado YogoMix Bolitas Hacendado con bolitas chocolateadas,2 ud. x 0.15 kg,1.3 €,/pack,1.3,https://prod-mercadona.imgix.net/images/4affa6b88aeec2fd7bfadf0b2ebe0d7a.jpg?fit=crop&h=300&w=300,2026-10-08T22:26:25,0.3,KILO,4.334,28911,mad1,20499,https://tienda.mercadona.es/product/20499/yogur-azucarado-yogomix-bolitas-hacendado-con-bolitas-chocolateadas-pack-2,Gelatina y otros postres,,yogur,KILO
yogur,Mercadona,Yogur azucarado YogoMix Discos Hacendado con disquitos chocolateados,2 ud. x 0.15 kg,1.3 €,/pack,1.3,https://prod-mercadona.imgix.net/images/b3e44526c575ebd7930296cbb20800ad.jpg?fit=crop&h=300&w=300,2026-10-08T22:26:25,0.3,KILO,4.334,28911,mad1,67766,https://tienda.mercadona.es/product/67766/yogur-azucarado-yogomix-discos-hacendado-con-disquitos-chocolateados-pack-2,Gelatina y otros postres,,yogur,KILO
queso,Mercadona,Tarta de queso Hacendado,0.18 kg,1.9 €,/ud,1.9,https://prod-mercadona.imgix.net/images/d43749fd94bc72de6e831813abac534a.jpg?fit=crop&h=300&w=300,2026-10-08T22:26:25,0.18,KILO,10.556,28911,mad1,21366,https://tienda.mercadona.es/product/21366/tarta-queso-hacendado-tarrina,Gelatina y otros postres,,queso,KILO
yogur,Mercadona,Yogur natural edulcorado Hacendado 0% MG 0% azúcares añadidos,6 ud. x 0.125 kg,1.05 €,/pack,1.05,https://prod-mercadona.imgix.net/images/0894bc2be116a1d00a8b7a070a97cd62.jpg?fit=crop&h=300&w=300,2026-10-08T22:26:27,0.75,KILO,1.4,28911,mad1,20221,https://tienda.mercadona.es/product/20221/yogur-natural-edulcorado-hacendado-0-mg-0-sin-azucares-anadidos-linnea-v-pack-6,Yogures desnatados,,yogur,KILO
yogur,Mercadona,Yogur natural Hacendado 0% MG 0% azúcares añadidos,6 ud. x 0.125 kg,1.05 €,/pack,1.05,https://prod-mercadona.imgix.net/images/099ff343424be9697224fa076e7b2c87.jpg?fit=crop&h=300&w=300,2026-10-08T22:26:27,0.75,KILO,1.4,28911,mad1,20210,https://tienda.mercadona.es/product/20210/yogur-natural-hacendado-0-mg-0-sin-azucares-pack-6,Yogures desnatados,,yogur,KILO
yogur,Mercadona,Yogur sabores Hacendado 0% MG 0% azúcares añadidos,8 ud. x 0.125 kg,1.6 €,/pack,1.6,https://prod-mercadona.imgix.net/images/825a1ef2590ef1090f182d3ed4e4d0be.jpg?fit=crop&h=300&w=300,2026-10-08T22:26:27,1.0,KILO,1.6,28911,mad1,13951,https://tienda.mercadona.es/product/13951/yogur-sabores-hacendado-0-mg-0-sin-azucares-anadidos-sabor-2-fresa-2-frutos-silvestres-2-coco-2-pera,Yogures desnatados,,yogur,KILO
yogur,Mercadona,Yogur sabor fresa Hacendado 0% MG 0% azúcares añadidos,4 ud. x 0.125 kg,0.9 €,/pack,0.9,https://prod-mercadona.imgix.net/images/74f5f3ab792cf8ebb8ea07b96278808c.jpg?fit=crop&h=300&w=300,2026-10-08T22:26:27,0.5,KILO,1.8,28911,mad1,21199,https://tienda.mercadona.es/product/21199/yogur-sabor-fresa-hacendado-0-mg-0-sin-azucares-anadidos-pack-4,Yogures desnatados,,yogur,KILO
yogur,Mercadona,Yogur sabor limón Hacendado 0% MG 0% azúcares añadidos,4 ud. x 0.125 kg,0.9 €,/pack,0.9,https://prod-mercadona.imgix.net/images/7156435aed6adde101c5ea71a4e59456.jpg?fit=crop&h=300&w=300,2026-10-08T22:26:27,0.5,KILO,1.8,28911,mad1,21362,https://tienda.mercadona.es/product/21362/yogur-sabor-limon-hacendado-0-mg-0-sin-azucares-anadidos-pack-4,Yogures desnatados,,yogur,KILO
leche,Mercadona,"Yogur griego dulce Hacendado con dulce de leche, galleta y plátano",6 ud. x 0.125 kg,1.85 €,/pack,1.85,https://prod-mercadona.imgix.net/images/f7aca476e8b0180b27a2d23b53237bbd.jpg?fit=crop&h=300&w=300,2026-10-08T22:26:28,0.75,KILO,2.467,28911,mad1,17760,https://tienda.mercadona.es/product/17760/yogur-griego-dulce-hacendado-con-dulce-leche-galleta-platano,Yogures griegos,,leche|plátano|yogur,KILO
yogur,Mercadona,Yogur griego natural Hacendado,6 ud. x 0.125 kg,1.45 €,/pack,1.45,https://prod-mercadona.imgix.net/images/cfb87bb05a20c3f9a20da9e3c7375172.jpg?fit=crop&h=300&w=300,2026-10-08T22:26:28,0.75,KILO,1.934,28911,mad1,20559,https://tienda.mercadona.es/product/20559/yogur-griego-natural-hacendado-pack-6,Yogures griegos,,yogur,KILO
yogur,Mercadona,Yogur griego stracciatella Hacendado,6 ud. x 0.125 kg,1.85 €,/pack,1.85,https://prod-mercadona.imgix.net/images/43cc919cfa54b17670d2291c622810d4.jpg?fit=crop&h=300&w=300,2026-10-08T22:26:28,0.75,KILO,2.467,28911,mad1,20571,https://tienda.mercadona.es/product/20571/yogur-griego-stracciatella-hacendado-pack-6,Yogures griegos,,yogur,KILO
yogur,Mercadona,Yogur griego sabor fresa Hacendado,6 ud. x 0.125 kg,1.55 €,/pack,1.55,https://prod-mercadona.imgix.net/images/ceaf40ab463f4d93ad7e80bd1c2c3df2.jpg?fit=crop&h=300&w=300,2026-10-08T22:26:28,0.75,KILO,2.067,28911,mad1,20504,https://tienda.mercadona.es/product/20504/yogur-griego-sabor-fresa-hacendado-sin-trozos-pack-6,Yogures griegos,1.65,yogur,KILO
yogur,Mercadona,Yogur griego natural Hacendado,1.0 kg,2.1 €,/ud,2.1,https://prod-mercadona.imgix.net/images/476fcfdf3867c5e843d2dfaf9d10b859.jpg?fit=crop&h=300&w=300,2026-10-08T22:26:28,1.0,KILO,2.1,28911,mad1,20512,https://tienda.mercadona.es/product/20512/yogur-griego-natural-hacendado-bote,Yogures griegos,2.2,yogur,KILO
yogur,Mercadona,Yogur griego con fresa Hacendado,4 ud. x 0.125 kg,1.7 €,/pack,1.7,https://prod-mercadona.imgix.net/images/b29dc5a2d14ea30be4abaf8d43f48968.jpg?fit=crop&h=300&w=300,2026-10-08T22:26:28,0.5,KILO,3.4,28911,mad1,20531,https://tienda.mercadona.es/product/20531/yogur-griego-con-fresa-hacendado-pack-4,Yogures griegos,,yogur,KILO
yogur,Mercadona,Yogur griego natural Hacendado con azúcar de caña,6 ud. x 0.125 kg,1.5 €,/pack,1.5,https://prod-mercadona.imgix.net/images/0650e7eb0fd44c34187f16d22de03c11.jpg?fit=crop&h=300&w=300,2026-10-08T22:26:28,0.75,KILO,2.0,28911,mad1,52441,https://tienda.mercadona.es/product/52441/yogur-griego-natural-hacendado-con-azucar-cana-pack-6,Yogures griegos,,yogur,KILO
yogur,Mercadona,Yogur griego con mango Hacendado,4 ud. x 0.125 kg,1.7 €,/pack,1.7,https://prod-mercadona.imgix.net/images/8e5c6a11713d9cb99dee77a13e49f9b0.jpeg?fit=crop&h=300&w=300,2026-10-08T22:26:28,0.5,KILO,3.4,28911,mad1,21160,https://tienda.mercadona.es/product/21160/yogur-griego-con-mango-hacendado-pack-4,Yogures griegos,,yogur,KILO
yogur,Mercadona,Yogur griego natural ligero Hacendado 2% MG,1.0 kg,2.1 €,/ud,2.1,https://prod-mercadona.imgix.net/images/1701839ec6b385a09f2731edce3b5c31.jpg?fit=crop&h=300&w=300,2026-10-08T22:26:28,1.0,KILO,2.1,28911,mad1,21358,https://tienda.mercadona.es/product/21358/yogur-griego-ligero-natural-hacendado-2-mg-bote,Yogures griegos,2.2,yogur,KILO
yogur,Mercadona,Yogur griego natural ligero Hacendado,6 ud. x 0.125 kg,1.45 €,/pack,1.45,https://prod-mercadona.imgix.net/images/0a3eaf2ca80673e13e3d473d3c3ba197.jpg?fit=crop&h=300&w=300,2026-10-08T22:26:28,0.75,KILO,1.934,28911,mad1,52421,https://tienda.mercadona.es/product/52421/yogur-griego-ligero-natural-hacendado-pack-6,Yogures griegos,,yogur,KILO
yogur,Mercadona,Yogur griego sabor limón Hacendado,6 ud. x 0.125 kg,1.55 €,/pack,1.55,https://prod-mercadona.imgix.net/images/3e73ec4d9d7165438c2e33e3c4bd9091.jpg?fit=crop&h=300&w=300,2026-10-08T22:26:28,0.75,KILO,2.067,28911,mad1,22651,https://tienda.mercadona.es/product/22651/yogur-griego-sabor-limon-hacendado-pack-6,Yogures griegos,1.65,yogur,KILO
yogur,Mercadona,Yogur líquido de fresa Hacendado,12 mini botellas x 0.1 kg,2.0 €,/pack,2.0,https://prod-mercadona.imgix.net/images/5246df6b92d37bf788da3733179e8d3a.jpeg?fit=crop&h=300&w=300,2026-10-08T22:26:29,1.2,KILO,1.667,28911,mad1,86331,https://tienda.mercadona.es/product/86331/yogur-liquido-fresa-hacendado-pack-12,Yogures líquidos,,yogur,KILO
plátano,Mercadona,Bebida láctea de fresa y plátano Hacendado,1.0 kg,1.5 €,/ud,1.5,https://prod-mercadona.imgix.net/images/f046b855d2fb60c7fc6c10e9bf21b65a.jpg?fit=crop&h=300&w=300,2026-10-08T22:26:29,1.0,KILO,1.5,28911,mad1,20613,https://tienda.mercadona.es/product/20613/bebida-lactea-fresa-platano-hacendado-botella,Yogures líquidos,,plátano,KILO
yogur,Mercadona,Yogur líquido natural Hacendado con azúcar de caña,12 mini botellas x 0.1 kg,2.0 €,/pack,2.0,https://prod-mercadona.imgix.net/images/b2f3d2bd1ac52ac87c90effa1d4926b4.jpg?fit=crop&h=300&w=300,2026-10-08T22:26:29,1.2,KILO,1.667,28911,mad1,7878,https://tienda.mercadona.es/product/7878/yogur-liquido-natural-hacendado-con-azucar-cana-pack-12,Yogures líquidos,,yogur,KILO
yogur,Mercadona,Yogur líquido piña y coco Hacendado 0% MG 0% azúcares añadidos,1.0 kg,1.5 €,/ud,1.5,https://prod-mercadona.imgix.net/images/041f59898296337aa8683c4d35b5f0d4.jpg?fit=crop&h=300&w=300,2026-10-08T22:26:29,1.0,KILO,1.5,28911,mad1,15660,https://tienda.mercadona.es/product/15660/yogur-liquido-desnatado-pina-coco-hacendado-0-mg-0-sin-azucares-anadidos-botella,Yogures líquidos,,yogur,KILO
yogur,Mercadona,Yogur líquido frutos silvestres Hacendado 0% MG 0% azúcares añadidos,1.0 kg,1.5 €,/ud,1.5,https://prod-mercadona.imgix.net/images/3a42f5d65b5f72e1c0a3409fb1d4b757.jpg?fit=crop&h=300&w=300,2026-10-08T22:26:29,1.0,KILO,1.5,28911,mad1,15661,https://tienda.mercadona.es/product/15661/yogur-liquido-desnatado-frutos-silvestres-hacendado-0-mg-0-sin-azucares-anadidos-botella,Yogures líquidos,,yogur,KILO
plátano,Mercadona,Bebida láctea sabor açaí plátano +Proteínas 20 g 0% MG,0.28 kg,1.15 €,/ud,1.15,https://prod-mercadona.imgix.net/images/4bd29ee23f79f130f0726341cbbba952.jpg?fit=crop&h=300&w=300,2026-10-08T22:26:29,0.28,KILO,4.108,28911,mad1,35847,https://tienda.mercadona.es/product/35847/bebida-lactea-desnatada-proteinas-sabor-acai-platano-hacendado-0-mg-20-g-proteinas-botella,Yogures líquidos,,plátano,KILO
plátano,Mercadona,"Bebida láctea sabor fresa y plátano +Proteínas 17,4 g 0% MG 0% azúcares añadidos",1.0 kg,2.5 €,/ud,2.5,https://prod-mercadona.imgix.net/images/4a84b1a833d1cefcc9370344faca4d12.jpg?fit=crop&h=300&w=300,2026-10-08T22:26:29,1.0,LITRO,2.5,28911,mad1,12753,https://tienda.mercadona.es/product/12753/bebida-lactea-desnatada-sabor-fresa-platano-proteinas-hacendado-0-mg-174-g-proteinas-botella,Yogures líquidos,,plátano,KILO
plátano,Mercadona,Bebida Kéfir de fresa y plátano Hacendado,0.25 kg,0.9 €,/ud,0.9,https://prod-mercadona.imgix.net/images/dd289147f3d6ee7437c4a9b701adf6ec.jpg?fit=crop&h=300&w=300,2026-10-08T22:26:29,0.25,KILO,3.6,28911,mad1,52750,https://tienda.mercadona.es/product/52750/bebida-kefir-fresa-platano-hacendado-botella,Yogures líquidos,,plátano,KILO
yogur,Mercadona,Yogur natural Hacendado,6 ud. x 0.125 kg,1.0 €,/pack,1.0,https://prod-mercadona.imgix.net/images/0689561ce98dba5c0b3ad43e69be0f5f.jpg?fit=crop&h=300&w=300,2026-10-08T22:26:31,0.75,KILO,1.334,28911,mad1,22313,https://tienda.mercadona.es/product/22313/yogur-natural-hacendado-pack-6,Yogures naturales y sabores,,yogur,KILO
yogur,Mercadona,Yogur natural con azúcar de caña Hacendado,6 ud. x 0.125 kg,1.05 €,/pack,1.05,https://prod-mercadona.imgix.net/images/ead686f6dd51a57d3e03cdde744912d0.jpg?fit=crop&h=300&w=300,2026-10-08T22:26:31,0.75,KILO,1.4,28911,mad1,20584,https://tienda.mercadona.es/product/20584/yogur-natural-con-azucar-cana-hacendado-pack-6,Yogures naturales y sabores,,yogur,KILO
yogur,Mercadona,Yogur natural Danone,8 ud. x 0.12 kg,1.99 €,/pack,1.99,https://prod-mercadona.imgix.net/images/861d2eefc9c6a9543ad440ef1fa6176d.jpg?fit=crop&h=300&w=300,2026-10-08T22:26:31,0.96,KILO,2.073,28911,mad1,20260,https://tienda.mercadona.es/product/20260/yogur-natural-danone-pack-8,Yogures naturales y sabores,,yogur,KILO
yogur,Mercadona,Yogur natural de cabra Hacendado,4 ud. x 0.125 kg,2.1 €,/pack,2.1,https://prod-mercadona.imgix.net/images/e843fb916d43295d0796f91e9eaa9338.jpg?fit=crop&h=300&w=300,2026-10-08T22:26:31,0.5,KILO,4.2,28911,mad1,20287,https://tienda.mercadona.es/product/20287/yogur-natural-cabra-hacendado-pack-4,Yogures naturales y sabores,,yogur,KILO
yogur,Mercadona,Yogur sabores Hacendado,16 ud. x 0.125 kg,2.4 €,/pack,2.4,https://prod-mercadona.imgix.net/images/85b23a9a032693961d03270115cbefa3.jpg?fit=crop&h=300&w=300,2026-10-08T22:26:31,2.0,KILO,1.2,28911,mad1,20001,https://tienda.mercadona.es/product/20001/yogur-sabores-hacendado-2-fresa-2-platano-2-macedonia-2-coco-2-limon-2-sandia-2-vainilla-2-galleta-pack-16,Yogures naturales y sabores,,yogur,KILO
yogur,Mercadona,Yogur sabor fresa Hacendado,4 ud. x 0.125 kg,0.75 €,/pack,0.75,https://prod-mercadona.imgix.net/images/9fd16b7ce0bf00b78a4d84b44ddd1410.jpg?fit=crop&h=300&w=300,2026-10-08T22:26:31,0.5,KILO,1.5,28911,mad1,20040,https://tienda.mercadona.es/product/20040/yogur-sabor-fresa-hacendado-pack-4,Yogures naturales y sabores,,yogur,KILO
yogur,Mercadona,Yogur sabor limón Hacendado,4 ud. x 0.125 kg,0.75 €,/pack,0.75,https://prod-mercadona.imgix.net/images/c0979282d56bcf000db771295b59ab32.jpg?fit=crop&h=300&w=300,2026-10-08T22:26:31,0.5,KILO,1.5,28911,mad1,20041,https://tienda.mercadona.es/product/20041/yogur-sabor-limon-hacendado-pack-4,Yogures naturales y sabores,,yogur,KILO
yogur,Mercadona,Yogur sabor macedonia Hacendado,4 ud. x 0.125 kg,0.75 €,/pack,0.75,https://prod-mercadona.imgix.net/images/86bda79f4445672b5038cc259091c668.jpg?fit=crop&h=300&w=300,2026-10-08T22:26:31,0.5,KILO,1.5,28911,mad1,20033,https://tienda.mercadona.es/product/20033/yogur-sabor-macedonia-hacendado-pack-4,Yogures naturales y sabores,,yogur,KILO
yogur,Mercadona,Yogur sabor fresa Danone,4 ud. x 0.12 kg,1.0 €,/pack,1.0,https://prod-mercadona.imgix.net/images/f2f9e5d59d63f2a35fdc704442a19aa1.jpg?fit=crop&h=300&w=300,2026-10-08T22:26:31,0.48,KILO,2.084,28911,mad1,20031,https://tienda.mercadona.es/product/20031/yogur-sabor-fresa-danone-pack-4,Yogures naturales y sabores,,yogur,KILO
yogur,Mercadona,Yogur cremoso con frutos silvestres Hacendado,0.5 kg,1.25 €,/ud,1.25,https://prod-mercadona.imgix.net/images/4b8059bb835b623d71bea1ea109a4056.jpg?fit=crop&h=300&w=300,2026-10-08T22:26:31,0.5,KILO,2.5,28911,mad1,20376,https://tienda.mercadona.es/product/20376/yogur-cremoso-hacendado-con-frutos-silvestres-bote,Yogures naturales y sabores,,yogur,KILO
yogur,Mercadona,Yogur cremoso con melocotón y maracuya Hacendado,0.5 kg,1.25 €,/ud,1.25,https://prod-mercadona.imgix.net/images/8fcaa52649efa30b3683a7e41645986c.jpg?fit=crop&h=300&w=300,2026-10-08T22:26:31,0.5,KILO,2.5,28911,mad1,20379,https://tienda.mercadona.es/product/20379/yogur-cremoso-hacendado-con-melocoton-maracuya-bote,Yogures naturales y sabores,,yogur,KILO
yogur,Mercadona,Yogur sabor macedonia Danone,4 ud. x 0.12 kg,1.0 €,/pack,1.0,https://prod-mercadona.imgix.net/images/3a23961f48c4d7799baf249b7cca9f4c.jpg?fit=crop&h=300&w=300,2026-10-08T22:26:31,0.48,KILO,2.084,28911,mad1,20037,https://tienda.mercadona.es/product/20037/yogur-sabor-macedonia-danone-pack-4,Yogures naturales y sabores,,yogur,KILO
yogur,Mercadona,Yogur sabor coco Hacendado,4 ud. x 0.125 kg,0.75 €,/pack,0.75,https://prod-mercadona.imgix.net/images/585bb0c277604d00a34bbc70a171380f.jpg?fit=crop&h=300&w=300,2026-10-08T22:26:31,0.5,KILO,1.5,28911,mad1,20032,https://tienda.mercadona.es/product/20032/yogur-sabor-coco-hacendado-pack-4,Yogures naturales y sabores,,yogur,KILO
yogur,Mercadona,Yogur con frutas Hacendado,8 ud. x 0.125 kg,2.0 €,/pack,2.0,https://prod-mercadona.imgix.net/images/04acf20f1191eb74c8a2e7c15c327e94.jpg?fit=crop&h=300&w=300,2026-10-08T22:26:31,1.0,KILO,2.0,28911,mad1,60955,https://tienda.mercadona.es/product/60955/yogur-con-frutas-hacendado-2-con-melocoton-2-con-fresas-2-con-pera-2-con-frutos-silvestres-pack-8,Yogures naturales y sabores,,yogur,KILO
yogur,Mercadona,Yogur sabor coco Danone,4 ud. x 0.12 kg,1.0 €,/pack,1.0,https://prod-mercadona.imgix.net/images/4651e38719b0743191f3347086daeb75.jpg?fit=crop&h=300&w=300,2026-10-08T22:26:31,0.48,KILO,2.084,28911,mad1,20057,https://tienda.mercadona.es/product/20057/yogur-sabor-coco-danone-pack-4,Yogures naturales y sabores,,yogur,KILO
plátano,Mercadona,Danonino sabor fresa y plátano Danone,6 ud. x 0.05 kg,1.7 €,/pack,1.7,https://prod-mercadona.imgix.net/images/16ae45680e6f0ef82e7562c2e65bb7d5.jpg?fit=crop&h=300&w=300,2026-10-08T22:26:32,0.3,KILO,5.667,28911,mad1,68125,https://tienda.mercadona.es/product/68125/danonino-sabor-fresa-platano-danone-pack-6,Yogures y postres infantiles,,plátano,KILO
leche,Mercadona,Fruta + leche tropical Hacendado sin azúcares añadidos,1.0 l,0.95 €,/ud,0.95,https://prod-mercadona.imgix.net/images/3a8f540290f549c079923eda19f0d269.jpg?fit=crop&h=300&w=300,2026-10-08T22:26:33,1.0,LITRO,0.95,28911,mad1,86385,https://tienda.mercadona.es/product/86385/fruta-leche-tropical-hacendado-sin-azucares-anadidos-brick,Fruta variada,,leche,LITRO
leche,Mercadona,Fruta + leche tropical Hacendado sin azúcares añadidos,3 mini briks x 0.33 l,1.0 €,/pack,1.0,https://prod-mercadona.imgix.net/images/3e2066a10bbe070412dfa30acba7e2a7.jpg?fit=crop&h=300&w=300,2026-10-08T22:26:33,0.99,LITRO,1.011,28911,mad1,86386,https://tienda.mercadona.es/product/86386/fruta-leche-tropical-hacendado-sin-azucares-anadidos,Fruta variada,,leche,LITRO
leche,Mercadona,Fruta + leche tropical Hacendado sin azúcares añadidos,6 mini briks x 0.2 l,1.2 €,/pack,1.2,https://prod-mercadona.imgix.net/images/260a12715037348aa2cb174483cee02b.jpg?fit=crop&h=300&w=300,2026-10-08T22:26:33,1.2,LITRO,1.0,28911,mad1,86387,https://tienda.mercadona.es/product/86387/fruta-leche-tropical-hacendado-sin-azucares-anadidos,Fruta variada,,leche,LITRO
leche,Mercadona,Fruta + leche mediterráneo Hacendado sin azúcares añadidos,1.0 l,0.95 €,/ud,0.95,https://prod-mercadona.imgix.net/images/865b75448a2be64749ae797c4bce44f3.jpg?fit=crop&h=300&w=300,2026-10-08T22:26:33,1.0,LITRO,0.95,28911,mad1,86388,https://tienda.mercadona.es/product/86388/fruta-leche-mediterraneo-hacendado-sin-azucares-anadidos-brick,Fruta variada,,leche,LITRO
leche,Mercadona,Fruta + leche mediterráneo Hacendado sin azúcares añadidos,3 mini briks x 0.33 l,1.0 €,/pack,1.0,https://prod-mercadona.imgix.net/images/bd1eecec0f58252b804a2a445e96dae4.jpg?fit=crop&h=300&w=300,2026-10-08T22:26:33,0.99,LITRO,1.011,28911,mad1,86390,https://tienda.mercadona.es/product/86390/fruta-leche-mediterraneo-hacendado-sin-azucares-anadidos,Fruta variada,,leche,LITRO
leche,Mercadona,Fruta + leche mediterráneo Hacendado sin azúcares añadidos,6 mini briks x 0.2 l,1.2 €,/pack,1.2,https://prod-mercadona.imgix.net/images/b12e59e1e0ca122779074d3b38bd07db.jpg?fit=crop&h=300&w=300,2026-10-08T22:26:33,1.2,LITRO,1.0,28911,mad1,86392,https://tienda.mercadona.es/product/86392/fruta-leche-mediterraneo-hacendado-sin-azucares-anadidos,Fruta variada,,leche,LITRO
leche,Mercadona,Fruta + leche tropical Bifrutas,6 mini briks x 0.2 l,2.59 €,/pack,2.59,https://prod-mercadona.imgix.net/images/912f8849edb89e0c43b0c89b63a1f1c1.jpg?fit=crop&h=300&w=300,2026-10-08T22:26:33,1.2,LITRO,2.159,28911,mad1,10126,https://tienda.mercadona.es/product/10126/fruta-leche-tropical-bifrutas-pascual-pack-6,Fruta variada,,leche,LITRO
leche,Mercadona,Fruta + leche tropical Bifrutas,3 mini briks x 0.33 l,2.0 €,/pack,2.0,https://prod-mercadona.imgix.net/images/28467306ca35c5a24c6289b84d5ef9f4.jpg?fit=crop&h=300&w=300,2026-10-08T22:26:33,0.99,LITRO,2.021,28911,mad1,10362,https://tienda.mercadona.es/product/10362/fruta-leche-tropical-bifrutas-pascual-pack-3,Fruta variada,2.19,leche,LITRO
leche,Mercadona,Fruta + leche caribe Don Simón sin azúcares añadidos y zero materia grasa,6 mini briks x 0.2 l,1.5 €,/pack,1.5,https://prod-mercadona.imgix.net/images/c7c2026bd60cbd318c47a8ee8b6ae2de.jpg?fit=crop&h=300&w=300,2026-10-08T22:26:33,1.2,LITRO,1.25,28911,mad1,10106,https://tienda.mercadona.es/product/10106/fruta-leche-caribe-don-simon-sin-azucares-anadidos-zero-materia-grasa-pack-6,Fruta variada,,leche,LITRO
leche,Mercadona,Fruta + leche melón y sandía Hacendado sin azúcares añadidos,6 mini briks x 0.2 l,1.2 €,/pack,1.2,https://prod-mercadona.imgix.net/images/b7c449318a77cf66ddb8f91f0b4a62e0.jpeg?fit=crop&h=300&w=300,2026-10-08T22:26:33,1.2,LITRO,1.0,28911,mad1,86383,https://tienda.mercadona.es/product/86383/fruta-leche-melon-sandia-hacendado-sin-azucares-anadidos,Fruta variada,,leche,LITRO
leche,Mercadona,Fruta + leche piña y coco Hacendado sin azúcares añadidos,6 mini briks x 0.2 l,1.25 €,/pack,1.25,https://prod-mercadona.imgix.net/images/7dc10fb4ef5caabe27bb80f64726d48a.jpg?fit=crop&h=300&w=300,2026-10-08T22:26:33,1.2,LITRO,1.042,28911,mad1,11925,https://tienda.mercadona.es/product/11925/fruta-leche-pina-coco-hacendado-sin-azucares-anadidos,Fruta variada,,leche,LITRO
leche,Mercadona,Fruta + leche caribe Hacendado sin azúcares añadidos,6 mini briks x 0.2 l,1.2 €,/pack,1.2,https://prod-mercadona.imgix.net/images/ca90bf3b0851cee384f4c7ee51a97f29.jpg?fit=crop&h=300&w=300,2026-10-08T22:26:33,1.2,LITRO,1.0,28911,mad1,52948,https://tienda.mercadona.es/product/52948/fruta-leche-caribe-hacendado-sin-azucares-anadidos-pack-6,Fruta variada,,leche,LITRO
leche,Mercadona,Fruta + leche tropical Don Simón sin azúcares añadidos y zero materia grasa,3 mini briks x 0.33 l,1.4 €,/pack,1.4,https://prod-mercadona.imgix.net/images/420a9a4345afa117de8088e765eadeef.jpg?fit=crop&h=300&w=300,2026-10-08T22:26:33,0.99,LITRO,1.415,28911,mad1,24551,https://tienda.mercadona.es/product/24551/fruta-leche-tropical-don-simon-sin-azucares-anadidos-zero-materia-grasa,Fruta variada,,leche,LITRO
leche,Mercadona,Fruta + leche Proteína 20 gr Don Simón sin azúcares añadidos con colágeno y vitamina C,0.33 l,1.25 €,/ud,1.25,https://prod-mercadona.imgix.net/images/41c75f233ccc1ab5937622d493ddb19d.jpg?fit=crop&h=300&w=300,2026-10-08T22:26:33,0.33,LITRO,3.788,28911,mad1,24586,https://tienda.mercadona.es/product/24586/fruta-leche-proteina-20-gr-don-simon-con-colageno-vitamina-c-brik,Fruta variada,1.65,leche,LITRO
zumo,Mercadona,Zumo tropical Hacendado,1.0 l,2.4 €,/ud,2.4,https://prod-mercadona.imgix.net/images/201f221469e606c69970bf25ef2a8764.jpg?fit=crop&h=300&w=300,2026-10-08T22:26:33,1.0,LITRO,2.4,28911,mad1,18370,https://tienda.mercadona.es/product/18370/zumo-tropical-hacendado-botella,Fruta variada,,zumo,LITRO
zumo,Mercadona,"Bebida de zumo de naranja, mango y zanahoria La Verja sin azúcares añadidos",1.5 l,1.8 €,/ud,1.8,https://prod-mercadona.imgix.net/images/9e831867eb7ecbe0e8516d377d919b33.jpg?fit=crop&h=300&w=300,2026-10-08T22:26:33,1.5,LITRO,1.2,28911,mad1,39650,https://tienda.mercadona.es/product/39650/bebida-zumo-naranja-mango-zanahoria-verja-sin-azucares-anadidos-botella,Fruta variada,,zumo,LITRO
zumo,Mercadona,Zumo maracuyá y chía Hacendado,0.25 l,1.65 €,/ud,1.65,https://prod-mercadona.imgix.net/images/a2a591a0b1f504dc9a7fd9cfacf5a147.jpg?fit=crop&h=300&w=300,2026-10-08T22:26:33,0.25,LITRO,6.6,28911,mad1,21784,https://tienda.mercadona.es/product/21784/zumo-maracuya-chia-hacendado-botella,Fruta variada,,zumo,LITRO
plátano,Mercadona,Smoothie fresa y plátano Hacendado,0.25 l,1.65 €,/ud,1.65,https://prod-mercadona.imgix.net/images/9ee82693cef262425fc35804cf9258be.jpg?fit=crop&h=300&w=300,2026-10-08T22:26:33,0.25,LITRO,6.6,28911,mad1,21772,https://tienda.mercadona.es/product/21772/smoothie-fresa-platano-hacendado-botella,Fruta variada,,plátano,LITRO
manzana,Mercadona,"Shot jengibre, manzana y limón Hacendado",0.125 l,2.0 €,/ud,2.0,https://prod-mercadona.imgix.net/images/9910af27cb33c00ba5680842f678666e.jpeg?fit=crop&h=300&w=300,2026-10-08T22:26:33,0.125,LITRO,16.0,28911,mad1,21775,https://tienda.mercadona.es/product/21775/shot-jengibre-manzana-limon-hacendado-botella,Fruta variada,,manzana,LITRO
zumo,Mercadona,Zumo de melocotón y uva Hacendado,6 mini briks x 0.2 l,1.5 €,/pack,1.5,https://prod-mercadona.imgix.net/images/66dc19715816816baec5fbf963bee7fa.jpg?fit=crop&h=300&w=300,2026-10-08T22:26:34,1.2,LITRO,1.25,28911,mad1,39216,https://tienda.mercadona.es/product/39216/zumo-melocoton-uva-hacendado-pack-6,Melocotón y piña,,zumo,LITRO
zumo,Mercadona,Zumo de piña y uva Hacendado,1.0 l,1.2 €,/ud,1.2,https://prod-mercadona.imgix.net/images/d8dd70c608c6bf3aaebdc10b5f6c53bf.jpg?fit=crop&h=300&w=300,2026-10-08T22:26:34,1.0,LITRO,1.2,28911,mad1,39129,https://tienda.mercadona.es/product/39129/zumo-pina-uva-hacendado-brick,Melocotón y piña,,zumo,LITRO
zumo,Mercadona,Zumo de piña y uva Hacendado,6 mini briks x 0.2 l,1.65 €,/pack,1.65,https://prod-mercadona.imgix.net/images/ed323a439124a96f84da691c64cc48af.jpg?fit=crop&h=300&w=300,2026-10-08T22:26:34,1.2,LITRO,1.375,28911,mad1,39130,https://tienda.mercadona.es/product/39130/zumo-pina-uva-hacendado-pack-6,Melocotón y piña,,zumo,LITRO
zumo,Mercadona,Zumo de piña Hacendado,1.0 l,1.75 €,/ud,1.75,https://prod-mercadona.imgix.net/images/6c7aa9b054839aab255d1547ca3f0f3f.jpg?fit=crop&h=300&w=300,2026-10-08T22:26:34,1.0,LITRO,1.75,28911,mad1,39191,https://tienda.mercadona.es/product/39191/zumo-pina-hacendado-brick,Melocotón y piña,,zumo,LITRO
zumo,Mercadona,Zumo de piña selección Hacendado,1.0 l,2.6 €,/ud,2.6,https://prod-mercadona.imgix.net/images/c05ef36a942b580893777db0ae4af7cc.jpg?fit=crop&h=300&w=300,2026-10-08T22:26:34,1.0,LITRO,2.6,28911,mad1,39946,https://tienda.mercadona.es/product/39946/zumo-pina-seleccion-hacendado-brick,Melocotón y piña,,zumo,LITRO
zumo,Mercadona,Zumo de naranja recién exprimido Hacendado,0.25 l,2.75 €,/ud,2.75,https://prod-mercadona.imgix.net/images/7a5da08a9ed080770adffcced9e025f2.jpg?fit=crop&h=300&w=300,2026-10-08T22:26:35,0.25,LITRO,11.0,28911,mad1,5250,https://tienda.mercadona.es/product/5250/zumo-naranja-recien-exprimido-hacendado-botella,Naranja,,zumo,LITRO
zumo,Mercadona,Zumo de naranja recién exprimido Hacendado,0.5 l,3.95 €,/ud,3.95,https://prod-mercadona.imgix.net/images/97fb8dc0e14a68511eebe04b68b3a172.jpg?fit=crop&h=300&w=300,2026-10-08T22:26:35,0.5,LITRO,7.9,28911,mad1,3363,https://tienda.mercadona.es/product/3363/zumo-naranja-recien-exprimido-hacendado-botella,Naranja,,zumo,LITRO
zumo,Mercadona,Zumo de naranja recién exprimido Hacendado,1.0 l,5.95 €,/ud,5.95,https://prod-mercadona.imgix.net/images/70bfb1fb2f725e0ba98259fa063e4f9f.jpg?fit=crop&h=300&w=300,2026-10-08T22:26:35,1.0,LITRO,5.95,28911,mad1,3362,https://tienda.mercadona.es/product/3362/zumo-naranja-recien-exprimido-hacendado-botella,Naranja,,zumo,LITRO
zumo,Mercadona,Zumo pura naranja Hacendado,1.0 l,1.85 €,/ud,1.85,https://prod-mercadona.imgix.net/images/b6d2cecc3bad138c6020b6d7eb67ef83.jpg?fit=crop&h=300&w=300,2026-10-08T22:26:35,1.0,LITRO,1.85,28911,mad1,39010,https://tienda.mercadona.es/product/39010/zumo-pura-naranja-hacendado-brick,Naranja,,zumo,LITRO
zumo,Mercadona,Zumo pura naranja Hacendado,6 mini briks x 0.2 l,2.8 €,/pack,2.8,https://prod-mercadona.imgix.net/images/0ba46f93dcbcaed6ff525f877cae8a29.jpg?fit=crop&h=300&w=300,2026-10-08T22:26:35,1.2,LITRO,2.334,28911,mad1,39033,https://tienda.mercadona.es/product/39033/zumo-pura-naranja-hacendado-pack-6,Naranja,,zumo,LITRO
zumo,Mercadona,Zumo pura naranja con pulpa Hacendado,1.0 l,1.85 €,/ud,1.85,https://prod-mercadona.imgix.net/images/49c07dc6cecfe687ec6d06e6061ac967.jpg?fit=crop&h=300&w=300,2026-10-08T22:26:35,1.0,LITRO,1.85,28911,mad1,39032,https://tienda.mercadona.es/product/39032/zumo-pura-naranja-con-pulpa-hacendado-brick,Naranja,,zumo,LITRO
zumo,Mercadona,Zumo de naranja Hacendado,1.0 l,2.1 €,/ud,2.1,https://prod-mercadona.imgix.net/images/06fa169ee8d4ab22018e6101e4f3aba5.jpg?fit=crop&h=300&w=300,2026-10-08T22:26:35,1.0,LITRO,2.1,28911,mad1,21777,https://tienda.mercadona.es/product/21777/zumo-naranja-hacendado-botella,Naranja,,zumo,LITRO
zumo,Mercadona,Zumo de naranja Hacendado,0.33 l,1.1 €,/ud,1.1,https://prod-mercadona.imgix.net/images/db64039b287b1a9d27b8f6a93c164f89.jpg?fit=crop&h=300&w=300,2026-10-08T22:26:35,0.33,LITRO,3.334,28911,mad1,21776,https://tienda.mercadona.es/product/21776/zumo-naranja-hacendado-botella,Naranja,,zumo,LITRO
zumo,Mercadona,Zumo de clementina Hacendado,1.0 l,1.8 €,/ud,1.8,https://prod-mercadona.imgix.net/images/cd85e354252f29613f03a2f21d828ccc.jpeg?fit=crop&h=300&w=300,2026-10-08T22:26:35,1.0,LITRO,1.8,28911,mad1,21778,https://tienda.mercadona.es/product/21778/zumo-clementina-hacendado-botella,Naranja,,zumo,LITRO
tomate,Mercadona,Zumo de tomate Hacendado,1.0 l,1.05 €,/ud,1.05,https://prod-mercadona.imgix.net/images/41b7d0f0d220d1e6e7a30bae3399fbbb.jpg?fit=crop&h=300&w=300,2026-10-08T22:26:36,1.0,LITRO,1.05,28911,mad1,39394,https://tienda.mercadona.es/product/39394/zumo-tomate-hacendado-brick,Tomate y otros sabores,,tomate|zumo,LITRO
manzana,Mercadona,Zumo de manzana Hacendado,1.0 l,0.8 €,/ud,0.8,https://prod-mercadona.imgix.net/images/76d998fbd9e8ebdd2c8f563908b4ed6d.jpg?fit=crop&h=300&w=300,2026-10-08T22:26:36,1.0,LITRO,0.8,28911,mad1,39403,https://tienda.mercadona.es/product/39403/zumo-manzana-hacendado-brick,Tomate y otros sabores,,manzana|zumo,LITRO
manzana,Mercadona,Zumo de manzana Hacendado,6 mini briks x 0.2 l,1.3 €,/pack,1.3,https://prod-mercadona.imgix.net/images/c9a55af574a1324371f989bf36df87e3.jpg?fit=crop&h=300&w=300,2026-10-08T22:26:36,1.2,LITRO,1.084,28911,mad1,39404,https://tienda.mercadona.es/product/39404/zumo-manzana-hacendado-pack-6,Tomate y otros sabores,,manzana|zumo,LITRO
manzana,Mercadona,"Néctar de maracuyá Hacendado fruta de la pasión, mango, uva y manzana",1.0 l,1.5 €,/ud,1.5,https://prod-mercadona.imgix.net/images/3113b30c00460aa939585031fb4a53de.jpg?fit=crop&h=300&w=300,2026-10-08T22:26:36,1.0,LITRO,1.5,28911,mad1,39643,https://tienda.mercadona.es/product/39643/nectar-maracuya-hacendado-fruta-pasion-mango-uva-manzana-brick,Tomate y otros sabores,,manzana,LITRO
manzana,Mercadona,Zumo de manzana Hacendado,1.0 l,1.7 €,/ud,1.7,https://prod-mercadona.imgix.net/images/e1c12a223516a3fb11e5d2ae7d819fac.jpg?fit=crop&h=300&w=300,2026-10-08T22:26:36,1.0,LITRO,1.7,28911,mad1,17773,https://tienda.mercadona.es/product/17773/zumo-manzana-hacendado-botella,Tomate y otros sabores,,manzana|zumo,LITRO
