searched_item,supermarket,product_id,name,quantity_raw,price_raw,price,price_per_unit_raw,price_per_unit,unit,url,scraped_at
leche,Alcampo,54180,AUCHAN Leche semidesnatada de vaca 6 x 1l Producto Alcampo.,1l,"Precio 5,28 €",5.28,"0,88 € por litro",0.88,LITRO,https://www.compraonline.alcampo.es/products/auchan-leche-semidesnatada-de-vaca-6-x-1l-producto-alcampo/54180,2026-10-02T13:33:46
leche,Alcampo,50857,"CENTRAL LECHERA ASTURIANA Leche semidesnatada de vaca, de origen española 1 l.",1 l,"Precio 1,04 €",1.04,"1,04 € por litro",1.04,LITRO,https://www.compraonline.alcampo.es/products/central-lechera-asturiana-leche-semidesnatada-de-vaca-de-origen-española-1-l/50857,2026-10-02T13:33:46
leche,Alcampo,566225,CENTRAL LECHERA ASTURIANA Leche semidesnatada sin lactosa 3 x 200 ml.,200 ml,"Precio 1,21 €",1.21,"2,02 € por litro",2.02,LITRO,https://www.compraonline.alcampo.es/products/central-lechera-asturiana-leche-semidesnatada-sin-lactosa-3-x-200-ml/566225,2026-10-02T13:33:46
leche,Alcampo,89826,CENTRAL LECHERA ASTURIANA Leche de vaca semidesnatada de origen español 6 x 500 ml.,500 ml,"Precio 4,44 €",4.44,"1,48 € por litro",1.48,LITRO,https://www.compraonline.alcampo.es/products/central-lechera-asturiana-leche-de-vaca-semidesnatada-de-origen-español-6-x-500-ml/89826,2026-10-02T13:33:46
leche,Alcampo,54505,PASCUAL Leche semidesnatada procedente de animales con bienestar garantizado 6 x 1l.,1l,"Precio 6,78 €",6.78,"1,13 € por litro",1.13,LITRO,https://www.compraonline.alcampo.es/products/pascual-leche-semidesnatada-procedente-de-animales-con-bienestar-garantizado-6-x-1l/54505,2026-10-02T13:33:46
leche,Alcampo,51119,"CENTRAL LECHERA ASTURIANA Leche semidesnatada de vaca, de origen española 2.2 l.",2.2 l,"Precio 2,18 €",2.18,"0,99 € por litro",0.99,LITRO,https://www.compraonline.alcampo.es/products/central-lechera-asturiana-leche-semidesnatada-de-vaca-de-origen-española-2-2-l/51119,2026-10-02T13:33:46
leche,Alcampo,535982,"PULEVA Eco  Leche semidesnatada ecológica de vaca, sin lactosa 1 l.",1 l,"Precio 1,70 €",1.7,"1,70 € por litro",1.7,LITRO,https://www.compraonline.alcampo.es/products/puleva-eco-leche-semidesnatada-ecológica-de-vaca-sin-lactosa-1-l/535982,2026-10-02T13:33:46
leche,Alcampo,51327,TIERRA DE SABOR Leche semidesnatada de vaca 6 x 1 l.,1 l,"Precio 6,72 €",6.72,"1,12 € por litro",1.12,LITRO,https://www.compraonline.alcampo.es/products/tierra-de-sabor-leche-semidesnatada-de-vaca-6-x-1-l/51327,2026-10-02T13:33:46
leche,Alcampo,53049,PULEVA Leche semidesnatada de vacas con alimentación ecológica Eco 6 x 1 l.,1 l,"Precio 6,00 €",6.0,"1,00 € por litro",1.0,LITRO,https://www.compraonline.alcampo.es/products/puleva-leche-semidesnatada-de-vacas-con-alimentación-ecológica-eco-6-x-1-l/53049,2026-10-02T13:33:46
leche,Alcampo,95939,PRÉSIDENT Leche semidesnatada de vaca de origen 100% español 1 l.,1 l,"Precio 0,93 €",0.93,"0,93 € por litro",0.93,LITRO,https://www.compraonline.alcampo.es/products/président-leche-semidesnatada-de-vaca-de-origen-100-español-1-l/95939,2026-10-02T13:33:46
leche,Alcampo,219657,PRÉSIDENT Leche semidesnatada de vaca de origen 100% español 6 x 1.5 l.,1.5 l,"Precio 9,30 €",9.3,"1,03 € por litro",1.03,LITRO,https://www.compraonline.alcampo.es/products/président-leche-semidesnatada-de-vaca-de-origen-100-español-6-x-1-5-l/219657,2026-10-02T13:33:46
leche,Alcampo,50822,"LAUKI Leche semidesnatada de vaca, de origen 100% español 1l.",1l,"Precio 0,96 €",0.96,"0,96 € por litro",0.96,LITRO,https://www.compraonline.alcampo.es/products/lauki-leche-semidesnatada-de-vaca-de-origen-100-español-1l/50822,2026-10-02T13:33:46
leche,Alcampo,474213,"ALCAMPO CULTIVAMOS LO BUENO Leche de vaca semidesnatada, de origen española 6x1 l.",6000ml,"Precio 6,18 €",6.18,"1,03 € por litro",1.03,LITRO,https://www.compraonline.alcampo.es/products/alcampo-cultivamos-lo-bueno-leche-de-vaca-semidesnatada-de-origen-española-6x1-l/474213,2026-10-02T13:33:46
leche,Alcampo,52320,RAM Leche semidesnatada de vaca 1 l.,1 l,"Precio 1,00 €",1.0,"1,00 € por litro",1.0,LITRO,https://www.compraonline.alcampo.es/products/ram-leche-semidesnatada-de-vaca-1-l/52320,2026-10-02T13:33:46
leche,Alcampo,52980,"LA COLMENAREÑA Leche de vaca, semidesnatada, fresca y pasteurizada 1 l.",1 l,"Precio 1,35 €",1.35,"1,35 € por litro",1.35,LITRO,https://www.compraonline.alcampo.es/products/la-colmenareña-leche-de-vaca-semidesnatada-fresca-y-pasteurizada-1-l/52980,2026-10-02T13:33:46
leche,Alcampo,258968,"PASCUAL Leche de vaca semidesnatada, de bienestar animal garantizado 1.5 l.",1.5 l,"Precio 1,65 €",1.65,"1,10 € por litro",1.1,LITRO,https://www.compraonline.alcampo.es/products/pascual-leche-de-vaca-semidesnatada-de-bienestar-animal-garantizado-1-5-l/258968,2026-10-02T13:33:46
huevos,Alcampo,904493,AUCHAN Huevos de gallinas sueltas en el gallinero clase M y cat. A 30 uds. Producto Alcampo,30 uds,"Precio 6,99 €",6.99,"2,80 € por docena",2.8,DOCENA,https://www.compraonline.alcampo.es/products/auchan-huevos-de-gallinas-sueltas-en-el-gallinero-clase-m-y-cat-a-30-uds-producto-alcampo/904493,2026-10-02T13:34:25
huevos,Alcampo,96166,DHUL Tiramisú elaborado con huevos de gallinas criadas en suelo DHUL 2 x 80 g.,80 g,"Precio 2,42 €",2.42,"15,13 € por kilo",15.13,KILO,https://www.compraonline.alcampo.es/products/dhul-tiramisú-elaborado-con-huevos-de-gallinas-criadas-en-suelo-dhul-2-x-80-g/96166,2026-10-02T13:34:25
huevos,Alcampo,947329,SOL NATURAL Sustituto vegetal ecológico del huevo (en polvo) 350 g.,350 g,"Precio 3,39 €",3.39,"9,69 € por kilo",9.69,KILO,https://www.compraonline.alcampo.es/products/sol-natural-sustituto-vegetal-ecológico-del-huevo-en-polvo-350-g/947329,2026-10-02T13:34:25
manzana,Alcampo,56761,Manzanas gala 1 kg.,1 kg,"Precio 1,44 €",1.44,"1,44 € por kilo",1.44,KILO,https://www.compraonline.alcampo.es/products/manzanas-gala-1-kg/56761,2026-10-02T13:35:05
manzana,Alcampo,714829,"HERO Solo bio Tarrito de fruta (manzana, plátano) y yogur, ecológicos a partir de 6 meses 120 g.",120 g,"Precio 1,46 €",1.46,"12,17 € por kilo",12.17,KILO,https://www.compraonline.alcampo.es/products/hero-solo-bio-tarrito-de-fruta-manzana-plátano-y-yogur-ecológicos-a-partir-de-6-meses-120-g/714829,2026-10-02T13:35:05
manzana,Alcampo,575562,"ALCAMPO BABY Bio Tarrito multifrutas (manzana, pera, plátano y naranja) a partir de 4 meses 200 g.",200 g,"Precio 0,97 €",0.97,"4,85 € por kilo",4.85,KILO,https://www.compraonline.alcampo.es/products/alcampo-baby-bio-tarrito-multifrutas-manzana-pera-plátano-y-naranja-a-partir-de-4-meses-200-g/575562,2026-10-02T13:35:05
manzana,Alcampo,941070,"HIPP Organic Bolsita de fruta 100% ecológica (manzana, melocotón, frambuesa y arándano) a partir de 4 meses 100 g.",100 g,"Precio 1,93 €",1.93,"19,30 € por kilo",19.3,KILO,https://www.compraonline.alcampo.es/products/hipp-organic-bolsita-de-fruta-100-ecológica-manzana-melocotón-frambuesa-y-arándano-a-partir-de-4-meses-100-g/941070,2026-10-02T13:35:05
manzana,Alcampo,887621,"ALCAMPO BABY Tarritos de frutas (manzana, pera y melocotón), a partir de 4 meses 2 x 200 g.",200 g,"Precio 2,23 €",2.23,"5,58 € por kilo",5.58,KILO,https://www.compraonline.alcampo.es/products/alcampo-baby-tarritos-de-frutas-manzana-pera-y-melocotón-a-partir-de-4-meses-2-x-200-g/887621,2026-10-02T13:35:05
manzana,Alcampo,726545,"GOODIES Bolsita (pouch) de fruta (fresa y manzana), a partir de 9 meses 4 x 100 g.",100 g,"Precio 4,84 €",4.84,"12,10 € por kilo",12.1,KILO,https://www.compraonline.alcampo.es/products/goodies-bolsita-pouch-de-fruta-fresa-y-manzana-a-partir-de-9-meses-4-x-100-g/726545,2026-10-02T13:35:05
manzana,Alcampo,762998,"SMILEAT Flash 100% de fruta ecológica (fresa y manzana), sin azúcares añadidos, a partir de 6 meses 5 x 50 g.",50 g,"Precio 6,45 €",6.45,"25,80 € por kilo",25.8,KILO,https://www.compraonline.alcampo.es/products/smileat-flash-100-de-fruta-ecológica-fresa-y-manzana-sin-azúcares-añadidos-a-partir-de-6-meses-5-x-50-g/762998,2026-10-02T13:35:05
manzana,Alcampo,711869,HIPP Biológico Barritas de cereales biológicos (avena) con fruta (manzana y melocotón) a partir de 12 meses 3 x 20 g.,20 g,"Precio 5,03 €",5.03,"83,83 € por kilo",83.83,KILO,https://www.compraonline.alcampo.es/products/hipp-biológico-barritas-de-cereales-biológicos-avena-con-fruta-manzana-y-melocotón-a-partir-de-12-meses-3-x-20-g/711869,2026-10-02T13:35:05
manzana,Alcampo,501256,"HERO Solo Bio Tarritos de fruta (pera y manzana) ecológica, a partir de 4 meses 6 x 120 g",120 g,"Precio 8,32 €",8.32,"11,56 € por kilo",11.56,KILO,https://www.compraonline.alcampo.es/products/hero-solo-bio-tarritos-de-fruta-pera-y-manzana-ecológica-a-partir-de-4-meses-6-x-120-g/501256,2026-10-02T13:35:05
manzana,Alcampo,711901,HIPP Biológico Barritas de cereales biológicos con fruta (manzana) y vainilla a partir de 12 meses 3 x 20 g.,20 g,"Precio 5,03 €",5.03,"83,83 € por kilo",83.83,KILO,https://www.compraonline.alcampo.es/products/hipp-biológico-barritas-de-cereales-biológicos-con-fruta-manzana-y-vainilla-a-partir-de-12-meses-3-x-20-g/711901,2026-10-02T13:35:05
manzana,Alcampo,680682,"HERO Solo bio Tarrito de frutas y hortalizas (pera, manzana y zanahoria), ecológicas partir de 4 meses 6 x 120 g.",120 g,"Precio 8,32 €",8.32,"11,56 € por kilo",11.56,KILO,https://www.compraonline.alcampo.es/products/hero-solo-bio-tarrito-de-frutas-y-hortalizas-pera-manzana-y-zanahoria-ecológicas-partir-de-4-meses-6-x-120-g/680682,2026-10-02T13:35:05
manzana,Alcampo,241611,"HERO Solo Bolsita (pouch) de fruta (manzana, piña y plátano) con bebida vegetal de coco y avena 100 g.",100 g,"Precio 1,15 €",1.15,"11,50 € por kilo",11.5,KILO,https://www.compraonline.alcampo.es/products/hero-solo-bolsita-pouch-de-fruta-manzana-piña-y-plátano-con-bebida-vegetal-de-coco-y-avena-100-g/241611,2026-10-02T13:35:05
manzana,Alcampo,806599,"NESTLÉ Bolsita de fruta (manzana, plátano y fresa) a partir de 8 meses 90 g.",90 g,"Precio 1,20 €",1.2,"13,33 € por kilo",13.33,KILO,https://www.compraonline.alcampo.es/products/nestlé-bolsita-de-fruta-manzana-plátano-y-fresa-a-partir-de-8-meses-90-g/806599,2026-10-02T13:35:05
manzana,Alcampo,847973,"NESTLÉ Bolsita (pouch) de fruta (manzana y melocotón) y avena, a partir de 6 meses 90 g.",90 g,"Precio 0,95 €",0.95,"10,56 € por kilo",10.56,KILO,https://www.compraonline.alcampo.es/products/nestlé-bolsita-pouch-de-fruta-manzana-y-melocotón-y-avena-a-partir-de-6-meses-90-g/847973,2026-10-02T13:35:05
manzana,Alcampo,767390,"HIPP Organic Bolsita (pouch) de fruta (manzana y platáno) con galleta ecológicos, a partir de 4 meses 100 g.",100 g,"Precio 1,93 €",1.93,"19,30 € por kilo",19.3,KILO,https://www.compraonline.alcampo.es/products/hipp-organic-bolsita-pouch-de-fruta-manzana-y-platáno-con-galleta-ecológicos-a-partir-de-4-meses-100-g/767390,2026-10-02T13:35:05
manzana,Alcampo,424147,"NESTLÉ Tarrinas de manzana y plátano, a partir de 4 meses 4 x 100 g.",100 g,"Precio 3,06 €",3.06,"7,65 € por kilo",7.65,KILO,https://www.compraonline.alcampo.es/products/nestlé-tarrinas-de-manzana-y-plátano-a-partir-de-4-meses-4-x-100-g/424147,2026-10-02T13:35:05
plátano,Alcampo,55452,Plátano Canario IGP extra bolsa.,1000g,"Precio 2,25 €",2.25,"2,25 € por kilo",2.25,KILO,https://www.compraonline.alcampo.es/products/plátano-canario-igp-extra-bolsa/55452,2026-10-02T13:35:45
plátano,Alcampo,903427,MIGUELAÑEZ Plátanos solidarios por La Palma 165 g.,165 g,"Precio 4,03 €",4.03,"24,42 € por kilo",24.42,KILO,https://www.compraonline.alcampo.es/products/miguelañez-plátanos-solidarios-por-la-palma-165-g/903427,2026-10-02T13:35:45
plátano,Alcampo,782520,"LINDAHLS Pro + de Nestlé Bebida de leche fermentada con sabor a plátano, con alto contenido en proteínas y vitamina D 330 ml.",330 ml,"Precio 2,09 €",2.09,"6,33 € por kilo",6.33,KILO,https://www.compraonline.alcampo.es/products/lindahls-pro-de-nestlé-bebida-de-leche-fermentada-con-sabor-a-plátano-con-alto-contenido-en-proteínas-y-vitamina-d-330-ml/782520,2026-10-02T13:35:45
plátano,Alcampo,220909,AUCHAN Protein + Yogur líquido desnatado proteico sin azúcares añadidos plátano 381 ml. Producto Alcampo,381 ml,"Precio 1,53 €",1.53,"4,02 € por litro",4.02,LITRO,https://www.compraonline.alcampo.es/products/auchan-protein-yogur-líquido-desnatado-proteico-sin-azúcares-añadidos-plátano-381-ml-producto-alcampo/220909,2026-10-02T13:35:45
plátano,Alcampo,224895,ALPRO Especialidad de soja fermentada con fresa y plátano (2) o pera y melocotón (2) 4 x 125 g.,125 g,"Precio 2,61 €",2.61,"5,22 € por kilo",5.22,KILO,https://www.compraonline.alcampo.es/products/alpro-especialidad-de-soja-fermentada-con-fresa-y-plátano-2-o-pera-y-melocotón-2-4-x-125-g/224895,2026-10-02T13:35:45
plátano,Alcampo,214632,"DANONINO Leche fermentada con fresa y plátano, calcio y vitamina D 4 x 70 g.",70 g,"Precio 1,99 €",1.99,"7,11 € por kilo",7.11,KILO,https://www.compraonline.alcampo.es/products/danonino-leche-fermentada-con-fresa-y-plátano-calcio-y-vitamina-d-4-x-70-g/214632,2026-10-02T13:35:45
plátano,Alcampo,219860,AUCHAN Producto vegetal de coco con fresa-platano sin azúcar 150 g. Producto Alcampo.,150 g,"Precio 1,00 €",1.0,"6,67 € por kilo",6.67,KILO,https://www.compraonline.alcampo.es/products/auchan-producto-vegetal-de-coco-con-fresa-platano-sin-azúcar-150-g-producto-alcampo/219860,2026-10-02T13:35:45
plátano,Alcampo,742328,"ALCAMPO BABY Bolsita de fruta (manzana, plátano y fresa), a partir de 4 meses ALCAMPO BABY 120 g.",120 g,"Precio 0,85 €",0.85,"7,08 € por kilo",7.08,KILO,https://www.compraonline.alcampo.es/products/alcampo-baby-bolsita-de-fruta-manzana-plátano-y-fresa-a-partir-de-4-meses-alcampo-baby-120-g/742328,2026-10-02T13:35:45
plátano,Alcampo,42846,"HERO Solo Bolsita de frutas mediterráneas (plátano, naranja y melocotón) a partir de 6 meses 100 g.",100 g,"Precio 0,75 €",0.75,"7,50 € por kilo",7.5,KILO,https://www.compraonline.alcampo.es/products/hero-solo-bolsita-de-frutas-mediterráneas-plátano-naranja-y-melocotón-a-partir-de-6-meses-100-g/42846,2026-10-02T13:35:45
plátano,Alcampo,887606,"HERO Solo Bolsita 3 frutas (plátano, manzana y melocotón) a partir de 4 meses 100 g.",100 g,"Precio 0,75 €",0.75,"7,50 € por kilo",7.5,KILO,https://www.compraonline.alcampo.es/products/hero-solo-bolsita-3-frutas-plátano-manzana-y-melocotón-a-partir-de-4-meses-100-g/887606,2026-10-02T13:35:45
plátano,Alcampo,806268,"YOGOLINO Postre lácteo de fresa y plátano, adaptado para bebés a paritr de 6 meses YOGOLINO de Nestlé 4 x 100 g.",100 g,"Precio 2,95 €",2.95,"7,38 € por kilo",7.38,KILO,https://www.compraonline.alcampo.es/products/yogolino-postre-lácteo-de-fresa-y-plátano-adaptado-para-bebés-a-paritr-de-6-meses-yogolino-de-nestlé-4-x-100-g/806268,2026-10-02T13:35:45
plátano,Alcampo,575566,"ALCAMPO BABY Bio Tarrito de frutas (pera, manzana, plátano y naranja) con cereales a partir de 4 meses 200 g.",200 g,"Precio 1,45 €",1.45,"7,25 € por kilo",7.25,KILO,https://www.compraonline.alcampo.es/products/alcampo-baby-bio-tarrito-de-frutas-pera-manzana-plátano-y-naranja-con-cereales-a-partir-de-4-meses-200-g/575566,2026-10-02T13:35:45
plátano,Alcampo,537387,"HERO Baby Tarrito de frutas variadas (pera, plátano, manzana, naranja...) a partir de 4 meses 4 x 190 g.",190 g,"Precio 5,34 €",5.34,"7,03 € por kilo",7.03,KILO,https://www.compraonline.alcampo.es/products/hero-baby-tarrito-de-frutas-variadas-pera-plátano-manzana-naranja-a-partir-de-4-meses-4-x-190-g/537387,2026-10-02T13:35:45
plátano,Alcampo,424152,"NESTLÉ Tarrinas de plátano, mango, pera, piña, albaricoque, melocotón y manzana, a partir de 6 meses 4 x 100 g.",100 g,"Precio 3,06 €",3.06,"7,65 € por kilo",7.65,KILO,https://www.compraonline.alcampo.es/products/nestlé-tarrinas-de-plátano-mango-pera-piña-albaricoque-melocotón-y-manzana-a-partir-de-6-meses-4-x-100-g/424152,2026-10-02T13:35:45
plátano,Alcampo,806293,"YOGOLINO Postre lácteo de melocotón y plátano, adaptado para bebés a partir de 6 meses YOGOLINO de Nestlé 4 x 100 g.",100 g,"Precio 2,95 €",2.95,"7,38 € por kilo",7.38,KILO,https://www.compraonline.alcampo.es/products/yogolino-postre-lácteo-de-melocotón-y-plátano-adaptado-para-bebés-a-partir-de-6-meses-yogolino-de-nestlé-4-x-100-g/806293,2026-10-02T13:35:45
plátano,Alcampo,424147,"NESTLÉ Tarrinas de manzana y plátano, a partir de 4 meses 4 x 100 g.",100 g,"Precio 3,06 €",3.06,"7,65 € por kilo",7.65,KILO,https://www.compraonline.alcampo.es/products/nestlé-tarrinas-de-manzana-y-plátano-a-partir-de-4-meses-4-x-100-g/424147,2026-10-02T13:35:45
tomate,Alcampo,227730,"DR. OETKER Pizza sin gluten, con salsa de tomate, mozzarella y albahaca Ristorante 370 g.",370 g,"Precio 3,73 €",3.73,"7,89 € por kilo",7.89,KILO,https://www.compraonline.alcampo.es/products/dr-oetker-pizza-sin-gluten-con-salsa-de-tomate-mozzarella-y-albahaca-ristorante-370-g/227730,2026-10-02T13:36:25
tomate,Alcampo,219643,BARILLA Salsa Basílico con base de tomate 400 g.,400 g,"Precio 2,90 €",2.9,"7,25 € por kilo",7.25,KILO,https://www.compraonline.alcampo.es/products/barilla-salsa-basílico-con-base-de-tomate-400-g/219643,2026-10-02T13:36:25
tomate,Alcampo,219639,BARILLA Salsa Arrabbiata con base de tomate y pimientos rojos BARILLA 400 g.,400 g,"Precio 2,90 €",2.9,"7,25 € por kilo",7.25,KILO,https://www.compraonline.alcampo.es/products/barilla-salsa-arrabbiata-con-base-de-tomate-y-pimientos-rojos-barilla-400-g/219639,2026-10-02T13:36:25
tomate,Alcampo,64888,GALLO Salsa Boloñesa con tomate y carne 350 g.,350 g,"Precio 2,90 €",2.9,"8,29 € por kilo",8.29,KILO,https://www.compraonline.alcampo.es/products/gallo-salsa-boloñesa-con-tomate-y-carne-350-g/64888,2026-10-02T13:36:25
tomate,Alcampo,808536,GALLO Salsa Pesto rojo con tomates secos 190 g.,190 g,"Precio 1,83 €",1.83,"9,63 € por kilo",9.63,KILO,https://www.compraonline.alcampo.es/products/gallo-salsa-pesto-rojo-con-tomates-secos-190-g/808536,2026-10-02T13:36:25
tomate,Alcampo,788222,CIRIO Salsa para pasta elaborada con tomate 100% italiano bote 350 g.,350 g,"Precio 2,03 €",2.03,"5,80 € por kilo",5.8,KILO,https://www.compraonline.alcampo.es/products/cirio-salsa-para-pasta-elaborada-con-tomate-100-italiano-bote-350-g/788222,2026-10-02T13:36:25
tomate,Alcampo,62683,GALLO Salsa de tomate a la Parmesana 350 g.,350 g,"Precio 2,28 €",2.28,"6,51 € por kilo",6.51,KILO,https://www.compraonline.alcampo.es/products/gallo-salsa-de-tomate-a-la-parmesana-350-g/62683,2026-10-02T13:36:25
tomate,Alcampo,21544,BARILLA Salsa Napoletana (Napolitana) con base de tomate BARILLA 400 g.,400 g,"Precio 2,90 €",2.9,"7,25 € por kilo",7.25,KILO,https://www.compraonline.alcampo.es/products/barilla-salsa-napoletana-napolitana-con-base-de-tomate-barilla-400-g/21544,2026-10-02T13:36:25
tomate,Alcampo,511158,RANA Pesto fresco con tomates secos y Pecorino romano D.O.P. 130 g.,130 g,"Precio 2,09 €",2.09,"16,08 € por kilo",16.08,KILO,https://www.compraonline.alcampo.es/products/rana-pesto-fresco-con-tomates-secos-y-pecorino-romano-d-o-p-130-g/511158,2026-10-02T13:36:25
tomate,Alcampo,219620,BARILLA Salsa Ricotta con base de tomate BARILLA 400 g.,400 g,"Precio 3,19 €",3.19,"7,98 € por kilo",7.98,KILO,https://www.compraonline.alcampo.es/products/barilla-salsa-ricotta-con-base-de-tomate-barilla-400-g/219620,2026-10-02T13:36:25
tomate,Alcampo,634695,"HIDA Salsa tomate y albahaca, estilo casero 350 g.",350 g,"Precio 2,08 €",2.08,"5,94 € por kilo",5.94,KILO,https://www.compraonline.alcampo.es/products/hida-salsa-tomate-y-albahaca-estilo-casero-350-g/634695,2026-10-02T13:36:25
tomate,Alcampo,219646,BARILLA Salsa Olive con base de tomate y aceitunas sin gluten 400 g.,400 g,"Precio 2,90 €",2.9,"7,25 € por kilo",7.25,KILO,https://www.compraonline.alcampo.es/products/barilla-salsa-olive-con-base-de-tomate-y-aceitunas-sin-gluten-400-g/219646,2026-10-02T13:36:25
tomate,Alcampo,434030,"SNATT´S Bocaditos Snaks de tomate y orégano, 110 g.",110 g,"Precio 1,16 €",1.16,"10,55 € por kilo",10.55,KILO,https://www.compraonline.alcampo.es/products/snatt-s-bocaditos-snaks-de-tomate-y-orégano-110-g/434030,2026-10-02T13:36:25
tomate,Alcampo,31743,GRANINI Zumo de tomate 100% premium 1 l.,1 l,"Precio 2,90 €",2.9,"2,90 € por litro",2.9,LITRO,https://www.compraonline.alcampo.es/products/granini-zumo-de-tomate-100-premium-1-l/31743,2026-10-02T13:36:25
tomate,Alcampo,35967,PRODUCTO ALCAMPO Zumo de tomate 1 l.,1 l,"Precio 1,05 €",1.05,"1,05 € por litro",1.05,LITRO,https://www.compraonline.alcampo.es/products/producto-alcampo-zumo-de-tomate-1-l/35967,2026-10-02T13:36:25
arroz,Alcampo,205192,PRODUCTO ECONÓMICO ALCAMPO Arroz largo de categoria primera 1 kg.,1 kg,"Precio 1,09 €",1.09,"1,09 € por kilo",1.09,KILO,https://www.compraonline.alcampo.es/products/producto-económico-alcampo-arroz-largo-de-categoria-primera-1-kg/205192,2026-10-02T13:37:05
arroz,Alcampo,533948,"ECOCESTA Bebida vegetal de arroz ecológico, sin azúcares añadidos 1 l.",1 l,"Precio 2,47 €",2.47,"2,47 € por litro",2.47,LITRO,https://www.compraonline.alcampo.es/products/ecocesta-bebida-vegetal-de-arroz-ecológico-sin-azúcares-añadidos-1-l/533948,2026-10-02T13:37:05
arroz,Alcampo,38364,SORIA NATURAL Bioi Tostadas ligeras de arroz integral y lino 85 g.,85 g,"Precio 2,99 €",2.99,"29,90 € por kilo",29.9,KILO,https://www.compraonline.alcampo.es/products/soria-natural-bioi-tostadas-ligeras-de-arroz-integral-y-lino-85-g/38364,2026-10-02T13:37:05
arroz,Alcampo,192768,"EL GRANERO Bio Tostadas de arroz integral y castaña, elaboradas sin gluten 95 g.",95 g,"Precio 4,49 €",4.49,"49,89 € por kilo",49.89,KILO,https://www.compraonline.alcampo.es/products/el-granero-bio-tostadas-de-arroz-integral-y-castaña-elaboradas-sin-gluten-95-g/192768,2026-10-02T13:37:05
arroz,Alcampo,28824,PRODUCTO ALCAMPO Tortitas de arroz AUCHAN 130 gramos.,130g,"Precio 1,00 €",1.0,"7,69 € por kilo",7.69,KILO,https://www.compraonline.alcampo.es/products/producto-alcampo-tortitas-de-arroz-auchan-130-gramos/28824,2026-10-02T13:37:05
arroz,Alcampo,20157,"BICENTURY Tortita de arroz integral con sabor a yogur BICENTURY, 130 g.",130 g,"Precio 2,51 €",2.51,"19,31 € por kilo",19.31,KILO,https://www.compraonline.alcampo.es/products/bicentury-tortita-de-arroz-integral-con-sabor-a-yogur-bicentury-130-g/20157,2026-10-02T13:37:05
arroz,Alcampo,211024,"GULLÓN VITALDAY Tortitas de arroz chocolate negro con coco 117,6 g.","117,6 g","Precio 2,51 €",2.51,"21,27 € por kilo",21.27,KILO,https://www.compraonline.alcampo.es/products/gullón-vitalday-tortitas-de-arroz-chocolate-negro-con-coco-117-6-g/211024,2026-10-02T13:37:05
arroz,Alcampo,742170,"BICENTURY Tortita de arroz integral con chocolate negro, sin azúcares añadidos, sin gluten BICENTURY 130 g.",130 g,"Precio 2,86 €",2.86,"22,34 € por kilo",22.34,KILO,https://www.compraonline.alcampo.es/products/bicentury-tortita-de-arroz-integral-con-chocolate-negro-sin-azúcares-añadidos-sin-gluten-bicentury-130-g/742170,2026-10-02T13:37:05
arroz,Alcampo,14877,GULLÓN VITALDAY Tortitas de arroz 130 g.,130 g,"Precio 1,00 €",1.0,"7,69 € por kilo",7.69,KILO,https://www.compraonline.alcampo.es/products/gullón-vitalday-tortitas-de-arroz-130-g/14877,2026-10-02T13:37:05
arroz,Alcampo,800869,"PRODUCTO ALCAMPO Cereales de desayuno, de maíz y arroz rellenos de leche, sin gluten 400 g.",400 g,"Precio 2,25 €",2.25,"5,63 € por kilo",5.63,KILO,https://www.compraonline.alcampo.es/products/producto-alcampo-cereales-de-desayuno-de-maíz-y-arroz-rellenos-de-leche-sin-gluten-400-g/800869,2026-10-02T13:37:05
arroz,Alcampo,881561,"GULLÓN Tortitas de arroz integral con chocolate negro 105,2 g.","105,2 g","Precio 1,00 €",1.0,"9,52 € por kilo",9.52,KILO,https://www.compraonline.alcampo.es/products/gullón-tortitas-de-arroz-integral-con-chocolate-negro-105-2-g/881561,2026-10-02T13:37:05
arroz,Alcampo,422149,"GULLÓN VITALDAY Tortitas de arroz integral, sabor yogur 125,2 g.","125,2 g","Precio 1,84 €",1.84,"14,72 € por kilo",14.72,KILO,https://www.compraonline.alcampo.es/products/gullón-vitalday-tortitas-de-arroz-integral-sabor-yogur-125-2-g/422149,2026-10-02T13:37:05
arroz,Alcampo,881555,"GULLÓN VITALDAY Tortitas de arroz integral 115,2 g.","115,2 g","Precio 1,00 €",1.0,"8,70 € por kilo",8.7,KILO,https://www.compraonline.alcampo.es/products/gullón-vitalday-tortitas-de-arroz-integral-115-2-g/881555,2026-10-02T13:37:05
arroz,Alcampo,635115,"BICENTURY Tortitas de arroz integral, chocolate con leche BICENTURY 130 g.",130 g,"Precio 2,47 €",2.47,"19,00 € por kilo",19.0,KILO,https://www.compraonline.alcampo.es/products/bicentury-tortitas-de-arroz-integral-chocolate-con-leche-bicentury-130-g/635115,2026-10-02T13:37:05
arroz,Alcampo,13899,"BICENTURY Tortitas de arroz integral con chocolate negro BICENTURY, 130 g.",130 g,"Precio 2,47 €",2.47,"19,00 € por kilo",19.0,KILO,https://www.compraonline.alcampo.es/products/bicentury-tortitas-de-arroz-integral-con-chocolate-negro-bicentury-130-g/13899,2026-10-02T13:37:05
arroz,Alcampo,404123,PRODUCTO ALCAMPO Cereales de arroz con cacao sin gluten PROUCTO ALCAMPO 400 g.,400 g,"Precio 2,19 €",2.19,"5,48 € por kilo",5.48,KILO,https://www.compraonline.alcampo.es/products/producto-alcampo-cereales-de-arroz-con-cacao-sin-gluten-proucto-alcampo-400-g/404123,2026-10-02T13:37:05
pasta,Alcampo,432874,"ROMERO Pasta lazos tres sabores, pasta ROMERO 500 gr.",500 gr,"Precio 1,28 €",1.28,"2,56 € por kilo",2.56,KILO,https://www.compraonline.alcampo.es/products/romero-pasta-lazos-tres-sabores-pasta-romero-500-gr/432874,2026-10-02T13:37:45
pasta,Alcampo,64743,GALLO Pasta fina hélices vegetales 450  g.,450  g,"Precio 1,46 €",1.46,"3,65 € por kilo",3.65,KILO,https://www.compraonline.alcampo.es/products/gallo-pasta-fina-hélices-vegetales-450-g/64743,2026-10-02T13:37:45
pasta,Alcampo,22479,GALLO Pasta pajarita con espinacas y tomate 450 g.,450 g,"Precio 1,50 €",1.5,"3,33 € por kilo",3.33,KILO,https://www.compraonline.alcampo.es/products/gallo-pasta-pajarita-con-espinacas-y-tomate-450-g/22479,2026-10-02T13:37:45
pasta,Alcampo,19720,GALLO Al bronce Pasta fettuccine de espinacas (nidos) 450 g.,450 g,"Precio 1,88 €",1.88,"4,18 € por kilo",4.18,KILO,https://www.compraonline.alcampo.es/products/gallo-al-bronce-pasta-fettuccine-de-espinacas-nidos-450-g/19720,2026-10-02T13:37:45
pasta,Alcampo,14505,GALLO Pasta margarita con espinacas y tomate 450 g.,450 g,"Precio 1,46 €",1.46,"3,24 € por kilo",3.24,KILO,https://www.compraonline.alcampo.es/products/gallo-pasta-margarita-con-espinacas-y-tomate-450-g/14505,2026-10-02T13:37:45
pasta,Alcampo,515118,BARILLA Pasta Gourmet La Collezione Mezze Penne Tricolores N.170 (Macarrones Multivegetales) BARILLA 500 g.,500 g,"Precio 2,38 €",2.38,"4,76 € por kilo",4.76,KILO,https://www.compraonline.alcampo.es/products/barilla-pasta-gourmet-la-collezione-mezze-penne-tricolores-n-170-macarrones-multivegetales-barilla-500-g/515118,2026-10-02T13:37:45
pasta,Alcampo,61593,ROMERO Pasta espirales con espinacas y tomate ROMERO paquete de 500 gr.,500 gr,"Precio 1,28 €",1.28,"2,56 € por kilo",2.56,KILO,https://www.compraonline.alcampo.es/products/romero-pasta-espirales-con-espinacas-y-tomate-romero-paquete-de-500-gr/61593,2026-10-02T13:37:45
pasta,Alcampo,613473,GALLO NATURE Pasta hélices multivegetales 400 g.,400 g,"Precio 1,68 €",1.68,"4,20 € por kilo",4.2,KILO,https://www.compraonline.alcampo.es/products/gallo-nature-pasta-hélices-multivegetales-400-g/613473,2026-10-02T13:37:45
pasta,Alcampo,24399,GALLO Pasta pluma vegetales 450 g.,450 g,"Precio 1,46 €",1.46,"3,24 € por kilo",3.24,KILO,https://www.compraonline.alcampo.es/products/gallo-pasta-pluma-vegetales-450-g/24399,2026-10-02T13:37:45
pasta,Alcampo,16536,PRODUCTO ALCAMPO Pasta fideo cabellín paquete de 500 g.,500 g,"Precio 0,75 €",0.75,"1,50 € por kilo",1.5,KILO,https://www.compraonline.alcampo.es/products/producto-alcampo-pasta-fideo-cabellín-paquete-de-500-g/16536,2026-10-02T13:37:45
pasta,Alcampo,62515,PRODUCTO ALCAMPO Pasta Fideuá de calidad superior 500 g.,500 g,"Precio 0,80 €",0.8,"1,60 € por kilo",1.6,KILO,https://www.compraonline.alcampo.es/products/producto-alcampo-pasta-fideuá-de-calidad-superior-500-g/62515,2026-10-02T13:37:45
pasta,Alcampo,404812,PRODUCTO ALCAMPO Pasta de estrellas 500 g.,500 g,"Precio 0,78 €",0.78,"1,56 € por kilo",1.56,KILO,https://www.compraonline.alcampo.es/products/producto-alcampo-pasta-de-estrellas-500-g/404812,2026-10-02T13:37:45
pasta,Alcampo,25838,PRODUCTO ALCAMPO Pasta maravilla de calidad superior 500 g.,500 g,"Precio 0,75 €",0.75,"1,50 € por kilo",1.5,KILO,https://www.compraonline.alcampo.es/products/producto-alcampo-pasta-maravilla-de-calidad-superior-500-g/25838,2026-10-02T13:37:45
pasta,Alcampo,62498,PRODUCTO ALCAMPO Pasta fideos gordo de calidad superior paquete de 500 g.,500 g,"Precio 0,75 €",0.75,"1,50 € por kilo",1.5,KILO,https://www.compraonline.alcampo.es/products/producto-alcampo-pasta-fideos-gordo-de-calidad-superior-paquete-de-500-g/62498,2026-10-02T13:37:45
pasta,Alcampo,14163,GALLO Pasta piñones 450 g.,450 g,"Precio 1,21 €",1.21,"2,69 € por kilo",2.69,KILO,https://www.compraonline.alcampo.es/products/gallo-pasta-piñones-450-g/14163,2026-10-02T13:37:45
pan,Alcampo,78854,Barra de pan común 250 g.,250 g,"Precio 0,44 €",0.44,"1,76 € por kilo",1.76,KILO,https://www.compraonline.alcampo.es/products/barra-de-pan-común-250-g/78854,2026-10-02T13:38:29
pan,Alcampo,20575,PRODUCTO ALCAMPO Pan de molde integral con corteza 600 g.,600 g,"Precio 1,00 €",1.0,"1,67 € por kilo",1.67,KILO,https://www.compraonline.alcampo.es/products/producto-alcampo-pan-de-molde-integral-con-corteza-600-g/20575,2026-10-02T13:38:29
pan,Alcampo,542249,THE RUSTIK BAKERY Pan de hogaza integral 450 g.,450 g,"Precio 3,05 €",3.05,"7,63 € por kilo",7.63,KILO,https://www.compraonline.alcampo.es/products/the-rustik-bakery-pan-de-hogaza-integral-450-g/542249,2026-10-02T13:38:29
pan,Alcampo,475429,"PRODUCTO ALCAMPO Pan de molde 100% integral de trigo, 0 % azúcares añadidos 460 g.",460 g,"Precio 0,90 €",0.9,"1,96 € por kilo",1.96,KILO,https://www.compraonline.alcampo.es/products/producto-alcampo-pan-de-molde-100-integral-de-trigo-0-azúcares-añadidos-460-g/475429,2026-10-02T13:38:29
pan,Alcampo,630713,BIMBO Pan de molde integral con corteza natural 100 % 360 g.,360 g,"Precio 2,48 €",2.48,"5,39 € por kilo",5.39,KILO,https://www.compraonline.alcampo.es/products/bimbo-pan-de-molde-integral-con-corteza-natural-100-360-g/630713,2026-10-02T13:38:29
pan,Alcampo,99297,MOLDIPAN Pan de molde elaborado con harina integral grano completo (54%) 500 g.,500 g,"Precio 0,79 €",0.79,"1,58 € por kilo",1.58,KILO,https://www.compraonline.alcampo.es/products/moldipan-pan-de-molde-elaborado-con-harina-integral-grano-completo-54-500-g/99297,2026-10-02T13:38:29
pan,Alcampo,673371,TRADIPAN Vitragrain Pan de molde con alto contenido en proteínas 450 g.,450 g,"Precio 2,07 €",2.07,"5,18 € por kilo",5.18,KILO,https://www.compraonline.alcampo.es/products/tradipan-vitragrain-pan-de-molde-con-alto-contenido-en-proteínas-450-g/673371,2026-10-02T13:38:29
pan,Alcampo,884364,BIMBO Pan de molde artesano integral trigo espelta con miel 550 g.,550 g,"Precio 2,55 €",2.55,"5,10 € por kilo",5.1,KILO,https://www.compraonline.alcampo.es/products/bimbo-pan-de-molde-artesano-integral-trigo-espelta-con-miel-550-g/884364,2026-10-02T13:38:29
pan,Alcampo,625361,MOLDIPAN Pan de molde integral con centeno y corteza 400 g.,400 g,"Precio 1,45 €",1.45,"3,63 € por kilo",3.63,KILO,https://www.compraonline.alcampo.es/products/moldipan-pan-de-molde-integral-con-centeno-y-corteza-400-g/625361,2026-10-02T13:38:29
pan,Alcampo,10053,DULCESOL Pan sándwich integral sottile 8 uds. 310 g.,8 uds,"Precio 1,79 €",1.79,"5,77 € por kilo",5.77,KILO,https://www.compraonline.alcampo.es/products/dulcesol-pan-sándwich-integral-sottile-8-uds-310-g/10053,2026-10-02T13:38:29
pan,Alcampo,19405,BIOGRAN Pan integral tipo payés 400 g.,400 g,"Precio 1,89 €",1.89,"4,73 € por kilo",4.73,KILO,https://www.compraonline.alcampo.es/products/biogran-pan-integral-tipo-payés-400-g/19405,2026-10-02T13:38:29
pan,Alcampo,839739,BIMBO Pan de molde sin corteza integral 450 g.,450 g,"Precio 2,90 €",2.9,"6,44 € por kilo",6.44,KILO,https://www.compraonline.alcampo.es/products/bimbo-pan-de-molde-sin-corteza-integral-450-g/839739,2026-10-02T13:38:29
pan,Alcampo,498926,BIMBO Pan de molde 100 % integral 450 gr.,450 gr,"Precio 1,93 €",1.93,"4,29 € por kilo",4.29,KILO,https://www.compraonline.alcampo.es/products/bimbo-pan-de-molde-100-integral-450-gr/498926,2026-10-02T13:38:29
pan,Alcampo,28586,PRODUCTO ALCAMPO Pan de molde blanco sin corteza 450 g.,450 g,"Precio 0,99 €",0.99,"2,20 € por kilo",2.2,KILO,https://www.compraonline.alcampo.es/products/producto-alcampo-pan-de-molde-blanco-sin-corteza-450-g/28586,2026-10-02T13:38:29
pollo,Alcampo,24024,AUCHAN Pechuga de pollo fileteada 6-8 uds Producto Alcampo.,8 uds,"Precio 3,65 €",3.65,"7,30 € por kilo",7.3,KILO,https://www.compraonline.alcampo.es/products/auchan-pechuga-de-pollo-fileteada-6-8-uds-producto-alcampo/24024,2026-10-02T13:39:20
pollo,Alcampo,23807,"AUCHAN Jamoncitos de pollo, bandeja al peso Producto Alcampo.",900g,"Precio 3,83 €",3.83,"4,25 € por kilo",4.25,KILO,https://www.compraonline.alcampo.es/products/auchan-jamoncitos-de-pollo-bandeja-al-peso-producto-alcampo/23807,2026-10-02T13:39:20
pollo,Alcampo,23746,AUCHAN Contramuslos de pollo fileteado Producto Alcampo.,500g,"Precio 3,15 €",3.15,"6,29 € por kilo",6.29,KILO,https://www.compraonline.alcampo.es/products/auchan-contramuslos-de-pollo-fileteado-producto-alcampo/23746,2026-10-02T13:39:20
pollo,Alcampo,23871,AUCHAN Pechuga pollo XXL. Producto Alcampo,1700g,"Precio 10,20 €",10.2,"6,00 € por kilo",6.0,KILO,https://www.compraonline.alcampo.es/products/auchan-pechuga-pollo-xxl-producto-alcampo/23871,2026-10-02T13:39:20
pollo,Alcampo,24219,AUCHAN Pollo limpio para asar. Producto Alcampo,1600g,"Precio 5,58 €",5.58,"3,49 € por kilo",3.49,KILO,https://www.compraonline.alcampo.es/products/auchan-pollo-limpio-para-asar-producto-alcampo/24219,2026-10-02T13:39:20
pollo,Alcampo,24294,AUCHAN Solomillo pollo bandeja. Producto Alcampo,500g,"Precio 4,00 €",4.0,"8,00 € por kilo",8.0,KILO,https://www.compraonline.alcampo.es/products/auchan-solomillo-pollo-bandeja-producto-alcampo/24294,2026-10-02T13:39:20
pollo,Alcampo,24519,AUCHAN Jamoncitos de pollo 10 uds XXL. Producto Alcampo.,10 uds,"Precio 5,63 €",5.63,"3,75 € por kilo",3.75,KILO,https://www.compraonline.alcampo.es/products/auchan-jamoncitos-de-pollo-10-uds-xxl-producto-alcampo/24519,2026-10-02T13:39:20
pollo,Alcampo,24582,AUCHAN Cuarto trasero pollo XXL. Producto Alcampo,1600g,"Precio 4,45 €",4.45,"2,78 € por kilo",2.78,KILO,https://www.compraonline.alcampo.es/products/auchan-cuarto-trasero-pollo-xxl-producto-alcampo/24582,2026-10-02T13:39:20
pollo,Alcampo,23852,AUCHAN Pechugas de pollo enteras Producto Alcampo.,1000g,"Precio 6,58 €",6.58,"6,58 € por kilo",6.58,KILO,https://www.compraonline.alcampo.es/products/auchan-pechugas-de-pollo-enteras-producto-alcampo/23852,2026-10-02T13:39:20
pollo,Alcampo,24529,AUCHAN Contramuslos de pollo XXL. Producto Alcampo,1000g,"Precio 3,98 €",3.98,"3,98 € por kilo",3.98,KILO,https://www.compraonline.alcampo.es/products/auchan-contramuslos-de-pollo-xxl-producto-alcampo/24529,2026-10-02T13:39:20
pollo,Alcampo,23712,AUCHAN Alas de pollo 14-18 uds XXL. Producto Alcampo,18 uds,"Precio 5,63 €",5.63,"3,88 € por kilo",3.88,KILO,https://www.compraonline.alcampo.es/products/auchan-alas-de-pollo-14-18-uds-xxl-producto-alcampo/23712,2026-10-02T13:39:20
pollo,Alcampo,23716,AUCHAN Alita blanqueta partida de pollo. Producto Alcampo,700g,"Precio 3,63 €",3.63,"5,19 € por kilo",5.19,KILO,https://www.compraonline.alcampo.es/products/auchan-alita-blanqueta-partida-de-pollo-producto-alcampo/23716,2026-10-02T13:39:20
pollo,Alcampo,23829,AUCHAN Muslos de pollo 2 uds. Producto Alcampo,2 uds,"Precio 2,75 €",2.75,"4,59 € por kilo",4.59,KILO,https://www.compraonline.alcampo.es/products/auchan-muslos-de-pollo-2-uds-producto-alcampo/23829,2026-10-02T13:39:20
pollo,Alcampo,24134,AUCHAN Pollo x 2 uds. Producto Alcampo,2 uds,"Precio 6,90 €",6.9,"3,45 € por kilo",3.45,KILO,https://www.compraonline.alcampo.es/products/auchan-pollo-x-2-uds-producto-alcampo/24134,2026-10-02T13:39:20
pollo,Alcampo,23809,AUCHAN Medio pollo troceado bandeja. Producto Alcampo,900g,"Precio 3,60 €",3.6,"4,00 € por kilo",4.0,KILO,https://www.compraonline.alcampo.es/products/auchan-medio-pollo-troceado-bandeja-producto-alcampo/23809,2026-10-02T13:39:20
pollo,Alcampo,23704,AUCHAN Alas de pollo 6-7 uds. Producto Alcampo,7 uds,"Precio 3,49 €",3.49,"4,99 € por kilo",4.99,KILO,https://www.compraonline.alcampo.es/products/auchan-alas-de-pollo-6-7-uds-producto-alcampo/23704,2026-10-02T13:39:20
pollo,Alcampo,23754,AUCHAN Cuarto trasero de pollo 2 uds bandeja. Producto Alcampo,2 uds,"Precio 2,64 €",2.64,"3,30 € por kilo",3.3,KILO,https://www.compraonline.alcampo.es/products/auchan-cuarto-trasero-de-pollo-2-uds-bandeja-producto-alcampo/23754,2026-10-02T13:39:20
pollo,Alcampo,24728,AUCHAN Muslos de pollo para brasa x2. Producto Alcampo,600g,"Precio 3,45 €",3.45,"5,75 € por kilo",5.75,KILO,https://www.compraonline.alcampo.es/products/auchan-muslos-de-pollo-para-brasa-x2-producto-alcampo/24728,2026-10-02T13:39:20
pollo,Alcampo,76062,COREN Bandeja de pollo ecológico limpio y entero.,1800g,"Precio 24,46 €",24.46,"13,59 € por kilo",13.59,KILO,https://www.compraonline.alcampo.es/products/coren-bandeja-de-pollo-ecológico-limpio-y-entero/76062,2026-10-02T13:39:20
pollo,Alcampo,23737,AUCHAN Contramuslos de pollo 4 uds. Producto Alcampo,4 uds,"Precio 2,48 €",2.48,"4,95 € por kilo",4.95,KILO,https://www.compraonline.alcampo.es/products/auchan-contramuslos-de-pollo-4-uds-producto-alcampo/23737,2026-10-02T13:39:20
pollo,Alcampo,23752,AUCHAN Contramuslos de pollo sin piel Producto Alcampo.,800g,"Precio 4,47 €",4.47,"5,59 € por kilo",5.59,KILO,https://www.compraonline.alcampo.es/products/auchan-contramuslos-de-pollo-sin-piel-producto-alcampo/23752,2026-10-02T13:39:20
pollo,Alcampo,65623,ROLER La carniceria Pechuga de pollo en filetes extrafinos 320 g.,320 g,"Precio 4,99 €",4.99,"15,59 € por kilo",15.59,KILO,https://www.compraonline.alcampo.es/products/roler-la-carniceria-pechuga-de-pollo-en-filetes-extrafinos-320-g/65623,2026-10-02T13:39:20
pollo,Alcampo,24105,AUCHAN Pechuga fileteada 12-16 uds Producto Alcampo.,16 uds,"Precio 7,78 €",7.78,"7,07 € por kilo",7.07,KILO,https://www.compraonline.alcampo.es/products/auchan-pechuga-fileteada-12-16-uds-producto-alcampo/24105,2026-10-02T13:39:20
pollo,Alcampo,23961,AUCHAN Pechuga de pollo filete abierta. Producto Alcampo,500g,"Precio 4,25 €",4.25,"8,49 € por kilo",8.49,KILO,https://www.compraonline.alcampo.es/products/auchan-pechuga-de-pollo-filete-abierta-producto-alcampo/23961,2026-10-02T13:39:20
pollo,Alcampo,23960,AUCHAN Pechuga de pollo entera 1 unidad Producto Alcampo.,300g,"Precio 2,40 €",2.4,"7,99 € por kilo",7.99,KILO,https://www.compraonline.alcampo.es/products/auchan-pechuga-de-pollo-entera-1-unidad-producto-alcampo/23960,2026-10-02T13:39:20
pollo,Alcampo,42868,COREN Bandeja de jamoncitos con piel de pollo ecológico.,500g,"Precio 7,38 €",7.38,"14,75 € por kilo",14.75,KILO,https://www.compraonline.alcampo.es/products/coren-bandeja-de-jamoncitos-con-piel-de-pollo-ecológico/42868,2026-10-02T13:39:20
pollo,Alcampo,24642,AUCHAN Delicias de pollo. Producto Alcampo,800g,"Precio 4,79 €",4.79,"5,99 € por kilo",5.99,KILO,https://www.compraonline.alcampo.es/products/auchan-delicias-de-pollo-producto-alcampo/24642,2026-10-02T13:39:20
pollo,Alcampo,76146,COREN Bandeja de muslos de pollo ecológicos con piel.,500g,"Precio 7,20 €",7.2,"14,39 € por kilo",14.39,KILO,https://www.compraonline.alcampo.es/products/coren-bandeja-de-muslos-de-pollo-ecológicos-con-piel/76146,2026-10-02T13:39:20
pollo,Alcampo,76115,COREN Bandeja de pechuga de pollo ecológico.,450g,"Precio 12,58 €",12.58,"27,95 € por kilo",27.95,KILO,https://www.compraonline.alcampo.es/products/coren-bandeja-de-pechuga-de-pollo-ecológico/76115,2026-10-02T13:39:20
pollo,Alcampo,76147,COREN Bandeja de alitas de pollo ecológicas sin punta y con piel.,400g,"Precio 5,90 €",5.9,"14,75 € por kilo",14.75,KILO,https://www.compraonline.alcampo.es/products/coren-bandeja-de-alitas-de-pollo-ecológicas-sin-punta-y-con-piel/76147,2026-10-02T13:39:20
pollo,Alcampo,715420,"SERRANO Toppings Fiambre de pechuga de pollo al horno, cortada en tiras 140 g.",140 g,"Precio 2,45 €",2.45,"17,50 € por kilo",17.5,KILO,https://www.compraonline.alcampo.es/products/serrano-toppings-fiambre-de-pechuga-de-pollo-al-horno-cortada-en-tiras-140-g/715420,2026-10-02T13:39:20
pollo,Alcampo,66259,"LA BROCHE Tiras de pechuga de pollo asado, ideales para ensaladas, arroces y pizzas LA BROCHE 125 g.",125 g,"Precio 2,09 €",2.09,"16,72 € por kilo",16.72,KILO,https://www.compraonline.alcampo.es/products/la-broche-tiras-de-pechuga-de-pollo-asado-ideales-para-ensaladas-arroces-y-pizzas-la-broche-125-g/66259,2026-10-02T13:39:20
pollo,Alcampo,715424,"SERRANO Toppings Fiambre de pechuga de pollo al natural, cortada en tiras 140 g.",140 g,"Precio 2,45 €",2.45,"17,50 € por kilo",17.5,KILO,https://www.compraonline.alcampo.es/products/serrano-toppings-fiambre-de-pechuga-de-pollo-al-natural-cortada-en-tiras-140-g/715424,2026-10-02T13:39:20
pollo,Alcampo,244344,"ALDELÍS Hamburguesas de pollo con calabacín, espinacas y queso 4 x 80 g.",80 g,"Precio 3,99 €",3.99,"12,47 € por kilo",12.47,KILO,https://www.compraonline.alcampo.es/products/aldelís-hamburguesas-de-pollo-con-calabacín-espinacas-y-queso-4-x-80-g/244344,2026-10-02T13:39:20
pollo,Alcampo,65282,Bandeja de pechugas de pollo estilo Villaroy CALATAYUD Caseritos.,400g,"Precio 3,60 €",3.6,"8,99 € por kilo",8.99,KILO,https://www.compraonline.alcampo.es/products/bandeja-de-pechugas-de-pollo-estilo-villaroy-calatayud-caseritos/65282,2026-10-02T13:39:20
pollo,Alcampo,643104,Bandeja de hamburguesas de pollo con trocitos de queso fundido ALDELÍS 4 x 80 g.,80 g,"Precio 3,99 €",3.99,"12,47 € por kilo",12.47,KILO,https://www.compraonline.alcampo.es/products/bandeja-de-hamburguesas-de-pollo-con-trocitos-de-queso-fundido-aldelís-4-x-80-g/643104,2026-10-02T13:39:20
pollo,Alcampo,524458,ROLER Burger meat de pollo elaboradas sin gluten 6 x 90 g.,90 g,"Precio 5,29 €",5.29,"9,80 € por kilo",9.8,KILO,https://www.compraonline.alcampo.es/products/roler-burger-meat-de-pollo-elaboradas-sin-gluten-6-x-90-g/524458,2026-10-02T13:39:20
pollo,Alcampo,859899,EL POZO King upp Bandeja con burger meat de pollo con rebozado crujiente estilo americano 2 x 120 g.,120 g,"Precio 3,65 €",3.65,"15,21 € por kilo",15.21,KILO,https://www.compraonline.alcampo.es/products/el-pozo-king-upp-bandeja-con-burger-meat-de-pollo-con-rebozado-crujiente-estilo-americano-2-x-120-g/859899,2026-10-02T13:39:20
pollo,Alcampo,784487,Bandeja con preparado de carne picada mixta (pollo - pavo) EL POZO Bienstar pro 400 g.,400 g,"Precio 4,35 €",4.35,"10,88 € por kilo",10.88,KILO,https://www.compraonline.alcampo.es/products/bandeja-con-preparado-de-carne-picada-mixta-pollo-pavo-el-pozo-bienstar-pro-400-g/784487,2026-10-02T13:39:20
pollo,Alcampo,643099,Bandeja con hamburguesas de pollo con espicanas ALDELÍS 313 g.,313 g,"Precio 3,99 €",3.99,"12,75 € por kilo",12.75,KILO,https://www.compraonline.alcampo.es/products/bandeja-con-hamburguesas-de-pollo-con-espicanas-aldelís-313-g/643099,2026-10-02T13:39:20
pollo,Alcampo,78057,EMCESA Bandeja con pinchos de pollo marinados al estilo andaluz 300 g.,300 g,"Precio 3,75 €",3.75,"12,50 € por kilo",12.5,KILO,https://www.compraonline.alcampo.es/products/emcesa-bandeja-con-pinchos-de-pollo-marinados-al-estilo-andaluz-300-g/78057,2026-10-02T13:39:20
pollo,Alcampo,54771,EMCESA Brochetas de pollo marinado con verduras 320 g.,320 g,"Precio 3,75 €",3.75,"11,72 € por kilo",11.72,KILO,https://www.compraonline.alcampo.es/products/emcesa-brochetas-de-pollo-marinado-con-verduras-320-g/54771,2026-10-02T13:39:20
pollo,Alcampo,616980,Bandeja de hamburguesas de pollo de corral COREN 2 x 125 g.,125 g,"Precio 3,75 €",3.75,"15,00 € por kilo",15.0,KILO,https://www.compraonline.alcampo.es/products/bandeja-de-hamburguesas-de-pollo-de-corral-coren-2-x-125-g/616980,2026-10-02T13:39:20
pollo,Alcampo,222870,"ALCAMPO CULTIVAMOS LO BUENO Hamburguesa de pollo campero, con rebozado crujiente 2 x 120 g.",120 g,"Precio 2,99 €",2.99,"12,46 € por kilo",12.46,KILO,https://www.compraonline.alcampo.es/products/alcampo-cultivamos-lo-bueno-hamburguesa-de-pollo-campero-con-rebozado-crujiente-2-x-120-g/222870,2026-10-02T13:39:20
pollo,Alcampo,76753,Bandejas de albóndigas caseras de pollo ALDELÍS,420g,"Precio 4,95 €",4.95,"11,79 € por kilo",11.79,KILO,https://www.compraonline.alcampo.es/products/bandejas-de-albóndigas-caseras-de-pollo-aldelís/76753,2026-10-02T13:39:20
pollo,Alcampo,76754,"Croquetas con trocitos de pollo, jamón y cremosa bechamel ALDELÍS 12 uds.",12 uds,"Precio 3,49 €",3.49,"9,18 € por kilo",9.18,KILO,https://www.compraonline.alcampo.es/products/croquetas-con-trocitos-de-pollo-jamón-y-cremosa-bechamel-aldelís-12-uds/76754,2026-10-02T13:39:20
pollo,Alcampo,643103,Bandeja de hamburguesas mixtas (pavo y pollo) ALDELÍS 4 x 80 g.,80 g,"Precio 3,99 €",3.99,"12,47 € por kilo",12.47,KILO,https://www.compraonline.alcampo.es/products/bandeja-de-hamburguesas-mixtas-pavo-y-pollo-aldelís-4-x-80-g/643103,2026-10-02T13:39:20
pollo,Alcampo,541358,Bandeja con hamburguesas de pollo de corral con espinacas COREN 2 x 125 g.,125 g,"Precio 3,75 €",3.75,"15,00 € por kilo",15.0,KILO,https://www.compraonline.alcampo.es/products/bandeja-con-hamburguesas-de-pollo-de-corral-con-espinacas-coren-2-x-125-g/541358,2026-10-02T13:39:20
carne picada,Alcampo,76688,"Bandeja de preparado de carne picada mixta (vacuno-cerdo), elaborada sin gluten ROLER 800 g.",800 g,"Precio 6,49 €",6.49,"8,11 € por kilo",8.11,KILO,https://www.compraonline.alcampo.es/products/bandeja-de-preparado-de-carne-picada-mixta-vacuno-cerdo-elaborada-sin-gluten-roler-800-g/76688,2026-10-02T13:40:12
carne picada,Alcampo,76683,ROLER Selección Bandeja de preparado de carne picada (burger meat) mixta (vacuno-cerdo) 400 g.,400 g,"Precio 4,75 €",4.75,"11,88 € por kilo",11.88,KILO,https://www.compraonline.alcampo.es/products/roler-selección-bandeja-de-preparado-de-carne-picada-burger-meat-mixta-vacuno-cerdo-400-g/76683,2026-10-02T13:40:12
carne picada,Alcampo,76216,Bandeja con preparado de carne picada de vacuno ROLER 800 g.,800 g,"Precio 8,99 €",8.99,"11,24 € por kilo",11.24,KILO,https://www.compraonline.alcampo.es/products/bandeja-con-preparado-de-carne-picada-de-vacuno-roler-800-g/76216,2026-10-02T13:40:12
carne picada,Alcampo,673622,ALCAMPO CULTIVAMOS LO BUENO Preparado de carne picada de vacuno Villa del Monte  400 g.,400 g,"Precio 6,85 €",6.85,"17,13 € por kilo",17.13,KILO,https://www.compraonline.alcampo.es/products/alcampo-cultivamos-lo-bueno-preparado-de-carne-picada-de-vacuno-villa-del-monte-400-g/673622,2026-10-02T13:40:12
carne picada,Alcampo,681260,"EL POZO Bandeja con preparado de carne picada mixta (cerdo-vacuno), sin gluten ni lactosa 800 g.",800 g,"Precio 7,65 €",7.65,"9,56 € por kilo",9.56,KILO,https://www.compraonline.alcampo.es/products/el-pozo-bandeja-con-preparado-de-carne-picada-mixta-cerdo-vacuno-sin-gluten-ni-lactosa-800-g/681260,2026-10-02T13:40:12
carne picada,Alcampo,909820,Bandeja de preparado de carne picada mixta (vacuno-cerdo) ROLER 500 g.,500 g,"Precio 4,95 €",4.95,"9,90 € por kilo",9.9,KILO,https://www.compraonline.alcampo.es/products/bandeja-de-preparado-de-carne-picada-mixta-vacuno-cerdo-roler-500-g/909820,2026-10-02T13:40:12
carne picada,Alcampo,89128,"ROLER Selección Bandeja de preparado de carne picada de vacuno, elaborada sin gluten ni lactosa 400 g.",400 g,"Precio 5,29 €",5.29,"13,23 € por kilo",13.23,KILO,https://www.compraonline.alcampo.es/products/roler-selección-bandeja-de-preparado-de-carne-picada-de-vacuno-elaborada-sin-gluten-ni-lactosa-400-g/89128,2026-10-02T13:40:12
carne picada,Alcampo,673712,ALCAMPO CULTIVAMOS LO BUENO Preparado de carne picada de vacuno Angus de origen nacional  400 g.,400 g,"Precio 6,95 €",6.95,"17,38 € por kilo",17.38,KILO,https://www.compraonline.alcampo.es/products/alcampo-cultivamos-lo-bueno-preparado-de-carne-picada-de-vacuno-angus-de-origen-nacional-400-g/673712,2026-10-02T13:40:12
carne picada,Alcampo,217038,EMCESA Preparado de carne mixta (cerdo y vacuno) 500 g.,500 g,"Precio 5,45 €",5.45,"10,90 € por kilo",10.9,KILO,https://www.compraonline.alcampo.es/products/emcesa-preparado-de-carne-mixta-cerdo-y-vacuno-500-g/217038,2026-10-02T13:40:12
carne picada,Alcampo,479438,ALCAMPO CULTIVAMOS LO BUENO ECOLÓGICO Preparado de carne picada de ternera ecológica  300 g.,300 g,"Precio 6,25 €",6.25,"20,83 € por kilo",20.83,KILO,https://www.compraonline.alcampo.es/products/alcampo-cultivamos-lo-bueno-ecológico-preparado-de-carne-picada-de-ternera-ecológica-300-g/479438,2026-10-02T13:40:12
carne picada,Alcampo,82348,Bandeja con preparado de carne picada mixta (vacuno - cerdo) ROLER 800 g.,800 g,"Precio 7,99 €",7.99,"9,99 € por kilo",9.99,KILO,https://www.compraonline.alcampo.es/products/bandeja-con-preparado-de-carne-picada-mixta-vacuno-cerdo-roler-800-g/82348,2026-10-02T13:40:12
carne picada,Alcampo,89142,"Bandeja de preparado de carne picada de vacuno, elaborada sin gluten ROLER 800 g.",800 g,"Precio 9,99 €",9.99,"12,49 € por kilo",12.49,KILO,https://www.compraonline.alcampo.es/products/bandeja-de-preparado-de-carne-picada-de-vacuno-elaborada-sin-gluten-roler-800-g/89142,2026-10-02T13:40:12
carne picada,Alcampo,217039,EMCESA Preparado de carne picada de vacuno 500 g.,500 g,"Precio 6,45 €",6.45,"12,90 € por kilo",12.9,KILO,https://www.compraonline.alcampo.es/products/emcesa-preparado-de-carne-picada-de-vacuno-500-g/217039,2026-10-02T13:40:12
carne picada,Alcampo,82447,Albóndigas mixtas (cerdo-vacuno) ROLER 667 gr. 20 uds.,667 gr,"Precio 7,49 €",7.49,"11,23 € por kilo",11.23,KILO,https://www.compraonline.alcampo.es/products/albóndigas-mixtas-cerdo-vacuno-roler-667-gr-20-uds/82447,2026-10-02T13:40:12
carne picada,Alcampo,76246,Bandeja con preparado de carne picada de vacuno (burger meat) ROLER 400 g.,400 g,"Precio 5,25 €",5.25,"13,13 € por kilo",13.13,KILO,https://www.compraonline.alcampo.es/products/bandeja-con-preparado-de-carne-picada-de-vacuno-burger-meat-roler-400-g/76246,2026-10-02T13:40:12
carne picada,Alcampo,649988,Albóndigas mixtas estilo casero (cerdo - vacuno) con ajo y perejil ROLER 12 uds.,12 uds,"Precio 4,59 €",4.59,"11,48 € por kilo",11.48,KILO,https://www.compraonline.alcampo.es/products/albóndigas-mixtas-estilo-casero-cerdo-vacuno-con-ajo-y-perejil-roler-12-uds/649988,2026-10-02T13:40:12
carne picada,Alcampo,543028,"Bandeja de preparado de carne burger meat mixta (vacuno-cerdo), especial Boloñesa 250 g.",250 g,"Precio 2,99 €",2.99,"11,96 € por kilo",11.96,KILO,https://www.compraonline.alcampo.es/products/bandeja-de-preparado-de-carne-burger-meat-mixta-vacuno-cerdo-especial-boloñesa-250-g/543028,2026-10-02T13:40:12
carne picada,Alcampo,496620,ROLER La carnicería Albóndigas de burger meat de pollo 12 uds 400 g.,12 uds,"Precio 4,25 €",4.25,"10,63 € por kilo",10.63,KILO,https://www.compraonline.alcampo.es/products/roler-la-carnicería-albóndigas-de-burger-meat-de-pollo-12-uds-400-g/496620,2026-10-02T13:40:12
carne picada,Alcampo,78466,EL POZO Preparado de carne picada mixta (cerdo y vacuno) 2 x 250 g.,250 g,"Precio 5,25 €",5.25,"10,50 € por kilo",10.5,KILO,https://www.compraonline.alcampo.es/products/el-pozo-preparado-de-carne-picada-mixta-cerdo-y-vacuno-2-x-250-g/78466,2026-10-02T13:40:12
carne picada,Alcampo,681291,EL POZO Preparado (burger meat) de carne picada de vacuno 800 g.,800 g,"Precio 8,99 €",8.99,"11,24 € por kilo",11.24,KILO,https://www.compraonline.alcampo.es/products/el-pozo-preparado-burger-meat-de-carne-picada-de-vacuno-800-g/681291,2026-10-02T13:40:12
carne picada,Alcampo,784487,Bandeja con preparado de carne picada mixta (pollo - pavo) EL POZO Bienstar pro 400 g.,400 g,"Precio 4,35 €",4.35,"10,88 € por kilo",10.88,KILO,https://www.compraonline.alcampo.es/products/bandeja-con-preparado-de-carne-picada-mixta-pollo-pavo-el-pozo-bienstar-pro-400-g/784487,2026-10-02T13:40:12
carne picada,Alcampo,199314,ALCAMPO CULTIVAMOS LO BUENO Hamburguesas congeladas de vacuno Villa del Monte 2 x 150 g.,150 g,"Precio 3,55 €",3.55,"11,83 € por kilo",11.83,KILO,https://www.compraonline.alcampo.es/products/alcampo-cultivamos-lo-bueno-hamburguesas-congeladas-de-vacuno-villa-del-monte-2-x-150-g/199314,2026-10-02T13:40:12
carne picada,Alcampo,435795,ALCAMPO CULTIVAMOS LO BUENO Hamburguesa de vacuno angus 2x150 g.,,"Precio 4,55 €",4.55,,,,https://www.compraonline.alcampo.es/products/alcampo-cultivamos-lo-bueno-hamburguesa-de-vacuno-angus-2x150-g/435795,2026-10-02T13:40:12
carne picada,Alcampo,244344,"ALDELÍS Hamburguesas de pollo con calabacín, espinacas y queso 4 x 80 g.",80 g,"Precio 3,99 €",3.99,"12,47 € por kilo",12.47,KILO,https://www.compraonline.alcampo.es/products/aldelís-hamburguesas-de-pollo-con-calabacín-espinacas-y-queso-4-x-80-g/244344,2026-10-02T13:40:12
carne picada,Alcampo,673711,ALCAMPO CULTIVAMOS LO BUENO Hamburguesa de añojo Angus de origen nacional  2 x 150 g.,150 g,"Precio 5,45 €",5.45,"18,17 € por kilo",18.17,KILO,https://www.compraonline.alcampo.es/products/alcampo-cultivamos-lo-bueno-hamburguesa-de-añojo-angus-de-origen-nacional-2-x-150-g/673711,2026-10-02T13:40:12
carne picada,Alcampo,86702,"ROLER Selección La carniceria Bandeja de burger meat mixta (vacuno - cerdo), elaboradas sin gluten ni lactosa 4 x 80 g.",80 g,"Precio 3,39 €",3.39,"10,59 € por kilo",10.59,KILO,https://www.compraonline.alcampo.es/products/roler-selección-la-carniceria-bandeja-de-burger-meat-mixta-vacuno-cerdo-elaboradas-sin-gluten-ni-lactosa-4-x-80-g/86702,2026-10-02T13:40:12
carne picada,Alcampo,76985,"Burger meat de cerdo ibérico, elaboradas sin gluten y sin lactosa LEGADO IBÉRICO Selección 4 x 80 g.",80 g,"Precio 3,75 €",3.75,"10,42 € por kilo",10.42,KILO,https://www.compraonline.alcampo.es/products/burger-meat-de-cerdo-ibérico-elaboradas-sin-gluten-y-sin-lactosa-legado-ibérico-selección-4-x-80-g/76985,2026-10-02T13:40:12
carne picada,Alcampo,859899,EL POZO King upp Bandeja con burger meat de pollo con rebozado crujiente estilo americano 2 x 120 g.,120 g,"Precio 3,65 €",3.65,"15,21 € por kilo",15.21,KILO,https://www.compraonline.alcampo.es/products/el-pozo-king-upp-bandeja-con-burger-meat-de-pollo-con-rebozado-crujiente-estilo-americano-2-x-120-g/859899,2026-10-02T13:40:12
carne picada,Alcampo,82325,ROLER Bandeja con burger meat mixta (vacuno - cero) 6 x 80 g.,80 g,"Precio 4,49 €",4.49,"9,35 € por kilo",9.35,KILO,https://www.compraonline.alcampo.es/products/roler-bandeja-con-burger-meat-mixta-vacuno-cero-6-x-80-g/82325,2026-10-02T13:40:12
carne picada,Alcampo,524458,ROLER Burger meat de pollo elaboradas sin gluten 6 x 90 g.,90 g,"Precio 5,29 €",5.29,"9,80 € por kilo",9.8,KILO,https://www.compraonline.alcampo.es/products/roler-burger-meat-de-pollo-elaboradas-sin-gluten-6-x-90-g/524458,2026-10-02T13:40:12
carne picada,Alcampo,643099,Bandeja con hamburguesas de pollo con espicanas ALDELÍS 313 g.,313 g,"Precio 3,99 €",3.99,"12,75 € por kilo",12.75,KILO,https://www.compraonline.alcampo.es/products/bandeja-con-hamburguesas-de-pollo-con-espicanas-aldelís-313-g/643099,2026-10-02T13:40:12
carne picada,Alcampo,643103,Bandeja de hamburguesas mixtas (pavo y pollo) ALDELÍS 4 x 80 g.,80 g,"Precio 3,99 €",3.99,"12,47 € por kilo",12.47,KILO,https://www.compraonline.alcampo.es/products/bandeja-de-hamburguesas-mixtas-pavo-y-pollo-aldelís-4-x-80-g/643103,2026-10-02T13:40:12
carne picada,Alcampo,673823,ALCAMPO CULTIVAMOS LO BUENO Hamburguesas de vacuno Villa del Monte  2 x 150 g.,150 g,"Precio 5,25 €",5.25,"17,50 € por kilo",17.5,KILO,https://www.compraonline.alcampo.es/products/alcampo-cultivamos-lo-bueno-hamburguesas-de-vacuno-villa-del-monte-2-x-150-g/673823,2026-10-02T13:40:12
carne picada,Alcampo,896571,CASA DE VACAS Hamburguesa 99% carne de vacuno 2x150 gr.,300g,"Precio 8,25 €",8.25,"27,50 € por kilo",27.5,KILO,https://www.compraonline.alcampo.es/products/casa-de-vacas-hamburguesa-99-carne-de-vacuno-2x150-gr/896571,2026-10-02T13:40:12
carne picada,Alcampo,227243,Bandeja con burger meat mixta (vacuno-cerdo) EL POZO 8 x 90 g.,90 g,"Precio 6,75 €",6.75,"9,38 € por kilo",9.38,KILO,https://www.compraonline.alcampo.es/products/bandeja-con-burger-meat-mixta-vacuno-cerdo-el-pozo-8-x-90-g/227243,2026-10-02T13:40:12
carne picada,Alcampo,643102,Bandeja de hamburguesas de pollo con zanahoria ALDELÍS 316 g.,316 g,"Precio 3,99 €",3.99,"12,63 € por kilo",12.63,KILO,https://www.compraonline.alcampo.es/products/bandeja-de-hamburguesas-de-pollo-con-zanahoria-aldelís-316-g/643102,2026-10-02T13:40:12
carne picada,Alcampo,66885,SANTA ROSALIA Wagyu gold Mini burger meat de vacuno raza Wagyu 8 x 35 g.,35 g,"Precio 8,55 €",8.55,"31,43 € por kilo",31.43,KILO,https://www.compraonline.alcampo.es/products/santa-rosalia-wagyu-gold-mini-burger-meat-de-vacuno-raza-wagyu-8-x-35-g/66885,2026-10-02T13:40:12
carne picada,Alcampo,916429,"Burger meat de pavo con espinacas, elaboradas sin gluten ni lactosa  EL POZO King 2 x 120 g.",120 g,"Precio 2,69 €",2.69,"11,21 € por kilo",11.21,KILO,https://www.compraonline.alcampo.es/products/burger-meat-de-pavo-con-espinacas-elaboradas-sin-gluten-ni-lactosa-el-pozo-king-2-x-120-g/916429,2026-10-02T13:40:12
carne picada,Alcampo,227242,"Bandeja con burger meat de cerdo, con ajo y perejil EL POZO 8 x 90 g.",90 g,"Precio 5,45 €",5.45,"7,57 € por kilo",7.57,KILO,https://www.compraonline.alcampo.es/products/bandeja-con-burger-meat-de-cerdo-con-ajo-y-perejil-el-pozo-8-x-90-g/227242,2026-10-02T13:40:12
carne picada,Alcampo,222872,ALCAMPO CULTIVAMOS LO BUENO Mini hamburguesas de pollo campero 8 x 30 g.,30 g,"Precio 2,99 €",2.99,"12,46 € por kilo",12.46,KILO,https://www.compraonline.alcampo.es/products/alcampo-cultivamos-lo-bueno-mini-hamburguesas-de-pollo-campero-8-x-30-g/222872,2026-10-02T13:40:12
carne picada,Alcampo,561227,GOIKO Burger meat de vacuno 100% criado en España 2 x 180 g.,180 g,"Precio 8,25 €",8.25,"22,92 € por kilo",22.92,KILO,https://www.compraonline.alcampo.es/products/goiko-burger-meat-de-vacuno-100-criado-en-españa-2-x-180-g/561227,2026-10-02T13:40:12
carne picada,Alcampo,193543,COREN Selecta Hamburguesas de cerdo alimentado con castañas 2 x 125 g.,125 g,"Precio 3,75 €",3.75,"15,00 € por kilo",15.0,KILO,https://www.compraonline.alcampo.es/products/coren-selecta-hamburguesas-de-cerdo-alimentado-con-castañas-2-x-125-g/193543,2026-10-02T13:40:12
carne picada,Alcampo,75518,Bandeja de burger meat de vacuno ROLER 6 x 80 g.,80 g,"Precio 5,89 €",5.89,"12,27 € por kilo",12.27,KILO,https://www.compraonline.alcampo.es/products/bandeja-de-burger-meat-de-vacuno-roler-6-x-80-g/75518,2026-10-02T13:40:12
carne picada,Alcampo,643104,Bandeja de hamburguesas de pollo con trocitos de queso fundido ALDELÍS 4 x 80 g.,80 g,"Precio 3,99 €",3.99,"12,47 € por kilo",12.47,KILO,https://www.compraonline.alcampo.es/products/bandeja-de-hamburguesas-de-pollo-con-trocitos-de-queso-fundido-aldelís-4-x-80-g/643104,2026-10-02T13:40:12
carne picada,Alcampo,76622,"ROLER Selección Bandeja con burger meat de vacuno, elaboradas sin gluten ni lactosa 4 x 80 g.",80 g,"Precio 4,25 €",4.25,"13,28 € por kilo",13.28,KILO,https://www.compraonline.alcampo.es/products/roler-selección-bandeja-con-burger-meat-de-vacuno-elaboradas-sin-gluten-ni-lactosa-4-x-80-g/76622,2026-10-02T13:40:12
carne picada,Alcampo,222871,ALCAMPO CULTIVAMOS LO BUENO Hamburguesa de pollo campero 2 x 120 g.,120 g,"Precio 2,99 €",2.99,"12,46 € por kilo",12.46,KILO,https://www.compraonline.alcampo.es/products/alcampo-cultivamos-lo-bueno-hamburguesa-de-pollo-campero-2-x-120-g/222871,2026-10-02T13:40:12
carne picada,Alcampo,518327,Bandeja con burger meat de ternera gallega COREN 2 x 120 g.,120 g,"Precio 4,45 €",4.45,"18,54 € por kilo",18.54,KILO,https://www.compraonline.alcampo.es/products/bandeja-con-burger-meat-de-ternera-gallega-coren-2-x-120-g/518327,2026-10-02T13:40:12
carne picada,Alcampo,209172,PUJOL´S Burger meat de vaca madurada dry aged 2 x 150 g.,150 g,"Precio 6,95 €",6.95,"23,17 € por kilo",23.17,KILO,https://www.compraonline.alcampo.es/products/pujol-s-burger-meat-de-vaca-madurada-dry-aged-2-x-150-g/209172,2026-10-02T13:40:12
carne picada,Alcampo,222870,"ALCAMPO CULTIVAMOS LO BUENO Hamburguesa de pollo campero, con rebozado crujiente 2 x 120 g.",120 g,"Precio 2,99 €",2.99,"12,46 € por kilo",12.46,KILO,https://www.compraonline.alcampo.es/products/alcampo-cultivamos-lo-bueno-hamburguesa-de-pollo-campero-con-rebozado-crujiente-2-x-120-g/222870,2026-10-02T13:40:12
carne picada,Alcampo,67215,MIGUEL VERGARA Burger meat vacuno añojo raza Angus 2 x 160 g.,160 g,"Precio 5,95 €",5.95,"18,59 € por kilo",18.59,KILO,https://www.compraonline.alcampo.es/products/miguel-vergara-burger-meat-vacuno-añojo-raza-angus-2-x-160-g/67215,2026-10-02T13:40:12
salmón,Alcampo,71549,AUCHAN Salmón ahumado 100 g Producto Alcampo.,100 g,"Precio 3,69 €",3.69,"36,90 € por kilo",36.9,KILO,https://www.compraonline.alcampo.es/products/auchan-salmón-ahumado-100-g-producto-alcampo/71549,2026-10-02T13:41:03
salmón,Alcampo,74418,Lomo de salmón.,400g,"Precio 9,18 €",9.18,"22,95 € por kilo",22.95,KILO,https://www.compraonline.alcampo.es/products/lomo-de-salmón/74418,2026-10-02T13:41:03
salmón,Alcampo,73902,Salmón entero. - Filetes,3000g,"Precio 29,85 €",29.85,"9,95 € por kilo",9.95,KILO,https://www.compraonline.alcampo.es/products/salmón-entero-filetes/73902-FILETES,2026-10-02T13:41:03
salmón,Alcampo,549980,"KRUSTASUR Lomos de salmón sin piel, congelados 2 x 125 g.",125 g,"Precio 8,39 €",8.39,"33,56 € por kilo",33.56,KILO,https://www.compraonline.alcampo.es/products/krustasur-lomos-de-salmón-sin-piel-congelados-2-x-125-g/549980,2026-10-02T13:41:03
salmón,Alcampo,77306,AUCHAN ECONÓMICO Salmón atlántico ahumado en lonchas 80 g Producto Alcampo Económico.,80 g,"Precio 2,95 €",2.95,"36,88 € por kilo",36.88,KILO,https://www.compraonline.alcampo.es/products/auchan-económico-salmón-atlántico-ahumado-en-lonchas-80-g-producto-alcampo-económico/77306,2026-10-02T13:41:03
salmón,Alcampo,73156,Salmón mostrador - Libro,600g,"Precio 11,97 €",11.97,"19,95 € por kilo",19.95,KILO,https://www.compraonline.alcampo.es/products/salmón-mostrador-libro/73156-LIBRO,2026-10-02T13:41:03
salmón,Alcampo,73156,Salmón mostrador - Rodajas,600g,"Precio 11,97 €",11.97,"19,95 € por kilo",19.95,KILO,https://www.compraonline.alcampo.es/products/salmón-mostrador-rodajas/73156-RODAJAS,2026-10-02T13:41:03
salmón,Alcampo,73169,Filete de salmón.,500g,"Precio 11,48 €",11.48,"22,95 € por kilo",22.95,KILO,https://www.compraonline.alcampo.es/products/filete-de-salmón/73169,2026-10-02T13:41:03
salmón,Alcampo,73902,Salmón entero. - Entero limpio,3000g,"Precio 29,85 €",29.85,"9,95 € por kilo",9.95,KILO,https://www.compraonline.alcampo.es/products/salmón-entero-entero-limpio/73902-ENTERO-LIMPIO,2026-10-02T13:41:03
salmón,Alcampo,73156,Salmón mostrador - Escalope,600g,"Precio 11,97 €",11.97,"19,95 € por kilo",19.95,KILO,https://www.compraonline.alcampo.es/products/salmón-mostrador-escalope/73156-ESCALOPE,2026-10-02T13:41:03
salmón,Alcampo,73902,Salmón entero. - Rodajas,3000g,"Precio 29,85 €",29.85,"9,95 € por kilo",9.95,KILO,https://www.compraonline.alcampo.es/products/salmón-entero-rodajas/73902-RODAJAS,2026-10-02T13:41:03
salmón,Alcampo,73156,Salmón mostrador - Trozo unico,600g,"Precio 11,97 €",11.97,"19,95 € por kilo",19.95,KILO,https://www.compraonline.alcampo.es/products/salmón-mostrador-trozo-unico/73156-TROZO-UNICO,2026-10-02T13:41:03
salmón,Alcampo,71546,AUCHAN Salmón ahumado Noruego 250 g Producto Alcampo.,250 g,"Precio 8,49 €",8.49,"33,96 € por kilo",33.96,KILO,https://www.compraonline.alcampo.es/products/auchan-salmón-ahumado-noruego-250-g-producto-alcampo/71546,2026-10-02T13:41:03
salmón,Alcampo,459272,AUCHAN Salmón ahumado bipack 2 x 200 g Producto Alcampo.,200 g,"Precio 13,43 €",13.43,"33,58 € por kilo",33.58,KILO,https://www.compraonline.alcampo.es/products/auchan-salmón-ahumado-bipack-2-x-200-g-producto-alcampo/459272,2026-10-02T13:41:03
salmón,Alcampo,247033,DELMARINE Salmon ahumado cortado en taquitos 75G,75G,"Precio 3,29 €",3.29,"43,87 € por kilo",43.87,KILO,https://www.compraonline.alcampo.es/products/delmarine-salmon-ahumado-cortado-en-taquitos-75g/247033,2026-10-02T13:41:03
salmón,Alcampo,943272,ROYAL Salmón ahumado 80 g.,80 g,"Precio 5,49 €",5.49,"68,63 € por kilo",68.63,KILO,https://www.compraonline.alcampo.es/products/royal-salmón-ahumado-80-g/943272,2026-10-02T13:41:03
salmón,Alcampo,62204,AUCHAN Salmón marinado 80 g. Producto Alcampo,80 g,"Precio 3,43 €",3.43,"42,88 € por kilo",42.88,KILO,https://www.compraonline.alcampo.es/products/auchan-salmón-marinado-80-g-producto-alcampo/62204,2026-10-02T13:41:03
salmón,Alcampo,74197,ROYAL Salmón ahumado duo 2 x 40 g.,40 g,"Precio 5,99 €",5.99,"74,88 € por kilo",74.88,KILO,https://www.compraonline.alcampo.es/products/royal-salmón-ahumado-duo-2-x-40-g/74197,2026-10-02T13:41:03
salmón,Alcampo,72767,AHUMADOS DOMINGUEZ Salmón ahumado precortado,100g,"Precio 9,95 €",9.95,"99,50 € por kilo",99.5,KILO,https://www.compraonline.alcampo.es/products/ahumados-dominguez-salmón-ahumado-precortado/72767,2026-10-02T13:41:03
salmón,Alcampo,60841,AUCHAN Salmón ahumado noruego pack 2 de 50 g. Producto Alcampo,50 g,"Precio 4,79 €",4.79,"47,90 € por kilo",47.9,KILO,https://www.compraonline.alcampo.es/products/auchan-salmón-ahumado-noruego-pack-2-de-50-g-producto-alcampo/60841,2026-10-02T13:41:03
salmón,Alcampo,71448,MARTIKO Salmón ahumado del norte sin azúcares añadidos 80 g.,80 g,"Precio 6,88 €",6.88,"86,00 € por kilo",86.0,KILO,https://www.compraonline.alcampo.es/products/martiko-salmón-ahumado-del-norte-sin-azúcares-añadidos-80-g/71448,2026-10-02T13:41:03
salmón,Alcampo,902249,ROYAL Salmón ahumado ecológico con un 25% menos de sal 80 g.,80 g,"Precio 5,85 €",5.85,,,,https://www.compraonline.alcampo.es/products/royal-salmón-ahumado-ecológico-con-un-25-menos-de-sal-80-g/902249,2026-10-02T13:41:03
salmón,Alcampo,71301,MARTIKO Salmón ahumado del norte sin azúcares añadidos 2 x 50 g.,50 g,"Precio 7,75 €",7.75,"77,50 € por kilo",77.5,KILO,https://www.compraonline.alcampo.es/products/martiko-salmón-ahumado-del-norte-sin-azúcares-añadidos-2-x-50-g/71301,2026-10-02T13:41:03
salmón,Alcampo,75754,AHUMADOS DOMINGUEZ Salmón ahumado 100g,100g,"Precio 7,99 €",7.99,"79,90 € por kilo",79.9,KILO,https://www.compraonline.alcampo.es/products/ahumados-dominguez-salmón-ahumado-100g/75754,2026-10-02T13:41:03
salmón,Alcampo,401758,MARTIKO Tartar de salmón ahumado 2 X 75 g.,75 g,"Precio 8,24 €",8.24,"54,93 € por kilo",54.93,KILO,https://www.compraonline.alcampo.es/products/martiko-tartar-de-salmón-ahumado-2-x-75-g/401758,2026-10-02T13:41:03
salmón,Alcampo,914741,MARTIKO Salmón salvaje de Alaska ahumado MARTIKO 80 gr.,80 gr,"Precio 6,99 €",6.99,"87,38 € por kilo",87.38,KILO,https://www.compraonline.alcampo.es/products/martiko-salmón-salvaje-de-alaska-ahumado-martiko-80-gr/914741,2026-10-02T13:41:03
salmón,Alcampo,204469,AUCHAN Salmón ahumado Alaska MSC 100 g. Producto Alcampo,100 g,"Precio 7,99 €",7.99,"79,90 € por kilo",79.9,KILO,https://www.compraonline.alcampo.es/products/auchan-salmón-ahumado-alaska-msc-100-g-producto-alcampo/204469,2026-10-02T13:41:03
salmón,Alcampo,60863,AUCHAN Salmón noruego y bacalao ahumado 2 x 50 g. Producto Alcampo,50 g,"Precio 5,25 €",5.25,"52,50 € por kilo",52.5,KILO,https://www.compraonline.alcampo.es/products/auchan-salmón-noruego-y-bacalao-ahumado-2-x-50-g-producto-alcampo/60863,2026-10-02T13:41:03
salmón,Alcampo,59628,MARTIKO Salmún ahumado del norte marinado y sin azúcares añadidos 200 g.,200 g,"Precio 14,88 €",14.88,"74,40 € por kilo",74.4,KILO,https://www.compraonline.alcampo.es/products/martiko-salmún-ahumado-del-norte-marinado-y-sin-azúcares-añadidos-200-g/59628,2026-10-02T13:41:03
salmón,Alcampo,790272,MARTIKO Salmón Noruego ahumado sin azúcares añadidos 200 g.,200 g,"Precio 14,88 €",14.88,"74,40 € por kilo",74.4,KILO,https://www.compraonline.alcampo.es/products/martiko-salmón-noruego-ahumado-sin-azúcares-añadidos-200-g/790272,2026-10-02T13:41:03
salmón,Alcampo,632902,DELMARINE Salmon ahumado en 5/7 lonchas 200 g.,200 g,"Precio 7,39 €",7.39,"36,95 € por kilo",36.95,KILO,https://www.compraonline.alcampo.es/products/delmarine-salmon-ahumado-en-5-7-lonchas-200-g/632902,2026-10-02T13:41:03
salmón,Alcampo,61545,"NORDFISH Salmón ahumado Noruego NORDFISH 700 g,",700 g,"Precio 32,95 €",32.95,"47,07 € por kilo",47.07,KILO,https://www.compraonline.alcampo.es/products/nordfish-salmón-ahumado-noruego-nordfish-700-g/61545,2026-10-02T13:41:03
salmón,Alcampo,648079,AUCHAN Salmón ahumado reducido en sal 100 g. Producto Alcampo,100 g,"Precio 4,25 €",4.25,"42,50 € por kilo",42.5,KILO,https://www.compraonline.alcampo.es/products/auchan-salmón-ahumado-reducido-en-sal-100-g-producto-alcampo/648079,2026-10-02T13:41:03
salmón,Alcampo,437406,AHUMADOS DOMINGUEZ Salmón ahumado corte sashimi 150 gr.,150 gr,"Precio 12,99 €",12.99,"86,60 € por kilo",86.6,KILO,https://www.compraonline.alcampo.es/products/ahumados-dominguez-salmón-ahumado-corte-sashimi-150-gr/437406,2026-10-02T13:41:03
salmón,Alcampo,204468,AUCHAN Lomo salmón ahumado 150 g. Producto Alcampo,150 g,"Precio 8,99 €",8.99,"59,93 € por kilo",59.93,KILO,https://www.compraonline.alcampo.es/products/auchan-lomo-salmón-ahumado-150-g-producto-alcampo/204468,2026-10-02T13:41:03
salmón,Alcampo,73425,AHUMADOS DOMINGUEZ Salmón ahumado precortado 200 g.,200 g,"Precio 19,95 €",19.95,"79,80 € por kilo",79.8,KILO,https://www.compraonline.alcampo.es/products/ahumados-dominguez-salmón-ahumado-precortado-200-g/73425,2026-10-02T13:41:03
salmón,Alcampo,74224,MARTIKO Salmón ahumado Noruego MARTIKO 400 g.,400 g,"Precio 26,35 €",26.35,"65,88 € por kilo",65.88,KILO,https://www.compraonline.alcampo.es/products/martiko-salmón-ahumado-noruego-martiko-400-g/74224,2026-10-02T13:41:03
salmón,Alcampo,72465,NORDFISH Salmón ahumado noruego NORDFISH 250 g.,250 g,"Precio 13,95 €",13.95,"55,80 € por kilo",55.8,KILO,https://www.compraonline.alcampo.es/products/nordfish-salmón-ahumado-noruego-nordfish-250-g/72465,2026-10-02T13:41:03
salmón,Alcampo,204473,AUCHAN Salmón nature (sin ahumar) 100 g. Producto Alcampo,100 g,"Precio 4,99 €",4.99,"49,90 € por kilo",49.9,KILO,https://www.compraonline.alcampo.es/products/auchan-salmón-nature-sin-ahumar-100-g-producto-alcampo/204473,2026-10-02T13:41:03
salmón,Alcampo,75753,AHUMADOS DOMINGUEZ Salmón ahumado en lonchas Supréme AHUMADOS DOMINGUEZ 250 g.,250 g,"Precio 18,18 €",18.18,"72,72 € por kilo",72.72,KILO,https://www.compraonline.alcampo.es/products/ahumados-dominguez-salmón-ahumado-en-lonchas-supréme-ahumados-dominguez-250-g/75753,2026-10-02T13:41:03
salmón,Alcampo,782096,MARTIKO Salmón ahumado marinado premium MARTIKO 80 gr.,80 gr,"Precio 6,19 €",6.19,"77,38 € por kilo",77.38,KILO,https://www.compraonline.alcampo.es/products/martiko-salmón-ahumado-marinado-premium-martiko-80-gr/782096,2026-10-02T13:41:03
salmón,Alcampo,535416,"NORDFISH Salmón ahumado en finas lonchas, Escocés NORDFISH 80 g",80 g,"Precio 5,95 €",5.95,"74,38 € por kilo",74.38,KILO,https://www.compraonline.alcampo.es/products/nordfish-salmón-ahumado-en-finas-lonchas-escocés-nordfish-80-g/535416,2026-10-02T13:41:03
salmón,Alcampo,415274,MARTIKO Salmón ahumado reducido en sal y sin azúcares añadidos 80 g.,80 g,"Precio 6,88 €",6.88,"86,00 € por kilo",86.0,KILO,https://www.compraonline.alcampo.es/products/martiko-salmón-ahumado-reducido-en-sal-y-sin-azúcares-añadidos-80-g/415274,2026-10-02T13:41:03
salmón,Alcampo,954796,MARTIKO Salmón ahumado tradicional MARTIKO 50 gr.,50 gr,"Precio 2,98 €",2.98,"59,60 € por kilo",59.6,KILO,https://www.compraonline.alcampo.es/products/martiko-salmón-ahumado-tradicional-martiko-50-gr/954796,2026-10-02T13:41:03
salmón,Alcampo,72751,MARTIKO Salmón Nature sin ahumar y sin azúcares añadidos 80 g.,80 g,"Precio 6,19 €",6.19,"77,38 € por kilo",77.38,KILO,https://www.compraonline.alcampo.es/products/martiko-salmón-nature-sin-ahumar-y-sin-azúcares-añadidos-80-g/72751,2026-10-02T13:41:03
salmón,Alcampo,31788,NORDFISH Salmón ahumado NORDFISH 100 g.,100 g,"Precio 5,79 €",5.79,"57,90 € por kilo",57.9,KILO,https://www.compraonline.alcampo.es/products/nordfish-salmón-ahumado-nordfish-100-g/31788,2026-10-02T13:41:03
salmón,Alcampo,917777,ROYAL Salmón ahumado intenso 80 gr.,80 gr,"Precio 5,49 €",5.49,"68,63 € por kilo",68.63,KILO,https://www.compraonline.alcampo.es/products/royal-salmón-ahumado-intenso-80-gr/917777,2026-10-02T13:41:03
salmón,Alcampo,887904,AHUMADOS DOMINGUEZ Salmón ahumado lata 100 g.,100 g,"Precio 9,75 €",9.75,"97,50 € por kilo",97.5,KILO,https://www.compraonline.alcampo.es/products/ahumados-dominguez-salmón-ahumado-lata-100-g/887904,2026-10-02T13:41:03
salmón,Alcampo,455666,AHUMADOS DOMINGUEZ Dados de salmón ahumado 95 g.,95 g,"Precio 7,17 €",7.17,"75,47 € por kilo",75.47,KILO,https://www.compraonline.alcampo.es/products/ahumados-dominguez-dados-de-salmón-ahumado-95-g/455666,2026-10-02T13:41:03
salmón,Alcampo,438300,MARTIKO Salmón ahumado macerado 2x75 g.,150g,"Precio 6,99 €",6.99,"46,60 € por kilo",46.6,KILO,https://www.compraonline.alcampo.es/products/martiko-salmón-ahumado-macerado-2x75-g/438300,2026-10-02T13:41:03
yogur,Alcampo,91400,ACTIVIA Bífidus cremoso con sabor a lima y limón Cremoso de Danone 4 x 115 g.,115 g,"Precio 2,78 €",2.78,"6,04 € por kilo",6.04,KILO,https://www.compraonline.alcampo.es/products/activia-bífidus-cremoso-con-sabor-a-lima-y-limón-cremoso-de-danone-4-x-115-g/91400,2026-10-02T13:41:54
yogur,Alcampo,51736,ACTIMEL Kids de Danone Leche fermentada con Lcasei con sabor a fresa y plátano 6 x 100 g.,100 g,"Precio 3,69 €",3.69,"6,15 € por kilo",6.15,KILO,https://www.compraonline.alcampo.es/products/actimel-kids-de-danone-leche-fermentada-con-lcasei-con-sabor-a-fresa-y-plátano-6-x-100-g/51736,2026-10-02T13:41:54
yogur,Alcampo,52012,ACTIVIA Bífidus desnatado (0% materia grasa) y con sabor natural edulcorado 0% de Danone 8 x 120 g.,120 g,"Precio 3,89 €",3.89,"4,05 € por kilo",4.05,KILO,https://www.compraonline.alcampo.es/products/activia-bífidus-desnatado-0-materia-grasa-y-con-sabor-natural-edulcorado-0-de-danone-8-x-120-g/52012,2026-10-02T13:41:54
yogur,Alcampo,95764,AUCHAN Yogur natural 8 x 125 g Producto Alcampo.,125 g,"Precio 1,39 €",1.39,"1,39 € por kilo",1.39,KILO,https://www.compraonline.alcampo.es/products/auchan-yogur-natural-8-x-125-g-producto-alcampo/95764,2026-10-02T13:41:54
yogur,Alcampo,90649,AUCHAN Yogur estilo griego con stracciatella 4 x 125 g. Producto Alcampo,125 g,"Precio 1,23 €",1.23,"2,46 € por kilo",2.46,KILO,https://www.compraonline.alcampo.es/products/auchan-yogur-estilo-griego-con-stracciatella-4-x-125-g-producto-alcampo/90649,2026-10-02T13:41:54
yogur,Alcampo,95390,AUCHAN Yogur griego sabor natural 4 x 125 g Producto Alcampo.,125 g,"Precio 0,96 €",0.96,"1,92 € por kilo",1.92,KILO,https://www.compraonline.alcampo.es/products/auchan-yogur-griego-sabor-natural-4-x-125-g-producto-alcampo/95390,2026-10-02T13:41:54
yogur,Alcampo,91046,ACTIMEL Kids de Danone Leche fermentada con Lcasei y sabor a fresa y plátano 14 x 100 g.,100 g,"Precio 6,79 €",6.79,"4,85 € por kilo",4.85,KILO,https://www.compraonline.alcampo.es/products/actimel-kids-de-danone-leche-fermentada-con-lcasei-y-sabor-a-fresa-y-plátano-14-x-100-g/91046,2026-10-02T13:41:54
yogur,Alcampo,51177,"ACTIMEL Leche fermentada con Lcasei, 0% materia grasa y sabor natural de Danone 14 x 100 g.",100 g,"Precio 6,79 €",6.79,"4,85 € por kilo",4.85,KILO,https://www.compraonline.alcampo.es/products/actimel-leche-fermentada-con-lcasei-0-materia-grasa-y-sabor-natural-de-danone-14-x-100-g/51177,2026-10-02T13:41:54
yogur,Alcampo,89548,OIKOS Yogur griego natural  de Danone 4 x 110 g.,110 g,"Precio 2,29 €",2.29,"5,20 € por kilo",5.2,KILO,https://www.compraonline.alcampo.es/products/oikos-yogur-griego-natural-de-danone-4-x-110-g/89548,2026-10-02T13:41:54
yogur,Alcampo,91721,"DANACOL Leche fermentada desnatada con edulcorantes, esteroles vegetales añadidos y sabor a fresa de Danone 14 x 100 g.",100 g,"Precio 6,99 €",6.99,"5,20 € por litro",5.2,LITRO,https://www.compraonline.alcampo.es/products/danacol-leche-fermentada-desnatada-con-edulcorantes-esteroles-vegetales-añadidos-y-sabor-a-fresa-de-danone-14-x-100-g/91721,2026-10-02T13:41:54
yogur,Alcampo,91877,ACTIMEL Kids de Danone Leche fermentada con Lcasei y sabor a fresa 14 x 100 g.,100 g,"Precio 5,55 €",5.55,"4,13 € por litro",4.13,LITRO,https://www.compraonline.alcampo.es/products/actimel-kids-de-danone-leche-fermentada-con-lcasei-y-sabor-a-fresa-14-x-100-g/91877,2026-10-02T13:41:54
yogur,Alcampo,95774,AUCHAN Yogur con sabores variados (4 de fresa y 4 de plátano) 8 x 125 g. Producto Alcampo,125 g,"Precio 1,43 €",1.43,"1,43 € por kilo",1.43,KILO,https://www.compraonline.alcampo.es/products/auchan-yogur-con-sabores-variados-4-de-fresa-y-4-de-plátano-8-x-125-g-producto-alcampo/95774,2026-10-02T13:41:54
yogur,Alcampo,52416,DANONE Yogur natural elaborado con fermentos naturales 8 x 120 g.,120 g,"Precio 1,79 €",1.79,"1,86 € por kilo",1.86,KILO,https://www.compraonline.alcampo.es/products/danone-yogur-natural-elaborado-con-fermentos-naturales-8-x-120-g/52416,2026-10-02T13:41:54
yogur,Alcampo,91709,"DANACOL Leche fermentada desnatada con edulcorantes,esteroles vegetales añadidos y sabor natural de Danone 14 x 100 g.",100 g,"Precio 6,99 €",6.99,"5,20 € por litro",5.2,LITRO,https://www.compraonline.alcampo.es/products/danacol-leche-fermentada-desnatada-con-edulcorantes-esteroles-vegetales-añadidos-y-sabor-natural-de-danone-14-x-100-g/91709,2026-10-02T13:41:54
yogur,Alcampo,95792,AUCHAN Yogur natural azucarado 8 x 125 g. Producto Alcampo,125 g,"Precio 1,55 €",1.55,"1,55 € por kilo",1.55,KILO,https://www.compraonline.alcampo.es/products/auchan-yogur-natural-azucarado-8-x-125-g-producto-alcampo/95792,2026-10-02T13:41:54
yogur,Alcampo,95770,AUCHAN Yogur con sabor a coco 4 x 125 g. Producto Alcampo,125 g,"Precio 0,72 €",0.72,"1,44 € por kilo",1.44,KILO,https://www.compraonline.alcampo.es/products/auchan-yogur-con-sabor-a-coco-4-x-125-g-producto-alcampo/95770,2026-10-02T13:41:54
yogur,Alcampo,51420,AUCHAN Yogur con sabor a fresa 4 x 125 g. Producto Alcampo,125 g,"Precio 0,72 €",0.72,"1,44 € por kilo",1.44,KILO,https://www.compraonline.alcampo.es/products/auchan-yogur-con-sabor-a-fresa-4-x-125-g-producto-alcampo/51420,2026-10-02T13:41:54
yogur,Alcampo,54207,AUCHAN Yogur con sabor a limón 4 x 125 g. Producto Alcampo,125 g,"Precio 0,72 €",0.72,"1,44 € por kilo",1.44,KILO,https://www.compraonline.alcampo.es/products/auchan-yogur-con-sabor-a-limón-4-x-125-g-producto-alcampo/54207,2026-10-02T13:41:54
yogur,Alcampo,897788,AUCHAN Yogur sabor a macedonia 4 x 125 g Producto Alcampo.,125 g,"Precio 0,72 €",0.72,"1,44 € por kilo",1.44,KILO,https://www.compraonline.alcampo.es/products/auchan-yogur-sabor-a-macedonia-4-x-125-g-producto-alcampo/897788,2026-10-02T13:41:54
yogur,Alcampo,51599,"DANONE Yogur con sabor a macedonia, elaborado con fermentos naturales  4 x 120 g.",120 g,"Precio 0,99 €",0.99,"2,06 € por kilo",2.06,KILO,https://www.compraonline.alcampo.es/products/danone-yogur-con-sabor-a-macedonia-elaborado-con-fermentos-naturales-4-x-120-g/51599,2026-10-02T13:41:54
yogur,Alcampo,537503,PASCUAL Yogur pasteurizado con sabor a macedonia 4 x 120 g.,120 g,"Precio 1,00 €",1.0,"2,08 € por kilo",2.08,KILO,https://www.compraonline.alcampo.es/products/pascual-yogur-pasteurizado-con-sabor-a-macedonia-4-x-120-g/537503,2026-10-02T13:41:54
yogur,Alcampo,51557,DANONE Yogur con sabor a fresa elaborado con leche fresca de vaca 4 x 120 g.,120 g,"Precio 0,99 €",0.99,"2,06 € por kilo",2.06,KILO,https://www.compraonline.alcampo.es/products/danone-yogur-con-sabor-a-fresa-elaborado-con-leche-fresca-de-vaca-4-x-120-g/51557,2026-10-02T13:41:54
yogur,Alcampo,95326,"DANONE Yogur con sabor a vainilla, elaborado con fermentos naturales 4 x 120 g.",120 g,"Precio 1,00 €",1.0,"2,08 € por kilo",2.08,KILO,https://www.compraonline.alcampo.es/products/danone-yogur-con-sabor-a-vainilla-elaborado-con-fermentos-naturales-4-x-120-g/95326,2026-10-02T13:41:54
yogur,Alcampo,721393,DANONE Yogur con sabor a galleta 4 x 120 g.,120 g,"Precio 0,99 €",0.99,"2,06 € por kilo",2.06,KILO,https://www.compraonline.alcampo.es/products/danone-yogur-con-sabor-a-galleta-4-x-120-g/721393,2026-10-02T13:41:54
yogur,Alcampo,51730,LARSA Yogur pastoreo con sabor a vainilla 125 g.,125 g,"Precio 0,39 €",0.39,"3,12 € por kilo",3.12,KILO,https://www.compraonline.alcampo.es/products/larsa-yogur-pastoreo-con-sabor-a-vainilla-125-g/51730,2026-10-02T13:41:54
yogur,Alcampo,52469,NESTLÉ Yogur de crema de chocolate con leche NESTLÉ 4 x 125 g.,125 g,"Precio 1,99 €",1.99,"3,98 € por kilo",3.98,KILO,https://www.compraonline.alcampo.es/products/nestlé-yogur-de-crema-de-chocolate-con-leche-nestlé-4-x-125-g/52469,2026-10-02T13:41:54
yogur,Alcampo,51578,"DANONE Yogur con sabor a limón, elaborado con leche fresca de vaca 4 x 120 g.",120 g,"Precio 0,99 €",0.99,"2,06 € por kilo",2.06,KILO,https://www.compraonline.alcampo.es/products/danone-yogur-con-sabor-a-limón-elaborado-con-leche-fresca-de-vaca-4-x-120-g/51578,2026-10-02T13:41:54
yogur,Alcampo,51607,"DANONE Yogur con sabor a coco, elaborado con leche fresca de vaca 4 x 120 g.",120 g,"Precio 0,99 €",0.99,"2,06 € por kilo",2.06,KILO,https://www.compraonline.alcampo.es/products/danone-yogur-con-sabor-a-coco-elaborado-con-leche-fresca-de-vaca-4-x-120-g/51607,2026-10-02T13:41:54
yogur,Alcampo,51433,AUCHAN Yogur sabor a plátano 4 x 125 g. Producto Alcampo,125 g,"Precio 0,72 €",0.72,"1,44 € por kilo",1.44,KILO,https://www.compraonline.alcampo.es/products/auchan-yogur-sabor-a-plátano-4-x-125-g-producto-alcampo/51433,2026-10-02T13:41:54
yogur,Alcampo,90131,PASCUAL Yogur bebible de fresa o plátano Yogikids 2 x 80 g.,80 g,"Precio 1,89 €",1.89,"11,81 € por kilo",11.81,KILO,https://www.compraonline.alcampo.es/products/pascual-yogur-bebible-de-fresa-o-plátano-yogikids-2-x-80-g/90131,2026-10-02T13:41:54
yogur,Alcampo,51565,"DANONE Yogur con sabor a plátano, elaborado con fermentos naturales 4 x 120 g.",120 g,"Precio 0,99 €",0.99,"2,06 € por kilo",2.06,KILO,https://www.compraonline.alcampo.es/products/danone-yogur-con-sabor-a-plátano-elaborado-con-fermentos-naturales-4-x-120-g/51565,2026-10-02T13:41:54
yogur,Alcampo,91401,AUCHAN Yogur sin lactosa y con sabor a fresa 4 x 125 g. Producto Alcampo,125 g,"Precio 1,46 €",1.46,"2,92 € por kilo",2.92,KILO,https://www.compraonline.alcampo.es/products/auchan-yogur-sin-lactosa-y-con-sabor-a-fresa-4-x-125-g-producto-alcampo/91401,2026-10-02T13:41:54
yogur,Alcampo,763477,KAIKU Yogur sin lactosa con sabor a coco Sin lactosa 4 x 125 g.,125 g,"Precio 2,02 €",2.02,"4,04 € por kilo",4.04,KILO,https://www.compraonline.alcampo.es/products/kaiku-yogur-sin-lactosa-con-sabor-a-coco-sin-lactosa-4-x-125-g/763477,2026-10-02T13:41:54
yogur,Alcampo,51830,"LARSA Yogur con sabor a limón, elaborado con leche gallega 100% 125 g.",125 g,"Precio 0,39 €",0.39,"3,12 € por kilo",3.12,KILO,https://www.compraonline.alcampo.es/products/larsa-yogur-con-sabor-a-limón-elaborado-con-leche-gallega-100-125-g/51830,2026-10-02T13:41:54
yogur,Alcampo,95464,"DANONE Yogur con sabor a frutos del bosque, elaborado con fermentos naturales 4 x 120 g.",120 g,"Precio 0,96 €",0.96,"2,00 € por kilo",2.0,KILO,https://www.compraonline.alcampo.es/products/danone-yogur-con-sabor-a-frutos-del-bosque-elaborado-con-fermentos-naturales-4-x-120-g/95464,2026-10-02T13:41:54
yogur,Alcampo,537550,PASCUAL Yogur pasteurizado con sabor a plátano 4 x 120 g.,120 g,"Precio 1,00 €",1.0,"2,08 € por kilo",2.08,KILO,https://www.compraonline.alcampo.es/products/pascual-yogur-pasteurizado-con-sabor-a-plátano-4-x-120-g/537550,2026-10-02T13:41:54
yogur,Alcampo,51374,LARSA Yogur con sabor a fresa 125 g.,125 g,"Precio 0,39 €",0.39,"3,12 € por kilo",3.12,KILO,https://www.compraonline.alcampo.es/products/larsa-yogur-con-sabor-a-fresa-125-g/51374,2026-10-02T13:41:54
yogur,Alcampo,721558,AUCHAN Yogur estilo griego natural ligero con 2% de materia grasa 1 kg Producto Alcampo.,1 kg,"Precio 2,09 €",2.09,"2,09 € por kilo",2.09,KILO,https://www.compraonline.alcampo.es/products/auchan-yogur-estilo-griego-natural-ligero-con-2-de-materia-grasa-1-kg-producto-alcampo/721558,2026-10-02T13:41:54
yogur,Alcampo,205099,AUCHAN Yogur estilo griego natural 1 kg. Producto Alcampo,1 kg,"Precio 2,15 €",2.15,"2,15 € por kilo",2.15,KILO,https://www.compraonline.alcampo.es/products/auchan-yogur-estilo-griego-natural-1-kg-producto-alcampo/205099,2026-10-02T13:41:54
yogur,Alcampo,238519,FAGE Yogur natural receta griega 0% materia grasa Total 170 g.,170 g,"Precio 1,83 €",1.83,"12,20 € por kilo",12.2,KILO,https://www.compraonline.alcampo.es/products/fage-yogur-natural-receta-griega-0-materia-grasa-total-170-g/238519,2026-10-02T13:41:54
yogur,Alcampo,51321,"AUCHAN Yogur estilo griego, natural azucarado 4 x 125 g. Producto Alcampo",125 g,"Precio 0,99 €",0.99,"1,98 € por kilo",1.98,KILO,https://www.compraonline.alcampo.es/products/auchan-yogur-estilo-griego-natural-azucarado-4-x-125-g-producto-alcampo/51321,2026-10-02T13:41:54
yogur,Alcampo,498774,DANONE Yogur griego natural con un 30% menos de grasa 4 x 110 g.,110 g,"Precio 1,00 €",1.0,"2,27 € por kilo",2.27,KILO,https://www.compraonline.alcampo.es/products/danone-yogur-griego-natural-con-un-30-menos-de-grasa-4-x-110-g/498774,2026-10-02T13:41:54
yogur,Alcampo,526510,"OIKOS Yogur griego natural sin azúcares añadios, especial para cocinar y mezcla de Danone 900 g.",900 g,"Precio 3,69 €",3.69,"4,10 € por kilo",4.1,KILO,https://www.compraonline.alcampo.es/products/oikos-yogur-griego-natural-sin-azúcares-añadios-especial-para-cocinar-y-mezcla-de-danone-900-g/526510,2026-10-02T13:41:54
yogur,Alcampo,454994,"PASTORET Yogur artesanal desnatado (0% materia grasa) estilo griego, sabor natural 900 g.",900 g,"Precio 5,71 €",5.71,"6,34 € por kilo",6.34,KILO,https://www.compraonline.alcampo.es/products/pastoret-yogur-artesanal-desnatado-0-materia-grasa-estilo-griego-sabor-natural-900-g/454994,2026-10-02T13:41:54
yogur,Alcampo,473837,YAOS Yogur azucarado estilo griego de Nestlé 4 x 115 g.,115 g,"Precio 1,64 €",1.64,"3,57 € por kilo",3.57,KILO,https://www.compraonline.alcampo.es/products/yaos-yogur-azucarado-estilo-griego-de-nestlé-4-x-115-g/473837,2026-10-02T13:41:54
yogur,Alcampo,238681,FAGE Yogur natural receta griega 0% materia grasa Total 500 g.,500 g,"Precio 3,59 €",3.59,"7,98 € por kilo",7.98,KILO,https://www.compraonline.alcampo.es/products/fage-yogur-natural-receta-griega-0-materia-grasa-total-500-g/238681,2026-10-02T13:41:54
yogur,Alcampo,474375,YAOS Yogur natural estilo griego  de Nestlé 4 x 115 g.,115 g,"Precio 1,64 €",1.64,"3,57 € por kilo",3.57,KILO,https://www.compraonline.alcampo.es/products/yaos-yogur-natural-estilo-griego-de-nestlé-4-x-115-g/474375,2026-10-02T13:41:54
yogur,Alcampo,566523,KOUKAKIS Yogur griego natural (10% materia grasa) 1 kg.,1 kg,"Precio 4,99 €",4.99,"4,99 € por kilo",4.99,KILO,https://www.compraonline.alcampo.es/products/koukakis-yogur-griego-natural-10-materia-grasa-1-kg/566523,2026-10-02T13:41:54
queso,Alcampo,98145,AUCHAN Queso en lonchas Gouda 200 g Producto Alcampo.,200 g,"Precio 1,58 €",1.58,"7,90 € por kilo",7.9,KILO,https://www.compraonline.alcampo.es/products/auchan-queso-en-lonchas-gouda-200-g-producto-alcampo/98145,2026-10-02T13:42:47
queso,Alcampo,51679,PRODUCTO ECONÓMICO ALCAMPO Queso rallado con mozzarella 200 g.,200 g,"Precio 1,56 €",1.56,"7,80 € por kilo",7.8,KILO,https://www.compraonline.alcampo.es/products/producto-económico-alcampo-queso-rallado-con-mozzarella-200-g/51679,2026-10-02T13:42:47
queso,Alcampo,51626,AUCHAN Queso mozzarella rallado especial pizzas 200 g Producto Alcampo.,200 g,"Precio 1,58 €",1.58,"7,90 € por kilo",7.9,KILO,https://www.compraonline.alcampo.es/products/auchan-queso-mozzarella-rallado-especial-pizzas-200-g-producto-alcampo/51626,2026-10-02T13:42:47
queso,Alcampo,98148,AUCHAN Queso cremoso en lonchas 200 g Producto Alcampo.,200 g,"Precio 1,86 €",1.86,"9,30 € por kilo",9.3,KILO,https://www.compraonline.alcampo.es/products/auchan-queso-cremoso-en-lonchas-200-g-producto-alcampo/98148,2026-10-02T13:42:47
queso,Alcampo,97812,PRODUCTO ECONÓMICO ALCAMPO Queso mezcla semicurado PRODUCTO ECONÓMICO ALCAMPO 300 g.,300 g,"Precio 3,11 €",3.11,"10,37 € por kilo",10.37,KILO,https://www.compraonline.alcampo.es/products/producto-económico-alcampo-queso-mezcla-semicurado-producto-económico-alcampo-300-g/97812,2026-10-02T13:42:47
queso,Alcampo,51092,ZANETTI Queso rallado Grana Padano 50 gr.,50 gr,"Precio 1,00 €",1.0,"20,00 € por kilo",20.0,KILO,https://www.compraonline.alcampo.es/products/zanetti-queso-rallado-grana-padano-50-gr/51092,2026-10-02T13:42:47
queso,Alcampo,195008,AUCHAN Queso rallado en polvo 100 g Producto Alcampo.,100 g,"Precio 1,15 €",1.15,"7,67 € por kilo",7.67,KILO,https://www.compraonline.alcampo.es/products/auchan-queso-rallado-en-polvo-100-g-producto-alcampo/195008,2026-10-02T13:42:47
queso,Alcampo,84634,AUCHAN Queso rallado Grana Padano DOP 100 g. Producto Alcampo,100 g,"Precio 1,56 €",1.56,"15,60 € por kilo",15.6,KILO,https://www.compraonline.alcampo.es/products/auchan-queso-rallado-grana-padano-dop-100-g-producto-alcampo/84634,2026-10-02T13:42:47
queso,Alcampo,54886,TGT Queso rallado especial pasta TGT HOCHLAND 100 g.,100 g,"Precio 1,00 €",1.0,"10,00 € por kilo",10.0,KILO,https://www.compraonline.alcampo.es/products/tgt-queso-rallado-especial-pasta-tgt-hochland-100-g/54886,2026-10-02T13:42:47
queso,Alcampo,95311,EL CASERÍO Queso rallado en polvo EL CASERIO 80 g.,80 g,"Precio 1,00 €",1.0,"12,50 € por kilo",12.5,KILO,https://www.compraonline.alcampo.es/products/el-caserío-queso-rallado-en-polvo-el-caserio-80-g/95311,2026-10-02T13:42:47
queso,Alcampo,30345,AUCHAN Queso rallado parmigiano con denominación de origen protegida (DOP) 100 g Producto Alcampo.,100 g,"Precio 2,79 €",2.79,"27,90 € por kilo",27.9,KILO,https://www.compraonline.alcampo.es/products/auchan-queso-rallado-parmigiano-con-denominación-de-origen-protegida-dop-100-g-producto-alcampo/30345,2026-10-02T13:42:47
queso,Alcampo,95937,HOCHLAND Queso en polvo fundido HOCHLAND 50 g.,50 g,"Precio 1,25 €",1.25,"25,00 € por kilo",25.0,KILO,https://www.compraonline.alcampo.es/products/hochland-queso-en-polvo-fundido-hochland-50-g/95937,2026-10-02T13:42:47
queso,Alcampo,50899,GALBANI Queso rallado Parmesano 60 g.,60 g,"Precio 2,76 €",2.76,"46,00 € por kilo",46.0,KILO,https://www.compraonline.alcampo.es/products/galbani-queso-rallado-parmesano-60-g/50899,2026-10-02T13:42:47
queso,Alcampo,52227,AMBROSI Queso en polvo Parmigiano AMBROSI 60 g.,60 g,"Precio 1,99 €",1.99,"33,17 € por kilo",33.17,KILO,https://www.compraonline.alcampo.es/products/ambrosi-queso-en-polvo-parmigiano-ambrosi-60-g/52227,2026-10-02T13:42:47
queso,Alcampo,85721,AUCHAN Queso rallado Pecorino Romano con Denominación de Origen Protegida (DOP) 80 g Producto Alcampo.,80 g,"Precio 3,25 €",3.25,"40,63 € por kilo",40.63,KILO,https://www.compraonline.alcampo.es/products/auchan-queso-rallado-pecorino-romano-con-denominación-de-origen-protegida-dop-80-g-producto-alcampo/85721,2026-10-02T13:42:47
queso,Alcampo,951093,GIOVANNI FERRARI Queso rallado Parmigiano Reggiano GIOVANNI FERRARI 80 g.,80 g,"Precio 2,90 €",2.9,"48,33 € por kilo",48.33,KILO,https://www.compraonline.alcampo.es/products/giovanni-ferrari-queso-rallado-parmigiano-reggiano-giovanni-ferrari-80-g/951093,2026-10-02T13:42:47
queso,Alcampo,52235,AMBROSI Queso rallado Grana Padano 60 g.,60 g,"Precio 1,30 €",1.3,"21,67 € por kilo",21.67,KILO,https://www.compraonline.alcampo.es/products/ambrosi-queso-rallado-grana-padano-60-g/52235,2026-10-02T13:42:47
queso,Alcampo,97196,CATHEDRAL CITY Queso cheddar curado CATHEDRAL CITY 200 gr.,200 gr,"Precio 6,11 €",6.11,"30,55 € por kilo",30.55,KILO,https://www.compraonline.alcampo.es/products/cathedral-city-queso-cheddar-curado-cathedral-city-200-gr/97196,2026-10-02T13:42:47
queso,Alcampo,313591,PRÉSIDENT Queso rallado en polvo 60 g.,60 g,"Precio 1,60 €",1.6,"26,67 € por kilo",26.67,KILO,https://www.compraonline.alcampo.es/products/président-queso-rallado-en-polvo-60-g/313591,2026-10-02T13:42:47
queso,Alcampo,835710,PARMAREGGIO Bio Queso rallado con D.O.P. Parmigiano Reggiano ecológico 50 g.,50 g,"Precio 2,19 €",2.19,"43,80 € por kilo",43.8,KILO,https://www.compraonline.alcampo.es/products/parmareggio-bio-queso-rallado-con-d-o-p-parmigiano-reggiano-ecológico-50-g/835710,2026-10-02T13:42:47
queso,Alcampo,53007,AUCHAN Mozzarella fresca 125 g. Producto Alcampo,125 g,"Precio 1,25 €",1.25,"10,00 € por kilo",10.0,KILO,https://www.compraonline.alcampo.es/products/auchan-mozzarella-fresca-125-g-producto-alcampo/53007,2026-10-02T13:42:47
queso,Alcampo,54306,GALBANI Mozzarella GALBANI 125 g.,125 g,"Precio 1,89 €",1.89,"15,12 € por kilo",15.12,KILO,https://www.compraonline.alcampo.es/products/galbani-mozzarella-galbani-125-g/54306,2026-10-02T13:42:47
queso,Alcampo,943267,AUCHAN Burrata 125 g. Producto Alcampo,125 g,"Precio 2,55 €",2.55,"20,40 € por kilo",20.4,KILO,https://www.compraonline.alcampo.es/products/auchan-burrata-125-g-producto-alcampo/943267,2026-10-02T13:42:47
queso,Alcampo,51635,AUCHAN Mozzarella light 125 g. Producto Alcampo,125 g,"Precio 1,35 €",1.35,"10,80 € por kilo",10.8,KILO,https://www.compraonline.alcampo.es/products/auchan-mozzarella-light-125-g-producto-alcampo/51635,2026-10-02T13:42:47
queso,Alcampo,943266,AUCHAN Perlas de mozarella 125 g. Producto Alcampo,125 g,"Precio 2,15 €",2.15,"17,20 € por kilo",17.2,KILO,https://www.compraonline.alcampo.es/products/auchan-perlas-de-mozarella-125-g-producto-alcampo/943266,2026-10-02T13:42:47
queso,Alcampo,768232,ZANETTI Perlas de mozzarella 125 g.,125 g,"Precio 2,69 €",2.69,"21,52 € por kilo",21.52,KILO,https://www.compraonline.alcampo.es/products/zanetti-perlas-de-mozzarella-125-g/768232,2026-10-02T13:42:47
queso,Alcampo,51721,ZANETTI Mozzarella búfala italiana ZANETTI 125 g.,125 g,"Precio 1,84 €",1.84,"14,72 € por kilo",14.72,KILO,https://www.compraonline.alcampo.es/products/zanetti-mozzarella-búfala-italiana-zanetti-125-g/51721,2026-10-02T13:42:47
queso,Alcampo,54177,GALBANI Mozzarella light GALBANI 125 g.,125 g,"Precio 1,89 €",1.89,"15,12 € por kilo",15.12,KILO,https://www.compraonline.alcampo.es/products/galbani-mozzarella-light-galbani-125-g/54177,2026-10-02T13:42:47
queso,Alcampo,54312,GALBANI Mozzarella mini GALBANI 150 g.,150 g,"Precio 3,39 €",3.39,"22,60 € por kilo",22.6,KILO,https://www.compraonline.alcampo.es/products/galbani-mozzarella-mini-galbani-150-g/54312,2026-10-02T13:42:47
queso,Alcampo,637659,ASTURIANA Mozzarella clásica 125g,125g,"Precio 1,74 €",1.74,"13,92 € por kilo",13.92,KILO,https://www.compraonline.alcampo.es/products/asturiana-mozzarella-clásica-125g/637659,2026-10-02T13:42:47
queso,Alcampo,728599,ZANETTI Burrata italiana 100 g.,100 g,"Precio 2,89 €",2.89,"28,90 € por kilo",28.9,KILO,https://www.compraonline.alcampo.es/products/zanetti-burrata-italiana-100-g/728599,2026-10-02T13:42:47
queso,Alcampo,728592,ZANETTI Burrata con trufa negra 125 g.,125 g,"Precio 3,49 €",3.49,"27,92 € por kilo",27.92,KILO,https://www.compraonline.alcampo.es/products/zanetti-burrata-con-trufa-negra-125-g/728592,2026-10-02T13:42:47
queso,Alcampo,637697,LA ASTURIANA Mozzarella ligera 125g,125g,"Precio 1,93 €",1.93,"15,44 € por kilo",15.44,KILO,https://www.compraonline.alcampo.es/products/la-asturiana-mozzarella-ligera-125g/637697,2026-10-02T13:42:47
queso,Alcampo,790203,ALBE Pecorata burrata de nata de oveja 125 g.,125 g,"Precio 2,61 €",2.61,"20,88 € por kilo",20.88,KILO,https://www.compraonline.alcampo.es/products/albe-pecorata-burrata-de-nata-de-oveja-125-g/790203,2026-10-02T13:42:47
queso,Alcampo,637717,LA ASTURIANA Mozzarella sin lactosa 150g,150g,"Precio 2,71 €",2.71,"18,07 € por kilo",18.07,KILO,https://www.compraonline.alcampo.es/products/la-asturiana-mozzarella-sin-lactosa-150g/637717,2026-10-02T13:42:47
queso,Alcampo,51334,GALBANI Queso mozzarella sin lactosa GALBANI 100 g.,100 g,"Precio 2,12 €",2.12,"21,20 € por kilo",21.2,KILO,https://www.compraonline.alcampo.es/products/galbani-queso-mozzarella-sin-lactosa-galbani-100-g/51334,2026-10-02T13:42:47
queso,Alcampo,52508,GALBANI Mozzarella GALBANI 125 g.,125 g,"Precio 3,39 €",3.39,"27,12 € por kilo",27.12,KILO,https://www.compraonline.alcampo.es/products/galbani-mozzarella-galbani-125-g/52508,2026-10-02T13:42:47
queso,Alcampo,54191,GALBANI Mozzarella GALBANI 250 g.,250 g,"Precio 4,36 €",4.36,"17,44 € por kilo",17.44,KILO,https://www.compraonline.alcampo.es/products/galbani-mozzarella-galbani-250-g/54191,2026-10-02T13:42:47
queso,Alcampo,728569,ZANETTI Burrata con pesto 125 g.,125 g,"Precio 3,49 €",3.49,"27,92 € por kilo",27.92,KILO,https://www.compraonline.alcampo.es/products/zanetti-burrata-con-pesto-125-g/728569,2026-10-02T13:42:47
queso,Alcampo,630686,ZANETTI Burratinas 4x50 g.,200g,"Precio 4,79 €",4.79,"23,95 € por kilo",23.95,KILO,https://www.compraonline.alcampo.es/products/zanetti-burratinas-4x50-g/630686,2026-10-02T13:42:47
queso,Alcampo,791385,GARCÍA BAQUERO Queso semicurado cuña 325 g.,325 g,"Precio 5,67 €",5.67,"17,45 € por kilo",17.45,KILO,https://www.compraonline.alcampo.es/products/garcía-baquero-queso-semicurado-cuña-325-g/791385,2026-10-02T13:42:47
queso,Alcampo,99125,RIBETO Cuña de queso semicurado elaborado de forma artesanal RIBETO 400 g.,400 g,"Precio 3,99 €",3.99,"9,98 € por kilo",9.98,KILO,https://www.compraonline.alcampo.es/products/ribeto-cuña-de-queso-semicurado-elaborado-de-forma-artesanal-ribeto-400-g/99125,2026-10-02T13:42:47
queso,Alcampo,567807,GARCÍA BAQUERO Queso semicurado trufa 150gr,150gr,"Precio 3,48 €",3.48,"23,20 € por kilo",23.2,KILO,https://www.compraonline.alcampo.es/products/garcía-baquero-queso-semicurado-trufa-150gr/567807,2026-10-02T13:42:47
queso,Alcampo,310305,PRODUCTO ECONÓMICO ALCAMPO Queso mezcla semicurado (Vaca - Oveja) 950 g.,950 g,"Precio 9,24 €",9.24,"9,73 € por kilo",9.73,KILO,https://www.compraonline.alcampo.es/products/producto-económico-alcampo-queso-mezcla-semicurado-vaca-oveja-950-g/310305,2026-10-02T13:42:47
queso,Alcampo,50934,RIBETO Queso semicurado 950 g.,950 g,"Precio 9,65 €",9.65,"10,16 € por kilo",10.16,KILO,https://www.compraonline.alcampo.es/products/ribeto-queso-semicurado-950-g/50934,2026-10-02T13:42:47
queso,Alcampo,673006,SAN VICENTE Queso semicurado (vaca y oveja) SAN VICENTE 400 g.,400 g,"Precio 6,25 €",6.25,"15,63 € por kilo",15.63,KILO,https://www.compraonline.alcampo.es/products/san-vicente-queso-semicurado-vaca-y-oveja-san-vicente-400-g/673006,2026-10-02T13:42:47
queso,Alcampo,630830,CAMPOREAL Queso semi mezcla cuña CAMPOREAL 250 g.,250 g,"Precio 5,67 €",5.67,"22,68 € por kilo",22.68,KILO,https://www.compraonline.alcampo.es/products/camporeal-queso-semi-mezcla-cuña-camporeal-250-g/630830,2026-10-02T13:42:47
agua,Alcampo,41550,"FONT VELLA Agua mineral con un toque de sabor a limón botella 1,15 l.","1,15 l","Precio 1,00 €",1.0,"0,87 € por litro",0.87,LITRO,https://www.compraonline.alcampo.es/products/font-vella-agua-mineral-con-un-toque-de-sabor-a-limón-botella-1-15-l/41550,2026-10-02T13:43:44
agua,Alcampo,21451,"FONT VELLA Agua mineral con toque de sabor a manzana botella 1,15 l.","1,15 l","Precio 1,00 €",1.0,"0,87 € por litro",0.87,LITRO,https://www.compraonline.alcampo.es/products/font-vella-agua-mineral-con-toque-de-sabor-a-manzana-botella-1-15-l/21451,2026-10-02T13:43:44
agua,Alcampo,58768,"FONT VELLA Agua mineral con zumo de limón botella 1,15 l.","1,15 l","Precio 1,00 €",1.0,"0,87 € por litro",0.87,LITRO,https://www.compraonline.alcampo.es/products/font-vella-agua-mineral-con-zumo-de-limón-botella-1-15-l/58768,2026-10-02T13:43:44
agua,Alcampo,69897,"ESSENZIA SAN BENEDETTO Agua aromatizada botella 1,5 l.","1,5 l","Precio 1,00 €",1.0,"0,67 € por litro",0.67,LITRO,https://www.compraonline.alcampo.es/products/essenzia-san-benedetto-agua-aromatizada-botella-1-5-l/69897,2026-10-02T13:43:44
agua,Alcampo,795742,"SAN BENEDETTO Agua aromatizada essenzia manzana botella 1,5 l","1,5 l","Precio 1,00 €",1.0,"0,67 € por litro",0.67,LITRO,https://www.compraonline.alcampo.es/products/san-benedetto-agua-aromatizada-essenzia-manzana-botella-1-5-l/795742,2026-10-02T13:43:44
agua,Alcampo,312394,"FONT VELLA Agua mineral levite limón zero 1,15 l.","1,15 l","Precio 1,00 €",1.0,"0,87 € por litro",0.87,LITRO,https://www.compraonline.alcampo.es/products/font-vella-agua-mineral-levite-limón-zero-1-15-l/312394,2026-10-02T13:43:44
agua,Alcampo,437991,"FONT VELLA Agua mineral con zumo tropical botella 1,15 l.","1,15 l","Precio 1,00 €",1.0,"0,87 € por litro",0.87,LITRO,https://www.compraonline.alcampo.es/products/font-vella-agua-mineral-con-zumo-tropical-botella-1-15-l/437991,2026-10-02T13:43:44
agua,Alcampo,40640,"FONT VELLA Agua mineral con zumo de naranja botella de 1,15 l.","1,15 l","Precio 1,00 €",1.0,"0,87 € por litro",0.87,LITRO,https://www.compraonline.alcampo.es/products/font-vella-agua-mineral-con-zumo-de-naranja-botella-de-1-15-l/40640,2026-10-02T13:43:44
agua,Alcampo,35193,AQUAREL Agua mineral botella de 33 cl pack de 6 uds.,33 cl,"Precio 2,94 €",2.94,"1,48 € por litro",1.48,LITRO,https://www.compraonline.alcampo.es/products/aquarel-agua-mineral-botella-de-33-cl-pack-de-6-uds/35193,2026-10-02T13:43:44
agua,Alcampo,36754,"AQUAREL Agua mineral pack de 6 uds. x 1,5 l.",6 uds,"Precio 3,84 €",3.84,"0,43 € por litro",0.43,LITRO,https://www.compraonline.alcampo.es/products/aquarel-agua-mineral-pack-de-6-uds-x-1-5-l/36754,2026-10-02T13:43:44
agua,Alcampo,36177,NESTLÉ AQUAREL  Agua mineral garrafa de 5 l.,5 l,"Precio 2,42 €",2.42,"0,48 € por litro",0.48,LITRO,https://www.compraonline.alcampo.es/products/nestlé-aquarel-agua-mineral-garrafa-de-5-l/36177,2026-10-02T13:43:44
agua,Alcampo,50743,"ESMIAGUA Agua mineral botella de 1,5 L, pack de 6 uds.","1,5 L","Precio 1,80 €",1.8,"0,20 € por litro",0.2,LITRO,https://www.compraonline.alcampo.es/products/esmiagua-agua-mineral-botella-de-1-5-l-pack-de-6-uds/50743,2026-10-02T13:43:44
agua,Alcampo,40673,PRODUCTO ALCAMPO Agua mineral garrafa de 8 l.,8 l,"Precio 1,64 €",1.64,"0,21 € por litro",0.21,LITRO,https://www.compraonline.alcampo.es/products/producto-alcampo-agua-mineral-garrafa-de-8-l/40673,2026-10-02T13:43:44
agua,Alcampo,21477,"TELENO Agua mineral pack de 6 uds. x 1,5 l.",6 uds,"Precio 2,22 €",2.22,"0,25 € por litro",0.25,LITRO,https://www.compraonline.alcampo.es/products/teleno-agua-mineral-pack-de-6-uds-x-1-5-l/21477,2026-10-02T13:43:44
agua,Alcampo,59185,"BEZOYA Agua mineral pack de 6 uds. x 1,5 l.",6 uds,"Precio 4,26 €",4.26,"0,47 € por litro",0.47,LITRO,https://www.compraonline.alcampo.es/products/bezoya-agua-mineral-pack-de-6-uds-x-1-5-l/59185,2026-10-02T13:43:44
agua,Alcampo,39495,"FONT VELLA Agua mineral pack de 6 uds. x 1,5 l.",6 uds,"Precio 4,62 €",4.62,"0,51 € por litro",0.51,LITRO,https://www.compraonline.alcampo.es/products/font-vella-agua-mineral-pack-de-6-uds-x-1-5-l/39495,2026-10-02T13:43:44
agua,Alcampo,36256,"SOLAN DE CABRAS Agua mineral pack de 6 uds. x 1,5 l.",6 uds,"Precio 4,86 €",4.86,"0,54 € por litro",0.54,LITRO,https://www.compraonline.alcampo.es/products/solan-de-cabras-agua-mineral-pack-de-6-uds-x-1-5-l/36256,2026-10-02T13:43:44
agua,Alcampo,32868,"PRODUCTO ALCAMPO Agua mineral pack de 6 uds. x 1,5 l.",6 uds,"Precio 2,34 €",2.34,"0,26 € por litro",0.26,LITRO,https://www.compraonline.alcampo.es/products/producto-alcampo-agua-mineral-pack-de-6-uds-x-1-5-l/32868,2026-10-02T13:43:44
agua,Alcampo,30110,"LANJARÓN Agua mineral pack de 6 uds x 1,5 l.",6 uds,"Precio 4,02 €",4.02,"0,45 € por litro",0.45,LITRO,https://www.compraonline.alcampo.es/products/lanjarón-agua-mineral-pack-de-6-uds-x-1-5-l/30110,2026-10-02T13:43:44
agua,Alcampo,538348,FUENTE PRIMAVERA Agua mineral pack 6 uds. x 2 l.,6 uds,"Precio 2,44 €",2.44,"0,20 € por litro",0.2,LITRO,https://www.compraonline.alcampo.es/products/fuente-primavera-agua-mineral-pack-6-uds-x-2-l/538348,2026-10-02T13:43:44
agua,Alcampo,888924,"TELENO Agua mineral pack 2 uds. x 2,5 l.",2 uds,"Precio 1,34 €",1.34,"0,27 € por litro",0.27,LITRO,https://www.compraonline.alcampo.es/products/teleno-agua-mineral-pack-2-uds-x-2-5-l/888924,2026-10-02T13:43:44
agua,Alcampo,50154,ESMIAGUA Agua mineral de mineralización muy débil botella de 1.5 l.,1.5 l,"Precio 0,30 €",0.3,"0,20 € por litro",0.2,LITRO,https://www.compraonline.alcampo.es/products/esmiagua-agua-mineral-de-mineralización-muy-débil-botella-de-1-5-l/50154,2026-10-02T13:43:44
agua,Alcampo,36255,"SOLAN DE CABRAS Agua mineral botella de 1,5 l.","1,5 l","Precio 0,81 €",0.81,"0,54 € por litro",0.54,LITRO,https://www.compraonline.alcampo.es/products/solan-de-cabras-agua-mineral-botella-de-1-5-l/36255,2026-10-02T13:43:44
agua,Alcampo,35361,FONT VELLA Agua mineral pack 6 uds.x 2 l.,6 uds,"Precio 5,76 €",5.76,"0,48 € por litro",0.48,LITRO,https://www.compraonline.alcampo.es/products/font-vella-agua-mineral-pack-6-uds-x-2-l/35361,2026-10-02T13:43:44
agua,Alcampo,40000,"CABREIROA Agua mineral pack de 6 uds. x 1,5 l.",6 uds,"Precio 3,60 €",3.6,"0,40 € por litro",0.4,LITRO,https://www.compraonline.alcampo.es/products/cabreiroa-agua-mineral-pack-de-6-uds-x-1-5-l/40000,2026-10-02T13:43:44
agua,Alcampo,888716,"TELENO Agua mineral botella de 2,5 l.","2,5 l","Precio 0,67 €",0.67,"0,27 € por litro",0.27,LITRO,https://www.compraonline.alcampo.es/products/teleno-agua-mineral-botella-de-2-5-l/888716,2026-10-02T13:43:44
agua,Alcampo,98970,AQUABONA Agua natural mineral botella pack de 6 uds x 1.5 L,6 uds,"Precio 3,48 €",3.48,"0,39 € por litro",0.39,LITRO,https://www.compraonline.alcampo.es/products/aquabona-agua-natural-mineral-botella-pack-de-6-uds-x-1-5-l/98970,2026-10-02T13:43:44
agua,Alcampo,33970,LANJARÓN Agua mineral pack de 6 uds. x 2 l.,6 uds,"Precio 5,52 €",5.52,"0,46 € por litro",0.46,LITRO,https://www.compraonline.alcampo.es/products/lanjarón-agua-mineral-pack-de-6-uds-x-2-l/33970,2026-10-02T13:43:44
agua,Alcampo,22334,"TELENO Agua mineral botella de 1,5 litros",1500ml,"Precio 0,37 €",0.37,"0,25 € por litro",0.25,LITRO,https://www.compraonline.alcampo.es/products/teleno-agua-mineral-botella-de-1-5-litros/22334,2026-10-02T13:43:44
agua,Alcampo,36943,"SIERRA DE CAZORLA Agua mineral pack de 6 uds. x 1,5 l.",6 uds,"Precio 4,26 €",4.26,"0,47 € por litro",0.47,LITRO,https://www.compraonline.alcampo.es/products/sierra-de-cazorla-agua-mineral-pack-de-6-uds-x-1-5-l/36943,2026-10-02T13:43:44
agua,Alcampo,438615,"FONT VELLA Agua mineral pack 4 uds. x 2,5 l.",4 uds,"Precio 4,36 €",4.36,"0,44 € por litro",0.44,LITRO,https://www.compraonline.alcampo.es/products/font-vella-agua-mineral-pack-4-uds-x-2-5-l/438615,2026-10-02T13:43:44
agua,Alcampo,888943,FONT NATURA Agua mineral easy botella 1 l.,1 l,"Precio 0,38 €",0.38,"0,38 € por litro",0.38,LITRO,https://www.compraonline.alcampo.es/products/font-natura-agua-mineral-easy-botella-1-l/888943,2026-10-02T13:43:44
agua,Alcampo,34152,"PRODUCTO ALCAMPO Agua mineral botella de 1,5 l.","1,5 l","Precio 0,39 €",0.39,"0,26 € por litro",0.26,LITRO,https://www.compraonline.alcampo.es/products/producto-alcampo-agua-mineral-botella-de-1-5-l/34152,2026-10-02T13:43:44
agua,Alcampo,918081,SOLAN DE CABRAS Agua mineral pack de 6 uds. 2 l.,6 uds,"Precio 6,60 €",6.6,"0,55 € por litro",0.55,LITRO,https://www.compraonline.alcampo.es/products/solan-de-cabras-agua-mineral-pack-de-6-uds-2-l/918081,2026-10-02T13:43:44
agua,Alcampo,34935,FUENTE PRIMAVERA Agua mineral botella de 2 l.,2 l,"Precio 0,41 €",0.41,"0,21 € por litro",0.21,LITRO,https://www.compraonline.alcampo.es/products/fuente-primavera-agua-mineral-botella-de-2-l/34935,2026-10-02T13:43:44
agua,Alcampo,30367,"CABREIROA Agua mineral botella de 1,5 l.","1,5 l","Precio 0,60 €",0.6,"0,40 € por litro",0.4,LITRO,https://www.compraonline.alcampo.es/products/cabreiroa-agua-mineral-botella-de-1-5-l/30367,2026-10-02T13:43:44
agua,Alcampo,34144,NESTLÉ AQUAREL Agua mineral pack 6 botellas 2 l.,2 l,"Precio 4,74 €",4.74,"0,39 € por litro",0.39,LITRO,https://www.compraonline.alcampo.es/products/nestlé-aquarel-agua-mineral-pack-6-botellas-2-l/34144,2026-10-02T13:43:44
agua,Alcampo,36983,"AQUABONA Agua mineral natural botella de 1,5 l.","1,5 l","Precio 0,58 €",0.58,"0,39 € por litro",0.39,LITRO,https://www.compraonline.alcampo.es/products/aquabona-agua-mineral-natural-botella-de-1-5-l/36983,2026-10-02T13:43:44
agua,Alcampo,40052,"FONT VELLA Agua mineral botella de 2,50 l.","2,50 l","Precio 1,09 €",1.09,"0,44 € por litro",0.44,LITRO,https://www.compraonline.alcampo.es/products/font-vella-agua-mineral-botella-de-2-50-l/40052,2026-10-02T13:43:44
agua,Alcampo,805418,CABREIROA Agua mineral pack 6 uds. x 2 l.,6 uds,"Precio 5,70 €",5.7,"0,47 € por litro",0.47,LITRO,https://www.compraonline.alcampo.es/products/cabreiroa-agua-mineral-pack-6-uds-x-2-l/805418,2026-10-02T13:43:44
agua,Alcampo,31155,"LANJARÓN Agua mineral botella de 1,5 l.","1,5 l","Precio 0,69 €",0.69,"0,46 € por litro",0.46,LITRO,https://www.compraonline.alcampo.es/products/lanjarón-agua-mineral-botella-de-1-5-l/31155,2026-10-02T13:43:44
agua,Alcampo,903986,URSU Agua mineral natural ph 9 6 uds. x 1500 ml.,6 uds,"Precio 5,59 €",5.59,"0,62 € por litro",0.62,LITRO,https://www.compraonline.alcampo.es/products/ursu-agua-mineral-natural-ph-9-6-uds-x-1500-ml/903986,2026-10-02T13:43:44
agua,Alcampo,35427,FONT VELLA Agua mineral botella de 2 l.,2 l,"Precio 0,96 €",0.96,"0,48 € por litro",0.48,LITRO,https://www.compraonline.alcampo.es/products/font-vella-agua-mineral-botella-de-2-l/35427,2026-10-02T13:43:44
agua,Alcampo,943143,"URSU Agua mineral natural 1,5 l","1,5 l","Precio 0,72 €",0.72,"0,48 € por litro",0.48,LITRO,https://www.compraonline.alcampo.es/products/ursu-agua-mineral-natural-1-5-l/943143,2026-10-02T13:43:44
agua,Alcampo,34297,LANJARÓN Agua mineral botella de 2 l.,2 l,"Precio 0,92 €",0.92,"0,46 € por litro",0.46,LITRO,https://www.compraonline.alcampo.es/products/lanjarón-agua-mineral-botella-de-2-l/34297,2026-10-02T13:43:44
agua,Alcampo,34907,"SIERRA DE CAZORLA Agua mineral botella de 1,5 l.","1,5 l","Precio 0,71 €",0.71,"0,47 € por litro",0.47,LITRO,https://www.compraonline.alcampo.es/products/sierra-de-cazorla-agua-mineral-botella-de-1-5-l/34907,2026-10-02T13:43:44
agua,Alcampo,34129,NESTLÉ AQUAREL Agua sin gas mineral botella 2 l,2 l,"Precio 0,79 €",0.79,"0,40 € por litro",0.4,LITRO,https://www.compraonline.alcampo.es/products/nestlé-aquarel-agua-sin-gas-mineral-botella-2-l/34129,2026-10-02T13:43:44
agua,Alcampo,30681,CABREIROA Agua mineral botella de 2 l.,2 l,"Precio 0,95 €",0.95,"0,48 € por litro",0.48,LITRO,https://www.compraonline.alcampo.es/products/cabreiroa-agua-mineral-botella-de-2-l/30681,2026-10-02T13:43:44
agua,Alcampo,452566,"FONTAREL Agua mineral en botella 1,5 l.","1,5 l","Precio 0,68 €",0.68,"0,45 € por litro",0.45,LITRO,https://www.compraonline.alcampo.es/products/fontarel-agua-mineral-en-botella-1-5-l/452566,2026-10-02T13:43:44
agua,Alcampo,22393,TELENO Agua mineral garrafa de 5 l.,5 l,"Precio 1,04 €",1.04,"0,21 € por litro",0.21,LITRO,https://www.compraonline.alcampo.es/products/teleno-agua-mineral-garrafa-de-5-l/22393,2026-10-02T13:43:44
agua,Alcampo,34146,PRODUCTO ALCAMPO Agua mineral garrafa de 5 l.,5 l,"Precio 1,08 €",1.08,"0,22 € por litro",0.22,LITRO,https://www.compraonline.alcampo.es/products/producto-alcampo-agua-mineral-garrafa-de-5-l/34146,2026-10-02T13:43:44
agua,Alcampo,50167,ESMIAGUA Agua mineral de mineralización muy débil garrafa de 5 l.,5 l,"Precio 1,10 €",1.1,"0,22 € por litro",0.22,LITRO,https://www.compraonline.alcampo.es/products/esmiagua-agua-mineral-de-mineralización-muy-débil-garrafa-de-5-l/50167,2026-10-02T13:43:44
agua,Alcampo,36410,"FONT VELLA Agua mineral garrafa de 6,25 l.","6,25 l","Precio 2,19 €",2.19,"0,35 € por litro",0.35,LITRO,https://www.compraonline.alcampo.es/products/font-vella-agua-mineral-garrafa-de-6-25-l/36410,2026-10-02T13:43:44
agua,Alcampo,438911,BEZOYA Agua mineral garrafa de 5 l.,5 l,"Precio 2,03 €",2.03,"0,41 € por litro",0.41,LITRO,https://www.compraonline.alcampo.es/products/bezoya-agua-mineral-garrafa-de-5-l/438911,2026-10-02T13:43:44
agua,Alcampo,501056,BEZOYA Agua mineral con dispensador bag in box 8 l.,8 l,"Precio 3,39 €",3.39,"0,42 € por litro",0.42,LITRO,https://www.compraonline.alcampo.es/products/bezoya-agua-mineral-con-dispensador-bag-in-box-8-l/501056,2026-10-02T13:43:44
zumo,Alcampo,312332,PRODUCTO ALCAMPO Zumo de piña light en brik 1 l.,1 l,"Precio 0,97 €",0.97,"0,97 € por litro",0.97,LITRO,https://www.compraonline.alcampo.es/products/producto-alcampo-zumo-de-piña-light-en-brik-1-l/312332,2026-10-02T13:44:36
zumo,Alcampo,313635,PRODUCTO ALCAMPO Zumo tropical light en brick 1 l.,1 l,"Precio 1,00 €",1.0,"1,00 € por litro",1.0,LITRO,https://www.compraonline.alcampo.es/products/producto-alcampo-zumo-tropical-light-en-brick-1-l/313635,2026-10-02T13:44:36
zumo,Alcampo,34341,"PRODUCTO ECONÓMICO ALCAMPO Zumo de melocotón, manzana y uva PRODUCTO ECONÓMICO ALCAMPO brick de 1 l.",1 l,"Precio 0,97 €",0.97,"0,97 € por litro",0.97,LITRO,https://www.compraonline.alcampo.es/products/producto-económico-alcampo-zumo-de-melocotón-manzana-y-uva-producto-económico-alcampo-brick-de-1-l/34341,2026-10-02T13:44:36
zumo,Alcampo,888989,"PRODUCTO ECONÓMICO ALCAMPO Zumo de piña, manzana y uva pack de 6 uds x 20 cl.",6 uds,"Precio 1,55 €",1.55,"1,29 € por litro",1.29,LITRO,https://www.compraonline.alcampo.es/products/producto-económico-alcampo-zumo-de-piña-manzana-y-uva-pack-de-6-uds-x-20-cl/888989,2026-10-02T13:44:36
zumo,Alcampo,34351,PRODUCTO ECONÓMICO ALCAMPO Zumo de manzana 1 l.,1 l,"Precio 0,77 €",0.77,"0,77 € por litro",0.77,LITRO,https://www.compraonline.alcampo.es/products/producto-económico-alcampo-zumo-de-manzana-1-l/34351,2026-10-02T13:44:36
zumo,Alcampo,53245,"BIFRUTAS Leche con zumo de frutas tropicales y vitaminas A, C y E 6 x 200 ml.",200 ml,"Precio 1,89 €",1.89,"1,57 € por litro",1.57,LITRO,https://www.compraonline.alcampo.es/products/bifrutas-leche-con-zumo-de-frutas-tropicales-y-vitaminas-a-c-y-e-6-x-200-ml/53245,2026-10-02T13:44:36
zumo,Alcampo,89615,DON SIMON Bebida de leche y zumo de frutas tropicales y 0% materia grasa Funciona max 6 x 200 ml.,200 ml,"Precio 1,43 €",1.43,"1,19 € por litro",1.19,LITRO,https://www.compraonline.alcampo.es/products/don-simon-bebida-de-leche-y-zumo-de-frutas-tropicales-y-0-materia-grasa-funciona-max-6-x-200-ml/89615,2026-10-02T13:44:36
zumo,Alcampo,53426,DON SIMON Bebida de leche y zumo de frutas mediterraneas Funciona max 6 x 200 ml.,200 ml,"Precio 1,43 €",1.43,"1,19 € por litro",1.19,LITRO,https://www.compraonline.alcampo.es/products/don-simon-bebida-de-leche-y-zumo-de-frutas-mediterraneas-funciona-max-6-x-200-ml/53426,2026-10-02T13:44:36
zumo,Alcampo,52547,DON SIMÓN Zero Zumo de frutas y leche sin azúcares añadidos 1 l.,1 l,"Precio 1,00 €",1.0,"1,00 € por litro",1.0,LITRO,https://www.compraonline.alcampo.es/products/don-simón-zero-zumo-de-frutas-y-leche-sin-azúcares-añadidos-1-l/52547,2026-10-02T13:44:36
zumo,Alcampo,89865,PRODUCTO ALCAMPO Zumo de frutas tropical 3 uds. 330 ml.,3 uds,"Precio 0,98 €",0.98,"0,99 € por litro",0.99,LITRO,https://www.compraonline.alcampo.es/products/producto-alcampo-zumo-de-frutas-tropical-3-uds-330-ml/89865,2026-10-02T13:44:36
zumo,Alcampo,54448,DON SIMON Leche con zumo de frutas multifrutas Funciona max 1 l.,1 l,"Precio 1,00 €",1.0,"1,00 € por litro",1.0,LITRO,https://www.compraonline.alcampo.es/products/don-simon-leche-con-zumo-de-frutas-multifrutas-funciona-max-1-l/54448,2026-10-02T13:44:36
zumo,Alcampo,52153,BIFRUTAS Leche con zumo de frutas tropicales 1 l.,1 l,"Precio 2,32 €",2.32,"2,32 € por litro",2.32,LITRO,https://www.compraonline.alcampo.es/products/bifrutas-leche-con-zumo-de-frutas-tropicales-1-l/52153,2026-10-02T13:44:36
zumo,Alcampo,721841,"BIFRUTAS Leche con zumo de frutas tropicales sin azúcares añadidos y con vitaminas A, C y E 6 x 200 ml.",200 ml,"Precio 1,89 €",1.89,"1,57 € por litro",1.57,LITRO,https://www.compraonline.alcampo.es/products/bifrutas-leche-con-zumo-de-frutas-tropicales-sin-azúcares-añadidos-y-con-vitaminas-a-c-y-e-6-x-200-ml/721841,2026-10-02T13:44:36
zumo,Alcampo,420649,BIFRUTAS Leche con zumo de frutas mediterráneas 1 l.,1 l,"Precio 2,32 €",2.32,"2,32 € por litro",2.32,LITRO,https://www.compraonline.alcampo.es/products/bifrutas-leche-con-zumo-de-frutas-mediterráneas-1-l/420649,2026-10-02T13:44:36
zumo,Alcampo,89876,"PRODUCTO ALCAMPO Leche y zumo de frutas tropicales (piña, manzana, mango) 6 x 200 ml.",200 ml,"Precio 1,20 €",1.2,"1,00 € por litro",1.0,LITRO,https://www.compraonline.alcampo.es/products/producto-alcampo-leche-y-zumo-de-frutas-tropicales-piña-manzana-mango-6-x-200-ml/89876,2026-10-02T13:44:36
zumo,Alcampo,635147,AUCHAN Leche con zumo de frutas Tropical 1 l.,1 l,"Precio 0,93 €",0.93,"0,93 € por litro",0.93,LITRO,https://www.compraonline.alcampo.es/products/auchan-leche-con-zumo-de-frutas-tropical-1-l/635147,2026-10-02T13:44:36
zumo,Alcampo,53417,DON SIMON Leche con zumo de frutas caribeñas y 0% materia grasa Funciona max 6 x 200 ml.,200 ml,"Precio 1,43 €",1.43,"1,19 € por litro",1.19,LITRO,https://www.compraonline.alcampo.es/products/don-simon-leche-con-zumo-de-frutas-caribeñas-y-0-materia-grasa-funciona-max-6-x-200-ml/53417,2026-10-02T13:44:36
zumo,Alcampo,54433,Bebida de leche y zumo de frutas caribeñas y 0% materia grasa DON SIMON Funciona max 1 l.,1 l,"Precio 1,00 €",1.0,"1,00 € por litro",1.0,LITRO,https://www.compraonline.alcampo.es/products/bebida-de-leche-y-zumo-de-frutas-caribeñas-y-0-materia-grasa-don-simon-funciona-max-1-l/54433,2026-10-02T13:44:36
zumo,Alcampo,420683,BIFRUTAS Leche con zumo de frutas mediterráneas y 0% materia grasa 6 x 200 ml.,200 ml,"Precio 1,89 €",1.89,"1,57 € por litro",1.57,LITRO,https://www.compraonline.alcampo.es/products/bifrutas-leche-con-zumo-de-frutas-mediterráneas-y-0-materia-grasa-6-x-200-ml/420683,2026-10-02T13:44:36
zumo,Alcampo,420750,BIFRUTAS Leche con zumo de frutas del pacífico y 0% materia grasa BIFRUTAS de Pascual 3 x 330 ml.,330 ml,"Precio 2,12 €",2.12,"2,14 € por litro",2.14,LITRO,https://www.compraonline.alcampo.es/products/bifrutas-leche-con-zumo-de-frutas-del-pacífico-y-0-materia-grasa-bifrutas-de-pascual-3-x-330-ml/420750,2026-10-02T13:44:36
zumo,Alcampo,888988,"PRODUCTO ECONÓMICO ALCAMPO Zumo de melocotón, uva y manzana brick 6 uds x 20 cl.",6 uds,"Precio 1,45 €",1.45,"1,21 € por litro",1.21,LITRO,https://www.compraonline.alcampo.es/products/producto-económico-alcampo-zumo-de-melocotón-uva-y-manzana-brick-6-uds-x-20-cl/888988,2026-10-02T13:44:36
zumo,Alcampo,438252,DON SIMON Brick zumo de piña y uva 6 uds x 20 cl.,6 uds,"Precio 2,57 €",2.57,"2,14 € por litro",2.14,LITRO,https://www.compraonline.alcampo.es/products/don-simon-brick-zumo-de-piña-y-uva-6-uds-x-20-cl/438252,2026-10-02T13:44:36
zumo,Alcampo,98958,JUVER Disfruta Zumo de frutas tropicales sin azúcares añadidos pack 3 uds x 20 cl.,3 uds,"Precio 1,00 €",1.0,"1,67 € por litro",1.67,LITRO,https://www.compraonline.alcampo.es/products/juver-disfruta-zumo-de-frutas-tropicales-sin-azúcares-añadidos-pack-3-uds-x-20-cl/98958,2026-10-02T13:44:36
zumo,Alcampo,438265,DON SIMON Brick zumo de naranja 6 uds x 20 cl.,6 uds,"Precio 2,57 €",2.57,"2,14 € por litro",2.14,LITRO,https://www.compraonline.alcampo.es/products/don-simon-brick-zumo-de-naranja-6-uds-x-20-cl/438265,2026-10-02T13:44:36
zumo,Alcampo,438249,DON SIMON Brick zumo de manzana 6 uds x 20 cl.,6 uds,"Precio 1,99 €",1.99,"1,66 € por litro",1.66,LITRO,https://www.compraonline.alcampo.es/products/don-simon-brick-zumo-de-manzana-6-uds-x-20-cl/438249,2026-10-02T13:44:36
zumo,Alcampo,438253,DON SIMON Brick zumo de melocotón y uva 6 uds x 20 cl.,6 uds,"Precio 1,99 €",1.99,"1,66 € por litro",1.66,LITRO,https://www.compraonline.alcampo.es/products/don-simon-brick-zumo-de-melocotón-y-uva-6-uds-x-20-cl/438253,2026-10-02T13:44:36
zumo,Alcampo,438424,DON SIMON Zumo exprimido de piña y uva sin pulpa pack 3 brik x 20 cl.,20 cl,"Precio 2,20 €",2.2,"3,67 € por litro",3.67,LITRO,https://www.compraonline.alcampo.es/products/don-simon-zumo-exprimido-de-piña-y-uva-sin-pulpa-pack-3-brik-x-20-cl/438424,2026-10-02T13:44:36
zumo,Alcampo,438419,DON SIMON Zumo exprimido de naranja sin pulpa brick de 3 uds x 20 cl.,3 uds,"Precio 2,20 €",2.2,"3,67 € por litro",3.67,LITRO,https://www.compraonline.alcampo.es/products/don-simon-zumo-exprimido-de-naranja-sin-pulpa-brick-de-3-uds-x-20-cl/438419,2026-10-02T13:44:36
zumo,Alcampo,635667,DISFRUTA Bebida zumo de naranja exprimida sin azúcar 200 ml x 6.,200 ml,"Precio 3,17 €",3.17,"15,85 € por litro",15.85,LITRO,https://www.compraonline.alcampo.es/products/disfruta-bebida-zumo-de-naranja-exprimida-sin-azúcar-200-ml-x-6/635667,2026-10-02T13:44:36
zumo,Alcampo,503586,PRODUCTO ALCAMPO Zumo de naranja 100 % exprimida con pulpa 1l.,1l,"Precio 1,79 €",1.79,"1,79 € por litro",1.79,LITRO,https://www.compraonline.alcampo.es/products/producto-alcampo-zumo-de-naranja-100-exprimida-con-pulpa-1l/503586,2026-10-02T13:44:36
zumo,Alcampo,35941,PRODUCTO ALCAMPO Zumo de naranja 100 % exprimido sin pulpa 1 l.,1 l,"Precio 1,79 €",1.79,"1,79 € por litro",1.79,LITRO,https://www.compraonline.alcampo.es/products/producto-alcampo-zumo-de-naranja-100-exprimido-sin-pulpa-1-l/35941,2026-10-02T13:44:36
zumo,Alcampo,33943,DON SIMON Brick zumo exprimido de naranja sin pulpa 1 l.,1 l,"Precio 2,85 €",2.85,"2,85 € por litro",2.85,LITRO,https://www.compraonline.alcampo.es/products/don-simon-brick-zumo-exprimido-de-naranja-sin-pulpa-1-l/33943,2026-10-02T13:44:36
zumo,Alcampo,58854,PRODUCTO ALCAMPO Zumo de naranja sin pulpa refrigerado 1 l.,1 l,"Precio 2,05 €",2.05,"2,05 € por litro",2.05,LITRO,https://www.compraonline.alcampo.es/products/producto-alcampo-zumo-de-naranja-sin-pulpa-refrigerado-1-l/58854,2026-10-02T13:44:36
zumo,Alcampo,32822,DON SIMON Zumo exprimido de naranja con pulpa brick de 1 l.,1 l,"Precio 2,85 €",2.85,"2,85 € por litro",2.85,LITRO,https://www.compraonline.alcampo.es/products/don-simon-zumo-exprimido-de-naranja-con-pulpa-brick-de-1-l/32822,2026-10-02T13:44:36
zumo,Alcampo,438308,DON SIMON Zumo refrigerado exprimido de naranja sin pulpa botella de 1 l.,1 l,"Precio 3,09 €",3.09,"3,09 € por litro",3.09,LITRO,https://www.compraonline.alcampo.es/products/don-simon-zumo-refrigerado-exprimido-de-naranja-sin-pulpa-botella-de-1-l/438308,2026-10-02T13:44:36
zumo,Alcampo,438306,DON SIMON Zumo refrigerado exprimido de naranja con pulpa botella de 1 l.,1 l,"Precio 3,09 €",3.09,"3,09 € por litro",3.09,LITRO,https://www.compraonline.alcampo.es/products/don-simon-zumo-refrigerado-exprimido-de-naranja-con-pulpa-botella-de-1-l/438306,2026-10-02T13:44:36
zumo,Alcampo,71695,PRODUCTO ALCAMPO Zumo de naranja con pulpa refrigerado brick de 1 l.,1 l,"Precio 2,05 €",2.05,"2,05 € por litro",2.05,LITRO,https://www.compraonline.alcampo.es/products/producto-alcampo-zumo-de-naranja-con-pulpa-refrigerado-brick-de-1-l/71695,2026-10-02T13:44:36
zumo,Alcampo,41718,DON SIMON Brick zumo de naranja con pulpa (100% naranja exprimida) 2l,2l,"Precio 5,95 €",5.95,"2,98 € por litro",2.98,LITRO,https://www.compraonline.alcampo.es/products/don-simon-brick-zumo-de-naranja-con-pulpa-100-naranja-exprimida-2l/41718,2026-10-02T13:44:36
zumo,Alcampo,41856,DON SIMON Zumo de naranja (100 % exprimido) sin pulpa 2 l.,2 l,"Precio 5,95 €",5.95,"2,98 € por litro",2.98,LITRO,https://www.compraonline.alcampo.es/products/don-simon-zumo-de-naranja-100-exprimido-sin-pulpa-2-l/41856,2026-10-02T13:44:36
zumo,Alcampo,714280,JUVER Zumo de naranja exprimida sin pulpa 1 l.,1 l,"Precio 2,77 €",2.77,"2,77 € por litro",2.77,LITRO,https://www.compraonline.alcampo.es/products/juver-zumo-de-naranja-exprimida-sin-pulpa-1-l/714280,2026-10-02T13:44:36
zumo,Alcampo,714291,JUVER Zumo de naranja exprimida con pulpa 1 l.,1 l,"Precio 2,77 €",2.77,"2,77 € por litro",2.77,LITRO,https://www.compraonline.alcampo.es/products/juver-zumo-de-naranja-exprimida-con-pulpa-1-l/714291,2026-10-02T13:44:36
zumo,Alcampo,477509,"PRODUCTO ALCAMPO Bebida refrescante de zumo de Guayaba, sin azucares añadidos  1 l.",1 l,"Precio 1,30 €",1.3,"1,30 € por litro",1.3,LITRO,https://www.compraonline.alcampo.es/products/producto-alcampo-bebida-refrescante-de-zumo-de-guayaba-sin-azucares-añadidos-1-l/477509,2026-10-02T13:44:36
zumo,Alcampo,456596,PRODUCTO ALCAMPO Bio Zumo natural de arándanos ecológicos 500 ml,500 ml,"Precio 7,95 €",7.95,"15,90 € por litro",15.9,LITRO,https://www.compraonline.alcampo.es/products/producto-alcampo-bio-zumo-natural-de-arándanos-ecológicos-500-ml/456596,2026-10-02T13:44:36
zumo,Alcampo,312331,PRODUCTO ALCAMPO Zumo de naranja light en brik 1 l.,1 l,"Precio 1,03 €",1.03,"1,03 € por litro",1.03,LITRO,https://www.compraonline.alcampo.es/products/producto-alcampo-zumo-de-naranja-light-en-brik-1-l/312331,2026-10-02T13:44:36
zumo,Alcampo,69782,GRANINI Zumo de naranja 100% premium 1 l.,1 l,"Precio 2,90 €",2.9,"2,90 € por litro",2.9,LITRO,https://www.compraonline.alcampo.es/products/granini-zumo-de-naranja-100-premium-1-l/69782,2026-10-02T13:44:36
zumo,Alcampo,885501,"GRANINI Zumo de naranja con acerola 0,75ml.","0,75ml","Precio 2,90 €",2.9,"3,87 € por litro",3.87,LITRO,https://www.compraonline.alcampo.es/products/granini-zumo-de-naranja-con-acerola-0-75ml/885501,2026-10-02T13:44:36
zumo,Alcampo,254738,PRODUCTO ALCAMPO Bebida refrescante de zumo de naranja y mandarina Florida 2 l.,2 l,"Precio 1,40 €",1.4,"0,70 € por litro",0.7,LITRO,https://www.compraonline.alcampo.es/products/producto-alcampo-bebida-refrescante-de-zumo-de-naranja-y-mandarina-florida-2-l/254738,2026-10-02T13:44:36
zumo,Alcampo,564320,"PRODUCTO ALCAMPO Collection Zumo exprimido de uva roja, granada y grosella negra 750 ml.",750 ml,"Precio 1,79 €",1.79,"2,39 € por litro",2.39,LITRO,https://www.compraonline.alcampo.es/products/producto-alcampo-collection-zumo-exprimido-de-uva-roja-granada-y-grosella-negra-750-ml/564320,2026-10-02T13:44:36
zumo,Alcampo,564242,"PRODUCTO ALCAMPO Limonada 24% de zumo y pulpa de limón, botella 1 l.",1 l,"Precio 1,85 €",1.85,"1,85 € por litro",1.85,LITRO,https://www.compraonline.alcampo.es/products/producto-alcampo-limonada-24-de-zumo-y-pulpa-de-limón-botella-1-l/564242,2026-10-02T13:44:36
zumo,Alcampo,527433,CAPRI-SUN Bebida refrescante a base de zumo de frutas con vitaminas 200 ml.,200 ml,"Precio 0,68 €",0.68,"3,40 € por litro",3.4,LITRO,https://www.compraonline.alcampo.es/products/capri-sun-bebida-refrescante-a-base-de-zumo-de-frutas-con-vitaminas-200-ml/527433,2026-10-02T13:44:36
atún,Alcampo,437678,ALTA COCINA Ventresca de atún en aceite de girasol 75 g.,75 g,"Precio 1,00 €",1.0,"13,89 € por kilo",13.89,KILO,https://www.compraonline.alcampo.es/products/alta-cocina-ventresca-de-atún-en-aceite-de-girasol-75-g/437678,2026-10-02T13:45:28
atún,Alcampo,676587,ORBE Atún en aceite 2 latas de 52 g,52 g,"Precio 1,00 €",1.0,"9,62 € por kilo",9.62,KILO,https://www.compraonline.alcampo.es/products/orbe-atún-en-aceite-2-latas-de-52-g/676587,2026-10-02T13:45:28
atún,Alcampo,786356,SÁLVORA Atún en aceite vegetal latas 2 x 52 g.,52 g,"Precio 1,00 €",1.0,"9,62 € por kilo",9.62,KILO,https://www.compraonline.alcampo.es/products/sálvora-atún-en-aceite-vegetal-latas-2-x-52-g/786356,2026-10-02T13:45:28
atún,Alcampo,902357,COSTATUN Migas de atún claro en aceite vegetal 2 x 80 gr.,80 gr,"Precio 1,00 €",1.0,"6,25 € por kilo",6.25,KILO,https://www.compraonline.alcampo.es/products/costatun-migas-de-atún-claro-en-aceite-vegetal-2-x-80-gr/902357,2026-10-02T13:45:28
atún,Alcampo,513829,PRODUCTO ALCAMPO Atún claro al natural pack 6 uds. x 56 g.,6 uds,"Precio 3,75 €",3.75,"11,16 € por kilo",11.16,KILO,https://www.compraonline.alcampo.es/products/producto-alcampo-atún-claro-al-natural-pack-6-uds-x-56-g/513829,2026-10-02T13:45:28
atún,Alcampo,61519,PRODUCTO ALCAMPO Atún claro en aceite de oliva lata de 52 g. pack de 6 uds.,52 g,"Precio 4,25 €",4.25,"13,62 € por kilo",13.62,KILO,https://www.compraonline.alcampo.es/products/producto-alcampo-atún-claro-en-aceite-de-oliva-lata-de-52-g-pack-de-6-uds/61519,2026-10-02T13:45:28
atún,Alcampo,22340,PRODUCTO ALCAMPO Atún en aceite de girasol 650 g.,650 g,"Precio 6,49 €",6.49,"9,98 € por kilo",9.98,KILO,https://www.compraonline.alcampo.es/products/producto-alcampo-atún-en-aceite-de-girasol-650-g/22340,2026-10-02T13:45:28
atún,Alcampo,26028,PRODUCTO ALCAMPO Atún claro en aceite de girasol lata de 52 g. pack de 6 uds.,52 g,"Precio 3,64 €",3.64,"11,67 € por kilo",11.67,KILO,https://www.compraonline.alcampo.es/products/producto-alcampo-atún-claro-en-aceite-de-girasol-lata-de-52-g-pack-de-6-uds/26028,2026-10-02T13:45:28
atún,Alcampo,97665,PRODUCTO ALCAMPO Atún en aceite de oliva pack 3 latas de 52 g.,52 g,"Precio 2,55 €",2.55,"16,35 € por kilo",16.35,KILO,https://www.compraonline.alcampo.es/products/producto-alcampo-atún-en-aceite-de-oliva-pack-3-latas-de-52-g/97665,2026-10-02T13:45:28
atún,Alcampo,248803,PRODUCTO ALCAMPO Atún en aceite de oliva 650 g.,650 g,"Precio 7,69 €",7.69,"11,83 € por kilo",11.83,KILO,https://www.compraonline.alcampo.es/products/producto-alcampo-atún-en-aceite-de-oliva-650-g/248803,2026-10-02T13:45:28
atún,Alcampo,431894,ALTA COCINA Atún claro en aceite de oliva lata de 150 g.,150 g,"Precio 3,79 €",3.79,"25,27 € por kilo",25.27,KILO,https://www.compraonline.alcampo.es/products/alta-cocina-atún-claro-en-aceite-de-oliva-lata-de-150-g/431894,2026-10-02T13:45:28
atún,Alcampo,27833,"CALVO Atún claro en aceite de oliva, vuelca fácil lata pack de 3 uds 52 g.",3 uds,"Precio 4,12 €",4.12,"26,41 € por kilo",26.41,KILO,https://www.compraonline.alcampo.es/products/calvo-atún-claro-en-aceite-de-oliva-vuelca-fácil-lata-pack-de-3-uds-52-g/27833,2026-10-02T13:45:28
atún,Alcampo,644995,ALBO Atún claro en aceite de oliva virgen extra 68 x 3 g.,3 g,"Precio 7,19 €",7.19,"35,25 € por kilo",35.25,KILO,https://www.compraonline.alcampo.es/products/albo-atún-claro-en-aceite-de-oliva-virgen-extra-68-x-3-g/644995,2026-10-02T13:45:28
atún,Alcampo,546490,"PRODUCTO ALCAMPO Collection Atún claro, en aceite de oliva virgen extra 3 x 92 g.",92 g,"Precio 5,34 €",5.34,"26,57 € por kilo",26.57,KILO,https://www.compraonline.alcampo.es/products/producto-alcampo-collection-atún-claro-en-aceite-de-oliva-virgen-extra-3-x-92-g/546490,2026-10-02T13:45:28
atún,Alcampo,24688,ISABEL Atún claro en aceite de oliva pack 6 uds. x 52 g.,6 uds,"Precio 7,85 €",7.85,"25,16 € por kilo",25.16,KILO,https://www.compraonline.alcampo.es/products/isabel-atún-claro-en-aceite-de-oliva-pack-6-uds-x-52-g/24688,2026-10-02T13:45:28
atún,Alcampo,25694,CALVO Atún claro en aceite de oliva virgen extra lata de pack de 3 uds. 52 g,3 uds,"Precio 4,12 €",4.12,"26,41 € por kilo",26.41,KILO,https://www.compraonline.alcampo.es/products/calvo-atún-claro-en-aceite-de-oliva-virgen-extra-lata-de-pack-de-3-uds-52-g/25694,2026-10-02T13:45:28
atún,Alcampo,644991,ALBO Atún claro en aceite de oliva 68 x 3 g.,3 g,"Precio 7,19 €",7.19,"35,25 € por kilo",35.25,KILO,https://www.compraonline.alcampo.es/products/albo-atún-claro-en-aceite-de-oliva-68-x-3-g/644991,2026-10-02T13:45:28
atún,Alcampo,432995,ALBO Atún claro en aceite de oliva lata de 48 g. pack de 6 uds.,48 g,"Precio 10,62 €",10.62,"36,87 € por kilo",36.87,KILO,https://www.compraonline.alcampo.es/products/albo-atún-claro-en-aceite-de-oliva-lata-de-48-g-pack-de-6-uds/432995,2026-10-02T13:45:28
atún,Alcampo,789800,AUCHAN Atún claro en aceite de oliva - Lata de 72g.,72g,"Precio 1,33 €",1.33,"18,47 € por kilo",18.47,KILO,https://www.compraonline.alcampo.es/products/auchan-atún-claro-en-aceite-de-oliva-lata-de-72g/789800,2026-10-02T13:45:28
atún,Alcampo,26202,PRODUCTO ALCAMPO Atún claro en aceite de oliva pack 3 uds. x 52 g.,3 uds,"Precio 2,75 €",2.75,"17,63 € por kilo",17.63,KILO,https://www.compraonline.alcampo.es/products/producto-alcampo-atún-claro-en-aceite-de-oliva-pack-3-uds-x-52-g/26202,2026-10-02T13:45:28
atún,Alcampo,21951,"CALVO Atún claro aceite de oliva con contenido reducido en sal lata  pack de 3 uds.,52 g.",3 uds,"Precio 4,32 €",4.32,"27,69 € por kilo",27.69,KILO,https://www.compraonline.alcampo.es/products/calvo-atún-claro-aceite-de-oliva-con-contenido-reducido-en-sal-lata-pack-de-3-uds-52-g/21951,2026-10-02T13:45:28
atún,Alcampo,24380,CALVO Atún en aceite de oliva lata pack de 3 uds. 52 g.,3 uds,"Precio 3,98 €",3.98,"25,51 € por kilo",25.51,KILO,https://www.compraonline.alcampo.es/products/calvo-atún-en-aceite-de-oliva-lata-pack-de-3-uds-52-g/24380,2026-10-02T13:45:28
atún,Alcampo,258733,PRODUCTO ALCAMPO Atún claro en aceite de oliva frasco de 140 g.,140 g,"Precio 3,70 €",3.7,"26,43 € por kilo",26.43,KILO,https://www.compraonline.alcampo.es/products/producto-alcampo-atún-claro-en-aceite-de-oliva-frasco-de-140-g/258733,2026-10-02T13:45:28
atún,Alcampo,44090,CALVO Atún claro en aceite de oliva ligero pack de 3 x 56 g.,56 g,"Precio 4,32 €",4.32,"25,71 € por kilo",25.71,KILO,https://www.compraonline.alcampo.es/products/calvo-atún-claro-en-aceite-de-oliva-ligero-pack-de-3-x-56-g/44090,2026-10-02T13:45:28
atún,Alcampo,62436,CUCA Atún claro en aceite de oliva pack 6 uds.x 48 g.,6 uds,"Precio 12,77 €",12.77,"44,34 € por kilo",44.34,KILO,https://www.compraonline.alcampo.es/products/cuca-atún-claro-en-aceite-de-oliva-pack-6-uds-x-48-g/62436,2026-10-02T13:45:28
atún,Alcampo,984240,ALBO Atún claro en aceite de oliva virgen extra 6 uds. X 48 g.,6 uds,"Precio 11,59 €",11.59,"40,24 € por kilo",40.24,KILO,https://www.compraonline.alcampo.es/products/albo-atún-claro-en-aceite-de-oliva-virgen-extra-6-uds-x-48-g/984240,2026-10-02T13:45:28
atún,Alcampo,28639,CUCA Atún claro en aceite de oliva pack 3 uds. x 67 g.,3 uds,"Precio 9,30 €",9.3,"46,27 € por kilo",46.27,KILO,https://www.compraonline.alcampo.es/products/cuca-atún-claro-en-aceite-de-oliva-pack-3-uds-x-67-g/28639,2026-10-02T13:45:28
atún,Alcampo,25151,TEJERO Atún de almadraba en aceite de oliva lata de 52 g. pack de 3 uds.,52 g,"Precio 3,93 €",3.93,"25,19 € por kilo",25.19,KILO,https://www.compraonline.alcampo.es/products/tejero-atún-de-almadraba-en-aceite-de-oliva-lata-de-52-g-pack-de-3-uds/25151,2026-10-02T13:45:28
atún,Alcampo,450183,CALVO Atún en aceite de oliva 600g.,600g,"Precio 13,83 €",13.83,"23,05 € por kilo",23.05,KILO,https://www.compraonline.alcampo.es/products/calvo-atún-en-aceite-de-oliva-600g/450183,2026-10-02T13:45:28
atún,Alcampo,95037,CUCA Atún en aceite de oliva pescado a caña pack 3 uds. x 50 g.,3 uds,"Precio 6,72 €",6.72,"44,80 € por kilo",44.8,KILO,https://www.compraonline.alcampo.es/products/cuca-atún-en-aceite-de-oliva-pescado-a-caña-pack-3-uds-x-50-g/95037,2026-10-02T13:45:28
atún,Alcampo,510873,RIBEIRA Atún claro en aceite de oliva 3 uds x 52 g.,3 uds,"Precio 2,96 €",2.96,"18,97 € por kilo",18.97,KILO,https://www.compraonline.alcampo.es/products/ribeira-atún-claro-en-aceite-de-oliva-3-uds-x-52-g/510873,2026-10-02T13:45:28
atún,Alcampo,64832,CALVO Atún claro en aceite de oliva pack 3 uds. x 73 g.,3 uds,"Precio 6,78 €",6.78,"30,96 € por kilo",30.96,KILO,https://www.compraonline.alcampo.es/products/calvo-atún-claro-en-aceite-de-oliva-pack-3-uds-x-73-g/64832,2026-10-02T13:45:28
atún,Alcampo,712633,ISABEL Atún en aceite de oliva pack 6 uds. x 52 g.,6 uds,"Precio 8,05 €",8.05,"25,80 € por kilo",25.8,KILO,https://www.compraonline.alcampo.es/products/isabel-atún-en-aceite-de-oliva-pack-6-uds-x-52-g/712633,2026-10-02T13:45:28
atún,Alcampo,432879,CALVO Atún claro en aceite de oliva en filetes frasco de 163 g.,163 g,"Precio 5,58 €",5.58,"34,23 € por kilo",34.23,KILO,https://www.compraonline.alcampo.es/products/calvo-atún-claro-en-aceite-de-oliva-en-filetes-frasco-de-163-g/432879,2026-10-02T13:45:28
atún,Alcampo,24724,JAVIMAR Atún en aceite de oliva lata de 81 g.,81 g,"Precio 2,45 €",2.45,"30,25 € por kilo",30.25,KILO,https://www.compraonline.alcampo.es/products/javimar-atún-en-aceite-de-oliva-lata-de-81-g/24724,2026-10-02T13:45:28
atún,Alcampo,64323,ISABEL Atún en aceite de oliva pack de 3 uds.x 52 g.,3 uds,"Precio 5,50 €",5.5,"35,26 € por kilo",35.26,KILO,https://www.compraonline.alcampo.es/products/isabel-atún-en-aceite-de-oliva-pack-de-3-uds-x-52-g/64323,2026-10-02T13:45:28
atún,Alcampo,835654,CALVO Atún en aceite de oliva virgen extra 72g X 3,72g,"Precio 6,55 €",6.55,"30,32 € por kilo",30.32,KILO,https://www.compraonline.alcampo.es/products/calvo-atún-en-aceite-de-oliva-virgen-extra-72g-x-3/835654,2026-10-02T13:45:28
atún,Alcampo,64816,CAMPOS Atún claro en aceite de oliva 104 g.,104 g,"Precio 3,69 €",3.69,"35,48 € por kilo",35.48,KILO,https://www.compraonline.alcampo.es/products/campos-atún-claro-en-aceite-de-oliva-104-g/64816,2026-10-02T13:45:28
atún,Alcampo,25512,CABO DE PEÑAS Atún claro en aceite de oliva ecológico CABO DE PEÑAS 156 g.,156 g,"Precio 4,55 €",4.55,"29,17 € por kilo",29.17,KILO,https://www.compraonline.alcampo.es/products/cabo-de-peñas-atún-claro-en-aceite-de-oliva-ecológico-cabo-de-peñas-156-g/25512,2026-10-02T13:45:28
atún,Alcampo,24857,ALBO Atún claro en aceite de oliva virgen extra lata de 82 g.,82 g,"Precio 4,01 €",4.01,"48,90 € por kilo",48.9,KILO,https://www.compraonline.alcampo.es/products/albo-atún-claro-en-aceite-de-oliva-virgen-extra-lata-de-82-g/24857,2026-10-02T13:45:28
atún,Alcampo,22128,ALBO Atún claro en aceite de oliva lata de 82 g.,82 g,"Precio 3,29 €",3.29,"40,12 € por kilo",40.12,KILO,https://www.compraonline.alcampo.es/products/albo-atún-claro-en-aceite-de-oliva-lata-de-82-g/22128,2026-10-02T13:45:28
atún,Alcampo,62341,CAMPOS Atún en aceite de oliva 3 x 80 g.,80 g,"Precio 5,19 €",5.19,"33,27 € por kilo",33.27,KILO,https://www.compraonline.alcampo.es/products/campos-atún-en-aceite-de-oliva-3-x-80-g/62341,2026-10-02T13:45:28
atún,Alcampo,24646,CUCA Atún claro en aceite de oliva virgen extra pack 3 uds. x 67 g.,3 uds,"Precio 7,49 €",7.49,"37,26 € por kilo",37.26,KILO,https://www.compraonline.alcampo.es/products/cuca-atún-claro-en-aceite-de-oliva-virgen-extra-pack-3-uds-x-67-g/24646,2026-10-02T13:45:28
atún,Alcampo,24821,CABO DE PEÑAS Atún claro en aceite de oliva con contenido reducido en sal lata de 143 g.,143 g,"Precio 3,99 €",3.99,"27,90 € por kilo",27.9,KILO,https://www.compraonline.alcampo.es/products/cabo-de-peñas-atún-claro-en-aceite-de-oliva-con-contenido-reducido-en-sal-lata-de-143-g/24821,2026-10-02T13:45:28
atún,Alcampo,25553,ISABEL Atún claro en aceite de oliva pack 3 uds.x 52 g.,3 uds,"Precio 4,59 €",4.59,"29,42 € por kilo",29.42,KILO,https://www.compraonline.alcampo.es/products/isabel-atún-claro-en-aceite-de-oliva-pack-3-uds-x-52-g/25553,2026-10-02T13:45:28
atún,Alcampo,535537,JAVIMAR Atún claro de oliva 67 x 3 g.,3 g,"Precio 6,99 €",6.99,"34,78 € por kilo",34.78,KILO,https://www.compraonline.alcampo.es/products/javimar-atún-claro-de-oliva-67-x-3-g/535537,2026-10-02T13:45:28
atún,Alcampo,96635,SÁLVORA Atún en aceite vegetal 52 g. pack 3 uds.,52 g,"Precio 1,79 €",1.79,"11,47 € por kilo",11.47,KILO,https://www.compraonline.alcampo.es/products/sálvora-atún-en-aceite-vegetal-52-g-pack-3-uds/96635,2026-10-02T13:45:28
atún,Alcampo,26669,PRODUCTO ALCAMPO Atún en aceite de girasol pack 3 latas 52 g.,52 g,"Precio 2,19 €",2.19,"14,04 € por kilo",14.04,KILO,https://www.compraonline.alcampo.es/products/producto-alcampo-atún-en-aceite-de-girasol-pack-3-latas-52-g/26669,2026-10-02T13:45:28
atún,Alcampo,27052,PRODUCTO ALCAMPO Atún claro al natural pack 3 latas 56 g.,56 g,"Precio 2,34 €",2.34,"13,93 € por kilo",13.93,KILO,https://www.compraonline.alcampo.es/products/producto-alcampo-atún-claro-al-natural-pack-3-latas-56-g/27052,2026-10-02T13:45:28
atún,Alcampo,22020,PRODUCTO ALCAMPO Atún claro en aceite de girasol lata de 143 g.,143 g,"Precio 2,45 €",2.45,"17,13 € por kilo",17.13,KILO,https://www.compraonline.alcampo.es/products/producto-alcampo-atún-claro-en-aceite-de-girasol-lata-de-143-g/22020,2026-10-02T13:45:28
atún,Alcampo,28678,CALVO Atún claro aceite vegetal lata pack de 6 uds y  52 g.,6 uds,"Precio 6,36 €",6.36,"20,38 € por kilo",20.38,KILO,https://www.compraonline.alcampo.es/products/calvo-atún-claro-aceite-vegetal-lata-pack-de-6-uds-y-52-g/28678,2026-10-02T13:45:28
garbanzos,Alcampo,723487,LUENGO Garbanzo cocido extra bote 620 g.,620 g,"Precio 1,00 €",1.0,"1,61 € por kilo",1.61,KILO,https://www.compraonline.alcampo.es/products/luengo-garbanzo-cocido-extra-bote-620-g/723487,2026-10-02T13:46:20
garbanzos,Alcampo,64601,ORZA Garbanzos 1 kg.,1 kg,"Precio 1,00 €",1.0,"1,00 € por kilo",1.0,KILO,https://www.compraonline.alcampo.es/products/orza-garbanzos-1-kg/64601,2026-10-02T13:46:20
garbanzos,Alcampo,225781,EL POTAJE Garbanzos 1kg,1kg,"Precio 1,00 €",1.0,"1,00 € por kilo",1.0,KILO,https://www.compraonline.alcampo.es/products/el-potaje-garbanzos-1kg/225781,2026-10-02T13:46:20
garbanzos,Alcampo,86154,CARRETILLA Garbanzos al estilo casero 300 g.,300 g,"Precio 1,00 €",1.0,"3,33 € por kilo",3.33,KILO,https://www.compraonline.alcampo.es/products/carretilla-garbanzos-al-estilo-casero-300-g/86154,2026-10-02T13:46:20
garbanzos,Alcampo,24455,"PRODUCTO ALCAMPO Garbanzos extra, cocidos bote 400 g.",400 g,"Precio 0,75 €",0.75,"1,88 € por kilo",1.88,KILO,https://www.compraonline.alcampo.es/products/producto-alcampo-garbanzos-extra-cocidos-bote-400-g/24455,2026-10-02T13:46:20
garbanzos,Alcampo,99179,EL PLATO DE ORO Categoría extra Garbanzos cocidos en frasco de 400 g.,400 g,"Precio 0,65 €",0.65,"1,63 € por kilo",1.63,KILO,https://www.compraonline.alcampo.es/products/el-plato-de-oro-categoría-extra-garbanzos-cocidos-en-frasco-de-400-g/99179,2026-10-02T13:46:20
garbanzos,Alcampo,24475,LUENGO Garbanzo cocido en frasco de 400 g.,400 g,"Precio 1,23 €",1.23,"3,08 € por kilo",3.08,KILO,https://www.compraonline.alcampo.es/products/luengo-garbanzo-cocido-en-frasco-de-400-g/24475,2026-10-02T13:46:20
garbanzos,Alcampo,886258,PRODUCTO ALCAMPO Garbanzo categoría extra paquete de 1 kg.,1 kg,"Precio 1,86 €",1.86,"1,86 € por kilo",1.86,KILO,https://www.compraonline.alcampo.es/products/producto-alcampo-garbanzo-categoría-extra-paquete-de-1-kg/886258,2026-10-02T13:46:20
garbanzos,Alcampo,886257,PRODUCTO ALCAMPO Garbanzo pedrosillano  500 g.,500 g,"Precio 0,93 €",0.93,"1,86 € por kilo",1.86,KILO,https://www.compraonline.alcampo.es/products/producto-alcampo-garbanzo-pedrosillano-500-g/886257,2026-10-02T13:46:20
garbanzos,Alcampo,14520,LUENGO Extra Garbanzo lechoso en paquete de 1 kg.,1 kg,"Precio 3,83 €",3.83,"3,83 € por kilo",3.83,KILO,https://www.compraonline.alcampo.es/products/luengo-extra-garbanzo-lechoso-en-paquete-de-1-kg/14520,2026-10-02T13:46:20
garbanzos,Alcampo,432040,PRODUCTO ALCAMPO Garbanzo lechoso extra paquete de 1 kg.,1 kg,"Precio 2,45 €",2.45,"2,45 € por kilo",2.45,KILO,https://www.compraonline.alcampo.es/products/producto-alcampo-garbanzo-lechoso-extra-paquete-de-1-kg/432040,2026-10-02T13:46:20
garbanzos,Alcampo,19506,"LUENGO Garbanzo pedrosillano en paquete, 1 kg.",1 kg,"Precio 3,39 €",3.39,"3,39 € por kilo",3.39,KILO,https://www.compraonline.alcampo.es/products/luengo-garbanzo-pedrosillano-en-paquete-1-kg/19506,2026-10-02T13:46:20
garbanzos,Alcampo,11790,PRODUCTO ALCAMPO Garbanzos categoria extra 1 kg.,1 kg,"Precio 2,09 €",2.09,"2,09 € por kilo",2.09,KILO,https://www.compraonline.alcampo.es/products/producto-alcampo-garbanzos-categoria-extra-1-kg/11790,2026-10-02T13:46:20
garbanzos,Alcampo,886964,REINA DE SALAMANCA Garbanzos Pedrosillanos. Marca de Garantía Garbanzo de Pedrosillo 1 kg.,1 kg,"Precio 2,79 €",2.79,"2,79 € por kilo",2.79,KILO,https://www.compraonline.alcampo.es/products/reina-de-salamanca-garbanzos-pedrosillanos-marca-de-garantía-garbanzo-de-pedrosillo-1-kg/886964,2026-10-02T13:46:20
garbanzos,Alcampo,61469,"ECOLECERA Garbanzos cocidos, 100% ecológicos, origen España 450 g.",450 g,"Precio 3,03 €",3.03,"6,73 € por kilo",6.73,KILO,https://www.compraonline.alcampo.es/products/ecolecera-garbanzos-cocidos-100-ecológicos-origen-españa-450-g/61469,2026-10-02T13:46:20
garbanzos,Alcampo,886963,REINA DE SALAMANCA Garbanzo Indicación Geográfica Protegida Fuentesaúco 1 kg.,1 kg,"Precio 3,19 €",3.19,"3,19 € por kilo",3.19,KILO,https://www.compraonline.alcampo.es/products/reina-de-salamanca-garbanzo-indicación-geográfica-protegida-fuentesaúco-1-kg/886963,2026-10-02T13:46:20
garbanzos,Alcampo,20378,PRODUCTO ALCAMPO Garbanzo extra paquete de 500 g.,500 g,"Precio 1,05 €",1.05,"2,10 € por kilo",2.1,KILO,https://www.compraonline.alcampo.es/products/producto-alcampo-garbanzo-extra-paquete-de-500-g/20378,2026-10-02T13:46:20
garbanzos,Alcampo,25184,VEGAS BAÑEZANAS Categoría extra Garbanzos  en saco 1 kg.,1 kg,"Precio 3,99 €",3.99,"3,99 € por kilo",3.99,KILO,https://www.compraonline.alcampo.es/products/vegas-bañezanas-categoría-extra-garbanzos-en-saco-1-kg/25184,2026-10-02T13:46:20
garbanzos,Alcampo,12150,LUENGO Extra Garbanzos en paquete 1 kg,1 kg,"Precio 3,83 €",3.83,"3,83 € por kilo",3.83,KILO,https://www.compraonline.alcampo.es/products/luengo-extra-garbanzos-en-paquete-1-kg/12150,2026-10-02T13:46:20
garbanzos,Alcampo,23670,LUENGO Extra Garbanzos en paquete de 500 g.,500 g,"Precio 2,27 €",2.27,"4,54 € por kilo",4.54,KILO,https://www.compraonline.alcampo.es/products/luengo-extra-garbanzos-en-paquete-de-500-g/23670,2026-10-02T13:46:20
garbanzos,Alcampo,869120,ALCAMPO ECOLÓGICO Garbanzos cocidos ecológicos 450 g.,450 g,"Precio 3,21 €",3.21,"7,13 € por kilo",7.13,KILO,https://www.compraonline.alcampo.es/products/alcampo-ecológico-garbanzos-cocidos-ecológicos-450-g/869120,2026-10-02T13:46:20
garbanzos,Alcampo,886873,LA COCHURA Garbanzo Pedrosillano 1 kg.,1 kg,"Precio 2,28 €",2.28,"2,28 € por kilo",2.28,KILO,https://www.compraonline.alcampo.es/products/la-cochura-garbanzo-pedrosillano-1-kg/886873,2026-10-02T13:46:20
garbanzos,Alcampo,435662,PRODUCTO ALCAMPO Collection Garbanzo Pedrosillano de categoria extra y origen español 1 kg.,1 kg,"Precio 3,39 €",3.39,"3,39 € por kilo",3.39,KILO,https://www.compraonline.alcampo.es/products/producto-alcampo-collection-garbanzo-pedrosillano-de-categoria-extra-y-origen-español-1-kg/435662,2026-10-02T13:46:20
garbanzos,Alcampo,24856,DON PEDRO Garbanza blanca paquete de 1 kilogramo,1000g,"Precio 4,03 €",4.03,"4,03 € por kilo",4.03,KILO,https://www.compraonline.alcampo.es/products/don-pedro-garbanza-blanca-paquete-de-1-kilogramo/24856,2026-10-02T13:46:20
garbanzos,Alcampo,31988,EL POTAJE Garbanzos blancos 1 kg,1 kg,"Precio 2,09 €",2.09,"2,09 € por kilo",2.09,KILO,https://www.compraonline.alcampo.es/products/el-potaje-garbanzos-blancos-1-kg/31988,2026-10-02T13:46:20
garbanzos,Alcampo,535276,PRODUCTO ALCAMPO Garbanzos extra IGP Fuentesauco 1 kg.,1 kg,"Precio 5,07 €",5.07,"5,07 € por kilo",5.07,KILO,https://www.compraonline.alcampo.es/products/producto-alcampo-garbanzos-extra-igp-fuentesauco-1-kg/535276,2026-10-02T13:46:20
garbanzos,Alcampo,432043,PRODUCTO ALCAMPO Garbanzo lechoso extra paquete de 500 g.,500 g,"Precio 1,23 €",1.23,"2,46 € por kilo",2.46,KILO,https://www.compraonline.alcampo.es/products/producto-alcampo-garbanzo-lechoso-extra-paquete-de-500-g/432043,2026-10-02T13:46:20
garbanzos,Alcampo,435660,PRODUCTO ALCAMPO Collection Garbanzo de origen español 1 kg.,1 kg,"Precio 3,99 €",3.99,"3,99 € por kilo",3.99,KILO,https://www.compraonline.alcampo.es/products/producto-alcampo-collection-garbanzo-de-origen-español-1-kg/435660,2026-10-02T13:46:20
garbanzos,Alcampo,24446,LUENGO Extra Garbanzos medianos en paquete de 1 kg,1 kg,"Precio 3,58 €",3.58,"3,58 € por kilo",3.58,KILO,https://www.compraonline.alcampo.es/products/luengo-extra-garbanzos-medianos-en-paquete-de-1-kg/24446,2026-10-02T13:46:20
garbanzos,Alcampo,212233,RUBIO GARCÍA Garbanzo mejicano paquete de 1 kg.,1 kg,"Precio 1,98 €",1.98,"1,98 € por kilo",1.98,KILO,https://www.compraonline.alcampo.es/products/rubio-garcía-garbanzo-mejicano-paquete-de-1-kg/212233,2026-10-02T13:46:20
garbanzos,Alcampo,28692,ECOLECERA Garbanzo de Aragón de cultivo 100% ecológico 500 g.,500 g,"Precio 2,59 €",2.59,"5,18 € por kilo",5.18,KILO,https://www.compraonline.alcampo.es/products/ecolecera-garbanzo-de-aragón-de-cultivo-100-ecológico-500-g/28692,2026-10-02T13:46:20
garbanzos,Alcampo,869249,ALCAMPO ECOLÓGICO Garbanzo Pedrosillano ecológico 500 g.,500 g,"Precio 2,99 €",2.99,"5,98 € por kilo",5.98,KILO,https://www.compraonline.alcampo.es/products/alcampo-ecológico-garbanzo-pedrosillano-ecológico-500-g/869249,2026-10-02T13:46:20
garbanzos,Alcampo,886872,LA COCHURA Garbanzo lechoso paquete de 1 kg.,1 kg,"Precio 3,48 €",3.48,"3,48 € por kilo",3.48,KILO,https://www.compraonline.alcampo.es/products/la-cochura-garbanzo-lechoso-paquete-de-1-kg/886872,2026-10-02T13:46:20
garbanzos,Alcampo,21220,"PRODUCTO ALCAMPO Garbanzos extra, cocidos 210 g.",210 g,"Precio 0,66 €",0.66,"3,14 € por kilo",3.14,KILO,https://www.compraonline.alcampo.es/products/producto-alcampo-garbanzos-extra-cocidos-210-g/21220,2026-10-02T13:46:20
garbanzos,Alcampo,549469,"PRODUCTO ALCAMPO Garbanzos extra, cocidos y con bajo contenido en sal bote 400 g.",400 g,"Precio 0,75 €",0.75,"1,88 € por kilo",1.88,KILO,https://www.compraonline.alcampo.es/products/producto-alcampo-garbanzos-extra-cocidos-y-con-bajo-contenido-en-sal-bote-400-g/549469,2026-10-02T13:46:20
garbanzos,Alcampo,96451,LUENGO Garbanzo cocidos en frasco 200 g.,200 g,"Precio 0,81 €",0.81,"4,05 € por kilo",4.05,KILO,https://www.compraonline.alcampo.es/products/luengo-garbanzo-cocidos-en-frasco-200-g/96451,2026-10-02T13:46:20
garbanzos,Alcampo,799108,PEDRO LUIS Garbanzos pedrosillano selección gourmet 500 g.,500 g,"Precio 2,38 €",2.38,"4,76 € por kilo",4.76,KILO,https://www.compraonline.alcampo.es/products/pedro-luis-garbanzos-pedrosillano-selección-gourmet-500-g/799108,2026-10-02T13:46:20
garbanzos,Alcampo,432567,LUENGO Garbanzo cocido con bajo contenido en sal frasco de 400 g.,400 g,"Precio 1,23 €",1.23,"3,08 € por kilo",3.08,KILO,https://www.compraonline.alcampo.es/products/luengo-garbanzo-cocido-con-bajo-contenido-en-sal-frasco-de-400-g/432567,2026-10-02T13:46:20
garbanzos,Alcampo,20540,JAE Garbanzos cocidos lata de 500 g.,500 g,"Precio 1,99 €",1.99,"3,98 € por kilo",3.98,KILO,https://www.compraonline.alcampo.es/products/jae-garbanzos-cocidos-lata-de-500-g/20540,2026-10-02T13:46:20
garbanzos,Alcampo,799107,PEDRO LUIS Garbanzos selección gourmet 500 g.,500 g,"Precio 2,32 €",2.32,"4,64 € por kilo",4.64,KILO,https://www.compraonline.alcampo.es/products/pedro-luis-garbanzos-selección-gourmet-500-g/799107,2026-10-02T13:46:20
garbanzos,Alcampo,22081,JAE Garbanzos cocidos  frasco de 500 g.,500 g,"Precio 2,04 €",2.04,"5,10 € por kilo",5.1,KILO,https://www.compraonline.alcampo.es/products/jae-garbanzos-cocidos-frasco-de-500-g/22081,2026-10-02T13:46:20
garbanzos,Alcampo,20545,JAE Garbanzos cocidos lata de 250 g.,250 g,"Precio 1,52 €",1.52,"6,08 € por kilo",6.08,KILO,https://www.compraonline.alcampo.es/products/jae-garbanzos-cocidos-lata-de-250-g/20545,2026-10-02T13:46:20
garbanzos,Alcampo,64456,LUENGO Combinados Garbanzos con espinacas en tarro  400 g.,400 g,"Precio 1,46 €",1.46,"3,95 € por kilo",3.95,KILO,https://www.compraonline.alcampo.es/products/luengo-combinados-garbanzos-con-espinacas-en-tarro-400-g/64456,2026-10-02T13:46:20
garbanzos,Alcampo,240147,DON PEDRO Garbanzos cocidos Baby  400 g,400 g,"Precio 1,76 €",1.76,"4,40 € por kilo",4.4,KILO,https://www.compraonline.alcampo.es/products/don-pedro-garbanzos-cocidos-baby-400-g/240147,2026-10-02T13:46:20
garbanzos,Alcampo,882513,PRODUCTO ALCAMPO Garbanzos cocidos con verduras frasco de 400 g.,400 g,"Precio 1,00 €",1.0,"2,50 € por kilo",2.5,KILO,https://www.compraonline.alcampo.es/products/producto-alcampo-garbanzos-cocidos-con-verduras-frasco-de-400-g/882513,2026-10-02T13:46:20
garbanzos,Alcampo,429501,"LUENGO Origen  Garbanzo cocidos , Fuentesaúco 570 g.",570 g,"Precio 1,83 €",1.83,"3,21 € por kilo",3.21,KILO,https://www.compraonline.alcampo.es/products/luengo-origen-garbanzo-cocidos-fuentesaúco-570-g/429501,2026-10-02T13:46:20
garbanzos,Alcampo,62777,DON PEDRO Garbanza cocida frasco de 400 g.,400 g,"Precio 1,84 €",1.84,"4,60 € por kilo",4.6,KILO,https://www.compraonline.alcampo.es/products/don-pedro-garbanza-cocida-frasco-de-400-g/62777,2026-10-02T13:46:20
garbanzos,Alcampo,886877,LA COCHURA Garbanzo cocido frasco de 400 g.,400 g,"Precio 1,09 €",1.09,"2,73 € por kilo",2.73,KILO,https://www.compraonline.alcampo.es/products/la-cochura-garbanzo-cocido-frasco-de-400-g/886877,2026-10-02T13:46:20
garbanzos,Alcampo,437930,LUENGO Garbanzo IGP escacena cocido 570g,570g,"Precio 1,44 €",1.44,"3,60 € por kilo",3.6,KILO,https://www.compraonline.alcampo.es/products/luengo-garbanzo-igp-escacena-cocido-570g/437930,2026-10-02T13:46:20
garbanzos,Alcampo,421430,LUENGO Toque Garbanzo gigante cocido bote 270 g.,270 g,"Precio 2,09 €",2.09,"7,74 € por kilo",7.74,KILO,https://www.compraonline.alcampo.es/products/luengo-toque-garbanzo-gigante-cocido-bote-270-g/421430,2026-10-02T13:46:20
garbanzos,Alcampo,24784,PEDRO Garbanzo cocido frasco de 400 gramos.,410g,"Precio 0,96 €",0.96,"2,34 € por kilo",2.34,KILO,https://www.compraonline.alcampo.es/products/pedro-garbanzo-cocido-frasco-de-400-gramos/24784,2026-10-02T13:46:20
aceite,Alcampo,19818,PRODUCTO ALCAMPO Aceite de girasol botella de 1 l.,1 l,"Precio 1,84 €",1.84,"1,84 € por litro",1.84,LITRO,https://www.compraonline.alcampo.es/products/producto-alcampo-aceite-de-girasol-botella-de-1-l/19818,2026-10-02T13:47:11
aceite,Alcampo,19824,PRODUCTO ALCAMPO Aceite de oliva suave botella 1 l.,1 l,"Precio 3,69 €",3.69,"3,69 € por litro",3.69,LITRO,https://www.compraonline.alcampo.es/products/producto-alcampo-aceite-de-oliva-suave-botella-1-l/19824,2026-10-02T13:47:11
aceite,Alcampo,19821,PRODUCTO ALCAMPO Aceite de girasol garrafa de 5 l.,5 l,"Precio 8,55 €",8.55,"1,71 € por litro",1.71,LITRO,https://www.compraonline.alcampo.es/products/producto-alcampo-aceite-de-girasol-garrafa-de-5-l/19821,2026-10-02T13:47:11
aceite,Alcampo,29834,PRODUCTO ALCAMPO Aceite de oliva virgen extra botella 1 l,1 l,"Precio 4,75 €",4.75,"4,75 € por litro",4.75,LITRO,https://www.compraonline.alcampo.es/products/producto-alcampo-aceite-de-oliva-virgen-extra-botella-1-l/29834,2026-10-02T13:47:11
aceite,Alcampo,19827,PRODUCTO ALCAMPO Aceite de oliva suave garrafa de 5 l.,5 l,"Precio 17,22 €",17.22,"3,44 € por litro",3.44,LITRO,https://www.compraonline.alcampo.es/products/producto-alcampo-aceite-de-oliva-suave-garrafa-de-5-l/19827,2026-10-02T13:47:11
aceite,Alcampo,23345,CARBONELL Aceite de oliva suave botella 1 l.,1 l,"Precio 4,10 €",4.1,"4,10 € por litro",4.1,LITRO,https://www.compraonline.alcampo.es/products/carbonell-aceite-de-oliva-suave-botella-1-l/23345,2026-10-02T13:47:11
aceite,Alcampo,544798,SAETA Aceite de oliva suave 1 l.,1 l,"Precio 3,65 €",3.65,"3,65 € por litro",3.65,LITRO,https://www.compraonline.alcampo.es/products/saeta-aceite-de-oliva-suave-1-l/544798,2026-10-02T13:47:11
aceite,Alcampo,19650,LA MASÍA Aceite de Oliva suave botella 1 l,1 l,"Precio 4,27 €",4.27,"4,27 € por litro",4.27,LITRO,https://www.compraonline.alcampo.es/products/la-masía-aceite-de-oliva-suave-botella-1-l/19650,2026-10-02T13:47:11
aceite,Alcampo,31687,CARBONELL Aceite de oliva spray especial plancha  Sabor bote de 200 ml.,200 ml,"Precio 2,58 €",2.58,"12,90 € por litro",12.9,LITRO,https://www.compraonline.alcampo.es/products/carbonell-aceite-de-oliva-spray-especial-plancha-sabor-bote-de-200-ml/31687,2026-10-02T13:47:11
aceite,Alcampo,29671,LA MASÍA Aceite de oliva suave garrafa 3 l.,3 l,"Precio 11,97 €",11.97,"3,99 € por litro",3.99,LITRO,https://www.compraonline.alcampo.es/products/la-masía-aceite-de-oliva-suave-garrafa-3-l/29671,2026-10-02T13:47:11
aceite,Alcampo,29624,LA MASÍA Aceite de oliva suave garrafa 5 l.,5 l,"Precio 18,61 €",18.61,"3,72 € por litro",3.72,LITRO,https://www.compraonline.alcampo.es/products/la-masía-aceite-de-oliva-suave-garrafa-5-l/29624,2026-10-02T13:47:11
aceite,Alcampo,225754,CARBONELL Extra suave Aceite de oliva 1 l.,1 l,"Precio 4,10 €",4.1,"4,10 € por litro",4.1,LITRO,https://www.compraonline.alcampo.es/products/carbonell-extra-suave-aceite-de-oliva-1-l/225754,2026-10-02T13:47:11
aceite,Alcampo,838844,AOVE Squizz cosecha temprana 500ml,500ml,"Precio 5,07 €",5.07,"10,14 € por litro",10.14,LITRO,https://www.compraonline.alcampo.es/products/aove-squizz-cosecha-temprana-500ml/838844,2026-10-02T13:47:11
aceite,Alcampo,11076,COOSUR Aceite de oliva suave botella de 1 l.,1 l,"Precio 5,62 €",5.62,"5,62 € por litro",5.62,LITRO,https://www.compraonline.alcampo.es/products/coosur-aceite-de-oliva-suave-botella-de-1-l/11076,2026-10-02T13:47:11
aceite,Alcampo,838842,COOSUR Aceite de oliva refinado squizz salteo 500ml,500ml,"Precio 3,45 €",3.45,"6,90 € por litro",6.9,LITRO,https://www.compraonline.alcampo.es/products/coosur-aceite-de-oliva-refinado-squizz-salteo-500ml/838842,2026-10-02T13:47:11
aceite,Alcampo,10111,LA ESPAÑOLA Aceite de oliva suave lata de 5 l.,5 l,"Precio 26,30 €",26.3,"5,26 € por litro",5.26,LITRO,https://www.compraonline.alcampo.es/products/la-española-aceite-de-oliva-suave-lata-de-5-l/10111,2026-10-02T13:47:11
aceite,Alcampo,15096,YBARRA Aceite de oliva suave lata de 5 l.,5 l,"Precio 25,99 €",25.99,"5,20 € por litro",5.2,LITRO,https://www.compraonline.alcampo.es/products/ybarra-aceite-de-oliva-suave-lata-de-5-l/15096,2026-10-02T13:47:11
aceite,Alcampo,23408,CARBONELL Aceite de oliva suave garrafa de 5 l.,5 l,"Precio 28,45 €",28.45,"5,69 € por litro",5.69,LITRO,https://www.compraonline.alcampo.es/products/carbonell-aceite-de-oliva-suave-garrafa-de-5-l/23408,2026-10-02T13:47:11
aceite,Alcampo,516237,CEXASOL Girasol 1 l.,1 l,"Precio 1,71 €",1.71,"1,71 € por litro",1.71,LITRO,https://www.compraonline.alcampo.es/products/cexasol-girasol-1-l/516237,2026-10-02T13:47:11
aceite,Alcampo,25698,LA MASIA Aceite de Girasol botella 1 l.,1 l,"Precio 1,99 €",1.99,"1,99 € por litro",1.99,LITRO,https://www.compraonline.alcampo.es/products/la-masia-aceite-de-girasol-botella-1-l/25698,2026-10-02T13:47:11
aceite,Alcampo,23604,KOIPESOL Aceite de girasol botella de 1 l.,1 l,"Precio 2,11 €",2.11,"2,11 € por litro",2.11,LITRO,https://www.compraonline.alcampo.es/products/koipesol-aceite-de-girasol-botella-de-1-l/23604,2026-10-02T13:47:11
aceite,Alcampo,23689,KOIPESOL Aceite de girasol  garrafa de 5 l.,5 l,"Precio 12,77 €",12.77,"2,55 € por litro",2.55,LITRO,https://www.compraonline.alcampo.es/products/koipesol-aceite-de-girasol-garrafa-de-5-l/23689,2026-10-02T13:47:11
aceite,Alcampo,226739,PRODUCTO ALCAMPO Aceite de refinado de girasol alto oleico botella 1 l.,1 l,"Precio 2,15 €",2.15,"2,15 € por litro",2.15,LITRO,https://www.compraonline.alcampo.es/products/producto-alcampo-aceite-de-refinado-de-girasol-alto-oleico-botella-1-l/226739,2026-10-02T13:47:11
aceite,Alcampo,886796,KOIPE FRITOS Aceite de girasol especial para frituras botella de 1 l.,1 l,"Precio 3,09 €",3.09,"3,09 € por litro",3.09,LITRO,https://www.compraonline.alcampo.es/products/koipe-fritos-aceite-de-girasol-especial-para-frituras-botella-de-1-l/886796,2026-10-02T13:47:11
aceite,Alcampo,839095,KOIPESOL Aceite de girasol - Formato aceitera 460ml.,460ml,"Precio 1,89 €",1.89,"4,11 € por litro",4.11,LITRO,https://www.compraonline.alcampo.es/products/koipesol-aceite-de-girasol-formato-aceitera-460ml/839095,2026-10-02T13:47:11
aceite,Alcampo,11082,COOSOL Aceite de girasol botella de 1 l.,1 l,"Precio 2,71 €",2.71,"2,71 € por litro",2.71,LITRO,https://www.compraonline.alcampo.es/products/coosol-aceite-de-girasol-botella-de-1-l/11082,2026-10-02T13:47:11
aceite,Alcampo,748625,COOSOL Aceite de girasol 5L.,5L,"Precio 10,43 €",10.43,"2,09 € por litro",2.09,LITRO,https://www.compraonline.alcampo.es/products/coosol-aceite-de-girasol-5l/748625,2026-10-02T13:47:11
aceite,Alcampo,886782,CAPICUA Aceite de girasol alto oleico botella de 1 l.,1 l,"Precio 2,39 €",2.39,"2,39 € por litro",2.39,LITRO,https://www.compraonline.alcampo.es/products/capicua-aceite-de-girasol-alto-oleico-botella-de-1-l/886782,2026-10-02T13:47:11
aceite,Alcampo,25487,"COOSOL Aceite con de girasol alto oleico, especial frituras botella 1 l.",1 l,"Precio 2,90 €",2.9,"2,90 € por litro",2.9,LITRO,https://www.compraonline.alcampo.es/products/coosol-aceite-con-de-girasol-alto-oleico-especial-frituras-botella-1-l/25487,2026-10-02T13:47:11
aceite,Alcampo,882535,LA ESPAÑOLA Aceite de oliva virgen extra garrafa de 5 l.,5 l,"Precio 19,45 €",19.45,"3,89 € por litro",3.89,LITRO,https://www.compraonline.alcampo.es/products/la-española-aceite-de-oliva-virgen-extra-garrafa-de-5-l/882535,2026-10-02T13:47:11
aceite,Alcampo,12660,CARBONELL Aceite de oliva suave garrafa de 5 l.,5 l,"Precio 17,95 €",17.95,"3,59 € por litro",3.59,LITRO,https://www.compraonline.alcampo.es/products/carbonell-aceite-de-oliva-suave-garrafa-de-5-l/12660,2026-10-02T13:47:11
aceite,Alcampo,10056,LA ESPAÑOLA Aceite de oliva suave botella 1 l.,1 l,"Precio 3,89 €",3.89,"3,89 € por litro",3.89,LITRO,https://www.compraonline.alcampo.es/products/la-española-aceite-de-oliva-suave-botella-1-l/10056,2026-10-02T13:47:11
aceite,Alcampo,15090,YBARRA Aceite de Oliva Suave botella 1 l.,1 l,"Precio 3,89 €",3.89,"3,89 € por litro",3.89,LITRO,https://www.compraonline.alcampo.es/products/ybarra-aceite-de-oliva-suave-botella-1-l/15090,2026-10-02T13:47:11
aceite,Alcampo,29916,LA ESPAÑOLA Aceite de oliva intenso botella 1 l.,1 l,"Precio 3,89 €",3.89,"3,89 € por litro",3.89,LITRO,https://www.compraonline.alcampo.es/products/la-española-aceite-de-oliva-intenso-botella-1-l/29916,2026-10-02T13:47:11
aceite,Alcampo,19905,LA ESPAÑOLA Aceite de oliva suave garrafa de 5 l.,5 l,"Precio 17,95 €",17.95,"3,59 € por litro",3.59,LITRO,https://www.compraonline.alcampo.es/products/la-española-aceite-de-oliva-suave-garrafa-de-5-l/19905,2026-10-02T13:47:11
aceite,Alcampo,22717,YBARRA Aceite de Oliva Intenso botella 1 l.,1 l,"Precio 3,89 €",3.89,"3,89 € por litro",3.89,LITRO,https://www.compraonline.alcampo.es/products/ybarra-aceite-de-oliva-intenso-botella-1-l/22717,2026-10-02T13:47:11
aceite,Alcampo,898473,CARBONELL Aceite oliva 5l,5l,"Precio 17,95 €",17.95,"3,59 € por litro",3.59,LITRO,https://www.compraonline.alcampo.es/products/carbonell-aceite-oliva-5l/898473,2026-10-02T13:47:11
aceite,Alcampo,565574,"COOSUR Aceite de oliva virgen extra (AOVE) ecológico, intensidad 3 1 l",1 l,"Precio 8,50 €",8.5,"8,50 € por litro",8.5,LITRO,https://www.compraonline.alcampo.es/products/coosur-aceite-de-oliva-virgen-extra-aove-ecológico-intensidad-3-1-l/565574,2026-10-02T13:47:11
aceite,Alcampo,64473,CARBONELL Aceite de oliva virgen garrafa de 5 l.,5 l,"Precio 18,95 €",18.95,"3,79 € por litro",3.79,LITRO,https://www.compraonline.alcampo.es/products/carbonell-aceite-de-oliva-virgen-garrafa-de-5-l/64473,2026-10-02T13:47:11
aceite,Alcampo,21952,YBARRA Aceite de oliva suave garrafa 5 l.,5 l,"Precio 17,95 €",17.95,"3,59 € por litro",3.59,LITRO,https://www.compraonline.alcampo.es/products/ybarra-aceite-de-oliva-suave-garrafa-5-l/21952,2026-10-02T13:47:11
aceite,Alcampo,887107,ECOCESTA Aceite de lino de cultivo ecológico 500 ml.,500 ml,"Precio 8,95 €",8.95,"17,90 € por litro",17.9,LITRO,https://www.compraonline.alcampo.es/products/ecocesta-aceite-de-lino-de-cultivo-ecológico-500-ml/887107,2026-10-02T13:47:11
aceite,Alcampo,644991,ALBO Atún claro en aceite de oliva 68 x 3 g.,3 g,"Precio 7,19 €",7.19,"35,25 € por kilo",35.25,KILO,https://www.compraonline.alcampo.es/products/albo-atún-claro-en-aceite-de-oliva-68-x-3-g/644991,2026-10-02T13:47:11
aceite,Alcampo,201976,LA ESPAÑOLA Aceite de oliva intenso 5 l.,5 l,"Precio 17,95 €",17.95,"3,59 € por litro",3.59,LITRO,https://www.compraonline.alcampo.es/products/la-española-aceite-de-oliva-intenso-5-l/201976,2026-10-02T13:47:11
aceite,Alcampo,19599,LA MASÍA Aceite de Oliva intenso botella 1 l.,1 l,"Precio 4,27 €",4.27,"4,27 € por litro",4.27,LITRO,https://www.compraonline.alcampo.es/products/la-masía-aceite-de-oliva-intenso-botella-1-l/19599,2026-10-02T13:47:11
aceite,Alcampo,19830,PRODUCTO ALCAMPO Aceite de oliva intenso botella de 1 l.,1 l,"Precio 3,89 €",3.89,"3,89 € por litro",3.89,LITRO,https://www.compraonline.alcampo.es/products/producto-alcampo-aceite-de-oliva-intenso-botella-de-1-l/19830,2026-10-02T13:47:11
aceite,Alcampo,544528,SAETA Aceite de oliva intenso 1 l.,1 l,"Precio 3,65 €",3.65,"3,65 € por litro",3.65,LITRO,https://www.compraonline.alcampo.es/products/saeta-aceite-de-oliva-intenso-1-l/544528,2026-10-02T13:47:11
aceite,Alcampo,19605,LA MASÍA Aceite de oliva intenso garrafa de 5 l.,5 l,"Precio 17,85 €",17.85,"3,57 € por litro",3.57,LITRO,https://www.compraonline.alcampo.es/products/la-masía-aceite-de-oliva-intenso-garrafa-de-5-l/19605,2026-10-02T13:47:11
aceite,Alcampo,29675,LA MASÍA Aceite de oliva intenso garrafa 3 l.,3 l,"Precio 12,00 €",12.0,"4,00 € por litro",4.0,LITRO,https://www.compraonline.alcampo.es/products/la-masía-aceite-de-oliva-intenso-garrafa-3-l/29675,2026-10-02T13:47:11
aceite,Alcampo,11079,COOSUR Aceite de oliva intenso botella de 1 l.,1 l,"Precio 5,62 €",5.62,"5,62 € por litro",5.62,LITRO,https://www.compraonline.alcampo.es/products/coosur-aceite-de-oliva-intenso-botella-de-1-l/11079,2026-10-02T13:47:11
aceite,Alcampo,95169,CARBONEL SABOR  Aceite de oliva intenso botella 1 l.,1 l,"Precio 4,10 €",4.1,"4,10 € por litro",4.1,LITRO,https://www.compraonline.alcampo.es/products/carbonel-sabor-aceite-de-oliva-intenso-botella-1-l/95169,2026-10-02T13:47:11
detergente,Alcampo,499461,SKIP Detergente líquido ciclos cortos anti olor 37 ds.,,"Precio 11,98 €",11.98,,,,https://www.compraonline.alcampo.es/products/skip-detergente-líquido-ciclos-cortos-anti-olor-37-ds/499461,2026-10-02T13:48:01
detergente,Alcampo,499462,SKIP Detergente líquido ciclos cortos eficacia express 37 ds.,,"Precio 11,98 €",11.98,,,,https://www.compraonline.alcampo.es/products/skip-detergente-líquido-ciclos-cortos-eficacia-express-37-ds/499462,2026-10-02T13:48:01
detergente,Alcampo,644160,PRODUCTO ALCAMPO Detergente líquido Jabón de Marsella 74 ds. 4 l.,4 l,"Precio 5,75 €",5.75,,,,https://www.compraonline.alcampo.es/products/producto-alcampo-detergente-líquido-jabón-de-marsella-74-ds-4-l/644160,2026-10-02T13:48:01
detergente,Alcampo,503393,"PRODUCTO ALCAMPO Detergente líquido Jabón de Marsella 55 lav. 2,97 l.","2,97 l","Precio 4,33 €",4.33,,,,https://www.compraonline.alcampo.es/products/producto-alcampo-detergente-líquido-jabón-de-marsella-55-lav-2-97-l/503393,2026-10-02T13:48:01
detergente,Alcampo,641420,PRODUCTO ALCAMPO Detergente líquido con aloe vera 55 ds. 3 l.,3 l,"Precio 3,99 €",3.99,,,,https://www.compraonline.alcampo.es/products/producto-alcampo-detergente-líquido-con-aloe-vera-55-ds-3-l/641420,2026-10-02T13:48:01
detergente,Alcampo,644074,PRODUCTO ALCAMPO Detergente líquido Caribe 37 ds. 2 l,2 l,"Precio 4,45 €",4.45,,,,https://www.compraonline.alcampo.es/products/producto-alcampo-detergente-líquido-caribe-37-ds-2-l/644074,2026-10-02T13:48:01
detergente,Alcampo,185196,DIXAN 4 en 1 Detergente en gel para lavadora 40 DS,,"Precio 6,78 €",6.78,,,,https://www.compraonline.alcampo.es/products/dixan-4-en-1-detergente-en-gel-para-lavadora-40-ds/185196,2026-10-02T13:48:01
detergente,Alcampo,86035,NETTOCLEAN Detergente líquido para lavar a maquina o a mano con perfume a jabón de Marsella 33 lav. 3 l.,3 l,"Precio 3,55 €",3.55,,,,https://www.compraonline.alcampo.es/products/nettoclean-detergente-líquido-para-lavar-a-maquina-o-a-mano-con-perfume-a-jabón-de-marsella-33-lav-3-l/86035,2026-10-02T13:48:01
detergente,Alcampo,569614,LA ANTIGUA LAVANDERA Detergente líquido aroma a jardín secreto 110 lavados.,,"Precio 7,29 €",7.29,,,,https://www.compraonline.alcampo.es/products/la-antigua-lavandera-detergente-líquido-aroma-a-jardín-secreto-110-lavados/569614,2026-10-02T13:48:01
detergente,Alcampo,60360,ASEVI Detergente líquido para ropa blanca y de color con Gel Activo 42 DS,,"Precio 5,26 €",5.26,,,,https://www.compraonline.alcampo.es/products/asevi-detergente-líquido-para-ropa-blanca-y-de-color-con-gel-activo-42-ds/60360,2026-10-02T13:48:01
detergente,Alcampo,676071,ARIEL Original Detergente líquido 30 ds.,,"Precio 9,02 €",9.02,,,,https://www.compraonline.alcampo.es/products/ariel-original-detergente-líquido-30-ds/676071,2026-10-02T13:48:01
detergente,Alcampo,214698,"NETTOCLEAN Detergente líquido para lavadora, apto para ropa blanca y de color 33 dosis 3 l.",3 l,"Precio 3,55 €",3.55,,,,https://www.compraonline.alcampo.es/products/nettoclean-detergente-líquido-para-lavadora-apto-para-ropa-blanca-y-de-color-33-dosis-3-l/214698,2026-10-02T13:48:01
detergente,Alcampo,644155,PRODUCTO ECONÓMICO ALCAMPO Detergente líquido Fresco 37 dosis 2 l.,2 l,"Precio 2,72 €",2.72,,,,https://www.compraonline.alcampo.es/products/producto-económico-alcampo-detergente-líquido-fresco-37-dosis-2-l/644155,2026-10-02T13:48:01
detergente,Alcampo,186766,"DIXAN Adiós al separar Detergente líquido para lavadora, apto para ropa blanca y de color 40 DS",,"Precio 6,78 €",6.78,,,,https://www.compraonline.alcampo.es/products/dixan-adiós-al-separar-detergente-líquido-para-lavadora-apto-para-ropa-blanca-y-de-color-40-ds/186766,2026-10-02T13:48:01
detergente,Alcampo,744344,PRODUCTO ALCAMPO Detergente líquido para la piel sensible del bebé 66 lav. 2L,2L,"Precio 4,75 €",4.75,,,,https://www.compraonline.alcampo.es/products/producto-alcampo-detergente-líquido-para-la-piel-sensible-del-bebé-66-lav-2l/744344,2026-10-02T13:48:01
detergente,Alcampo,310801,EKOSAN Detergente líquido para lavado ropa a mano y máquina 100 DS,,"Precio 8,47 €",8.47,,,,https://www.compraonline.alcampo.es/products/ekosan-detergente-líquido-para-lavado-ropa-a-mano-y-máquina-100-ds/310801,2026-10-02T13:48:01
detergente,Alcampo,50222,"NETTOCLEAN Detergente líquido para mano y máquina, con aloe vera 33 dosis, 3 l.",3 l,"Precio 3,55 €",3.55,,,,https://www.compraonline.alcampo.es/products/nettoclean-detergente-líquido-para-mano-y-máquina-con-aloe-vera-33-dosis-3-l/50222,2026-10-02T13:48:01
detergente,Alcampo,786538,ARIEL Detergente líquido original 60 DS.,,"Precio 15,83 €",15.83,,,,https://www.compraonline.alcampo.es/products/ariel-detergente-líquido-original-60-ds/786538,2026-10-02T13:48:01
detergente,Alcampo,60345,ASEVI Detergente líquido para ropa de color 42 DS,,"Precio 5,26 €",5.26,,,,https://www.compraonline.alcampo.es/products/asevi-detergente-líquido-para-ropa-de-color-42-ds/60345,2026-10-02T13:48:01
detergente,Alcampo,881363,"NORIT Detergente líquido hipoalergénico especial para pieles sensibles 40 lav. 2,12 l.","2,12 l","Precio 7,42 €",7.42,,,,https://www.compraonline.alcampo.es/products/norit-detergente-líquido-hipoalergénico-especial-para-pieles-sensibles-40-lav-2-12-l/881363,2026-10-02T13:48:01
detergente,Alcampo,628095,NORIT Complet Detergente líquido eficaz en agua fria 35 lavados,,"Precio 8,72 €",8.72,,,,https://www.compraonline.alcampo.es/products/norit-complet-detergente-líquido-eficaz-en-agua-fria-35-lavados/628095,2026-10-02T13:48:01
detergente,Alcampo,225823,"NORIT Complet Detergente líquido , 70 lavados.",,"Precio 14,89 €",14.89,,,,https://www.compraonline.alcampo.es/products/norit-complet-detergente-líquido-70-lavados/225823,2026-10-02T13:48:01
detergente,Alcampo,202138,PRODUCTO ALCAMPO Detergente líquido ropa oscura 27 ds 2l,2l,"Precio 3,60 €",3.6,,,,https://www.compraonline.alcampo.es/products/producto-alcampo-detergente-líquido-ropa-oscura-27-ds-2l/202138,2026-10-02T13:48:01
detergente,Alcampo,503384,PRODUCTO ALCAMPO Detergente líquido fresco y limpio 55 lav. 3 l.,3 l,"Precio 6,63 €",6.63,,,,https://www.compraonline.alcampo.es/products/producto-alcampo-detergente-líquido-fresco-y-limpio-55-lav-3-l/503384,2026-10-02T13:48:01
detergente,Alcampo,184316,DIXAN Total Detergente líquido lavadora 55 DS,,"Precio 9,12 €",9.12,,,,https://www.compraonline.alcampo.es/products/dixan-total-detergente-líquido-lavadora-55-ds/184316,2026-10-02T13:48:01
detergente,Alcampo,99260,PRETEL Detergente a mano y a máquina para lana y prendas delicadas 2 l.,2 l,"Precio 2,79 €",2.79,,,,https://www.compraonline.alcampo.es/products/pretel-detergente-a-mano-y-a-máquina-para-lana-y-prendas-delicadas-2-l/99260,2026-10-02T13:48:01
detergente,Alcampo,60370,ASEVI Detergente Líquido Marsella 40 DS.,,"Precio 5,26 €",5.26,,,,https://www.compraonline.alcampo.es/products/asevi-detergente-líquido-marsella-40-ds/60370,2026-10-02T13:48:01
detergente,Alcampo,849030,WIPP EXPRESS Detergente en gel antiolores 40 DS.,,"Precio 10,66 €",10.66,,,,https://www.compraonline.alcampo.es/products/wipp-express-detergente-en-gel-antiolores-40-ds/849030,2026-10-02T13:48:01
detergente,Alcampo,186778,DIXAN 3+1 Adiós Al Separar Detergente líquido Totl 55 DS,,"Precio 8,72 €",8.72,,,,https://www.compraonline.alcampo.es/products/dixan-3-1-adiós-al-separar-detergente-líquido-totl-55-ds/186778,2026-10-02T13:48:01
detergente,Alcampo,848941,WIPP EXPRESS Detergente líquido gel azul 40 dosis.,,"Precio 10,04 €",10.04,,,,https://www.compraonline.alcampo.es/products/wipp-express-detergente-líquido-gel-azul-40-dosis/848941,2026-10-02T13:48:01
detergente,Alcampo,439366,EKOSAN Detergente líquido para lavadora especial para ropa de color 61 DS,,"Precio 6,99 €",6.99,,,,https://www.compraonline.alcampo.es/products/ekosan-detergente-líquido-para-lavadora-especial-para-ropa-de-color-61-ds/439366,2026-10-02T13:48:01
detergente,Alcampo,678337,"ARIEL Original Detergente líquido para lavadora, con acción 5 en 1.  50 lavados",,"Precio 14,70 €",14.7,,,,https://www.compraonline.alcampo.es/products/ariel-original-detergente-líquido-para-lavadora-con-acción-5-en-1-50-lavados/678337,2026-10-02T13:48:01
detergente,Alcampo,888314,"VOLMATIC Detergente líquido concentrado con jabón de Marsella 80 lavados, 4 l.",4 l,"Precio 6,60 €",6.6,"1,65 € por litro",1.65,LITRO,https://www.compraonline.alcampo.es/products/volmatic-detergente-líquido-concentrado-con-jabón-de-marsella-80-lavados-4-l/888314,2026-10-02T13:48:01
detergente,Alcampo,848906,WIPP EXPRESS Detergente en gel limpio y liso 40 DS,,"Precio 9,69 €",9.69,,,,https://www.compraonline.alcampo.es/products/wipp-express-detergente-en-gel-limpio-y-liso-40-ds/848906,2026-10-02T13:48:01
detergente,Alcampo,44976,ASEVI Detergente liquido rosa mosqueta concentrado 42 DS,,"Precio 5,26 €",5.26,,,,https://www.compraonline.alcampo.es/products/asevi-detergente-liquido-rosa-mosqueta-concentrado-42-ds/44976,2026-10-02T13:48:01
detergente,Alcampo,952633,DISICLIN Detergente líquido acción total - 110 lavados.,5000ml,"Precio 6,73 €",6.73,"1,35 € por litro",1.35,LITRO,https://www.compraonline.alcampo.es/products/disiclin-detergente-líquido-acción-total-110-lavados/952633,2026-10-02T13:48:01
detergente,Alcampo,895019,"NORIT Detergente líquido para lavadora especial para ropa oscura 28 lav. 1,5 l..","1,5 l","Precio 7,32 €",7.32,,,,https://www.compraonline.alcampo.es/products/norit-detergente-líquido-para-lavadora-especial-para-ropa-oscura-28-lav-1-5-l/895019,2026-10-02T13:48:01
detergente,Alcampo,881180,COLON Detergente perfumado gel Nenuco 60 DS,,"Precio 14,76 €",14.76,,,,https://www.compraonline.alcampo.es/products/colon-detergente-perfumado-gel-nenuco-60-ds/881180,2026-10-02T13:48:01
detergente,Alcampo,223723,EL PUENTE Detergente liquido azul 4L 50 dosis,4L,"Precio 4,59 €",4.59,,,,https://www.compraonline.alcampo.es/products/el-puente-detergente-liquido-azul-4l-50-dosis/223723,2026-10-02T13:48:01
detergente,Alcampo,40378,GIOR Detergente a mano líquido 40 DS,750ml,"Precio 2,90 €",2.9,"3,87 € por litro",3.87,LITRO,https://www.compraonline.alcampo.es/products/gior-detergente-a-mano-líquido-40-ds/40378,2026-10-02T13:48:01
detergente,Alcampo,639367,COLON Detergente en Gel Activo para blancos y colores 95 DS,,"Precio 24,95 €",24.95,,,,https://www.compraonline.alcampo.es/products/colon-detergente-en-gel-activo-para-blancos-y-colores-95-ds/639367,2026-10-02T13:48:01
detergente,Alcampo,60355,ASEVI Detergente líquido para ropa blanca y de color con aloe vera 42 DS.,,"Precio 5,26 €",5.26,,,,https://www.compraonline.alcampo.es/products/asevi-detergente-líquido-para-ropa-blanca-y-de-color-con-aloe-vera-42-ds/60355,2026-10-02T13:48:01
detergente,Alcampo,628060,MICOLOR Colores Vivos Detergente en gel 52 DS.,,"Precio 14,86 €",14.86,,,,https://www.compraonline.alcampo.es/products/micolor-colores-vivos-detergente-en-gel-52-ds/628060,2026-10-02T13:48:01
detergente,Alcampo,881355,NORIT Diario Detergente líquido para ropa de color 2120 ml. 40 lav.,2120 ml,"Precio 7,42 €",7.42,,,,https://www.compraonline.alcampo.es/products/norit-diario-detergente-líquido-para-ropa-de-color-2120-ml-40-lav/881355,2026-10-02T13:48:01
detergente,Alcampo,190711,OMINO BIANCO Detergente concentrado con jabón de origen natural y aroma a jabón de Marsella 67 lav.,,"Precio 13,39 €",13.39,,,,https://www.compraonline.alcampo.es/products/omino-bianco-detergente-concentrado-con-jabón-de-origen-natural-y-aroma-a-jabón-de-marsella-67-lav/190711,2026-10-02T13:48:01
detergente,Alcampo,503382,PRODUCTO ALCAMPO Detergente líquido fresco y limpio 37 lav. 2 l.,2 l,"Precio 4,35 €",4.35,,,,https://www.compraonline.alcampo.es/products/producto-alcampo-detergente-líquido-fresco-y-limpio-37-lav-2-l/503382,2026-10-02T13:48:01
detergente,Alcampo,678136,ARIEL Sensaciones Detergente líquido con un plus de frecor 40 DS,,"Precio 15,03 €",15.03,,,,https://www.compraonline.alcampo.es/products/ariel-sensaciones-detergente-líquido-con-un-plus-de-frecor-40-ds/678136,2026-10-02T13:48:01
detergente,Alcampo,439529,EKOSAN Detergente líquido para lavadora con jabón de Marsella 61 DS,,"Precio 6,99 €",6.99,,,,https://www.compraonline.alcampo.es/products/ekosan-detergente-líquido-para-lavadora-con-jabón-de-marsella-61-ds/439529,2026-10-02T13:48:01
detergente,Alcampo,823615,"EKOSAN Detergente líquido 3 en 1 - 2,6L","2,6L","Precio 5,29 €",5.29,"2,03 € por litro",2.03,LITRO,https://www.compraonline.alcampo.es/products/ekosan-detergente-líquido-3-en-1-2-6l/823615,2026-10-02T13:48:01
detergente,Alcampo,202145,ARIEL Detergente líquido 80 DS.,,"Precio 21,38 €",21.38,,,,https://www.compraonline.alcampo.es/products/ariel-detergente-líquido-80-ds/202145,2026-10-02T13:48:01
papel higiénico,Alcampo,764170,"MAGNOLIA Maxi Papel higiénico de doble hoja, 100% celulosa 4 uds.",4 uds,"Precio 1,00 €",1.0,,,,https://www.compraonline.alcampo.es/products/magnolia-maxi-papel-higiénico-de-doble-hoja-100-celulosa-4-uds/764170,2026-10-02T13:48:55
papel higiénico,Alcampo,642127,COLHOGAR Papel higiénico húmedo 42 uds.,42 uds,"Precio 1,00 €",1.0,,,,https://www.compraonline.alcampo.es/products/colhogar-papel-higiénico-húmedo-42-uds/642127,2026-10-02T13:48:55
papel higiénico,Alcampo,44572,FOXY Papel higiénico neutro para la piel con triple capa Seda 18 rollos,,"Precio 11,99 €",11.99,,,,https://www.compraonline.alcampo.es/products/foxy-papel-higiénico-neutro-para-la-piel-con-triple-capa-seda-18-rollos/44572,2026-10-02T13:48:55
papel higiénico,Alcampo,807212,"FOXY Papel higiénico, neutro para la piel Seda 4 + 2 rolllos",,"Precio 3,73 €",3.73,,,,https://www.compraonline.alcampo.es/products/foxy-papel-higiénico-neutro-para-la-piel-seda-4-2-rolllos/807212,2026-10-02T13:48:55
papel higiénico,Alcampo,895366,SCOTTEX Original Papel higiénico con textura Onda Suave 16 rollos.,,"Precio 4,94 €",4.94,,,,https://www.compraonline.alcampo.es/products/scottex-original-papel-higiénico-con-textura-onda-suave-16-rollos/895366,2026-10-02T13:48:55
papel higiénico,Alcampo,41087,SCOTTEX Megarollo Papel de cocina resistente y super absorvente 3 uds.,3 uds,"Precio 2,67 €",2.67,,,,https://www.compraonline.alcampo.es/products/scottex-megarollo-papel-de-cocina-resistente-y-super-absorvente-3-uds/41087,2026-10-02T13:48:55
papel higiénico,Alcampo,439123,PRODUCTO ALCAMPO Papel higiénico compacto de doble capa con certificado Ecolabel 12 uds.,12 uds,"Precio 4,39 €",4.39,,,,https://www.compraonline.alcampo.es/products/producto-alcampo-papel-higiénico-compacto-de-doble-capa-con-certificado-ecolabel-12-uds/439123,2026-10-02T13:48:55
papel higiénico,Alcampo,44800,PRODUCTO ALCAMPO Papel higiénico de doble capa 12 rollos,,"Precio 2,28 €",2.28,,,,https://www.compraonline.alcampo.es/products/producto-alcampo-papel-higiénico-de-doble-capa-12-rollos/44800,2026-10-02T13:48:55
papel higiénico,Alcampo,43548,PRODUCTO ALCAMPO Papel higiénico compacto de doble capa con certificado Ecolabel 6 rollos,,"Precio 2,35 €",2.35,,,,https://www.compraonline.alcampo.es/products/producto-alcampo-papel-higiénico-compacto-de-doble-capa-con-certificado-ecolabel-6-rollos/43548,2026-10-02T13:48:55
papel higiénico,Alcampo,43584,PRODUCTO ECONÓMICO ALCAMPO Papel higiénico doble capa 32 rollos,,"Precio 5,95 €",5.95,,,,https://www.compraonline.alcampo.es/products/producto-económico-alcampo-papel-higiénico-doble-capa-32-rollos/43584,2026-10-02T13:48:55
papel higiénico,Alcampo,439126,PRODUCTO ALCAMPO Papel higiénico compacto de doble capa con certificado Ecolabel 30 uds.,30 uds,"Precio 10,45 €",10.45,,,,https://www.compraonline.alcampo.es/products/producto-alcampo-papel-higiénico-compacto-de-doble-capa-con-certificado-ecolabel-30-uds/439126,2026-10-02T13:48:55
papel higiénico,Alcampo,890698,SCOTTEX Original Papel higiénico con textura Onda suave 32 rollos,,"Precio 9,29 €",9.29,,,,https://www.compraonline.alcampo.es/products/scottex-original-papel-higiénico-con-textura-onda-suave-32-rollos/890698,2026-10-02T13:48:55
papel higiénico,Alcampo,439124,PRODUCTO ALCAMPO Papel higiénico compacto de doble capa con certificado Ecolabel 24 uds.,24 uds,"Precio 8,59 €",8.59,,,,https://www.compraonline.alcampo.es/products/producto-alcampo-papel-higiénico-compacto-de-doble-capa-con-certificado-ecolabel-24-uds/439124,2026-10-02T13:48:55
papel higiénico,Alcampo,36141,RENOVA Papel higiénico Active 12 rollos,,"Precio 1,96 €",1.96,,,,https://www.compraonline.alcampo.es/products/renova-papel-higiénico-active-12-rollos/36141,2026-10-02T13:48:55
papel higiénico,Alcampo,801428,COLHOGAR Papel higiénico Ultrasuave Original 12 rollos,,"Precio 3,38 €",3.38,,,,https://www.compraonline.alcampo.es/products/colhogar-papel-higiénico-ultrasuave-original-12-rollos/801428,2026-10-02T13:48:55
papel higiénico,Alcampo,61159,SCOTTEX Megarollo Papel higiénico que dura 2 veces más 9 rollos.,,"Precio 6,17 €",6.17,,,,https://www.compraonline.alcampo.es/products/scottex-megarollo-papel-higiénico-que-dura-2-veces-más-9-rollos/61159,2026-10-02T13:48:55
papel higiénico,Alcampo,895438,SCOTTEX Megarollo Papel higiénico que dura dos veces más y tiene textura Onda suave 16 rollos.,,"Precio 10,61 €",10.61,,,,https://www.compraonline.alcampo.es/products/scottex-megarollo-papel-higiénico-que-dura-dos-veces-más-y-tiene-textura-onda-suave-16-rollos/895438,2026-10-02T13:48:55
papel higiénico,Alcampo,848063,MAGNOLIA Papel higiénico 9 rollos 4 capas,,"Precio 4,99 €",4.99,,,,https://www.compraonline.alcampo.es/products/magnolia-papel-higiénico-9-rollos-4-capas/848063,2026-10-02T13:48:55
papel higiénico,Alcampo,684667,COLHOGAR Papel higiénico Ultra Suave XXL  24 (= 48 rollos),,"Precio 10,77 €",10.77,,,,https://www.compraonline.alcampo.es/products/colhogar-papel-higiénico-ultra-suave-xxl-24-48-rollos/684667,2026-10-02T13:48:55
papel higiénico,Alcampo,517458,PRODUCTO ALCAMPO Papel higiénico con cuatro capas premium y certificado Ecolabel 8 uds.,8 uds,"Precio 3,39 €",3.39,,,,https://www.compraonline.alcampo.es/products/producto-alcampo-papel-higiénico-con-cuatro-capas-premium-y-certificado-ecolabel-8-uds/517458,2026-10-02T13:48:55
papel higiénico,Alcampo,44153,PRODUCTO ALCAMPO Papel higiénico perfumado de triple capa 12 uds.,12 uds,"Precio 5,49 €",5.49,,,,https://www.compraonline.alcampo.es/products/producto-alcampo-papel-higiénico-perfumado-de-triple-capa-12-uds/44153,2026-10-02T13:48:55
papel higiénico,Alcampo,43647,SCOTTEX Sensitive  Papel higiénico de triple capa con un toque de leche de almendras 6 rollos.,,"Precio 2,90 €",2.9,,,,https://www.compraonline.alcampo.es/products/scottex-sensitive-papel-higiénico-de-triple-capa-con-un-toque-de-leche-de-almendras-6-rollos/43647,2026-10-02T13:48:55
papel higiénico,Alcampo,895364,SCOTTEX Acolchado Papel higiénico de triple capa 24 rollos.,,"Precio 10,21 €",10.21,,,,https://www.compraonline.alcampo.es/products/scottex-acolchado-papel-higiénico-de-triple-capa-24-rollos/895364,2026-10-02T13:48:55
papel higiénico,Alcampo,439641,PRODUCTO ALCAMPO Papel higiénico con tres capas supreme y certificado Ecolabel 12 uds.,12 uds,"Precio 5,49 €",5.49,,,,https://www.compraonline.alcampo.es/products/producto-alcampo-papel-higiénico-con-tres-capas-supreme-y-certificado-ecolabel-12-uds/439641,2026-10-02T13:48:55
papel higiénico,Alcampo,884366,NICKY Selección Papel higiénico de 3 capas acolchado 12 uds.,12 uds,"Precio 4,29 €",4.29,,,,https://www.compraonline.alcampo.es/products/nicky-selección-papel-higiénico-de-3-capas-acolchado-12-uds/884366,2026-10-02T13:48:55
papel higiénico,Alcampo,456525,RENOVA Papel higiénico skincare plus 12 rollos de 3 capas,,"Precio 6,99 €",6.99,,,,https://www.compraonline.alcampo.es/products/renova-papel-higiénico-skincare-plus-12-rollos-de-3-capas/456525,2026-10-02T13:48:55
papel higiénico,Alcampo,245270,NICKY Nature Papel higiénico de 3 capas con aloe vera 12 rollos,,"Precio 8,08 €",8.08,,,,https://www.compraonline.alcampo.es/products/nicky-nature-papel-higiénico-de-3-capas-con-aloe-vera-12-rollos/245270,2026-10-02T13:48:55
papel higiénico,Alcampo,439561,FOXY Papel higiénico tres capas con aroma a rosa Bouquet 4+2 rollos,,"Precio 3,78 €",3.78,,,,https://www.compraonline.alcampo.es/products/foxy-papel-higiénico-tres-capas-con-aroma-a-rosa-bouquet-4-2-rollos/439561,2026-10-02T13:48:55
papel higiénico,Alcampo,240452,PRODUCTO ALCAMPO Papel higiénico perfumado 3 capas 24 rollos.,,"Precio 8,59 €",8.59,,,,https://www.compraonline.alcampo.es/products/producto-alcampo-papel-higiénico-perfumado-3-capas-24-rollos/240452,2026-10-02T13:48:55
papel higiénico,Alcampo,885436,PRODUCTO ALCAMPO Papel higiénico premium 4 capas 16 rollos.,,"Precio 6,49 €",6.49,,,,https://www.compraonline.alcampo.es/products/producto-alcampo-papel-higiénico-premium-4-capas-16-rollos/885436,2026-10-02T13:48:55
papel higiénico,Alcampo,439704,FOXY Seda Papel higiénico con ph neutro y aroma a talco 9 rollos,,"Precio 7,55 €",7.55,,,,https://www.compraonline.alcampo.es/products/foxy-seda-papel-higiénico-con-ph-neutro-y-aroma-a-talco-9-rollos/439704,2026-10-02T13:48:55
papel higiénico,Alcampo,43789,FOXY Mega 3  Papel higiénico triple capa 4 rollos,,"Precio 3,78 €",3.78,,,,https://www.compraonline.alcampo.es/products/foxy-mega-3-papel-higiénico-triple-capa-4-rollos/43789,2026-10-02T13:48:55
papel higiénico,Alcampo,889291,MAGNOLIA Papel higiénico (100% celulosa) 2 capas y larga duración 18 uds.,18 uds,"Precio 7,29 €",7.29,,,,https://www.compraonline.alcampo.es/products/magnolia-papel-higiénico-100-celulosa-2-capas-y-larga-duración-18-uds/889291,2026-10-02T13:48:55
papel higiénico,Alcampo,884661,FOXY Papel higiénico 5 capas Cotton 4 rollos,,"Precio 4,61 €",4.61,,,,https://www.compraonline.alcampo.es/products/foxy-papel-higiénico-5-capas-cotton-4-rollos/884661,2026-10-02T13:48:55
papel higiénico,Alcampo,511597,SCOTTEX Seda Papel higiénico acolchado con un toque de seda y aroma suave 6 rollos.,,"Precio 3,87 €",3.87,,,,https://www.compraonline.alcampo.es/products/scottex-seda-papel-higiénico-acolchado-con-un-toque-de-seda-y-aroma-suave-6-rollos/511597,2026-10-02T13:48:55
papel higiénico,Alcampo,890800,COLHOGAR Papel higiénico Protect Care 3 capas 18 rollos,,"Precio 10,62 €",10.62,,,,https://www.compraonline.alcampo.es/products/colhogar-papel-higiénico-protect-care-3-capas-18-rollos/890800,2026-10-02T13:48:55
papel higiénico,Alcampo,710702,FOXY Papel higiénico de 4 capas Gran Acolchado 6 rollos,,"Precio 5,09 €",5.09,,,,https://www.compraonline.alcampo.es/products/foxy-papel-higiénico-de-4-capas-gran-acolchado-6-rollos/710702,2026-10-02T13:48:55
papel higiénico,Alcampo,439092,FOXY Papel higiènico seda 30 rollos,,"Precio 21,54 €",21.54,,,,https://www.compraonline.alcampo.es/products/foxy-papel-higiènico-seda-30-rollos/439092,2026-10-02T13:48:55
papel higiénico,Alcampo,240111,PRODUCTO ALCAMPO Papel higiénico confort 5 capas 6 rollos.,,"Precio 4,25 €",4.25,,,,https://www.compraonline.alcampo.es/products/producto-alcampo-papel-higiénico-confort-5-capas-6-rollos/240111,2026-10-02T13:48:55
papel higiénico,Alcampo,257569,NICKY Nature Papel higiénico de 3 capas con aloe vera 24 rollos,,"Precio 12,12 €",12.12,,,,https://www.compraonline.alcampo.es/products/nicky-nature-papel-higiénico-de-3-capas-con-aloe-vera-24-rollos/257569,2026-10-02T13:48:55
papel higiénico,Alcampo,564983,COLHOGAR Papel higiénico húmedo aloe 80 uds,80 uds,"Precio 2,99 €",2.99,,,,https://www.compraonline.alcampo.es/products/colhogar-papel-higiénico-húmedo-aloe-80-uds/564983,2026-10-02T13:48:55
papel higiénico,Alcampo,566092,COLHOGAR Papel higiénico húmedo Pure 80 uds.,80 uds,"Precio 2,99 €",2.99,,,,https://www.compraonline.alcampo.es/products/colhogar-papel-higiénico-húmedo-pure-80-uds/566092,2026-10-02T13:48:55
papel higiénico,Alcampo,642037,PRODUCTO ECONÓMICO ALCAMPO Papel higiénico húmedo con extracto de camomila 100 uds.,100 uds,"Precio 1,49 €",1.49,,,,https://www.compraonline.alcampo.es/products/producto-económico-alcampo-papel-higiénico-húmedo-con-extracto-de-camomila-100-uds/642037,2026-10-02T13:48:55
papel higiénico,Alcampo,642049,PRODUCTO ALCAMPO Papel higiénico húmedo con extracto de aloe vera y camomila 80 uds.,80 uds,"Precio 1,24 €",1.24,,,,https://www.compraonline.alcampo.es/products/producto-alcampo-papel-higiénico-húmedo-con-extracto-de-aloe-vera-y-camomila-80-uds/642049,2026-10-02T13:48:55
papel higiénico,Alcampo,60034,SALUSTAR Toallitas para WC (papel higiénico húmedo) fabricadas con tejido biodegradable 100 uds.,100 uds,"Precio 2,99 €",2.99,,,,https://www.compraonline.alcampo.es/products/salustar-toallitas-para-wc-papel-higiénico-húmedo-fabricadas-con-tejido-biodegradable-100-uds/60034,2026-10-02T13:48:55
papel higiénico,Alcampo,432254,"VERA S""NONAS Papel higiénico húmedo aloe vera 100 uds.",100 uds,"Precio 1,99 €",1.99,,,,https://www.compraonline.alcampo.es/products/vera-s-nonas-papel-higiénico-húmedo-aloe-vera-100-uds/432254,2026-10-02T13:48:55
papel higiénico,Alcampo,61029,"SCOTTEX Fresh Papel higiénico húmedo (toallitas WC), con agua micelar y vitamina E 2 x 74 uds.",74 uds,"Precio 5,67 €",5.67,,,,https://www.compraonline.alcampo.es/products/scottex-fresh-papel-higiénico-húmedo-toallitas-wc-con-agua-micelar-y-vitamina-e-2-x-74-uds/61029,2026-10-02T13:48:55
papel higiénico,Alcampo,43769,"SCOTTEX Calm Papel higiénico húmedo (toallitas WC), con aloe vera, especial pieles sensibles 66 uds.",66 uds,"Precio 2,90 €",2.9,,,,https://www.compraonline.alcampo.es/products/scottex-calm-papel-higiénico-húmedo-toallitas-wc-con-aloe-vera-especial-pieles-sensibles-66-uds/43769,2026-10-02T13:48:55
papel higiénico,Alcampo,43763,"SCOTTEX Fresh Papel higiénico húmedo (toallitas WC), con agua micelar y vitamina E 38 uds.",38 uds,"Precio 1,00 €",1.0,,,,https://www.compraonline.alcampo.es/products/scottex-fresh-papel-higiénico-húmedo-toallitas-wc-con-agua-micelar-y-vitamina-e-38-uds/43763,2026-10-02T13:48:55
papel higiénico,Alcampo,60026,SALUSTAR Toallitas para el baño (papel higiénico húmedo) fabricadas con tejido biodegradable 15 uds.,15 uds,"Precio 0,90 €",0.9,,,,https://www.compraonline.alcampo.es/products/salustar-toallitas-para-el-baño-papel-higiénico-húmedo-fabricadas-con-tejido-biodegradable-15-uds/60026,2026-10-02T13:48:55
