searched_item,supermarket,product_id,name,price_raw,price,price_per_unit_raw,price_per_unit,unit,url,scraped_at
leche,DIA,504P6,Leche semidesnatada Dia Láctea pack 6 x 1 L,"5,04 €",5.04,"(0,84 €/LITRO)",0.84,LITRO,/huevos-leche-y-mantequilla/leche/p/504P6,2026-09-30T19:51:47
leche,DIA,,Leche desnatada sin lactosa dinamic protein Pascual 1 L,"1,67 €",1.67,"(1,67 €/LITRO)",1.67,LITRO,about:blank,2026-09-30T19:51:47
leche,DIA,608P6,Leche entera Dia Láctea pack 6 x 1 L,"5,76 €",5.76,"(0,96 €/LITRO)",0.96,LITRO,/huevos-leche-y-mantequilla/leche/p/608P6,2026-09-30T19:51:47
leche,DIA,130063P6,Leche semidesnatada sin lactosa Dia Láctea pack 6 x 1 L,"5,34 €",5.34,"(0,89 €/LITRO)",0.89,LITRO,/huevos-leche-y-mantequilla/leche-sin-lactosa-y-enriquecidas/p/130063P6,2026-09-30T19:51:47
leche,DIA,504,Leche semidesnatada Dia Láctea 1 L,"0,84 €",0.84,"(0,84 €/LITRO)",0.84,LITRO,/huevos-leche-y-mantequilla/leche/p/504,2026-09-30T19:51:47
leche,DIA,607P6,Leche desnatada Dia Láctea pack 6 x 1 L,"4,92 €",4.92,"(0,82 €/LITRO)",0.82,LITRO,/huevos-leche-y-mantequilla/leche/p/607P6,2026-09-30T19:51:47
leche,DIA,608,Leche entera Dia Láctea 1 L,"0,96 €",0.96,"(0,96 €/LITRO)",0.96,LITRO,/huevos-leche-y-mantequilla/leche/p/608,2026-09-30T19:51:47
leche,DIA,185450P6,Leche desnatada sin lactosa Dia Láctea pack 6 x 1 L,"5,10 €",5.1,"(0,85 €/LITRO)",0.85,LITRO,/huevos-leche-y-mantequilla/leche-sin-lactosa-y-enriquecidas/p/185450P6,2026-09-30T19:51:47
leche,DIA,130063,Leche semidesnatada sin lactosa Dia Láctea 1 L,"0,89 €",0.89,"(0,89 €/LITRO)",0.89,LITRO,/huevos-leche-y-mantequilla/leche-sin-lactosa-y-enriquecidas/p/130063,2026-09-30T19:51:47
leche,DIA,303496,Leche entera Dia Láctea 3 x 200 ml,"0,92 €",0.92,"(1,53 €/LITRO)",1.53,LITRO,/huevos-leche-y-mantequilla/leche/p/303496,2026-09-30T19:51:47
leche,DIA,17548P6,Leche semidesnatada Asturiana pack 6 x 1 L,"6,54 €",6.54,"(1,09 €/LITRO)",1.09,LITRO,/huevos-leche-y-mantequilla/leche/p/17548P6,2026-09-30T19:51:47
leche,DIA,274009,Huevos medianos M Dia 24 unidades,"5,25 €",5.25,"(2,63 €/DOCENA)",2.63,DOCENA,/huevos-leche-y-mantequilla/huevos/p/274009,2026-09-30T19:51:47
leche,DIA,16065P6,Leche entera Asturiana pack 6 x 1 L,"7,44 €",7.44,"(1,24 €/LITRO)",1.24,LITRO,/huevos-leche-y-mantequilla/leche/p/16065P6,2026-09-30T19:51:47
leche,DIA,607,Leche desnatada Dia Láctea 1 L,"0,82 €",0.82,"(0,82 €/LITRO)",0.82,LITRO,/huevos-leche-y-mantequilla/leche/p/607,2026-09-30T19:51:47
leche,DIA,271329,Leche entera pasteurizada Dia Láctea 1 L,"1,15 €",1.15,"(1,15 €/LITRO)",1.15,LITRO,/huevos-leche-y-mantequilla/leche/p/271329,2026-09-30T19:51:47
leche,DIA,304739,Leche semidesnatada Dia Láctea botella 1.5 L,"1,45 €",1.45,"(0,97 €/LITRO)",0.97,LITRO,/huevos-leche-y-mantequilla/leche/p/304739,2026-09-30T19:51:47
leche,DIA,225278P6,Leche entera sin lactosa Dia Láctea pack 6 x 1 L,"5,94 €",5.94,"(0,99 €/LITRO)",0.99,LITRO,/huevos-leche-y-mantequilla/leche-sin-lactosa-y-enriquecidas/p/225278P6,2026-09-30T19:51:47
leche,DIA,304738,Leche entera Dia Láctea botella 1.5 L,"1,56 €",1.56,"(1,04 €/LITRO)",1.04,LITRO,/huevos-leche-y-mantequilla/leche/p/304738,2026-09-30T19:51:47
leche,DIA,115833,Batido de cacao 90% leche Dia Láctea 6 x 200 ml,"1,75 €",1.75,"(1,46 €/LITRO)",1.46,LITRO,/huevos-leche-y-mantequilla/batidos/p/115833,2026-09-30T19:51:47
leche,DIA,148777P6,Leche semidesnatada sin lactosa Asturiana pack 6 x 1 L,"8,22 €",8.22,"(1,37 €/LITRO)",1.37,LITRO,/huevos-leche-y-mantequilla/leche-sin-lactosa-y-enriquecidas/p/148777P6,2026-09-30T19:51:47
leche,DIA,5716P6,Leche semidesnatada Asturiana pack 6 x 1.5 L,"10,74 €",10.74,"(1,19 €/LITRO)",1.19,LITRO,/huevos-leche-y-mantequilla/leche/p/5716P6,2026-09-30T19:51:47
leche,DIA,74720P6,Leche entera Asturiana pack 6 x 1.5 L,"11,82 €",11.82,"(1,31 €/LITRO)",1.31,LITRO,/huevos-leche-y-mantequilla/leche/p/74720P6,2026-09-30T19:51:47
leche,DIA,309574,Leche semidesnatada sin lactosa Dia Láctea 3 x 200 ml,"0,95 €",0.95,"(1,58 €/LITRO)",1.58,LITRO,/huevos-leche-y-mantequilla/leche-sin-lactosa-y-enriquecidas/p/309574,2026-09-30T19:51:47
leche,DIA,185450,Leche desnatada sin lactosa Dia Láctea 1 L,"0,85 €",0.85,"(0,85 €/LITRO)",0.85,LITRO,/huevos-leche-y-mantequilla/leche-sin-lactosa-y-enriquecidas/p/185450,2026-09-30T19:51:47
leche,DIA,271330,Leche semidesnatada pasteurizada Dia Láctea 1 L,"1,09 €",1.09,"(1,09 €/LITRO)",1.09,LITRO,/huevos-leche-y-mantequilla/leche/p/271330,2026-09-30T19:51:47
leche,DIA,267682,Bebida de avena Dia Vegedia 1 L,"0,95 €",0.95,"(0,95 €/LITRO)",0.95,LITRO,/huevos-leche-y-mantequilla/bebidas-vegetales-y-horchatas/p/267682,2026-09-30T19:51:47
leche,DIA,225278,Leche entera sin lactosa Dia Láctea 1 L,"0,99 €",0.99,"(0,99 €/LITRO)",0.99,LITRO,/huevos-leche-y-mantequilla/leche-sin-lactosa-y-enriquecidas/p/225278,2026-09-30T19:51:47
leche,DIA,294393,Nata para cocinar textura espesa Dia Láctea 500 ml,"1,55 €",1.55,"(3,10 €/LITRO)",3.1,LITRO,/huevos-leche-y-mantequilla/nata/p/294393,2026-09-30T19:51:47
leche,DIA,304738P6,Leche entera Dia Láctea pack 6 x 1.5 L,"9,36 €",9.36,"(1,04 €/LITRO)",1.04,LITRO,/huevos-leche-y-mantequilla/leche/p/304738P6,2026-09-30T19:51:47
leche,DIA,16066P6,Leche desnatada Asturiana pack 6 x 1 L,"6,36 €",6.36,"(1,06 €/LITRO)",1.06,LITRO,/huevos-leche-y-mantequilla/leche/p/16066P6,2026-09-30T19:51:47
leche,DIA,304739P6,Leche semidesnatada Dia Láctea pack 6 x 1.5 L,"8,70 €",8.7,"(0,97 €/LITRO)",0.97,LITRO,/huevos-leche-y-mantequilla/leche/p/304739P6,2026-09-30T19:51:47
leche,DIA,173903P6,Leche semidesnatada Asturiana pack 6 x 2.2 L,"14,28 €",14.28,"(1,08 €/LITRO)",1.08,LITRO,/huevos-leche-y-mantequilla/leche/p/173903P6,2026-09-30T19:51:47
leche,DIA,16065,Leche entera Asturiana 1 L,"1,24 €",1.24,"(1,24 €/LITRO)",1.24,LITRO,/huevos-leche-y-mantequilla/leche/p/16065,2026-09-30T19:51:47
leche,DIA,34609P6,Leche semidesnatada calcio Dia Láctea pack 6 x 1 L,"6,30 €",6.3,"(1,05 €/LITRO)",1.05,LITRO,/huevos-leche-y-mantequilla/leche-sin-lactosa-y-enriquecidas/p/34609P6,2026-09-30T19:51:47
leche,DIA,17548,Leche semidesnatada Asturiana 1 L,"1,09 €",1.09,"(1,09 €/LITRO)",1.09,LITRO,/huevos-leche-y-mantequilla/leche/p/17548,2026-09-30T19:51:47
leche,DIA,57797,Leche condensada Dia Láctea 450 g,"2,35 €",2.35,"(5,22 €/KILO)",5.22,KILO,/huevos-leche-y-mantequilla/leche-condensada-y-evaporada/p/57797,2026-09-30T19:51:47
leche,DIA,85630,Arroz con leche Dia Caprichoso 4 x 125 g,"1,25 €",1.25,"(2,50 €/KILO)",2.5,KILO,/yogures-y-postres/natillas-flan-y-arroz-con-leche/p/85630,2026-09-30T19:51:47
leche,DIA,6006,Leche condensada Dia Láctea 1 Kg,"3,35 €",3.35,"(3,35 €/KILO)",3.35,KILO,/huevos-leche-y-mantequilla/leche-condensada-y-evaporada/p/6006,2026-09-30T19:51:47
leche,DIA,145042,Nata para cocinar 18% M.G. Dia Láctea 3 x 200 ml,"1,85 €",1.85,"(3,08 €/LITRO)",3.08,LITRO,/huevos-leche-y-mantequilla/nata/p/145042,2026-09-30T19:51:47
leche,DIA,308772,Leche desnatada sin lactosa alta en proteínas Dia Láctea 1 L,"1,35 €",1.35,"(1,35 €/LITRO)",1.35,LITRO,/huevos-leche-y-mantequilla/leche-sin-lactosa-y-enriquecidas/p/308772,2026-09-30T19:51:47
leche,DIA,46923,Mousse de chocolate con leche Dia Caprichoso 4 x 60 g,"1,15 €",1.15,"(4,79 €/KILO)",4.79,KILO,/yogures-y-postres/postres-tradicionales/p/46923,2026-09-30T19:51:47
leche,DIA,220175,Galletas cubiertas de chocolate con leche Galleteca de Dia 150 g,"1,35 €",1.35,"(9,00 €/KILO)",9.0,KILO,/galletas-cereales-y-mermeladas/galletas-de-chocolate-y-rellenas/p/220175,2026-09-30T19:51:47
leche,DIA,73676P6,Leche entera Pascual pack 6 x 1 L,"8,34 €",8.34,"(1,39 €/LITRO)",1.39,LITRO,/huevos-leche-y-mantequilla/leche/p/73676P6,2026-09-30T19:51:47
leche,DIA,169355,Leche desnatada sin lactosa Asturiana 1 L,"1,33 €",1.33,"(1,33 €/LITRO)",1.33,LITRO,/huevos-leche-y-mantequilla/leche-sin-lactosa-y-enriquecidas/p/169355,2026-09-30T19:51:47
leche,DIA,216,Chocolate con leche Nestlé Extrafino 125 g,"1,50 €",1.5,"(12,00 €/KILO)",12.0,KILO,/chocolates-y-golosinas/chocolate-con-leche/p/216,2026-09-30T19:51:47
leche,DIA,288023,Pan de leche El Molino de Dia 350 g,"1,35 €",1.35,"(3,86 €/KILO)",3.86,KILO,/bolleria-reposteria-y-azucar/magdalenas-y-bolleria-clasica/p/288023,2026-09-30T19:51:47
leche,DIA,267684,Bebida de almendras 0% azúcares Dia Vegedia 1 L,"1,49 €",1.49,"(1,49 €/LITRO)",1.49,LITRO,/huevos-leche-y-mantequilla/bebidas-vegetales-y-horchatas/p/267684,2026-09-30T19:51:47
leche,DIA,73677P6,Leche semidesnatada Pascual pack 6 x 1 L,"8,10 €",8.1,"(1,35 €/LITRO)",1.35,LITRO,/huevos-leche-y-mantequilla/leche/p/73677P6,2026-09-30T19:51:47
leche,DIA,34578P6,Leche semidesnatada Lauki pack 6 x 1 L,"6,54 €",6.54,"(1,09 €/LITRO)",1.09,LITRO,/huevos-leche-y-mantequilla/leche/p/34578P6,2026-09-30T19:51:47
leche,DIA,74722P6,Leche desnatada Asturiana pack 6 x 1.5 L,"10,38 €",10.38,"(1,15 €/LITRO)",1.15,LITRO,/huevos-leche-y-mantequilla/leche/p/74722P6,2026-09-30T19:51:47
leche,DIA,73678,Leche desnatada Pascual 1 L,"1,29 €",1.29,"(1,29 €/LITRO)",1.29,LITRO,/huevos-leche-y-mantequilla/leche/p/73678,2026-09-30T19:51:47
leche,DIA,74720,Leche entera Asturiana botella 1.5 L,"1,97 €",1.97,"(1,31 €/LITRO)",1.31,LITRO,/huevos-leche-y-mantequilla/leche/p/74720,2026-09-30T19:51:47
leche,DIA,240523P6,Leche entera sin lactosa Asturiana pack 6 x 1 L,"8,52 €",8.52,"(1,42 €/LITRO)",1.42,LITRO,/huevos-leche-y-mantequilla/leche-sin-lactosa-y-enriquecidas/p/240523P6,2026-09-30T19:51:47
leche,DIA,46626P6,Leche desnatada calcio Dia Láctea pack 6 x 1 L,"6,12 €",6.12,"(1,02 €/LITRO)",1.02,LITRO,/huevos-leche-y-mantequilla/leche-sin-lactosa-y-enriquecidas/p/46626P6,2026-09-30T19:51:47
leche,DIA,5716,Leche semidesnatada Asturiana botella 1.5 L,"1,79 €",1.79,"(1,19 €/LITRO)",1.19,LITRO,/huevos-leche-y-mantequilla/leche/p/5716,2026-09-30T19:51:47
leche,DIA,34609,Leche semidesnatada calcio Dia Láctea 1 L,"1,05 €",1.05,"(1,05 €/LITRO)",1.05,LITRO,/huevos-leche-y-mantequilla/leche-sin-lactosa-y-enriquecidas/p/34609,2026-09-30T19:51:47
leche,DIA,46626,Leche desnatada calcio Dia Láctea 1 L,"1,02 €",1.02,"(1,02 €/LITRO)",1.02,LITRO,/huevos-leche-y-mantequilla/leche-sin-lactosa-y-enriquecidas/p/46626,2026-09-30T19:51:47
leche,DIA,308119,Leche entera Celta 1 L,"1,09 €",1.09,"(1,09 €/LITRO)",1.09,LITRO,/huevos-leche-y-mantequilla/leche/p/308119,2026-09-30T19:51:47
leche,DIA,184889,Leche entera Asturiana botella 2.2 L,"2,69 €",2.69,"(1,22 €/LITRO)",1.22,LITRO,/huevos-leche-y-mantequilla/leche/p/184889,2026-09-30T19:51:47
leche,DIA,73676,Leche entera Pascual 1 L,"1,39 €",1.39,"(1,39 €/LITRO)",1.39,LITRO,/huevos-leche-y-mantequilla/leche/p/73676,2026-09-30T19:51:47
leche,DIA,148777,Leche semidesnatada sin lactosa Asturiana 1 L,"1,37 €",1.37,"(1,37 €/LITRO)",1.37,LITRO,/huevos-leche-y-mantequilla/leche-sin-lactosa-y-enriquecidas/p/148777,2026-09-30T19:51:47
leche,DIA,16066,Leche desnatada Asturiana 1 L,"1,06 €",1.06,"(1,06 €/LITRO)",1.06,LITRO,/huevos-leche-y-mantequilla/leche/p/16066,2026-09-30T19:51:47
leche,DIA,73677,Leche semidesnatada Pascual 1 L,"1,35 €",1.35,"(1,35 €/LITRO)",1.35,LITRO,/huevos-leche-y-mantequilla/leche/p/73677,2026-09-30T19:51:47
leche,DIA,30052,Leche desnatada omega 3 Puleva 1 L,"1,89 €",1.89,"(1,89 €/LITRO)",1.89,LITRO,/huevos-leche-y-mantequilla/leche-sin-lactosa-y-enriquecidas/p/30052,2026-09-30T19:51:47
leche,DIA,240523,Leche entera sin lactosa Asturiana 1 L,"1,42 €",1.42,"(1,42 €/LITRO)",1.42,LITRO,/huevos-leche-y-mantequilla/leche-sin-lactosa-y-enriquecidas/p/240523,2026-09-30T19:51:47
leche,DIA,74722,Leche desnatada Asturiana botella 1.5 L,"1,73 €",1.73,"(1,15 €/LITRO)",1.15,LITRO,/huevos-leche-y-mantequilla/leche/p/74722,2026-09-30T19:51:47
leche,DIA,121677,Bebida láctea omega 3 con nueces Puleva 1 L,"1,95 €",1.95,"(1,95 €/LITRO)",1.95,LITRO,/huevos-leche-y-mantequilla/leche-sin-lactosa-y-enriquecidas/p/121677,2026-09-30T19:51:47
leche,DIA,173903,Leche semidesnatada Asturiana botella 2.2 L,"2,38 €",2.38,"(1,08 €/LITRO)",1.08,LITRO,/huevos-leche-y-mantequilla/leche/p/173903,2026-09-30T19:51:47
leche,DIA,22488,Leche semidesnatada calcio Puleva 1 L,"1,59 €",1.59,"(1,59 €/LITRO)",1.59,LITRO,/huevos-leche-y-mantequilla/leche-sin-lactosa-y-enriquecidas/p/22488,2026-09-30T19:51:47
leche,DIA,46625,Leche entera calcio Dia Láctea 1 L,"1,17 €",1.17,"(1,17 €/LITRO)",1.17,LITRO,/huevos-leche-y-mantequilla/leche-sin-lactosa-y-enriquecidas/p/46625,2026-09-30T19:51:47
leche,DIA,34578,Leche semidesnatada Lauki 1 L,"1,09 €",1.09,"(1,09 €/LITRO)",1.09,LITRO,/huevos-leche-y-mantequilla/leche/p/34578,2026-09-30T19:51:47
leche,DIA,48888,Leche desnatada omega 3 Dia Láctea 1 L,"1,19 €",1.19,"(1,19 €/LITRO)",1.19,LITRO,/huevos-leche-y-mantequilla/leche-sin-lactosa-y-enriquecidas/p/48888,2026-09-30T19:51:47
leche,DIA,22489,Leche desnatada calcio Puleva 1 L,"1,59 €",1.59,"(1,59 €/LITRO)",1.59,LITRO,/huevos-leche-y-mantequilla/leche-sin-lactosa-y-enriquecidas/p/22489,2026-09-30T19:51:47
leche,DIA,19814,Leche entera Lauki 1 L,"1,15 €",1.15,"(1,15 €/LITRO)",1.15,LITRO,/huevos-leche-y-mantequilla/leche/p/19814,2026-09-30T19:51:47
leche,DIA,27258,Leche entera calcio Puleva 1 L,"1,59 €",1.59,"(1,59 €/LITRO)",1.59,LITRO,/huevos-leche-y-mantequilla/leche-sin-lactosa-y-enriquecidas/p/27258,2026-09-30T19:51:47
leche,DIA,119675,Leche semidesnatada sin lactosa Pascual 1 L,"1,29 €",1.29,"(1,29 €/LITRO)",1.29,LITRO,/huevos-leche-y-mantequilla/leche-sin-lactosa-y-enriquecidas/p/119675,2026-09-30T19:51:47
leche,DIA,27987,Leche semidesnatada fibra Asturiana 1 L,"1,65 €",1.65,"(1,65 €/LITRO)",1.65,LITRO,/huevos-leche-y-mantequilla/leche-sin-lactosa-y-enriquecidas/p/27987,2026-09-30T19:51:47
leche,DIA,1917,Leche desnatada Lauki 1 L,"1,05 €",1.05,"(1,05 €/LITRO)",1.05,LITRO,/huevos-leche-y-mantequilla/leche/p/1917,2026-09-30T19:51:47
leche,DIA,119676,Leche desnatada sin lactosa Pascual 1 L,"1,25 €",1.25,"(1,25 €/LITRO)",1.25,LITRO,/huevos-leche-y-mantequilla/leche-sin-lactosa-y-enriquecidas/p/119676,2026-09-30T19:51:47
leche,DIA,250631,Leche desnatada suprema Asturiana 1 L,"1,45 €",1.45,"(1,45 €/LITRO)",1.45,LITRO,/huevos-leche-y-mantequilla/leche-sin-lactosa-y-enriquecidas/p/250631,2026-09-30T19:51:47
leche,DIA,308120,Leche semidesnatada Celta 1 L,"1,05 €",1.05,"(1,05 €/LITRO)",1.05,LITRO,/huevos-leche-y-mantequilla/leche/p/308120,2026-09-30T19:51:47
leche,DIA,188442,Leche semidesnatada de cabra Covap 1 L,"2,29 €",2.29,"(2,29 €/LITRO)",2.29,LITRO,/huevos-leche-y-mantequilla/leche/p/188442,2026-09-30T19:51:47
leche,DIA,222584,Bebida láctea omega 3 sin Lactosa Puleva 1 L,"1,95 €",1.95,"(1,95 €/LITRO)",1.95,LITRO,/huevos-leche-y-mantequilla/leche-sin-lactosa-y-enriquecidas/p/222584,2026-09-30T19:51:47
leche,DIA,313032,Leche semidesnatada botella Asturiana 1 L,"1,20 €",1.2,"(1,20 €/LITRO)",1.2,LITRO,/huevos-leche-y-mantequilla/leche/p/313032,2026-09-30T19:51:47
leche,DIA,306021,Leche desnatada sin lactosa dinamic protein Pascual 1 L,"1,67 €",1.67,"(1,67 €/LITRO)",1.67,LITRO,/huevos-leche-y-mantequilla/leche-sin-lactosa-y-enriquecidas/p/306021,2026-09-30T19:51:47
leche,DIA,104006,Leche desnatada calcio Pascual Movit 1 L,"1,59 €",1.59,"(1,59 €/LITRO)",1.59,LITRO,/huevos-leche-y-mantequilla/leche-sin-lactosa-y-enriquecidas/p/104006,2026-09-30T19:51:47
leche,DIA,112295,Leche semidesnatada calcio Pascual Movit 1 L,"1,59 €",1.59,"(1,59 €/LITRO)",1.59,LITRO,/huevos-leche-y-mantequilla/leche-sin-lactosa-y-enriquecidas/p/112295,2026-09-30T19:51:47
leche,DIA,307404,Leche entera Madriz 1 L,"1,29 €",1.29,"(1,29 €/LITRO)",1.29,LITRO,/huevos-leche-y-mantequilla/leche/p/307404,2026-09-30T19:51:47
leche,DIA,307406,Leche semidesnatada Madriz 1 L,"1,29 €",1.29,"(1,29 €/LITRO)",1.29,LITRO,/huevos-leche-y-mantequilla/leche/p/307406,2026-09-30T19:51:47
leche,DIA,616,Leche en polvo Sveltesse 600 g,"9,19 €",9.19,"(15,32 €/KILO)",15.32,KILO,/huevos-leche-y-mantequilla/leche/p/616,2026-09-30T19:51:47
leche,DIA,73678P6,Leche desnatada Pascual pack 6 x 1 L,"7,74 €",7.74,"(1,29 €/LITRO)",1.29,LITRO,/huevos-leche-y-mantequilla/leche/p/73678P6,2026-09-30T19:51:47
leche,DIA,308120P6,Leche semidesnatada Celta pack 6 x 1 L,"6,30 €",6.3,"(1,05 €/LITRO)",1.05,LITRO,/huevos-leche-y-mantequilla/leche/p/308120P6,2026-09-30T19:51:47
leche,DIA,308119P6,Leche entera Celta pack 6 x 1 L,"6,54 €",6.54,"(1,09 €/LITRO)",1.09,LITRO,/huevos-leche-y-mantequilla/leche/p/308119P6,2026-09-30T19:51:47
leche,DIA,27987P6,Leche semidesnatada fibra Asturiana pack 6 x 1 L,"9,90 €",9.9,"(1,65 €/LITRO)",1.65,LITRO,/huevos-leche-y-mantequilla/leche-sin-lactosa-y-enriquecidas/p/27987P6,2026-09-30T19:51:47
leche,DIA,250631P6,Leche desnatada suprema Asturiana pack 6 x 1 L,"8,70 €",8.7,"(1,45 €/LITRO)",1.45,LITRO,/huevos-leche-y-mantequilla/leche-sin-lactosa-y-enriquecidas/p/250631P6,2026-09-30T19:51:47
leche,DIA,19814P6,Leche entera Lauki pack 6 x 1 L,"6,90 €",6.9,"(1,15 €/LITRO)",1.15,LITRO,/huevos-leche-y-mantequilla/leche/p/19814P6,2026-09-30T19:51:47
leche,DIA,1917P6,Leche desnatada Lauki pack 6 x 1 L,"6,30 €",6.3,"(1,05 €/LITRO)",1.05,LITRO,/huevos-leche-y-mantequilla/leche/p/1917P6,2026-09-30T19:51:47
leche,DIA,184889P6,Leche entera Asturiana pack 6 x 2.2 L,"16,14 €",16.14,"(1,22 €/LITRO)",1.22,LITRO,/huevos-leche-y-mantequilla/leche/p/184889P6,2026-09-30T19:51:47
leche,DIA,169355P6,Leche desnatada sin lactosa Asturiana pack 6 x 1 L,"7,98 €",7.98,"(1,33 €/LITRO)",1.33,LITRO,/huevos-leche-y-mantequilla/leche-sin-lactosa-y-enriquecidas/p/169355P6,2026-09-30T19:51:47
leche,DIA,119676P6,Leche desnatada sin lactosa Pascual pack 6 x 1 L,"7,50 €",7.5,"(1,25 €/LITRO)",1.25,LITRO,/huevos-leche-y-mantequilla/leche-sin-lactosa-y-enriquecidas/p/119676P6,2026-09-30T19:51:47
leche,DIA,119675P6,Leche semidesnatada sin lactosa Pascual pack 6 x 1 L,"7,74 €",7.74,"(1,29 €/LITRO)",1.29,LITRO,/huevos-leche-y-mantequilla/leche-sin-lactosa-y-enriquecidas/p/119675P6,2026-09-30T19:51:47
leche,DIA,112295P6,Leche semidesnatada calcio Pascual Movit pack 6 x 1 L,"9,54 €",9.54,"(1,59 €/LITRO)",1.59,LITRO,/huevos-leche-y-mantequilla/leche-sin-lactosa-y-enriquecidas/p/112295P6,2026-09-30T19:51:47
leche,DIA,104006P6,Leche desnatada calcio Pascual Movit pack 6 x 1 L,"9,54 €",9.54,"(1,59 €/LITRO)",1.59,LITRO,/huevos-leche-y-mantequilla/leche-sin-lactosa-y-enriquecidas/p/104006P6,2026-09-30T19:51:47
leche,DIA,105590,Preparado lácteo de crecimiento con cereales +12 meses Peques 3 Puleva 1 L,"1,79 €",1.79,"(1,79 €/LITRO)",1.79,LITRO,/infantil/leches-y-papillas/p/105590,2026-09-30T19:51:47
leche,DIA,613,Leche condensada La Lechera 370 g,"3,03 €",3.03,"(8,19 €/KILO)",8.19,KILO,/huevos-leche-y-mantequilla/leche-condensada-y-evaporada/p/613,2026-09-30T19:51:47
leche,DIA,78262,Preparado lácteo de crecimiento +12 meses Peques 3 Puleva 1 L,"1,43 €",1.43,"(1,43 €/LITRO)",1.43,LITRO,/infantil/leches-y-papillas/p/78262,2026-09-30T19:51:47
leche,DIA,129519,Preparado lácteo con cereales de crecimiento y desarrollo +3 años Puleva Max 1 L,"1,51 €",1.51,"(1,51 €/LITRO)",1.51,LITRO,/infantil/leches-y-papillas/p/129519,2026-09-30T19:51:47
leche,DIA,129428,Preparado lácteo con cereales y fruta Peques 3 Puleva 3 x 200 ml,"1,99 €",1.99,"(3,32 €/LITRO)",3.32,LITRO,/infantil/leches-y-papillas/p/129428,2026-09-30T19:51:47
leche,DIA,83977,Preparado lácteo de continuación +6 meses Peques 2 Puleva 1 L,"1,95 €",1.95,"(1,95 €/LITRO)",1.95,LITRO,/infantil/leches-y-papillas/p/83977,2026-09-30T19:51:47
leche,DIA,163643,Leche evaporada Ideal 525 g,"2,90 €",2.9,"(5,52 €/KILO)",5.52,KILO,/huevos-leche-y-mantequilla/leche-condensada-y-evaporada/p/163643,2026-09-30T19:51:47
leche,DIA,108337,Leche infantil en polvo de continuacion de 6 a 12 meses Nativa 800 g,"12,95 €",12.95,"(16,19 €/KILO)",16.19,KILO,/infantil/leches-y-papillas/p/108337,2026-09-30T19:51:47
leche,DIA,63050,Preparado lácteo de crecimiento y desarrollo +3 años Puleva Max 1 L,"1,43 €",1.43,"(1,43 €/LITRO)",1.43,LITRO,/infantil/leches-y-papillas/p/63050,2026-09-30T19:51:47
leche,DIA,41309,Leche condensada La Lechera 450 g,"3,59 €",3.59,"(7,98 €/KILO)",7.98,KILO,/huevos-leche-y-mantequilla/leche-condensada-y-evaporada/p/41309,2026-09-30T19:51:47
leche,DIA,287953,Preparado lácteo Buenas Noches +12 meses Peques Puleva 1 L,"2,09 €",2.09,"(2,09 €/LITRO)",2.09,LITRO,/infantil/leches-y-papillas/p/287953,2026-09-30T19:51:47
leche,DIA,129742,Leche infantil en polvo de inicio Nativa 800 g,"12,95 €",12.95,"(16,19 €/KILO)",16.19,KILO,/infantil/leches-y-papillas/p/129742,2026-09-30T19:51:47
leche,DIA,129743,Leche infantil en polvo de inicio Nidina 800 g,"14,95 €",14.95,"(18,69 €/KILO)",18.69,KILO,/infantil/leches-y-papillas/p/129743,2026-09-30T19:51:47
leche,DIA,239520,Leche evaporada sin lactosa Ideal 525 g,"3,35 €",3.35,"(6,38 €/KILO)",6.38,KILO,/huevos-leche-y-mantequilla/leche-condensada-y-evaporada/p/239520,2026-09-30T19:51:47
leche,DIA,107434,Leche infantil polvo de continuacion +6 meses Nidina 800 g,"17,95 €",17.95,"(22,44 €/KILO)",22.44,KILO,/infantil/leches-y-papillas/p/107434,2026-09-30T19:51:47
leche,DIA,40297,Preparado lácteo de crecimiento con cereales +12 meses Nativa 1 L,"2,09 €",2.09,"(2,09 €/LITRO)",2.09,LITRO,/infantil/leches-y-papillas/p/40297,2026-09-30T19:51:47
leche,DIA,155416,Preparado lácteo de crecimiento con galleta maría +3 años Nativa 1 L,"2,45 €",2.45,"(2,45 €/LITRO)",2.45,LITRO,/infantil/leches-y-papillas/p/155416,2026-09-30T19:51:47
leche,DIA,307334,Preparado lácteo de crecimiento +12 meses Peques 3 Puleva 3 x 200 ml,"2,00 €",2.0,"(3,33 €/LITRO)",3.33,LITRO,/infantil/leches-y-papillas/p/307334,2026-09-30T19:51:47
leche,DIA,182329,Preparado lácteo de crecimiento con galleta maria +12 meses Nativa 1 L,"2,09 €",2.09,"(2,09 €/LITRO)",2.09,LITRO,/infantil/leches-y-papillas/p/182329,2026-09-30T19:51:47
leche,DIA,107406,Leche infantil en polvo de crecimiento +12 meses Nidina 800 g,"17,05 €",17.05,"(21,31 €/KILO)",21.31,KILO,/infantil/leches-y-papillas/p/107406,2026-09-30T19:51:47
leche,DIA,306135,Leche solar hydra 24 spf 30 Delial 175 ml,"13,49 €",13.49,"(7,71 €/100 ML.)",7.71,,/salud-y-parafarmacia/protector-solar/p/306135,2026-09-30T19:51:47
leche,DIA,285022,Leche infantil de continuación de 6 a 12 meses Nativa 1 L,"2,39 €",2.39,"(2,39 €/LITRO)",2.39,LITRO,/infantil/leches-y-papillas/p/285022,2026-09-30T19:51:47
leche,DIA,48888P6,Leche desnatada omega 3 Dia Láctea pack 6 x 1 L,"7,14 €",7.14,"(1,19 €/LITRO)",1.19,LITRO,/huevos-leche-y-mantequilla/leche-sin-lactosa-y-enriquecidas/p/48888P6,2026-09-30T19:51:47
leche,DIA,46625P6,Leche entera calcio Dia Láctea pack 6 x 1 L,"7,02 €",7.02,"(1,17 €/LITRO)",1.17,LITRO,/huevos-leche-y-mantequilla/leche-sin-lactosa-y-enriquecidas/p/46625P6,2026-09-30T19:51:47
leche,DIA,30052P6,Leche desnatada omega 3 Puleva pack 6 x 1 L,"11,34 €",11.34,"(1,89 €/LITRO)",1.89,LITRO,/huevos-leche-y-mantequilla/leche-sin-lactosa-y-enriquecidas/p/30052P6,2026-09-30T19:51:47
leche,DIA,27258P6,Leche entera calcio Puleva pack 6 x 1 L,"9,54 €",9.54,"(1,59 €/LITRO)",1.59,LITRO,/huevos-leche-y-mantequilla/leche-sin-lactosa-y-enriquecidas/p/27258P6,2026-09-30T19:51:47
leche,DIA,22489P6,Leche desnatada calcio Puleva pack 6 x 1 L,"9,54 €",9.54,"(1,59 €/LITRO)",1.59,LITRO,/huevos-leche-y-mantequilla/leche-sin-lactosa-y-enriquecidas/p/22489P6,2026-09-30T19:51:47
leche,DIA,222584P6,Bebida láctea omega 3 sin lactosa Puleva pack 6 x 1 L,"11,70 €",11.7,"(1,95 €/LITRO)",1.95,LITRO,/huevos-leche-y-mantequilla/leche-sin-lactosa-y-enriquecidas/p/222584P6,2026-09-30T19:51:47
leche,DIA,121677P6,Bebida láctea omega 3 con nueces Puleva pack 6 x 1 L,"11,70 €",11.7,"(1,95 €/LITRO)",1.95,LITRO,/huevos-leche-y-mantequilla/leche-sin-lactosa-y-enriquecidas/p/121677P6,2026-09-30T19:51:47
leche,DIA,148491,Chocolate con leche con trozos de oreo Milka 100 g,"2,09 €",2.09,"(20,90 €/KILO)",20.9,KILO,/chocolates-y-golosinas/chocolate-con-leche/p/148491,2026-09-30T19:51:47
leche,DIA,64352,Chocolate con leche relleno de caramelo Milka 100 g,"2,09 €",2.09,"(20,90 €/KILO)",20.9,KILO,/chocolates-y-golosinas/chocolate-con-leche/p/64352,2026-09-30T19:51:47
leche,DIA,154437,Leche corporal reparadora Lactovit Lactourea 400 ml,"4,99 €",4.99,"(1,25 €/100 ML.)",1.25,,/higiene-y-cuidado-del-cuerpo/hidratacion-de-cuerpo-y-manos/p/154437,2026-09-30T19:51:47
leche,DIA,203153,Chocolate con leche con trozos de oreo Milka 300 g,"3,99 €",3.99,"(13,30 €/KILO)",13.3,KILO,/chocolates-y-golosinas/chocolate-con-leche/p/203153,2026-09-30T19:51:47
leche,DIA,274481,Leche solar spf 30 Dia Imaqe 250 ml,"5,29 €",5.29,"(2,12 €/100 ML.)",2.12,,/salud-y-parafarmacia/protector-solar/p/274481,2026-09-30T19:51:47
leche,DIA,274483,Leche solar sensitive spf 50+ Dia Imaqe 250 ml,"6,99 €",6.99,"(2,80 €/100 ML.)",2.8,,/salud-y-parafarmacia/protector-solar/p/274483,2026-09-30T19:51:47
leche,DIA,282658,Leche corporal vitamina b3 Babaria 500 ml,"2,99 €",2.99,"(0,60 €/100 ML.)",0.6,,/higiene-y-cuidado-del-cuerpo/hidratacion-de-cuerpo-y-manos/p/282658,2026-09-30T19:51:47
leche,DIA,254523,Chocolate con leche Dolca 100 g,"1,36 €",1.36,"(13,60 €/KILO)",13.6,KILO,/chocolates-y-golosinas/chocolate-con-leche/p/254523,2026-09-30T19:51:47
leche,DIA,66565,Chocolate con leche Milka 125 g,"1,89 €",1.89,"(15,12 €/KILO)",15.12,KILO,/chocolates-y-golosinas/chocolate-con-leche/p/66565,2026-09-30T19:51:47
leche,DIA,111278,Cereales rellenos de leche Gran Dia 500 g,"2,40 €",2.4,"(4,80 €/KILO)",4.8,KILO,/galletas-cereales-y-mermeladas/cereales/p/111278,2026-09-30T19:51:47
leche,DIA,46581,Chocolate con leche Nestlé Extrafino 3 x 125 g,"4,39 €",4.39,"(11,71 €/KILO)",11.71,KILO,/chocolates-y-golosinas/chocolate-con-leche/p/46581,2026-09-30T19:51:47
leche,DIA,100947,Bollería con pepitas de chocolate con leche Weikis 240 g,"2,85 €",2.85,"(11,88 €/KILO)",11.88,KILO,/bolleria-reposteria-y-azucar/rosquillas-y-pastelitos/p/100947,2026-09-30T19:51:47
leche,DIA,34719,Chocolate con leche y almendras enteras Dia Temptation 200 g,"2,00 €",2.0,"(10,00 €/KILO)",10.0,KILO,/chocolates-y-golosinas/chocolate-con-leche/p/34719,2026-09-30T19:51:47
leche,DIA,68891,Chocolate con leche Nestlé Extrafino 250 g,"3,66 €",3.66,"(14,64 €/KILO)",14.64,KILO,/chocolates-y-golosinas/chocolate-con-leche/p/68891,2026-09-30T19:51:47
leche,DIA,188647,Chocolate con leche y avellanas enteras Milka 95 g,"2,15 €",2.15,"(22,63 €/KILO)",22.63,KILO,/chocolates-y-golosinas/chocolate-con-leche/p/188647,2026-09-30T19:51:47
leche,DIA,132928,Huevos de chocolate relleno de leche y avellanas Kinder 125 g,"3,29 €",3.29,"(26,32 €/KILO)",26.32,KILO,/chocolates-y-golosinas/chocolatinas-y-bombones/p/132928,2026-09-30T19:51:47
leche,DIA,42594,Galletas de cacao rellenas de crema bañadas con chocolate con leche Galleteca de Dia 252 g,"1,95 €",1.95,"(7,74 €/KILO)",7.74,KILO,/galletas-cereales-y-mermeladas/galletas-de-chocolate-y-rellenas/p/42594,2026-09-30T19:51:47
leche,DIA,11176,Chocolate con leche sin azúcares añadidos Dia Temptation 100 g,"1,35 €",1.35,"(13,50 €/KILO)",13.5,KILO,/chocolates-y-golosinas/chocolate-con-leche/p/11176,2026-09-30T19:51:47
leche,DIA,82868,Chocolate con leche y almendras Dia Temptation 150 g,"1,79 €",1.79,"(11,93 €/KILO)",11.93,KILO,/chocolates-y-golosinas/chocolate-con-leche/p/82868,2026-09-30T19:51:47
leche,DIA,1721,Chocolate con leche y almendras Nestlé Extrafino 123 g,"2,89 €",2.89,"(23,50 €/KILO)",23.5,KILO,/chocolates-y-golosinas/chocolate-con-leche/p/1721,2026-09-30T19:51:47
leche,DIA,82867,Chocolate con leche y avellanas Dia Temptation 150 g,"1,65 €",1.65,"(11,00 €/KILO)",11.0,KILO,/chocolates-y-golosinas/chocolate-con-leche/p/82867,2026-09-30T19:51:47
leche,DIA,45685,Chocolate con leche Milka 250 g,"3,99 €",3.99,"(15,96 €/KILO)",15.96,KILO,/chocolates-y-golosinas/chocolate-con-leche/p/45685,2026-09-30T19:51:47
leche,DIA,140040,Chocolate con leche con almendras enteras Valor 250 g,"4,95 €",4.95,"(19,80 €/KILO)",19.8,KILO,/chocolates-y-golosinas/chocolate-con-leche/p/140040,2026-09-30T19:51:47
leche,DIA,87057,Dulce de leche Mardel 450 g,"3,55 €",3.55,"(7,89 €/KILO)",7.89,KILO,/chocolates-y-golosinas/cremas-de-cacao-y-de-untar/p/87057,2026-09-30T19:51:47
leche,DIA,226688,Sticks con crema de cacao y leche de avellanas Nocilla 60 g,"1,05 €",1.05,"(17,50 €/KILO)",17.5,KILO,/chocolates-y-golosinas/cremas-de-cacao-y-de-untar/p/226688,2026-09-30T19:51:47
leche,DIA,161190,Chocolate con leche cubierto de galletas Milka 87 g,"1,55 €",1.55,"(17,82 €/KILO)",17.82,KILO,/chocolates-y-golosinas/chocolate-con-leche/p/161190,2026-09-30T19:51:47
leche,DIA,41749,Huevos de chocolate relleno de leche y avellanas Kinder 200 g,"4,49 €",4.49,"(22,45 €/KILO)",22.45,KILO,/chocolates-y-golosinas/chocolatinas-y-bombones/p/41749,2026-09-30T19:51:47
leche,DIA,12964,Chocolate con leche relleno de galleta choco-swing Milka 300 g,"3,95 €",3.95,"(13,17 €/KILO)",13.17,KILO,/chocolates-y-golosinas/chocolate-con-leche/p/12964,2026-09-30T19:51:47
leche,DIA,12362,Chocolate con leche con cereales Nestlé Crunch 100 g,"2,15 €",2.15,"(21,50 €/KILO)",21.5,KILO,/chocolates-y-golosinas/chocolate-con-leche/p/12362,2026-09-30T19:51:47
leche,DIA,310571,Pan de leche Brioche Pasquier 350 g,"2,99 €",2.99,"(8,54 €/KILO)",8.54,KILO,/bolleria-reposteria-y-azucar/magdalenas-y-bolleria-clasica/p/310571,2026-09-30T19:51:47
leche,DIA,284373,Galletas finas cubiertas de chocolate con leche sin azúcares Gullón 150 g,"2,79 €",2.79,"(18,60 €/KILO)",18.6,KILO,/galletas-cereales-y-mermeladas/galletas-de-chocolate-y-rellenas/p/284373,2026-09-30T19:51:47
leche,DIA,108713,Chocolate con leche y almendras enteras 0% azúcares Valor 150 g,"4,25 €",4.25,"(28,33 €/KILO)",28.33,KILO,/chocolates-y-golosinas/chocolate-con-leche/p/108713,2026-09-30T19:51:47
leche,DIA,235134,Barritas de cereales y cacao bañadas en chocolate con leche Bicentury 120 g,"3,65 €",3.65,"(30,42 €/KILO)",30.42,KILO,/galletas-cereales-y-mermeladas/barritas-de-cereales-y-proteinas/p/235134,2026-09-30T19:51:47
leche,DIA,122965,Chocolate con leche relleno de lacasitos Lacasitos 100 g,"1,99 €",1.99,"(19,90 €/KILO)",19.9,KILO,/chocolates-y-golosinas/chocolate-con-leche/p/122965,2026-09-30T19:51:47
leche,DIA,49862,Chocolate con leche suizo con miel y almendras Toblerone 3 x 50 g,"4,80 €",4.8,"(32,00 €/KILO)",32.0,KILO,/chocolates-y-golosinas/chocolate-con-leche/p/49862,2026-09-30T19:51:47
leche,DIA,274381,Chocolate con leche Milka 3 x 90 g,"4,62 €",4.62,"(17,11 €/KILO)",17.11,KILO,/chocolates-y-golosinas/chocolate-con-leche/p/274381,2026-09-30T19:51:47
leche,DIA,187847,Chocolate con leche y avellanas Nestlé Extrafino 123 g,"3,03 €",3.03,"(24,63 €/KILO)",24.63,KILO,/chocolates-y-golosinas/chocolate-con-leche/p/187847,2026-09-30T19:51:47
leche,DIA,70431,Chocolate con leche con avellanas Milka 250 g,"6,04 €",6.04,"(24,16 €/KILO)",24.16,KILO,/chocolates-y-golosinas/chocolate-con-leche/p/70431,2026-09-30T19:51:47
leche,DIA,308090,Chocolatinas + Peluche Nestlé Jungly 155 g,"10,99 €",10.99,"(70,90 €/KILO)",70.9,KILO,/chocolates-y-golosinas/chocolatinas-y-bombones/p/308090,2026-09-30T19:51:47
leche,DIA,45440,Bombones de chocolate con leche Lindt Lindor 200 g,"7,49 €",7.49,"(37,45 €/KILO)",37.45,KILO,/chocolates-y-golosinas/chocolatinas-y-bombones/p/45440,2026-09-30T19:51:47
leche,DIA,249495,Pétalos de chocolate con leche Dia Temptation 150 g,"2,99 €",2.99,"(19,93 €/KILO)",19.93,KILO,/chocolates-y-golosinas/chocolatinas-y-bombones/p/249495,2026-09-30T19:51:47
leche,DIA,249501,Pétalos de chocolate con caramelo y sal Dia Temptation 150 g,"2,99 €",2.99,"(19,93 €/KILO)",19.93,KILO,/chocolates-y-golosinas/chocolatinas-y-bombones/p/249501,2026-09-30T19:51:47
leche,DIA,71366,Barritas de chocolate con leche Kinder 100 g,"1,88 €",1.88,"(18,80 €/KILO)",18.8,KILO,/chocolates-y-golosinas/chocolatinas-y-bombones/p/71366,2026-09-30T19:51:47
leche,DIA,84122,Roscos de galleta con chocolate con leche chocoaros Galleteca de Dia 128 g,"0,75 €",0.75,"(5,86 €/KILO)",5.86,KILO,/galletas-cereales-y-mermeladas/galletas-de-chocolate-y-rellenas/p/84122,2026-09-30T19:51:47
leche,DIA,37004,Barritas de chocolate con leche y avellanas Kinder 43 g,"1,39 €",1.39,"(32,33 €/KILO)",32.33,KILO,/chocolates-y-golosinas/chocolatinas-y-bombones/p/37004,2026-09-30T19:51:47
leche,DIA,306068,Mini barritas de chocolate con leche Dia Temptation 50 g,"0,85 €",0.85,"(17,00 €/KILO)",17.0,KILO,/chocolates-y-golosinas/chocolatinas-y-bombones/p/306068,2026-09-30T19:51:47
leche,DIA,100267,Galletas rellenas de chocolate estrellas Principe 225 g,"2,89 €",2.89,"(12,84 €/KILO)",12.84,KILO,/galletas-cereales-y-mermeladas/galletas-de-chocolate-y-rellenas/p/100267,2026-09-30T19:51:47
leche,DIA,43947,Barritas de cereales con chocolate con leche Gran Dia 150 g,"1,79 €",1.79,"(11,93 €/KILO)",11.93,KILO,/galletas-cereales-y-mermeladas/barritas-de-cereales-y-proteinas/p/43947,2026-09-30T19:51:47
leche,DIA,2755,Palitos de galleta recubiertos de chocolate con leche Mikado 75 g,"2,25 €",2.25,"(30,00 €/KILO)",30.0,KILO,/galletas-cereales-y-mermeladas/galletas-de-chocolate-y-rellenas/p/2755,2026-09-30T19:51:47
leche,DIA,144409,Grageas de chocolate con leche Lacasitos 190 g,"3,99 €",3.99,"(21,00 €/KILO)",21.0,KILO,/chocolates-y-golosinas/chocolatinas-y-bombones/p/144409,2026-09-30T19:51:47
leche,DIA,184718,Mini barritas de chocolate con leche y avellanas Kinder 108 g,"2,99 €",2.99,"(27,69 €/KILO)",27.69,KILO,/chocolates-y-golosinas/chocolatinas-y-bombones/p/184718,2026-09-30T19:51:47
leche,DIA,11951,Cacahuete recubierto de chocolate con leche M&M's 200 g,"4,29 €",4.29,"(21,45 €/KILO)",21.45,KILO,/chocolates-y-golosinas/chocolatinas-y-bombones/p/11951,2026-09-30T19:51:47
leche,DIA,10545,Cereales copos de arroz y trigo integral con chocolate Gran Dia 300 g,"1,99 €",1.99,"(6,63 €/KILO)",6.63,KILO,/galletas-cereales-y-mermeladas/cereales-integrales-y-muesli/p/10545,2026-09-30T19:51:47
leche,DIA,291060,Mini galletas digestive de chocolate con leche Gullón 160 g,"1,50 €",1.5,"(9,38 €/KILO)",9.38,KILO,/galletas-cereales-y-mermeladas/galletas-clasicas-y-digestive/p/291060,2026-09-30T19:51:47
leche,DIA,205200,Barritas de chocolate con leche y avellanas Dia Temptation 115 g,"1,65 €",1.65,"(14,35 €/KILO)",14.35,KILO,/chocolates-y-golosinas/chocolatinas-y-bombones/p/205200,2026-09-30T19:51:47
leche,DIA,307196,Bombones de chocolate con pistacho estilo Dubai Dia Temptation 150 g,"3,49 €",3.49,"(23,27 €/KILO)",23.27,KILO,/chocolates-y-golosinas/chocolatinas-y-bombones/p/307196,2026-09-30T19:51:47
leche,DIA,107473,Barritas de chocolate con leche y avellanas Kinder 3 x 43 g,"3,49 €",3.49,"(27,05 €/KILO)",27.05,KILO,/chocolates-y-golosinas/chocolatinas-y-bombones/p/107473,2026-09-30T19:51:47
leche,DIA,243901,Grageas de chocolate con leche Lacasitos 20 g,"2,85 €",2.85,"(142,50 €/KILO)",142.5,KILO,/chocolates-y-golosinas/chocolatinas-y-bombones/p/243901,2026-09-30T19:51:47
leche,DIA,19896,Crema de cacao y leche de avellanas dúo Nocilla 610 g,"4,99 €",4.99,"(8,18 €/KILO)",8.18,KILO,/chocolates-y-golosinas/cremas-de-cacao-y-de-untar/p/19896,2026-09-30T19:51:47
leche,DIA,101750,Crema de cacao y leche de avellanas dúo Nocilla 180 g,"2,79 €",2.79,"(15,50 €/KILO)",15.5,KILO,/chocolates-y-golosinas/cremas-de-cacao-y-de-untar/p/101750,2026-09-30T19:51:47
leche,DIA,123215,Grageas de chocolate con leche Lacasitos 80 g,"3,29 €",3.29,"(41,13 €/KILO)",41.13,KILO,/chocolates-y-golosinas/chocolatinas-y-bombones/p/123215,2026-09-30T19:51:47
leche,DIA,136715,Grageas de chocolate con leche M&M's 200 g,"4,29 €",4.29,"(21,45 €/KILO)",21.45,KILO,/chocolates-y-golosinas/chocolate-con-leche/p/136715,2026-09-30T19:51:47
leche,DIA,101526,Barritas de cereales con chocolate con leche Corny 120 g,"3,15 €",3.15,"(26,25 €/KILO)",26.25,KILO,/galletas-cereales-y-mermeladas/barritas-de-cereales-y-proteinas/p/101526,2026-09-30T19:51:47
leche,DIA,278911,Barritas de galleta y chocolate con leche Nestlé Extrafino pack 108 g,"1,77 €",1.77,"(16,39 €/KILO)",16.39,KILO,/chocolates-y-golosinas/chocolatinas-y-bombones/p/278911,2026-09-30T19:51:47
leche,DIA,85271,Barritas de cereales con chocolate con leche Corny 150 g,"3,15 €",3.15,"(21,00 €/KILO)",21.0,KILO,/galletas-cereales-y-mermeladas/barritas-de-cereales-y-proteinas/p/85271,2026-09-30T19:51:47
leche,DIA,277298,Kinder casita Navidad 76 g,"3,49 €",3.49,"(45,92 €/KILO)",45.92,KILO,/chocolates-y-golosinas/chocolatinas-y-bombones/p/277298,2026-09-30T19:51:47
leche,DIA,310479,Bombones 3 sabores Nestlé Caja Roja 24 g,"1,59 €",1.59,"(66,25 €/KILO)",66.25,KILO,/chocolates-y-golosinas/chocolatinas-y-bombones/p/310479,2026-09-30T19:51:47
leche,DIA,290515,Barquillos rellenos de crema con leche y cacao Knoppers 75 g,"1,49 €",1.49,"(19,87 €/KILO)",19.87,KILO,/chocolates-y-golosinas/chocolatinas-y-bombones/p/290515,2026-09-30T19:51:47
leche,DIA,43949,Barritas de cereales plátano y chocolate con leche Gran Dia 150 g,"1,79 €",1.79,"(11,93 €/KILO)",11.93,KILO,/galletas-cereales-y-mermeladas/barritas-de-cereales-y-proteinas/p/43949,2026-09-30T19:51:47
leche,DIA,70230,Bolitas de chocolate rellenas de leche malteada Maltesers 175 g,"4,29 €",4.29,"(24,51 €/KILO)",24.51,KILO,/chocolates-y-golosinas/chocolatinas-y-bombones/p/70230,2026-09-30T19:51:47
leche,DIA,268342,Crema de cacao y leche de avellanas dúo 0% Nocilla 180 g,"3,13 €",3.13,"(17,39 €/KILO)",17.39,KILO,/chocolates-y-golosinas/cremas-de-cacao-y-de-untar/p/268342,2026-09-30T19:51:47
leche,DIA,241806,Leche semidesnatada calcio sin lactosa Puleva 1 L,"1,69 €",1.69,"(1,69 €/LITRO)",1.69,LITRO,/huevos-leche-y-mantequilla/leche-sin-lactosa-y-enriquecidas/p/241806,2026-09-30T19:51:47
leche,DIA,287854,Reyes Magos de chocolate Nestlé Extrafino 40 g,"1,79 €",1.79,"(44,75 €/KILO)",44.75,KILO,/chocolates-y-golosinas/chocolate-con-leche/p/287854,2026-09-30T19:51:47
leche,DIA,91974,Barritas de barquillo recubierta de chocolate con leche Huesitos 200 g,"2,50 €",2.5,"(12,50 €/KILO)",12.5,KILO,/chocolates-y-golosinas/chocolatinas-y-bombones/p/91974,2026-09-30T19:51:47
leche,DIA,156688,Barritas de galleta recubiertas de chocolate con leche Kit Kat 41.5 g,"1,49 €",1.49,"(35,90 €/KILO)",35.9,KILO,/chocolates-y-golosinas/chocolatinas-y-bombones/p/156688,2026-09-30T19:51:47
leche,DIA,159579,Barritas de barquillo recubierta de chocolate con leche Huesitos 120 g,"1,95 €",1.95,"(16,25 €/KILO)",16.25,KILO,/chocolates-y-golosinas/chocolatinas-y-bombones/p/159579,2026-09-30T19:51:47
leche,DIA,234226,Tortitas de arroz con chocolate con leche Bicentury 130 g,"2,95 €",2.95,"(22,69 €/KILO)",22.69,KILO,/galletas-cereales-y-mermeladas/tortitas/p/234226,2026-09-30T19:51:47
leche,DIA,274482,Leche solar spf 50+ Dia Imaqe 250 ml,"5,99 €",5.99,"(2,40 €/100 ML.)",2.4,,/salud-y-parafarmacia/protector-solar/p/274482,2026-09-30T19:51:47
leche,DIA,305208,Leche solar pediátrica pieles sensibles spf 50+ Dia Imaqe 200 ml,"4,99 €",4.99,"(2,50 €/100 ML.)",2.5,,/salud-y-parafarmacia/protector-solar/p/305208,2026-09-30T19:51:47
leche,DIA,272022,Leche limpiadora calmante Dia Imaqe 250 ml,"1,50 €",1.5,"(0,60 €/100 ML.)",0.6,,/cabello-y-perfumeria/cuidado-facial/p/272022,2026-09-30T19:51:47
leche,DIA,306291,Leche solar protege & hidrata spf 50+ Nivea 200 ml,"13,95 €",13.95,"(6,98 €/100 ML.)",6.98,,/salud-y-parafarmacia/protector-solar/p/306291,2026-09-30T19:51:47
leche,DIA,161650,Leche solar niños sensitive advanced spf 50 Delial 270 ml,"14,99 €",14.99,"(5,55 €/100 ML.)",5.55,,/salud-y-parafarmacia/protector-solar/p/161650,2026-09-30T19:51:47
leche,DIA,161727,Leche solar protege & hidrata spf 30 Nivea 200 ml,"12,99 €",12.99,"(6,50 €/100 ML.)",6.5,,/salud-y-parafarmacia/protector-solar/p/161727,2026-09-30T19:51:47
leche,DIA,300067,Chocolate con leche Dia Temptation 100 g,"0,88 €",0.88,"(8,80 €/KILO)",8.8,KILO,/chocolates-y-golosinas/chocolate-con-leche/p/300067,2026-09-30T19:51:47
leche,DIA,300057,Chocolate con leche crujiente Dia Temptation 75 g,"0,95 €",0.95,"(12,67 €/KILO)",12.67,KILO,/chocolates-y-golosinas/chocolate-con-leche/p/300057,2026-09-30T19:51:47
leche,DIA,284686,Café con leche Puleva 1 L,"1,75 €",1.75,"(1,75 €/LITRO)",1.75,LITRO,/cafe-cacao-e-infusiones/cafes-frios/p/284686,2026-09-30T19:51:47
leche,DIA,300974,Chocolate con leche con galleta Dia Temptation 100 g,"1,35 €",1.35,"(13,50 €/KILO)",13.5,KILO,/chocolates-y-golosinas/chocolate-con-leche/p/300974,2026-09-30T19:51:47
leche,DIA,300936,Chocolate con leche con relleno cremoso Nestlé Extrafino 100 g,"1,89 €",1.89,"(18,90 €/KILO)",18.9,KILO,/chocolates-y-golosinas/chocolate-con-leche/p/300936,2026-09-30T19:51:47
leche,DIA,55979,Chocolate con leche bubbly Milka 90 g,"1,99 €",1.99,"(22,11 €/KILO)",22.11,KILO,/chocolates-y-golosinas/chocolate-con-leche/p/55979,2026-09-30T19:51:47
leche,DIA,310663,Chocolate con leche edición limitada Nestlé Extrafino 90 g,"2,05 €",2.05,"(22,78 €/KILO)",22.78,KILO,/chocolates-y-golosinas/chocolate-con-leche/p/310663,2026-09-30T19:51:47
leche,DIA,307163,Chocolate con leche y galleta Nestlé Jungly 90 g,"1,79 €",1.79,"(19,89 €/KILO)",19.89,KILO,/chocolates-y-golosinas/chocolate-con-leche/p/307163,2026-09-30T19:51:47
leche,DIA,296119,Galletas choco leche Artiach Dinosaurus 255 g,"3,73 €",3.73,"(14,63 €/KILO)",14.63,KILO,/galletas-cereales-y-mermeladas/galletas-de-chocolate-y-rellenas/p/296119,2026-09-30T19:51:47
leche,DIA,310641,Chocolate con leche Milka 45 g,"1,00 €",1.0,"(22,22 €/KILO)",22.22,KILO,/chocolates-y-golosinas/chocolate-con-leche/p/310641,2026-09-30T19:51:47
leche,DIA,198049,Chocolate con leche y almendras enteras Milka 100 g,"2,15 €",2.15,"(21,50 €/KILO)",21.5,KILO,/chocolates-y-golosinas/chocolate-con-leche/p/198049,2026-09-30T19:51:47
leche,DIA,306951,Chocolate con leche con trozos biscoff lotus Milka 90 g,"1,99 €",1.99,"(22,11 €/KILO)",22.11,KILO,/chocolates-y-golosinas/chocolate-con-leche/p/306951,2026-09-30T19:51:47
leche,DIA,306996,Pan de leche con pepitas de chocolate Dulcesol 240 g,"2,00 €",2.0,"(8,33 €/KILO)",8.33,KILO,/bolleria-reposteria-y-azucar/magdalenas-y-bolleria-clasica/p/306996,2026-09-30T19:51:47
leche,DIA,297961,Chocolate con leche con relleno sabor dulce de leche Nestlé Extrafino  83 g,"1,93 €",1.93,"(23,25 €/KILO)",23.25,KILO,/chocolates-y-golosinas/chocolate-con-leche/p/297961,2026-09-30T19:51:47
leche,DIA,300151,Chocolate con leche Lindt 100 g,"3,14 €",3.14,"(31,40 €/KILO)",31.4,KILO,/chocolates-y-golosinas/chocolate-con-leche/p/300151,2026-09-30T19:51:47
leche,DIA,295387,Chocolate con leche relleno de galleta Dinosaurus Nestlé Extrafino 84 g,"1,94 €",1.94,"(23,10 €/KILO)",23.1,KILO,/chocolates-y-golosinas/chocolate-con-leche/p/295387,2026-09-30T19:51:47
leche,DIA,178025,Chocolate con leche para postres Nestlé 170 g,"4,29 €",4.29,"(25,24 €/KILO)",25.24,KILO,/chocolates-y-golosinas/chocolate-con-leche/p/178025,2026-09-30T19:51:47
leche,DIA,267908,Chocolate con leche relleno strawberry cheesecake Milka MMMAX 300 g,"5,20 €",5.2,"(17,33 €/KILO)",17.33,KILO,/chocolates-y-golosinas/chocolate-con-leche/p/267908,2026-09-30T19:51:47
leche,DIA,83913,Papilla líquida leche y cereales galleta Nestlé 2 x 250 ml,"2,85 €",2.85,"(5,70 €/LITRO)",5.7,LITRO,/infantil/leches-y-papillas/p/83913,2026-09-30T19:51:47
leche,DIA,310424,Chocolate con leche con pistachos Nestlé 60 g,"2,49 €",2.49,"(41,50 €/KILO)",41.5,KILO,/chocolates-y-golosinas/chocolate-con-leche/p/310424,2026-09-30T19:51:47
leche,DIA,256290,Chocolate con leche relleno de brownie oreo Milka 100 g,"2,09 €",2.09,"(20,90 €/KILO)",20.9,KILO,/chocolates-y-golosinas/chocolate-con-leche/p/256290,2026-09-30T19:51:47
leche,DIA,299365,Chocolate con leche y almendras 0% azúcares añadidos Trapa 100 g,"1,99 €",1.99,"(19,90 €/KILO)",19.9,KILO,/chocolates-y-golosinas/chocolate-con-leche/p/299365,2026-09-30T19:51:47
leche,DIA,161191,Chocolate con leche relleno de galleta lu Milka 87 g,"1,99 €",1.99,"(22,87 €/KILO)",22.87,KILO,/chocolates-y-golosinas/chocolate-con-leche/p/161191,2026-09-30T19:51:47
leche,DIA,302050,Chocolate con leche sin lactosa Trapa 90 g,"2,15 €",2.15,"(23,89 €/KILO)",23.89,KILO,/chocolates-y-golosinas/chocolate-con-leche/p/302050,2026-09-30T19:51:47
leche,DIA,49474,Chocolate con leche milkinis Milka 87.5 g,"1,95 €",1.95,"(22,29 €/KILO)",22.29,KILO,/chocolates-y-golosinas/chocolate-con-leche/p/49474,2026-09-30T19:51:47
leche,DIA,310422,Chocolate con leche con almendras enteras Nestlé 100 g,"2,19 €",2.19,"(21,90 €/KILO)",21.9,KILO,/chocolates-y-golosinas/chocolate-con-leche/p/310422,2026-09-30T19:51:47
leche,DIA,310421,Chocolate con leche con avellanas enteras Nestlé 100 g,"2,19 €",2.19,"(21,90 €/KILO)",21.9,KILO,/chocolates-y-golosinas/chocolate-con-leche/p/310421,2026-09-30T19:51:47
leche,DIA,309240,Chocolate con leche relleno de trocitos de maíz Nestlé Extrafino 84 g,"1,94 €",1.94,"(23,10 €/KILO)",23.1,KILO,/chocolates-y-golosinas/chocolate-con-leche/p/309240,2026-09-30T19:51:47
leche,DIA,226662,Bizcochitos rellenos de leche y chocolate Oceanix 160 g,"3,14 €",3.14,"(19,63 €/KILO)",19.63,KILO,/bolleria-reposteria-y-azucar/rosquillas-y-pastelitos/p/226662,2026-09-30T19:51:47
leche,DIA,198131,Gel de ducha leche y miel Palmolive NB 600 ml,"2,99 €",2.99,"(0,50 €/100 ML.)",0.5,,/higiene-y-cuidado-del-cuerpo/gel-de-ducha-y-esponjas/p/198131,2026-09-30T19:51:47
leche,DIA,312595,Flakes crema de leche Cuétara 480 g,"3,89 €",3.89,"(8,10 €/KILO)",8.1,KILO,/galletas-cereales-y-mermeladas/cereales/p/312595,2026-09-30T19:51:47
leche,DIA,312596,Filipinos chocolate con leche finos 87 g,"2,09 €",2.09,"(24,02 €/KILO)",24.02,KILO,/galletas-cereales-y-mermeladas/galletas-de-chocolate-y-rellenas/p/312596,2026-09-30T19:51:47
leche,DIA,312064,Chocolate duo con leche y blanco caramelo y sal Valor 130 g,"2,99 €",2.99,"(23,00 €/KILO)",23.0,KILO,/chocolates-y-golosinas/chocolate-con-leche/p/312064,2026-09-30T19:51:47
leche,DIA,173780,Bebida de fruta y leche tropical Dia Saborfera pack 6 x 200 ml,"1,20 €",1.2,"(1,00 €/LITRO)",1.0,LITRO,/zumos-y-smoothies/fruta-y-leche/p/173780,2026-09-30T19:51:47
leche,DIA,50689,Bebida de fruta y leche tropical Dia Saborfera 1 L,"0,95 €",0.95,"(0,95 €/LITRO)",0.95,LITRO,/zumos-y-smoothies/fruta-y-leche/p/50689,2026-09-30T19:51:47
leche,DIA,19479,Helado bombón chocolate con leche Dia Temptation 4 x 84 g,"2,39 €",2.39,"(7,11 €/KILO)",7.11,KILO,/congelados-y-helados/helados-y-hielo/p/19479,2026-09-30T19:51:47
leche,DIA,146653,Bebida de fruta y leche mediterráneo Dia Saborfera pack 6 x 200 ml,"1,20 €",1.2,"(1,00 €/LITRO)",1.0,LITRO,/zumos-y-smoothies/fruta-y-leche/p/146653,2026-09-30T19:51:47
leche,DIA,163217,Bebida de fruta y leche mediterráneo Dia Saborfera 1 L,"0,95 €",0.95,"(0,95 €/LITRO)",0.95,LITRO,/zumos-y-smoothies/fruta-y-leche/p/163217,2026-09-30T19:51:47
leche,DIA,307227,Bebida de fruta y leche de melón y sandía sin azúcares añadidos Dia Saborfera pack 3 x 330 ml,"1,25 €",1.25,"(1,26 €/LITRO)",1.26,LITRO,/zumos-y-smoothies/fruta-y-leche/p/307227,2026-09-30T19:51:47
leche,DIA,289860,Bebida de fruta y leche tropical Don Simón pack 6 x 200 ml,"1,50 €",1.5,"(1,25 €/LITRO)",1.25,LITRO,/zumos-y-smoothies/fruta-y-leche/p/289860,2026-09-30T19:51:47
leche,DIA,308674,Cápsulas de café con leche Dia Cafetería 16 unidades,"3,25 €",3.25,"(0,20 €/UNIDAD)",0.2,UNIDAD,/cafe-cacao-e-infusiones/capsulas-compatibles-dolce-gusto/p/308674,2026-09-30T19:51:47
leche,DIA,120878,Bebida de fruta y leche caribe Don Simón pack 6 x 200 ml,"1,50 €",1.5,"(1,25 €/LITRO)",1.25,LITRO,/zumos-y-smoothies/fruta-y-leche/p/120878,2026-09-30T19:51:47
leche,DIA,160046,Bebida de fruta y leche tropical Don Simón pack 3 x 330 ml,"1,40 €",1.4,"(1,41 €/LITRO)",1.41,LITRO,/zumos-y-smoothies/fruta-y-leche/p/160046,2026-09-30T19:51:47
leche,DIA,67783,Bebida de fruta y leche tropical Dia Saborfera pack 3 x 330 ml,"1,05 €",1.05,"(1,06 €/LITRO)",1.06,LITRO,/zumos-y-smoothies/fruta-y-leche/p/67783,2026-09-30T19:51:47
leche,DIA,101748,Crema de cacao y leche de avellanas dúo Nocilla 360 g,"3,99 €",3.99,"(11,08 €/KILO)",11.08,KILO,/chocolates-y-golosinas/cremas-de-cacao-y-de-untar/p/101748,2026-09-30T19:51:47
leche,DIA,129910,Cápsulas de cafe con leche Dolce Gusto 16 unidades,"4,95 €",4.95,"(0,31 €/UNIDAD)",0.31,UNIDAD,/cafe-cacao-e-infusiones/capsulas-compatibles-dolce-gusto/p/129910,2026-09-30T19:51:47
leche,DIA,163216,Bebida de fruta y leche mediterráneo Dia Saborfera pack 3 x 330 ml,"1,05 €",1.05,"(1,06 €/LITRO)",1.06,LITRO,/zumos-y-smoothies/fruta-y-leche/p/163216,2026-09-30T19:51:47
leche,DIA,309287,Bebida de fruta y leche tropical sin azúcares añadidos Dia Saborfera pack 3 x 330 ml,"1,00 €",1.0,"(1,01 €/LITRO)",1.01,LITRO,/zumos-y-smoothies/fruta-y-leche/p/309287,2026-09-30T19:51:47
leche,DIA,120879,Bebida de fruta y leche mediterráneo Don Simón pack 6 x 200 ml,"1,50 €",1.5,"(1,25 €/LITRO)",1.25,LITRO,/zumos-y-smoothies/fruta-y-leche/p/120879,2026-09-30T19:51:47
leche,DIA,220579,Cápsulas de café con leche descafeinado Dolce Gusto 16 unidades,"5,19 €",5.19,"(0,32 €/UNIDAD)",0.32,UNIDAD,/cafe-cacao-e-infusiones/capsulas-compatibles-dolce-gusto/p/220579,2026-09-30T19:51:47
leche,DIA,255048,Cápsulas de café con leche Dolce Gusto 30 unidades,"8,79 €",8.79,"(0,29 €/UNIDAD)",0.29,UNIDAD,/cafe-cacao-e-infusiones/capsulas-compatibles-dolce-gusto/p/255048,2026-09-30T19:51:47
leche,DIA,312651,Pistachos con chocolate con leche Lacasa 50 g,"2,29 €",2.29,"(45,80 €/KILO)",45.8,KILO,/aperitivos-y-frutos-secos/frutos-secos/p/312651,2026-09-30T19:51:47
leche,DIA,297932,Stick de chocolate con leche Lindt Lindor 37 g,"1,99 €",1.99,"(53,78 €/KILO)",53.78,KILO,/chocolates-y-golosinas/chocolatinas-y-bombones/p/297932,2026-09-30T19:51:47
leche,DIA,228021,Cápsulas de café con leche Marcilla 16 unidades,"5,89 €",5.89,"(0,37 €/UNIDAD)",0.37,UNIDAD,/cafe-cacao-e-infusiones/otras-capsulas-compatibles/p/228021,2026-09-30T19:51:47
leche,DIA,308046,Barrita de chocolate con leche flake Cadbury 32 g,"1,49 €",1.49,"(4,66 €/100 GR.)",4.66,,/chocolates-y-golosinas/chocolatinas-y-bombones/p/308046,2026-09-30T19:51:47
leche,DIA,273107,Barrita de chocolate con leche nutrageous Reese's 47 g,"1,60 €",1.6,"(34,04 €/KILO)",34.04,KILO,/chocolates-y-golosinas/chocolatinas-y-bombones/p/273107,2026-09-30T19:51:47
leche,DIA,80291,Puré de patatas con leche Mousline 230 g,"2,69 €",2.69,"(11,70 €/KILO)",11.7,KILO,/conservas-caldos-y-cremas/cremas-y-pures/p/80291,2026-09-30T19:51:47
leche,DIA,240969,Cápsulas de café con leche intenso Dolce Gusto 16 unidades,"4,99 €",4.99,"(0,31 €/UNIDAD)",0.31,UNIDAD,/cafe-cacao-e-infusiones/capsulas-compatibles-dolce-gusto/p/240969,2026-09-30T19:51:47
leche,DIA,311524,Barrita de chocolate con leche con pretzel Dia Temptation 40 g,"0,85 €",0.85,"(21,25 €/KILO)",21.25,KILO,/chocolates-y-golosinas/chocolatinas-y-bombones/p/311524,2026-09-30T19:51:47
leche,DIA,36810,Jabón de manos con leche y miel Palmolive 300 ml,"2,39 €",2.39,"(0,80 €/100 ML.)",0.8,,/higiene-y-cuidado-del-cuerpo/jabon-de-manos/p/36810,2026-09-30T19:51:47
leche,DIA,312592,Galletas wafers chocolate con leche Artiach 142 g,"2,85 €",2.85,"(20,07 €/KILO)",20.07,KILO,/galletas-cereales-y-mermeladas/galletas-de-chocolate-y-rellenas/p/312592,2026-09-30T19:51:47
leche,DIA,306418,Galletas con chocolate con leche kinderini Kinder 250 g,"4,19 €",4.19,"(16,76 €/KILO)",16.76,KILO,/galletas-cereales-y-mermeladas/galletas-de-chocolate-y-rellenas/p/306418,2026-09-30T19:51:47
leche,DIA,313883,Barritas de chocolate con leche rellenas Disney 100 g,"1,99 €",1.99,"(19,90 €/KILO)",19.9,KILO,/chocolates-y-golosinas/chocolatinas-y-bombones/p/313883,2026-09-30T19:51:47
leche,DIA,302661,Láminas de chocolate con leche y naranja Dia Temptation 100 g,"2,99 €",2.99,"(29,90 €/KILO)",29.9,KILO,/chocolates-y-golosinas/chocolatinas-y-bombones/p/302661,2026-09-30T19:51:47
leche,DIA,120658,Galletas choco wafer chocolate con leche Milka 150 g,"3,14 €",3.14,"(20,93 €/KILO)",20.93,KILO,/galletas-cereales-y-mermeladas/galletas-de-chocolate-y-rellenas/p/120658,2026-09-30T19:51:47
leche,DIA,308086,Ambrosías recubiertas de chocolate con leche Tirma 86 g,"1,19 €",1.19,"(13,84 €/KILO)",13.84,KILO,/chocolates-y-golosinas/chocolatinas-y-bombones/p/308086,2026-09-30T19:51:47
leche,DIA,303177,Cereales crujientes con chocolate con leche choco chips Nestlé 115 g,"2,72 €",2.72,"(23,65 €/KILO)",23.65,KILO,/chocolates-y-golosinas/chocolatinas-y-bombones/p/303177,2026-09-30T19:51:47
leche,DIA,294818,Pistachos recubiertos de chocolate con leche Dia Naturmundo 150 g,"3,55 €",3.55,"(23,67 €/KILO)",23.67,KILO,/aperitivos-y-frutos-secos/frutos-secos/p/294818,2026-09-30T19:51:47
leche,DIA,312579,Banana cubierta de chocolate con leche Dia Naturmundo 125 g,"2,55 €",2.55,"(20,40 €/KILO)",20.4,KILO,/aperitivos-y-frutos-secos/frutas-deshidratadas/p/312579,2026-09-30T19:51:47
leche,DIA,307400,Barquillos rellenos de crema de leche con avellanas Dia Dulce Noel 200 g,"2,99 €",2.99,"(14,95 €/KILO)",14.95,KILO,/chocolates-y-golosinas/turrones-y-dulces-de-navidad/p/307400,2026-09-30T19:51:47
leche,DIA,294819,Anacardos recubiertos con chocolate con leche Dia Naturmundo 150 g,"3,35 €",3.35,"(22,33 €/KILO)",22.33,KILO,/aperitivos-y-frutos-secos/frutos-secos/p/294819,2026-09-30T19:51:47
leche,DIA,286028,Nueces recubiertas con chocolate con leche Dia Naturmundo 150 g,"3,35 €",3.35,"(22,33 €/KILO)",22.33,KILO,/aperitivos-y-frutos-secos/frutos-secos/p/286028,2026-09-30T19:51:47
leche,DIA,294640,Galleta con chips de chocolate con leche El Molino de Dia 76 g,"0,89 €",0.89,"(11,71 €/KILO)",11.71,KILO,/galletas-cereales-y-mermeladas/galletas-de-chocolate-y-rellenas/p/294640,2026-09-30T19:51:47
leche,DIA,303756,Flaminguitos rosas rellenos de crema con leche Dulcesol 150 g,"0,99 €",0.99,"(6,60 €/KILO)",6.6,KILO,/bolleria-reposteria-y-azucar/rosquillas-y-pastelitos/p/303756,2026-09-30T19:51:47
leche,DIA,267607,Galletas con pepitas de chocolate con leche Milka 110 g,"2,39 €",2.39,"(21,73 €/KILO)",21.73,KILO,/galletas-cereales-y-mermeladas/galletas-de-chocolate-y-rellenas/p/267607,2026-09-30T19:51:47
leche,DIA,244936,Tortitas de arroz con chocolate con leche y avellanas Bicentury 142 g,"3,20 €",3.2,"(22,54 €/KILO)",22.54,KILO,/galletas-cereales-y-mermeladas/tortitas/p/244936,2026-09-30T19:51:47
leche,DIA,311807,Turrón de praliné de arroz con leche Dia Dulce Noel 150 g,"3,29 €",3.29,"(21,93 €/KILO)",21.93,KILO,/chocolates-y-golosinas/turrones-y-dulces-de-navidad/p/311807,2026-09-30T19:51:47
leche,DIA,273489,Rocas de cacahuete y chocolate con leche Dia Dulce Noel 120 g,"2,49 €",2.49,"(20,75 €/KILO)",20.75,KILO,/aperitivos-y-frutos-secos/frutos-secos/p/273489,2026-09-30T19:51:47
leche,DIA,306555,Barrita de galleta y chocolate con leche Nestlé Extrafino 1 unidad,"0,99 €",0.99,"(0,99 €/UNIDAD)",0.99,UNIDAD,/chocolates-y-golosinas/chocolatinas-y-bombones/p/306555,2026-09-30T19:51:47
leche,DIA,180212,Jabón de manos solido con almendra y leche Palmolive 3 x 90 g,"2,59 €",2.59,"(0,96 €/100 GR.)",0.96,,/higiene-y-cuidado-del-cuerpo/jabon-de-manos/p/180212,2026-09-30T19:51:47
leche,DIA,273850,Gel de ducha nutritivo con proteínas de leche Dia Imaqe 1.5 L,"2,35 €",2.35,"(0,16 €/100 ML.)",0.16,,/higiene-y-cuidado-del-cuerpo/gel-de-ducha-y-esponjas/p/273850,2026-09-30T19:51:47
leche,DIA,308019,Palitos de galleta recubiertos de chocolate con leche Galleteca de Dia 75 g,"1,59 €",1.59,"(21,20 €/KILO)",21.2,KILO,/galletas-cereales-y-mermeladas/galletas-de-chocolate-y-rellenas/p/308019,2026-09-30T19:51:47
leche,DIA,310408,"Alimento infantil con puré de mango , plátano, leche y avena Nestlé 110 g","1,29 €",1.29,"(11,73 €/KILO)",11.73,KILO,/infantil/bolsitas-y-snacks/p/310408,2026-09-30T19:51:47
leche,DIA,293332,Bebida de avena 0% azúcares Dia Vegedia 1 L,"0,75 €",0.75,"(0,75 €/LITRO)",0.75,LITRO,/huevos-leche-y-mantequilla/bebidas-vegetales-y-horchatas/p/293332,2026-09-30T19:51:47
leche,DIA,270828,Bebida de avena Yosoy 1 L,"1,71 €",1.71,"(1,71 €/LITRO)",1.71,LITRO,/huevos-leche-y-mantequilla/bebidas-vegetales-y-horchatas/p/270828,2026-09-30T19:51:47
leche,DIA,293332P6,Bebida de avena 0% azúcares Dia Vegedia pack 6 x 1 L,"4,50 €",4.5,"(0,75 €/LITRO)",0.75,LITRO,/huevos-leche-y-mantequilla/bebidas-vegetales-y-horchatas/p/293332P6,2026-09-30T19:51:47
leche,DIA,270828P6,Bebida de avena Yosoy pack 6 x 1 L,"10,26 €",10.26,"(1,71 €/LITRO)",1.71,LITRO,/huevos-leche-y-mantequilla/bebidas-vegetales-y-horchatas/p/270828P6,2026-09-30T19:51:47
leche,DIA,285658,Bebida de almendras sin azúcar Alpro 1 L,"1,79 €",1.79,"(1,79 €/LITRO)",1.79,LITRO,/huevos-leche-y-mantequilla/bebidas-vegetales-y-horchatas/p/285658,2026-09-30T19:51:47
leche,DIA,81206,Batido de chocolate Puleva 6 x 200 ml,"2,20 €",2.2,"(1,83 €/LITRO)",1.83,LITRO,/huevos-leche-y-mantequilla/batidos/p/81206,2026-09-30T19:51:47
leche,DIA,285659,Bebida de avena sin azúcar Alpro 1 L,"2,09 €",2.09,"(2,09 €/LITRO)",2.09,LITRO,/huevos-leche-y-mantequilla/bebidas-vegetales-y-horchatas/p/285659,2026-09-30T19:51:47
leche,DIA,167442,Bebida de almendras Alpro 1 L,"2,19 €",2.19,"(2,19 €/LITRO)",2.19,LITRO,/huevos-leche-y-mantequilla/bebidas-vegetales-y-horchatas/p/167442,2026-09-30T19:51:47
leche,DIA,289229,Bebida de avena barista Alpro 1 L,"1,79 €",1.79,"(1,79 €/LITRO)",1.79,LITRO,/huevos-leche-y-mantequilla/bebidas-vegetales-y-horchatas/p/289229,2026-09-30T19:51:47
leche,DIA,126349,Bebida de soja Ligera Alpro 1 L,"2,09 €",2.09,"(2,09 €/LITRO)",2.09,LITRO,/huevos-leche-y-mantequilla/bebidas-vegetales-y-horchatas/p/126349,2026-09-30T19:51:47
leche,DIA,163737,Bebida de avena Alpro 1 L,"2,15 €",2.15,"(2,15 €/LITRO)",2.15,LITRO,/huevos-leche-y-mantequilla/bebidas-vegetales-y-horchatas/p/163737,2026-09-30T19:51:47
leche,DIA,2274,Bebida de soja Alpro 1 L,"2,09 €",2.09,"(2,09 €/LITRO)",2.09,LITRO,/huevos-leche-y-mantequilla/bebidas-vegetales-y-horchatas/p/2274,2026-09-30T19:51:47
leche,DIA,241808,Batido de chocolate sin lactosa Puleva 6 x 200 ml,"2,44 €",2.44,"(2,03 €/LITRO)",2.03,LITRO,/huevos-leche-y-mantequilla/batidos/p/241808,2026-09-30T19:51:47
leche,DIA,187554,Mantequilla ligera fácil de untar Asturiana 250 g,"3,55 €",3.55,"(14,20 €/KILO)",14.2,KILO,/huevos-leche-y-mantequilla/mantequilla-y-margarina/p/187554,2026-09-30T19:51:47
leche,DIA,189082,Jugo de coco light Tiger Khan 400 g,"2,39 €",2.39,"(5,98 €/KILO)",5.98,KILO,/huevos-leche-y-mantequilla/bebidas-vegetales-y-horchatas/p/189082,2026-09-30T19:51:47
leche,DIA,312683,Bebida de avena barista matcha Yosoy 1 L,"2,45 €",2.45,"(2,45 €/LITRO)",2.45,LITRO,/huevos-leche-y-mantequilla/bebidas-vegetales-y-horchatas/p/312683,2026-09-30T19:51:47
leche,DIA,310718,Kit Kat coche F1 29 g,"1,00 €",1.0,"(34,48 €/KILO)",34.48,KILO,/chocolates-y-golosinas/chocolatinas-y-bombones/p/310718,2026-09-30T19:51:47
leche,DIA,73692,Bebida de soja Pascual Vivesoy 1 L,"2,09 €",2.09,"(2,09 €/LITRO)",2.09,LITRO,/huevos-leche-y-mantequilla/bebidas-vegetales-y-horchatas/p/73692,2026-09-30T19:51:47
leche,DIA,174052,Bebida de avena Pascual Vivesoy 1 L,"2,09 €",2.09,"(2,09 €/LITRO)",2.09,LITRO,/huevos-leche-y-mantequilla/bebidas-vegetales-y-horchatas/p/174052,2026-09-30T19:51:47
leche,DIA,73692P6,Bebida de soja Pascual Vivesoy pack 6 x 1 L,"12,54 €",12.54,"(2,09 €/LITRO)",2.09,LITRO,/huevos-leche-y-mantequilla/bebidas-vegetales-y-horchatas/p/73692P6,2026-09-30T19:51:47
leche,DIA,174052P6,Bebida de avena Pascual Vivesoy pack 6 x 1 L,"12,54 €",12.54,"(2,09 €/LITRO)",2.09,LITRO,/huevos-leche-y-mantequilla/bebidas-vegetales-y-horchatas/p/174052P6,2026-09-30T19:51:47
leche,DIA,294324,Bebida de soja con calcio Dia Vegedia 1 L,"0,65 €",0.65,"(0,65 €/LITRO)",0.65,LITRO,/huevos-leche-y-mantequilla/bebidas-vegetales-y-horchatas/p/294324,2026-09-30T19:51:47
leche,DIA,302799,Bebida de avena barista Dia Vegedia 1 L,"0,99 €",0.99,"(0,99 €/LITRO)",0.99,LITRO,/huevos-leche-y-mantequilla/bebidas-vegetales-y-horchatas/p/302799,2026-09-30T19:51:47
leche,DIA,207399,Bebida de avena con calcio Dia Vegedia 1 L,"0,99 €",0.99,"(0,99 €/LITRO)",0.99,LITRO,/huevos-leche-y-mantequilla/bebidas-vegetales-y-horchatas/p/207399,2026-09-30T19:51:47
leche,DIA,294323,Bebida de soja 0% azúcares Dia Vegedia 1 L,"0,75 €",0.75,"(0,75 €/LITRO)",0.75,LITRO,/huevos-leche-y-mantequilla/bebidas-vegetales-y-horchatas/p/294323,2026-09-30T19:51:47
leche,DIA,267683,Bebida de arroz Dia Vegedia 1 L,"0,99 €",0.99,"(0,99 €/LITRO)",0.99,LITRO,/huevos-leche-y-mantequilla/bebidas-vegetales-y-horchatas/p/267683,2026-09-30T19:51:47
leche,DIA,307407,Bebida de avena con cacao Dia Vegedia 1 L,"1,25 €",1.25,"(1,25 €/LITRO)",1.25,LITRO,/huevos-leche-y-mantequilla/bebidas-vegetales-y-horchatas/p/307407,2026-09-30T19:51:47
leche,DIA,308443,Bebida de avena y mango Dia Vegedia 1 L,"1,29 €",1.29,"(1,29 €/LITRO)",1.29,LITRO,/huevos-leche-y-mantequilla/bebidas-vegetales-y-horchatas/p/308443,2026-09-30T19:51:47
leche,DIA,302799P6,Bebida de avena barista Dia Vegedia pack 6 x 1 L,"5,94 €",5.94,"(0,99 €/LITRO)",0.99,LITRO,/huevos-leche-y-mantequilla/bebidas-vegetales-y-horchatas/p/302799P6,2026-09-30T19:51:47
leche,DIA,294324P6,Bebida de soja con calcio Dia Vegedia pack 6 x 1 L,"3,90 €",3.9,"(0,65 €/LITRO)",0.65,LITRO,/huevos-leche-y-mantequilla/bebidas-vegetales-y-horchatas/p/294324P6,2026-09-30T19:51:47
leche,DIA,294323P6,Bebida de soja 0% azúcares Dia Vegedia pack 6 x 1 L,"4,50 €",4.5,"(0,75 €/LITRO)",0.75,LITRO,/huevos-leche-y-mantequilla/bebidas-vegetales-y-horchatas/p/294323P6,2026-09-30T19:51:47
leche,DIA,267684P6,Bebida de almendras 0% azúcares Dia Vegedia pack 6 x 1 L,"8,94 €",8.94,"(1,49 €/LITRO)",1.49,LITRO,/huevos-leche-y-mantequilla/bebidas-vegetales-y-horchatas/p/267684P6,2026-09-30T19:51:47
leche,DIA,267683P6,Bebida de arroz Dia Vegedia pack 6 x 1 L,"5,94 €",5.94,"(0,99 €/LITRO)",0.99,LITRO,/huevos-leche-y-mantequilla/bebidas-vegetales-y-horchatas/p/267683P6,2026-09-30T19:51:47
leche,DIA,267682P6,Bebida de avena Dia Vegedia pack 6 x 1 L,"5,70 €",5.7,"(0,95 €/LITRO)",0.95,LITRO,/huevos-leche-y-mantequilla/bebidas-vegetales-y-horchatas/p/267682P6,2026-09-30T19:51:47
leche,DIA,207399P6,Bebida de avena con calcio Dia Vegedia pack 6 x 1 L,"5,94 €",5.94,"(0,99 €/LITRO)",0.99,LITRO,/huevos-leche-y-mantequilla/bebidas-vegetales-y-horchatas/p/207399P6,2026-09-30T19:51:47
leche,DIA,274453,Crema solar facial anti edad spf 50+ Dia Imaqe 50 ml,"5,49 €",5.49,"(10,98 €/100 ML.)",10.98,,/salud-y-parafarmacia/protector-solar/p/274453,2026-09-30T19:51:47
leche,DIA,143005,Café soluble 3 en 1 Nescafé 180 g,"3,09 €",3.09,"(17,17 €/KILO)",17.17,KILO,/cafe-cacao-e-infusiones/cafe-soluble/p/143005,2026-09-30T19:51:47
leche,DIA,1546,Cafe soluble capuccino Nescafé 140 g,"3,99 €",3.99,"(28,50 €/KILO)",28.5,KILO,/cafe-cacao-e-infusiones/cafe-soluble/p/1546,2026-09-30T19:51:47
leche,DIA,147919,Café latte cappuccino Kaiku 230 ml,"1,86 €",1.86,"(8,09 €/LITRO)",8.09,LITRO,/cafe-cacao-e-infusiones/cafes-frios/p/147919,2026-09-30T19:51:47
leche,DIA,151406,Alfajor con chocolate negro Mardel 150 g,"2,45 €",2.45,"(16,33 €/KILO)",16.33,KILO,/galletas-cereales-y-mermeladas/galletas-de-chocolate-y-rellenas/p/151406,2026-09-30T19:51:47
leche,DIA,271783,Cookies con chocolate Milka 135 g,"1,99 €",1.99,"(14,74 €/KILO)",14.74,KILO,/galletas-cereales-y-mermeladas/galletas-de-chocolate-y-rellenas/p/271783,2026-09-30T19:51:47
leche,DIA,1533,Café soluble cappuccino en sobres Dia Cafetería 125 g,"2,19 €",2.19,"(17,52 €/KILO)",17.52,KILO,/cafe-cacao-e-infusiones/cafe-soluble/p/1533,2026-09-30T19:51:47
leche,DIA,313135,Matcha latte Kaiku 230 ml,"1,80 €",1.8,"(7,83 €/LITRO)",7.83,LITRO,/cafe-cacao-e-infusiones/cafes-frios/p/313135,2026-09-30T19:51:47
leche,DIA,308137,Café latte cappuccino Dia Arom'arte 250 ml,"0,75 €",0.75,"(3,00 €/LITRO)",3.0,LITRO,/cafe-cacao-e-infusiones/cafes-frios/p/308137,2026-09-30T19:51:47
leche,DIA,308136,Café latte macchiato Dia Arom'arte 250 ml,"0,75 €",0.75,"(3,00 €/LITRO)",3.0,LITRO,/cafe-cacao-e-infusiones/cafes-frios/p/308136,2026-09-30T19:51:47
leche,DIA,310650,Croissant relleno de chocolate Milka 50 g,"1,20 €",1.2,"(24,00 €/KILO)",24.0,KILO,/bolleria-reposteria-y-azucar/magdalenas-y-bolleria-clasica/p/310650,2026-09-30T19:51:47
leche,DIA,310576,Cereales cookies & cream Kellogg's Krave 375 g,"4,49 €",4.49,"(11,97 €/KILO)",11.97,KILO,/galletas-cereales-y-mermeladas/cereales/p/310576,2026-09-30T19:51:47
leche,DIA,279117,Mini tarrinas Haagen Dazs caramel collection 4 unidades 321 g,"7,49 €",7.49,"(23,33 €/KILO)",23.33,KILO,/congelados-y-helados/helados-y-hielo/p/279117,2026-09-30T19:51:47
leche,DIA,65364,Magnum mini mix 8 x 44 g,"4,99 €",4.99,"(14,02 €/KILO)",14.02,KILO,/congelados-y-helados/helados-y-hielo/p/65364,2026-09-30T19:51:47
leche,DIA,174731,Helado bombón mini surtido Dia Temptation 8 x 36 g,"2,59 €",2.59,"(8,99 €/KILO)",8.99,KILO,/congelados-y-helados/helados-y-hielo/p/174731,2026-09-30T19:51:47
leche,DIA,306230,Huevos grandes L de gallinas criadas en suelo Dia 12 unidades,"3,05 €",3.05,"(3,05 €/DOCENA)",3.05,DOCENA,/huevos-leche-y-mantequilla/huevos/p/306230,2026-09-30T19:51:47
leche,DIA,274010,Huevos medianos M de gallinas criadas en suelo Dia 12 unidades,"2,85 €",2.85,"(2,85 €/DOCENA)",2.85,DOCENA,/huevos-leche-y-mantequilla/huevos/p/274010,2026-09-30T19:51:47
leche,DIA,305802,Huevos extragrandes L/XL de gallinas criadas en suelo Dia 6 unidades,"2,20 €",2.2,"(4,40 €/DOCENA)",4.4,DOCENA,/huevos-leche-y-mantequilla/huevos/p/305802,2026-09-30T19:51:47
leche,DIA,274540,Huevos camperos medianos/grandes M/L Dia 10 unidades,"3,00 €",3.0,"(3,60 €/DOCENA)",3.6,DOCENA,/huevos-leche-y-mantequilla/huevos/p/274540,2026-09-30T19:51:47
leche,DIA,105814,Flan de vainilla Dia Caprichoso 6 x 100 g,"1,10 €",1.1,"(1,83 €/KILO)",1.83,KILO,/yogures-y-postres/natillas-flan-y-arroz-con-leche/p/105814,2026-09-30T19:51:47
leche,DIA,294946,Natillas sabor vainilla Dia Caprichoso 4 x 125 g,"1,05 €",1.05,"(2,10 €/KILO)",2.1,KILO,/yogures-y-postres/natillas-flan-y-arroz-con-leche/p/294946,2026-09-30T19:51:47
leche,DIA,3387,Flan de huevo Dia Caprichoso 4 x 100 g,"1,60 €",1.6,"(4,00 €/KILO)",4.0,KILO,/yogures-y-postres/natillas-flan-y-arroz-con-leche/p/3387,2026-09-30T19:51:47
leche,DIA,307884,Huevos grandes L Dia 18 unidades,"4,39 €",4.39,"(2,93 €/DOCENA)",2.93,DOCENA,/huevos-leche-y-mantequilla/huevos/p/307884,2026-09-30T19:51:47
leche,DIA,268201,Mantequilla sin sal Dia Láctea 250 g,"2,05 €",2.05,"(8,20 €/KILO)",8.2,KILO,/huevos-leche-y-mantequilla/mantequilla-y-margarina/p/268201,2026-09-30T19:51:47
leche,DIA,113550,Natillas con galleta Dia Caprichoso 4 x 125 g,"1,15 €",1.15,"(2,30 €/KILO)",2.3,KILO,/yogures-y-postres/natillas-flan-y-arroz-con-leche/p/113550,2026-09-30T19:51:47
leche,DIA,268200,Mantequilla con sal Dia Láctea 250 g,"2,05 €",2.05,"(8,20 €/KILO)",8.2,KILO,/huevos-leche-y-mantequilla/mantequilla-y-margarina/p/268200,2026-09-30T19:51:47
leche,DIA,274541,Huevos ecológicos grandes/medianos M/L Dia 6 unidades,"2,95 €",2.95,"(5,90 €/DOCENA)",5.9,DOCENA,/huevos-leche-y-mantequilla/huevos/p/274541,2026-09-30T19:51:47
leche,DIA,294947,Natillas de chocolate Dia Caprichoso 4 x 125 g,"1,05 €",1.05,"(2,10 €/KILO)",2.1,KILO,/yogures-y-postres/natillas-flan-y-arroz-con-leche/p/294947,2026-09-30T19:51:47
leche,DIA,114672,Natillas con galleta Reina 4 x 125 g,"1,75 €",1.75,"(3,50 €/KILO)",3.5,KILO,/yogures-y-postres/natillas-flan-y-arroz-con-leche/p/114672,2026-09-30T19:51:47
leche,DIA,301951,Flan de queso Dia Caprichoso 2 x 100 g,"1,08 €",1.08,"(5,40 €/KILO)",5.4,KILO,/yogures-y-postres/natillas-flan-y-arroz-con-leche/p/301951,2026-09-30T19:51:47
leche,DIA,76114,Natillas de vainilla Danet 4 x 120 g,"1,75 €",1.75,"(3,65 €/KILO)",3.65,KILO,/yogures-y-postres/natillas-flan-y-arroz-con-leche/p/76114,2026-09-30T19:51:47
leche,DIA,135425,Huevos medianos/grandes M/L maíz Grupo de lucas 12 unidades,"3,69 €",3.69,"(3,69 €/DOCENA)",3.69,DOCENA,/huevos-leche-y-mantequilla/huevos/p/135425,2026-09-30T19:51:47
leche,DIA,55576,Margarina vitaminada con sal Diasol 500 g,"1,50 €",1.5,"(3,00 €/KILO)",3.0,KILO,/huevos-leche-y-mantequilla/mantequilla-y-margarina/p/55576,2026-09-30T19:51:47
leche,DIA,145041,Nata para montar Dia Láctea 3 x 200 ml,"2,25 €",2.25,"(3,75 €/LITRO)",3.75,LITRO,/huevos-leche-y-mantequilla/nata/p/145041,2026-09-30T19:51:47
leche,DIA,5137,Horchata Chufi 1 L,"1,89 €",1.89,"(1,89 €/LITRO)",1.89,LITRO,/huevos-leche-y-mantequilla/bebidas-vegetales-y-horchatas/p/5137,2026-09-30T19:51:47
leche,DIA,1269,Batido al cacao Dia Láctea botella 1 L,"1,29 €",1.29,"(1,29 €/LITRO)",1.29,LITRO,/huevos-leche-y-mantequilla/batidos/p/1269,2026-09-30T19:51:47
leche,DIA,53766,Mantequilla Asturiana 250 g,"3,95 €",3.95,"(15,80 €/KILO)",15.8,KILO,/huevos-leche-y-mantequilla/mantequilla-y-margarina/p/53766,2026-09-30T19:51:47
leche,DIA,296458,Batido de chocolate Dia Láctea 6 x 200 ml,"1,55 €",1.55,"(1,29 €/LITRO)",1.29,LITRO,/huevos-leche-y-mantequilla/batidos/p/296458,2026-09-30T19:51:47
leche,DIA,305872,Natillas sabor vainilla alta en proteínas Dia Láctea 4 x 125 g,"1,79 €",1.79,"(3,58 €/KILO)",3.58,KILO,/yogures-y-postres/natillas-flan-y-arroz-con-leche/p/305872,2026-09-30T19:51:47
leche,DIA,301952,Flan de café Dia Caprichoso 2 x 100 g,"1,00 €",1.0,"(5,00 €/KILO)",5.0,KILO,/yogures-y-postres/natillas-flan-y-arroz-con-leche/p/301952,2026-09-30T19:51:47
leche,DIA,55575,Margarina vitaminada Diasol 500 g,"1,50 €",1.5,"(3,00 €/KILO)",3.0,KILO,/huevos-leche-y-mantequilla/mantequilla-y-margarina/p/55575,2026-09-30T19:51:47
leche,DIA,125790,Bifrutas tropical Pascual pack 6 x 200 ml,"2,59 €",2.59,"(2,16 €/LITRO)",2.16,LITRO,/zumos-y-smoothies/fruta-y-leche/p/125790,2026-09-30T19:51:47
leche,DIA,275561,Margarina Tulipán 400 g,"2,89 €",2.89,"(7,23 €/KILO)",7.23,KILO,/huevos-leche-y-mantequilla/mantequilla-y-margarina/p/275561,2026-09-30T19:51:47
leche,DIA,275563,Margarina con sal Tulipán 400 g,"2,89 €",2.89,"(7,23 €/KILO)",7.23,KILO,/huevos-leche-y-mantequilla/mantequilla-y-margarina/p/275563,2026-09-30T19:51:47
leche,DIA,274011,Huevos medianos/grandes M/L de gallinas criadas en el suelo Dia 12 unidades,"3,49 €",3.49,"(3,49 €/DOCENA)",3.49,DOCENA,/huevos-leche-y-mantequilla/huevos/p/274011,2026-09-30T19:51:47
leche,DIA,215779,Flan de huevo al baño maría Reina 6 x 100 g,"3,49 €",3.49,"(5,82 €/KILO)",5.82,KILO,/yogures-y-postres/natillas-flan-y-arroz-con-leche/p/215779,2026-09-30T19:51:47
leche,DIA,76121,Natillas de chocolate Danet 4 x 120 g,"1,75 €",1.75,"(3,65 €/KILO)",3.65,KILO,/yogures-y-postres/natillas-flan-y-arroz-con-leche/p/76121,2026-09-30T19:51:47
leche,DIA,301953,Flan de huevo doble 0% Dia Caprichoso 2 x 100 g,"0,95 €",0.95,"(4,75 €/KILO)",4.75,KILO,/yogures-y-postres/natillas-flan-y-arroz-con-leche/p/301953,2026-09-30T19:51:47
leche,DIA,63568,Nata montada Dia Láctea 250 g,"1,45 €",1.45,"(5,80 €/KILO)",5.8,KILO,/huevos-leche-y-mantequilla/nata/p/63568,2026-09-30T19:51:47
leche,DIA,55574,Margarina ligera Diasol 500 g,"1,45 €",1.45,"(2,90 €/KILO)",2.9,KILO,/huevos-leche-y-mantequilla/mantequilla-y-margarina/p/55574,2026-09-30T19:51:47
leche,DIA,1914,Batido de chocolate Cacaolat botella 1 L,"2,59 €",2.59,"(2,59 €/LITRO)",2.59,LITRO,/huevos-leche-y-mantequilla/batidos/p/1914,2026-09-30T19:51:47
leche,DIA,295078,Batido de cacao energy Colacao 4 x 188 ml,"2,85 €",2.85,"(3,79 €/LITRO)",3.79,LITRO,/huevos-leche-y-mantequilla/batidos/p/295078,2026-09-30T19:51:47
leche,DIA,56937,Nata para cocinar Asturiana 500 ml,"2,65 €",2.65,"(5,30 €/LITRO)",5.3,LITRO,/huevos-leche-y-mantequilla/nata/p/56937,2026-09-30T19:51:47
leche,DIA,309539,Natillas de chocolate alta en proteínas Dia Láctea 4 x 125 g,"1,79 €",1.79,"(3,58 €/KILO)",3.58,KILO,/yogures-y-postres/natillas-flan-y-arroz-con-leche/p/309539,2026-09-30T19:51:47
leche,DIA,278909,Margarina al toque de aceite de oliva Flora 225 g,"2,08 €",2.08,"(9,24 €/KILO)",9.24,KILO,/huevos-leche-y-mantequilla/mantequilla-y-margarina/p/278909,2026-09-30T19:51:47
leche,DIA,53765,Nata para montar Asturiana 500 ml,"2,79 €",2.79,"(5,58 €/LITRO)",5.58,LITRO,/huevos-leche-y-mantequilla/nata/p/53765,2026-09-30T19:51:47
leche,DIA,307408,Bebida de avena con café Dia Vegedia 1 L,"1,25 €",1.25,"(1,25 €/LITRO)",1.25,LITRO,/huevos-leche-y-mantequilla/bebidas-vegetales-y-horchatas/p/307408,2026-09-30T19:51:47
leche,DIA,230337,Claras de huevo pasteurizadas Ovonatur botella 500 ml,"1,95 €",1.95,"(3,90 €/LITRO)",3.9,LITRO,/huevos-leche-y-mantequilla/huevos/p/230337,2026-09-30T19:51:47
leche,DIA,187545,Mantequilla tradicional Asturiana 125 g,"1,95 €",1.95,"(15,60 €/KILO)",15.6,KILO,/huevos-leche-y-mantequilla/mantequilla-y-margarina/p/187545,2026-09-30T19:51:47
leche,DIA,307521,Batido de fresa Dia Láctea 3 x 200 ml,"0,78 €",0.78,"(1,30 €/LITRO)",1.3,LITRO,/huevos-leche-y-mantequilla/batidos/p/307521,2026-09-30T19:51:47
leche,DIA,42812,Bifrutas tropical Pascual pack 3 x 330 ml,"2,52 €",2.52,"(2,55 €/LITRO)",2.55,LITRO,/zumos-y-smoothies/fruta-y-leche/p/42812,2026-09-30T19:51:47
leche,DIA,231636,Batido de chocolate shake ColaCao 200 ml,"1,75 €",1.75,"(8,75 €/LITRO)",8.75,LITRO,/huevos-leche-y-mantequilla/batidos/p/231636,2026-09-30T19:51:47
leche,DIA,307522,Batido de vainilla Dia Láctea 3 x 200 ml,"0,78 €",0.78,"(1,30 €/LITRO)",1.3,LITRO,/huevos-leche-y-mantequilla/batidos/p/307522,2026-09-30T19:51:47
leche,DIA,241893,Huevos camperos Pazo de Vilane 12 unidades,"4,69 €",4.69,"(4,69 €/DOCENA)",4.69,DOCENA,/huevos-leche-y-mantequilla/huevos/p/241893,2026-09-30T19:51:47
leche,DIA,278898,Margarina rica en omega 3 Flora 400 g,"3,19 €",3.19,"(7,98 €/KILO)",7.98,KILO,/huevos-leche-y-mantequilla/mantequilla-y-margarina/p/278898,2026-09-30T19:51:47
leche,DIA,300975,Chocolate relleno de avellana caramelizada y galleta Dia Temptation 100 g,"1,35 €",1.35,"(13,50 €/KILO)",13.5,KILO,/chocolates-y-golosinas/chocolate-con-leche/p/300975,2026-09-30T19:51:47
leche,DIA,309540,Natillas con caramelo alta en proteínas Dia Láctea 4 x 125 g,"1,79 €",1.79,"(3,58 €/KILO)",3.58,KILO,/yogures-y-postres/natillas-flan-y-arroz-con-leche/p/309540,2026-09-30T19:51:47
leche,DIA,115780,Bifrutas tropical Pascual 1 L,"2,45 €",2.45,"(2,45 €/LITRO)",2.45,LITRO,/zumos-y-smoothies/fruta-y-leche/p/115780,2026-09-30T19:51:47
leche,DIA,307762,Chocolate con pistacho estilo Dubai Dia Temptation 150 g,"3,99 €",3.99,"(26,60 €/KILO)",26.6,KILO,/chocolates-y-golosinas/chocolate-con-leche/p/307762,2026-09-30T19:51:47
leche,DIA,5691,Nata montada Asturiana 250 g,"2,89 €",2.89,"(11,56 €/KILO)",11.56,KILO,/huevos-leche-y-mantequilla/nata/p/5691,2026-09-30T19:51:47
leche,DIA,211527,Batido de chocolate 0% sin azúcar añadido Cacaolat botella 1 L,"2,79 €",2.79,"(2,79 €/LITRO)",2.79,LITRO,/huevos-leche-y-mantequilla/batidos/p/211527,2026-09-30T19:51:47
leche,DIA,65292,Margarina Proactiv 225 g,"3,19 €",3.19,"(14,18 €/KILO)",14.18,KILO,/huevos-leche-y-mantequilla/mantequilla-y-margarina/p/65292,2026-09-30T19:51:47
leche,DIA,293490,Papilla de 8 cereales y galleta sin azúcares añadidos Nestlé 475 g,"4,15 €",4.15,"(8,74 €/KILO)",8.74,KILO,/infantil/leches-y-papillas/p/293490,2026-09-30T19:51:47
leche,DIA,311360,Batido sustitutivo frutos rojos Yfood 500 ml,"3,99 €",3.99,"(7,98 €/LITRO)",7.98,LITRO,/huevos-leche-y-mantequilla/batidos/p/311360,2026-09-30T19:51:47
leche,DIA,293494,Papilla de 8 cereales con miel Nestlé 725 g,"5,75 €",5.75,"(7,93 €/KILO)",7.93,KILO,/infantil/leches-y-papillas/p/293494,2026-09-30T19:51:47
leche,DIA,311359,Batido sustitutivo sabor café Yfood 500 ml,"3,99 €",3.99,"(7,98 €/LITRO)",7.98,LITRO,/huevos-leche-y-mantequilla/batidos/p/311359,2026-09-30T19:51:47
leche,DIA,216865,Mantequilla ligera sin lactosa Asturiana 250 g,"3,55 €",3.55,"(14,20 €/KILO)",14.2,KILO,/huevos-leche-y-mantequilla/mantequilla-y-margarina/p/216865,2026-09-30T19:51:47
leche,DIA,290615,Papilla crema de arroz sin azúcares añadidos Hero 220 g,"2,95 €",2.95,"(13,41 €/KILO)",13.41,KILO,/infantil/leches-y-papillas/p/290615,2026-09-30T19:51:47
leche,DIA,309766,Papilla de 8 cereales doble 0% Nestlé 330 g,"3,69 €",3.69,"(11,18 €/KILO)",11.18,KILO,/infantil/leches-y-papillas/p/309766,2026-09-30T19:51:47
leche,DIA,271001,Mantequilla en rulo Asturiana 500 g,"6,45 €",6.45,"(12,90 €/KILO)",12.9,KILO,/huevos-leche-y-mantequilla/mantequilla-y-margarina/p/271001,2026-09-30T19:51:47
leche,DIA,309194,Bebida láctea de cacao africano Pascual botella 230 ml,"1,49 €",1.49,"(6,48 €/LITRO)",6.48,LITRO,/huevos-leche-y-mantequilla/batidos/p/309194,2026-09-30T19:51:47
leche,DIA,224182,Bifrutas mediterráneo Pascual pack 6 x 200 ml,"2,52 €",2.52,"(2,10 €/LITRO)",2.1,LITRO,/zumos-y-smoothies/fruta-y-leche/p/224182,2026-09-30T19:51:47
leche,DIA,256289,Chocolate extra cacao 45% Milka 90 g,"1,99 €",1.99,"(22,11 €/KILO)",22.11,KILO,/chocolates-y-golosinas/chocolate-con-leche/p/256289,2026-09-30T19:51:47
leche,DIA,307729,Bifrutas dark Pascual 330 ml,"1,00 €",1.0,"(3,03 €/LITRO)",3.03,LITRO,/zumos-y-smoothies/fruta-y-leche/p/307729,2026-09-30T19:51:47
leche,DIA,257968,Papilla 8 cereales sin azúcares añadidos Hero 410 g,"3,90 €",3.9,"(9,51 €/KILO)",9.51,KILO,/infantil/leches-y-papillas/p/257968,2026-09-30T19:51:47
leche,DIA,227028,Kinder sorpresa Papá Noel 75 g,"3,49 €",3.49,"(46,53 €/KILO)",46.53,KILO,/chocolates-y-golosinas/chocolate-con-leche/p/227028,2026-09-30T19:51:47
leche,DIA,314767,Chocotrio con avellana Nestlé Extrafino 90 g,"1,89 €",1.89,"(21,00 €/KILO)",21.0,KILO,/chocolates-y-golosinas/chocolate-con-leche/p/314767,2026-09-30T19:51:47
leche,DIA,314768,Chocotrio con extra chocolate Nestlé Extrafino 90 g,"1,89 €",1.89,"(21,00 €/KILO)",21.0,KILO,/chocolates-y-golosinas/chocolate-con-leche/p/314768,2026-09-30T19:51:47
huevos,DIA,274009,Huevos medianos M Dia 24 unidades,"5,25 €",5.25,"(2,63 €/DOCENA)",2.63,DOCENA,/huevos-leche-y-mantequilla/huevos/p/274009,2026-09-30T19:52:12
huevos,DIA,306230,Huevos grandes L de gallinas criadas en suelo Dia 12 unidades,"3,05 €",3.05,"(3,05 €/DOCENA)",3.05,DOCENA,/huevos-leche-y-mantequilla/huevos/p/306230,2026-09-30T19:52:12
huevos,DIA,274010,Huevos medianos M de gallinas criadas en suelo Dia 12 unidades,"2,85 €",2.85,"(2,85 €/DOCENA)",2.85,DOCENA,/huevos-leche-y-mantequilla/huevos/p/274010,2026-09-30T19:52:12
huevos,DIA,274540,Huevos camperos medianos/grandes M/L Dia 10 unidades,"3,00 €",3.0,"(3,60 €/DOCENA)",3.6,DOCENA,/huevos-leche-y-mantequilla/huevos/p/274540,2026-09-30T19:52:12
huevos,DIA,307884,Huevos grandes L Dia 18 unidades,"4,39 €",4.39,"(2,93 €/DOCENA)",2.93,DOCENA,/huevos-leche-y-mantequilla/huevos/p/307884,2026-09-30T19:52:12
huevos,DIA,305802,Huevos extragrandes L/XL de gallinas criadas en suelo Dia 6 unidades,"2,20 €",2.2,"(4,40 €/DOCENA)",4.4,DOCENA,/huevos-leche-y-mantequilla/huevos/p/305802,2026-09-30T19:52:12
huevos,DIA,274541,Huevos ecológicos grandes/medianos M/L Dia 6 unidades,"2,95 €",2.95,"(5,90 €/DOCENA)",5.9,DOCENA,/huevos-leche-y-mantequilla/huevos/p/274541,2026-09-30T19:52:12
huevos,DIA,241893,Huevos camperos Pazo de Vilane 12 unidades,"4,69 €",4.69,"(4,69 €/DOCENA)",4.69,DOCENA,/huevos-leche-y-mantequilla/huevos/p/241893,2026-09-30T19:52:12
huevos,DIA,135425,Huevos medianos/grandes M/L maíz Grupo de lucas 12 unidades,"3,69 €",3.69,"(3,69 €/DOCENA)",3.69,DOCENA,/huevos-leche-y-mantequilla/huevos/p/135425,2026-09-30T19:52:12
huevos,DIA,274011,Huevos medianos/grandes M/L de gallinas criadas en el suelo Dia 12 unidades,"3,49 €",3.49,"(3,49 €/DOCENA)",3.49,DOCENA,/huevos-leche-y-mantequilla/huevos/p/274011,2026-09-30T19:52:12
huevos,DIA,504P6,Leche semidesnatada Dia Láctea pack 6 x 1 L,"5,04 €",5.04,"(0,84 €/LITRO)",0.84,LITRO,/huevos-leche-y-mantequilla/leche/p/504P6,2026-09-30T19:52:12
huevos,DIA,230337,Claras de huevo pasteurizadas Ovonatur botella 500 ml,"1,95 €",1.95,"(3,90 €/LITRO)",3.9,LITRO,/huevos-leche-y-mantequilla/huevos/p/230337,2026-09-30T19:52:12
huevos,DIA,307451,Filetes de merluza rebozados Dia Mari Marinera 500 g,"4,29 €",4.29,"(8,58 €/KILO)",8.58,KILO,/pescados-y-mariscos/rebozado/p/307451,2026-09-30T19:52:12
huevos,DIA,309970,Tortelloni 4 quesos Dia Al Diante 250 g,"1,49 €",1.49,"(5,96 €/KILO)",5.96,KILO,/arroz-pastas-y-legumbres/pastas-rellenas-y-en-salsa/p/309970,2026-09-30T19:52:12
huevos,DIA,145042,Nata para cocinar 18% M.G. Dia Láctea 3 x 200 ml,"1,85 €",1.85,"(3,08 €/LITRO)",3.08,LITRO,/huevos-leche-y-mantequilla/nata/p/145042,2026-09-30T19:52:12
huevos,DIA,115833,Batido de cacao 90% leche Dia Láctea 6 x 200 ml,"1,75 €",1.75,"(1,46 €/LITRO)",1.46,LITRO,/huevos-leche-y-mantequilla/batidos/p/115833,2026-09-30T19:52:12
huevos,DIA,294393,Nata para cocinar textura espesa Dia Láctea 500 ml,"1,55 €",1.55,"(3,10 €/LITRO)",3.1,LITRO,/huevos-leche-y-mantequilla/nata/p/294393,2026-09-30T19:52:12
huevos,DIA,608P6,Leche entera Dia Láctea pack 6 x 1 L,"5,76 €",5.76,"(0,96 €/LITRO)",0.96,LITRO,/huevos-leche-y-mantequilla/leche/p/608P6,2026-09-30T19:52:12
huevos,DIA,309969,Tortelloni prosciutto Dia Al Diante 250 g,"1,49 €",1.49,"(5,96 €/KILO)",5.96,KILO,/arroz-pastas-y-legumbres/pastas-rellenas-y-en-salsa/p/309969,2026-09-30T19:52:12
huevos,DIA,268201,Mantequilla sin sal Dia Láctea 250 g,"2,05 €",2.05,"(8,20 €/KILO)",8.2,KILO,/huevos-leche-y-mantequilla/mantequilla-y-margarina/p/268201,2026-09-30T19:52:12
huevos,DIA,268200,Mantequilla con sal Dia Láctea 250 g,"2,05 €",2.05,"(8,20 €/KILO)",8.2,KILO,/huevos-leche-y-mantequilla/mantequilla-y-margarina/p/268200,2026-09-30T19:52:12
huevos,DIA,3387,Flan de huevo Dia Caprichoso 4 x 100 g,"1,60 €",1.6,"(4,00 €/KILO)",4.0,KILO,/yogures-y-postres/natillas-flan-y-arroz-con-leche/p/3387,2026-09-30T19:52:12
huevos,DIA,303496,Leche entera Dia Láctea 3 x 200 ml,"0,92 €",0.92,"(1,53 €/LITRO)",1.53,LITRO,/huevos-leche-y-mantequilla/leche/p/303496,2026-09-30T19:52:12
huevos,DIA,5543,Bizcochos con huevo Galleteca de Dia 400 g,"1,80 €",1.8,"(4,50 €/KILO)",4.5,KILO,/bolleria-reposteria-y-azucar/magdalenas-y-bolleria-clasica/p/5543,2026-09-30T19:52:12
huevos,DIA,296458,Batido de chocolate Dia Láctea 6 x 200 ml,"1,55 €",1.55,"(1,29 €/LITRO)",1.29,LITRO,/huevos-leche-y-mantequilla/batidos/p/296458,2026-09-30T19:52:12
huevos,DIA,295078,Batido de cacao energy Colacao 4 x 188 ml,"2,85 €",2.85,"(3,79 €/LITRO)",3.79,LITRO,/huevos-leche-y-mantequilla/batidos/p/295078,2026-09-30T19:52:12
huevos,DIA,179044,Huevas de Islandia negras Royal 50 g,"2,09 €",2.09,"(41,80 €/KILO)",41.8,KILO,/pescados-y-mariscos/ahumado-y-salazon/p/179044,2026-09-30T19:52:12
huevos,DIA,608,Leche entera Dia Láctea 1 L,"0,96 €",0.96,"(0,96 €/LITRO)",0.96,LITRO,/huevos-leche-y-mantequilla/leche/p/608,2026-09-30T19:52:12
huevos,DIA,81206,Batido de chocolate Puleva 6 x 200 ml,"2,20 €",2.2,"(1,83 €/LITRO)",1.83,LITRO,/huevos-leche-y-mantequilla/batidos/p/81206,2026-09-30T19:52:12
huevos,DIA,130063P6,Leche semidesnatada sin lactosa Dia Láctea pack 6 x 1 L,"5,34 €",5.34,"(0,89 €/LITRO)",0.89,LITRO,/huevos-leche-y-mantequilla/leche-sin-lactosa-y-enriquecidas/p/130063P6,2026-09-30T19:52:12
huevos,DIA,253537,Salsa carbonara Gallo 330 g,"2,99 €",2.99,"(9,06 €/LITRO)",9.06,LITRO,/aceites-salsas-y-especias/salsas-de-tomate-y-pasta/p/253537,2026-09-30T19:52:12
huevos,DIA,307408,Bebida de avena con café Dia Vegedia 1 L,"1,25 €",1.25,"(1,25 €/LITRO)",1.25,LITRO,/huevos-leche-y-mantequilla/bebidas-vegetales-y-horchatas/p/307408,2026-09-30T19:52:12
huevos,DIA,304739,Leche semidesnatada Dia Láctea botella 1.5 L,"1,45 €",1.45,"(0,97 €/LITRO)",0.97,LITRO,/huevos-leche-y-mantequilla/leche/p/304739,2026-09-30T19:52:12
huevos,DIA,6006,Leche condensada Dia Láctea 1 Kg,"3,35 €",3.35,"(3,35 €/KILO)",3.35,KILO,/huevos-leche-y-mantequilla/leche-condensada-y-evaporada/p/6006,2026-09-30T19:52:12
huevos,DIA,53766,Mantequilla Asturiana 250 g,"3,95 €",3.95,"(15,80 €/KILO)",15.8,KILO,/huevos-leche-y-mantequilla/mantequilla-y-margarina/p/53766,2026-09-30T19:52:12
huevos,DIA,307407,Bebida de avena con cacao Dia Vegedia 1 L,"1,25 €",1.25,"(1,25 €/LITRO)",1.25,LITRO,/huevos-leche-y-mantequilla/bebidas-vegetales-y-horchatas/p/307407,2026-09-30T19:52:12
huevos,DIA,57797,Leche condensada Dia Láctea 450 g,"2,35 €",2.35,"(5,22 €/KILO)",5.22,KILO,/huevos-leche-y-mantequilla/leche-condensada-y-evaporada/p/57797,2026-09-30T19:52:12
huevos,DIA,130063,Leche semidesnatada sin lactosa Dia Láctea 1 L,"0,89 €",0.89,"(0,89 €/LITRO)",0.89,LITRO,/huevos-leche-y-mantequilla/leche-sin-lactosa-y-enriquecidas/p/130063,2026-09-30T19:52:12
huevos,DIA,275561,Margarina Tulipán 400 g,"2,89 €",2.89,"(7,23 €/KILO)",7.23,KILO,/huevos-leche-y-mantequilla/mantequilla-y-margarina/p/275561,2026-09-30T19:52:12
huevos,DIA,307522,Batido de vainilla Dia Láctea 3 x 200 ml,"0,78 €",0.78,"(1,30 €/LITRO)",1.3,LITRO,/huevos-leche-y-mantequilla/batidos/p/307522,2026-09-30T19:52:12
huevos,DIA,301953,Flan de huevo doble 0% Dia Caprichoso 2 x 100 g,"0,95 €",0.95,"(4,75 €/KILO)",4.75,KILO,/yogures-y-postres/natillas-flan-y-arroz-con-leche/p/301953,2026-09-30T19:52:12
huevos,DIA,504,Leche semidesnatada Dia Láctea 1 L,"0,84 €",0.84,"(0,84 €/LITRO)",0.84,LITRO,/huevos-leche-y-mantequilla/leche/p/504,2026-09-30T19:52:12
huevos,DIA,304738,Leche entera Dia Láctea botella 1.5 L,"1,56 €",1.56,"(1,04 €/LITRO)",1.04,LITRO,/huevos-leche-y-mantequilla/leche/p/304738,2026-09-30T19:52:12
huevos,DIA,278909,Margarina al toque de aceite de oliva Flora 225 g,"2,08 €",2.08,"(9,24 €/KILO)",9.24,KILO,/huevos-leche-y-mantequilla/mantequilla-y-margarina/p/278909,2026-09-30T19:52:12
huevos,DIA,189082,Jugo de coco light Tiger Khan 400 g,"2,39 €",2.39,"(5,98 €/KILO)",5.98,KILO,/huevos-leche-y-mantequilla/bebidas-vegetales-y-horchatas/p/189082,2026-09-30T19:52:12
huevos,DIA,310736,"Ensalada de pasta, atún y huevo Dia Al Punto 300 g","2,99 €",2.99,"(9,97 €/KILO)",9.97,KILO,/verduras/ensaladas-y-verduras-preparadas/p/310736,2026-09-30T19:52:12
huevos,DIA,16066,Leche desnatada Asturiana 1 L,"1,06 €",1.06,"(1,06 €/LITRO)",1.06,LITRO,/huevos-leche-y-mantequilla/leche/p/16066,2026-09-30T19:52:12
huevos,DIA,33080,Huevo de chocolate con sorpresa Dia Temptation 60 g,"1,89 €",1.89,"(31,50 €/KILO)",31.5,KILO,/chocolates-y-golosinas/chocolatinas-y-bombones/p/33080,2026-09-30T19:52:12
huevos,DIA,19814,Leche entera Lauki 1 L,"1,15 €",1.15,"(1,15 €/LITRO)",1.15,LITRO,/huevos-leche-y-mantequilla/leche/p/19814,2026-09-30T19:52:12
huevos,DIA,607,Leche desnatada Dia Láctea 1 L,"0,82 €",0.82,"(0,82 €/LITRO)",0.82,LITRO,/huevos-leche-y-mantequilla/leche/p/607,2026-09-30T19:52:12
huevos,DIA,55576,Margarina vitaminada con sal Diasol 500 g,"1,50 €",1.5,"(3,00 €/KILO)",3.0,KILO,/huevos-leche-y-mantequilla/mantequilla-y-margarina/p/55576,2026-09-30T19:52:12
huevos,DIA,293332,Bebida de avena 0% azúcares Dia Vegedia 1 L,"0,75 €",0.75,"(0,75 €/LITRO)",0.75,LITRO,/huevos-leche-y-mantequilla/bebidas-vegetales-y-horchatas/p/293332,2026-09-30T19:52:12
huevos,DIA,187580,Macarrones al huevo Gallo 450 g,"1,82 €",1.82,"(3,64 €/KILO)",3.64,KILO,/arroz-pastas-y-legumbres/macarrones-espaguetis-y-pastas-secas/p/187580,2026-09-30T19:52:12
huevos,DIA,100308,Espaguetis al huevo Gallo 450 g,"1,82 €",1.82,"(4,04 €/KILO)",4.04,KILO,/arroz-pastas-y-legumbres/macarrones-espaguetis-y-pastas-secas/p/100308,2026-09-30T19:52:12
huevos,DIA,8192,Huevo de chocolate con sorpresa joy Kinder 20 g,"1,59 €",1.59,"(79,50 €/KILO)",79.5,KILO,/chocolates-y-golosinas/chocolatinas-y-bombones/p/8192,2026-09-30T19:52:12
huevos,DIA,275563,Margarina con sal Tulipán 400 g,"2,89 €",2.89,"(7,23 €/KILO)",7.23,KILO,/huevos-leche-y-mantequilla/mantequilla-y-margarina/p/275563,2026-09-30T19:52:12
huevos,DIA,185450,Leche desnatada sin lactosa Dia Láctea 1 L,"0,85 €",0.85,"(0,85 €/LITRO)",0.85,LITRO,/huevos-leche-y-mantequilla/leche-sin-lactosa-y-enriquecidas/p/185450,2026-09-30T19:52:12
huevos,DIA,303540,Huevos de chocolate + peluche Nestlé 80 g,"4,99 €",4.99,"(62,38 €/KILO)",62.38,KILO,/chocolates-y-golosinas/chocolatinas-y-bombones/p/303540,2026-09-30T19:52:12
huevos,DIA,76578,Huevos de chocolate con sorpresa 3 unidades Kinder 60 g,"3,99 €",3.99,"(66,50 €/KILO)",66.5,KILO,/chocolates-y-golosinas/chocolatinas-y-bombones/p/76578,2026-09-30T19:52:12
huevos,DIA,132928,Huevos de chocolate relleno de leche y avellanas Kinder 125 g,"3,29 €",3.29,"(26,32 €/KILO)",26.32,KILO,/chocolates-y-golosinas/chocolatinas-y-bombones/p/132928,2026-09-30T19:52:12
huevos,DIA,41749,Huevos de chocolate relleno de leche y avellanas Kinder 200 g,"4,49 €",4.49,"(22,45 €/KILO)",22.45,KILO,/chocolates-y-golosinas/chocolatinas-y-bombones/p/41749,2026-09-30T19:52:12
huevos,DIA,37008,Huevo de chocolate con sorpresa Kinder 20 g,"1,49 €",1.49,"(74,50 €/KILO)",74.5,KILO,/chocolates-y-golosinas/chocolatinas-y-bombones/p/37008,2026-09-30T19:52:12
huevos,DIA,207884,Galletas huevos de cereales con chocolate Artiach Dinosaurus 140 g,"2,29 €",2.29,"(16,36 €/KILO)",16.36,KILO,/galletas-cereales-y-mermeladas/galletas-de-chocolate-y-rellenas/p/207884,2026-09-30T19:52:12
huevos,DIA,215779,Flan de huevo al baño maría Reina 6 x 100 g,"3,49 €",3.49,"(5,82 €/KILO)",5.82,KILO,/yogures-y-postres/natillas-flan-y-arroz-con-leche/p/215779,2026-09-30T19:52:12
huevos,DIA,312506,Tagliatelle al huevo con trufa Dia Selección Mundial 250 g,"2,49 €",2.49,"(9,96 €/KILO)",9.96,KILO,/arroz-pastas-y-legumbres/macarrones-espaguetis-y-pastas-secas/p/312506,2026-09-30T19:52:12
huevos,DIA,271329,Leche entera pasteurizada Dia Láctea 1 L,"1,15 €",1.15,"(1,15 €/LITRO)",1.15,LITRO,/huevos-leche-y-mantequilla/leche/p/271329,2026-09-30T19:52:12
huevos,DIA,17548,Leche semidesnatada Asturiana 1 L,"1,09 €",1.09,"(1,09 €/LITRO)",1.09,LITRO,/huevos-leche-y-mantequilla/leche/p/17548,2026-09-30T19:52:12
huevos,DIA,16065,Leche entera Asturiana 1 L,"1,24 €",1.24,"(1,24 €/LITRO)",1.24,LITRO,/huevos-leche-y-mantequilla/leche/p/16065,2026-09-30T19:52:12
huevos,DIA,271330,Leche semidesnatada pasteurizada Dia Láctea 1 L,"1,09 €",1.09,"(1,09 €/LITRO)",1.09,LITRO,/huevos-leche-y-mantequilla/leche/p/271330,2026-09-30T19:52:12
huevos,DIA,225278,Leche entera sin lactosa Dia Láctea 1 L,"0,99 €",0.99,"(0,99 €/LITRO)",0.99,LITRO,/huevos-leche-y-mantequilla/leche-sin-lactosa-y-enriquecidas/p/225278,2026-09-30T19:52:12
huevos,DIA,74720,Leche entera Asturiana botella 1.5 L,"1,97 €",1.97,"(1,31 €/LITRO)",1.31,LITRO,/huevos-leche-y-mantequilla/leche/p/74720,2026-09-30T19:52:12
huevos,DIA,5716,Leche semidesnatada Asturiana botella 1.5 L,"1,79 €",1.79,"(1,19 €/LITRO)",1.19,LITRO,/huevos-leche-y-mantequilla/leche/p/5716,2026-09-30T19:52:12
huevos,DIA,148777,Leche semidesnatada sin lactosa Asturiana 1 L,"1,37 €",1.37,"(1,37 €/LITRO)",1.37,LITRO,/huevos-leche-y-mantequilla/leche-sin-lactosa-y-enriquecidas/p/148777,2026-09-30T19:52:12
huevos,DIA,267682,Bebida de avena Dia Vegedia 1 L,"0,95 €",0.95,"(0,95 €/LITRO)",0.95,LITRO,/huevos-leche-y-mantequilla/bebidas-vegetales-y-horchatas/p/267682,2026-09-30T19:52:12
huevos,DIA,34609,Leche semidesnatada calcio Dia Láctea 1 L,"1,05 €",1.05,"(1,05 €/LITRO)",1.05,LITRO,/huevos-leche-y-mantequilla/leche-sin-lactosa-y-enriquecidas/p/34609,2026-09-30T19:52:12
huevos,DIA,267684,Bebida de almendras 0% azúcares Dia Vegedia 1 L,"1,49 €",1.49,"(1,49 €/LITRO)",1.49,LITRO,/huevos-leche-y-mantequilla/bebidas-vegetales-y-horchatas/p/267684,2026-09-30T19:52:12
huevos,DIA,145041,Nata para montar Dia Láctea 3 x 200 ml,"2,25 €",2.25,"(3,75 €/LITRO)",3.75,LITRO,/huevos-leche-y-mantequilla/nata/p/145041,2026-09-30T19:52:12
huevos,DIA,5137,Horchata Chufi 1 L,"1,89 €",1.89,"(1,89 €/LITRO)",1.89,LITRO,/huevos-leche-y-mantequilla/bebidas-vegetales-y-horchatas/p/5137,2026-09-30T19:52:12
huevos,DIA,1269,Batido al cacao Dia Láctea botella 1 L,"1,29 €",1.29,"(1,29 €/LITRO)",1.29,LITRO,/huevos-leche-y-mantequilla/batidos/p/1269,2026-09-30T19:52:12
huevos,DIA,294324,Bebida de soja con calcio Dia Vegedia 1 L,"0,65 €",0.65,"(0,65 €/LITRO)",0.65,LITRO,/huevos-leche-y-mantequilla/bebidas-vegetales-y-horchatas/p/294324,2026-09-30T19:52:12
huevos,DIA,46626,Leche desnatada calcio Dia Láctea 1 L,"1,02 €",1.02,"(1,02 €/LITRO)",1.02,LITRO,/huevos-leche-y-mantequilla/leche-sin-lactosa-y-enriquecidas/p/46626,2026-09-30T19:52:12
huevos,DIA,302799,Bebida de avena barista Dia Vegedia 1 L,"0,99 €",0.99,"(0,99 €/LITRO)",0.99,LITRO,/huevos-leche-y-mantequilla/bebidas-vegetales-y-horchatas/p/302799,2026-09-30T19:52:12
huevos,DIA,73676,Leche entera Pascual 1 L,"1,39 €",1.39,"(1,39 €/LITRO)",1.39,LITRO,/huevos-leche-y-mantequilla/leche/p/73676,2026-09-30T19:52:12
huevos,DIA,169355,Leche desnatada sin lactosa Asturiana 1 L,"1,33 €",1.33,"(1,33 €/LITRO)",1.33,LITRO,/huevos-leche-y-mantequilla/leche-sin-lactosa-y-enriquecidas/p/169355,2026-09-30T19:52:12
huevos,DIA,207399,Bebida de avena con calcio Dia Vegedia 1 L,"0,99 €",0.99,"(0,99 €/LITRO)",0.99,LITRO,/huevos-leche-y-mantequilla/bebidas-vegetales-y-horchatas/p/207399,2026-09-30T19:52:12
huevos,DIA,55575,Margarina vitaminada Diasol 500 g,"1,50 €",1.5,"(3,00 €/KILO)",3.0,KILO,/huevos-leche-y-mantequilla/mantequilla-y-margarina/p/55575,2026-09-30T19:52:12
huevos,DIA,73677,Leche semidesnatada Pascual 1 L,"1,35 €",1.35,"(1,35 €/LITRO)",1.35,LITRO,/huevos-leche-y-mantequilla/leche/p/73677,2026-09-30T19:52:12
huevos,DIA,30052,Leche desnatada omega 3 Puleva 1 L,"1,89 €",1.89,"(1,89 €/LITRO)",1.89,LITRO,/huevos-leche-y-mantequilla/leche-sin-lactosa-y-enriquecidas/p/30052,2026-09-30T19:52:12
huevos,DIA,294323,Bebida de soja 0% azúcares Dia Vegedia 1 L,"0,75 €",0.75,"(0,75 €/LITRO)",0.75,LITRO,/huevos-leche-y-mantequilla/bebidas-vegetales-y-horchatas/p/294323,2026-09-30T19:52:12
huevos,DIA,309574,Leche semidesnatada sin lactosa Dia Láctea 3 x 200 ml,"0,95 €",0.95,"(1,58 €/LITRO)",1.58,LITRO,/huevos-leche-y-mantequilla/leche-sin-lactosa-y-enriquecidas/p/309574,2026-09-30T19:52:12
huevos,DIA,240523,Leche entera sin lactosa Asturiana 1 L,"1,42 €",1.42,"(1,42 €/LITRO)",1.42,LITRO,/huevos-leche-y-mantequilla/leche-sin-lactosa-y-enriquecidas/p/240523,2026-09-30T19:52:12
huevos,DIA,63568,Nata montada Dia Láctea 250 g,"1,45 €",1.45,"(5,80 €/KILO)",5.8,KILO,/huevos-leche-y-mantequilla/nata/p/63568,2026-09-30T19:52:12
huevos,DIA,74722,Leche desnatada Asturiana botella 1.5 L,"1,73 €",1.73,"(1,15 €/LITRO)",1.15,LITRO,/huevos-leche-y-mantequilla/leche/p/74722,2026-09-30T19:52:12
huevos,DIA,55574,Margarina ligera Diasol 500 g,"1,45 €",1.45,"(2,90 €/KILO)",2.9,KILO,/huevos-leche-y-mantequilla/mantequilla-y-margarina/p/55574,2026-09-30T19:52:12
huevos,DIA,285658,Bebida de almendras sin azúcar Alpro 1 L,"1,79 €",1.79,"(1,79 €/LITRO)",1.79,LITRO,/huevos-leche-y-mantequilla/bebidas-vegetales-y-horchatas/p/285658,2026-09-30T19:52:12
huevos,DIA,1914,Batido de chocolate Cacaolat botella 1 L,"2,59 €",2.59,"(2,59 €/LITRO)",2.59,LITRO,/huevos-leche-y-mantequilla/batidos/p/1914,2026-09-30T19:52:12
huevos,DIA,73678,Leche desnatada Pascual 1 L,"1,29 €",1.29,"(1,29 €/LITRO)",1.29,LITRO,/huevos-leche-y-mantequilla/leche/p/73678,2026-09-30T19:52:12
huevos,DIA,56937,Nata para cocinar Asturiana 500 ml,"2,65 €",2.65,"(5,30 €/LITRO)",5.3,LITRO,/huevos-leche-y-mantequilla/nata/p/56937,2026-09-30T19:52:12
huevos,DIA,184889,Leche entera Asturiana botella 2.2 L,"2,69 €",2.69,"(1,22 €/LITRO)",1.22,LITRO,/huevos-leche-y-mantequilla/leche/p/184889,2026-09-30T19:52:12
huevos,DIA,53765,Nata para montar Asturiana 500 ml,"2,79 €",2.79,"(5,58 €/LITRO)",5.58,LITRO,/huevos-leche-y-mantequilla/nata/p/53765,2026-09-30T19:52:12
huevos,DIA,267683,Bebida de arroz Dia Vegedia 1 L,"0,99 €",0.99,"(0,99 €/LITRO)",0.99,LITRO,/huevos-leche-y-mantequilla/bebidas-vegetales-y-horchatas/p/267683,2026-09-30T19:52:12
huevos,DIA,121677,Bebida láctea omega 3 con nueces Puleva 1 L,"1,95 €",1.95,"(1,95 €/LITRO)",1.95,LITRO,/huevos-leche-y-mantequilla/leche-sin-lactosa-y-enriquecidas/p/121677,2026-09-30T19:52:12
huevos,DIA,308772,Leche desnatada sin lactosa alta en proteínas Dia Láctea 1 L,"1,35 €",1.35,"(1,35 €/LITRO)",1.35,LITRO,/huevos-leche-y-mantequilla/leche-sin-lactosa-y-enriquecidas/p/308772,2026-09-30T19:52:12
huevos,DIA,187545,Mantequilla tradicional Asturiana 125 g,"1,95 €",1.95,"(15,60 €/KILO)",15.6,KILO,/huevos-leche-y-mantequilla/mantequilla-y-margarina/p/187545,2026-09-30T19:52:12
huevos,DIA,307521,Batido de fresa Dia Láctea 3 x 200 ml,"0,78 €",0.78,"(1,30 €/LITRO)",1.3,LITRO,/huevos-leche-y-mantequilla/batidos/p/307521,2026-09-30T19:52:12
huevos,DIA,173903,Leche semidesnatada Asturiana botella 2.2 L,"2,38 €",2.38,"(1,08 €/LITRO)",1.08,LITRO,/huevos-leche-y-mantequilla/leche/p/173903,2026-09-30T19:52:12
huevos,DIA,231636,Batido de chocolate shake ColaCao 200 ml,"1,75 €",1.75,"(8,75 €/LITRO)",8.75,LITRO,/huevos-leche-y-mantequilla/batidos/p/231636,2026-09-30T19:52:12
huevos,DIA,270828,Bebida de avena Yosoy 1 L,"1,71 €",1.71,"(1,71 €/LITRO)",1.71,LITRO,/huevos-leche-y-mantequilla/bebidas-vegetales-y-horchatas/p/270828,2026-09-30T19:52:12
huevos,DIA,278898,Margarina rica en omega 3 Flora 400 g,"3,19 €",3.19,"(7,98 €/KILO)",7.98,KILO,/huevos-leche-y-mantequilla/mantequilla-y-margarina/p/278898,2026-09-30T19:52:12
huevos,DIA,22488,Leche semidesnatada calcio Puleva 1 L,"1,59 €",1.59,"(1,59 €/LITRO)",1.59,LITRO,/huevos-leche-y-mantequilla/leche-sin-lactosa-y-enriquecidas/p/22488,2026-09-30T19:52:12
huevos,DIA,46625,Leche entera calcio Dia Láctea 1 L,"1,17 €",1.17,"(1,17 €/LITRO)",1.17,LITRO,/huevos-leche-y-mantequilla/leche-sin-lactosa-y-enriquecidas/p/46625,2026-09-30T19:52:12
huevos,DIA,34578,Leche semidesnatada Lauki 1 L,"1,09 €",1.09,"(1,09 €/LITRO)",1.09,LITRO,/huevos-leche-y-mantequilla/leche/p/34578,2026-09-30T19:52:12
huevos,DIA,187554,Mantequilla ligera fácil de untar Asturiana 250 g,"3,55 €",3.55,"(14,20 €/KILO)",14.2,KILO,/huevos-leche-y-mantequilla/mantequilla-y-margarina/p/187554,2026-09-30T19:52:12
huevos,DIA,613,Leche condensada La Lechera 370 g,"3,03 €",3.03,"(8,19 €/KILO)",8.19,KILO,/huevos-leche-y-mantequilla/leche-condensada-y-evaporada/p/613,2026-09-30T19:52:12
huevos,DIA,48888,Leche desnatada omega 3 Dia Láctea 1 L,"1,19 €",1.19,"(1,19 €/LITRO)",1.19,LITRO,/huevos-leche-y-mantequilla/leche-sin-lactosa-y-enriquecidas/p/48888,2026-09-30T19:52:12
huevos,DIA,285659,Bebida de avena sin azúcar Alpro 1 L,"2,09 €",2.09,"(2,09 €/LITRO)",2.09,LITRO,/huevos-leche-y-mantequilla/bebidas-vegetales-y-horchatas/p/285659,2026-09-30T19:52:12
huevos,DIA,22489,Leche desnatada calcio Puleva 1 L,"1,59 €",1.59,"(1,59 €/LITRO)",1.59,LITRO,/huevos-leche-y-mantequilla/leche-sin-lactosa-y-enriquecidas/p/22489,2026-09-30T19:52:12
huevos,DIA,5691,Nata montada Asturiana 250 g,"2,89 €",2.89,"(11,56 €/KILO)",11.56,KILO,/huevos-leche-y-mantequilla/nata/p/5691,2026-09-30T19:52:12
huevos,DIA,308443,Bebida de avena y mango Dia Vegedia 1 L,"1,29 €",1.29,"(1,29 €/LITRO)",1.29,LITRO,/huevos-leche-y-mantequilla/bebidas-vegetales-y-horchatas/p/308443,2026-09-30T19:52:12
huevos,DIA,211527,Batido de chocolate 0% sin azúcar añadido Cacaolat botella 1 L,"2,79 €",2.79,"(2,79 €/LITRO)",2.79,LITRO,/huevos-leche-y-mantequilla/batidos/p/211527,2026-09-30T19:52:12
huevos,DIA,65292,Margarina Proactiv 225 g,"3,19 €",3.19,"(14,18 €/KILO)",14.18,KILO,/huevos-leche-y-mantequilla/mantequilla-y-margarina/p/65292,2026-09-30T19:52:12
huevos,DIA,27258,Leche entera calcio Puleva 1 L,"1,59 €",1.59,"(1,59 €/LITRO)",1.59,LITRO,/huevos-leche-y-mantequilla/leche-sin-lactosa-y-enriquecidas/p/27258,2026-09-30T19:52:12
huevos,DIA,119675,Leche semidesnatada sin lactosa Pascual 1 L,"1,29 €",1.29,"(1,29 €/LITRO)",1.29,LITRO,/huevos-leche-y-mantequilla/leche-sin-lactosa-y-enriquecidas/p/119675,2026-09-30T19:52:12
huevos,DIA,167442,Bebida de almendras Alpro 1 L,"2,19 €",2.19,"(2,19 €/LITRO)",2.19,LITRO,/huevos-leche-y-mantequilla/bebidas-vegetales-y-horchatas/p/167442,2026-09-30T19:52:12
huevos,DIA,27987,Leche semidesnatada fibra Asturiana 1 L,"1,65 €",1.65,"(1,65 €/LITRO)",1.65,LITRO,/huevos-leche-y-mantequilla/leche-sin-lactosa-y-enriquecidas/p/27987,2026-09-30T19:52:12
huevos,DIA,73692,Bebida de soja Pascual Vivesoy 1 L,"2,09 €",2.09,"(2,09 €/LITRO)",2.09,LITRO,/huevos-leche-y-mantequilla/bebidas-vegetales-y-horchatas/p/73692,2026-09-30T19:52:12
huevos,DIA,1917,Leche desnatada Lauki 1 L,"1,05 €",1.05,"(1,05 €/LITRO)",1.05,LITRO,/huevos-leche-y-mantequilla/leche/p/1917,2026-09-30T19:52:12
huevos,DIA,308119,Leche entera Celta 1 L,"1,09 €",1.09,"(1,09 €/LITRO)",1.09,LITRO,/huevos-leche-y-mantequilla/leche/p/308119,2026-09-30T19:52:12
huevos,DIA,119676,Leche desnatada sin lactosa Pascual 1 L,"1,25 €",1.25,"(1,25 €/LITRO)",1.25,LITRO,/huevos-leche-y-mantequilla/leche-sin-lactosa-y-enriquecidas/p/119676,2026-09-30T19:52:12
huevos,DIA,250631,Leche desnatada suprema Asturiana 1 L,"1,45 €",1.45,"(1,45 €/LITRO)",1.45,LITRO,/huevos-leche-y-mantequilla/leche-sin-lactosa-y-enriquecidas/p/250631,2026-09-30T19:52:12
huevos,DIA,289229,Bebida de avena barista Alpro 1 L,"1,79 €",1.79,"(1,79 €/LITRO)",1.79,LITRO,/huevos-leche-y-mantequilla/bebidas-vegetales-y-horchatas/p/289229,2026-09-30T19:52:12
huevos,DIA,311360,Batido sustitutivo frutos rojos Yfood 500 ml,"3,99 €",3.99,"(7,98 €/LITRO)",7.98,LITRO,/huevos-leche-y-mantequilla/batidos/p/311360,2026-09-30T19:52:12
huevos,DIA,174052,Bebida de avena Pascual Vivesoy 1 L,"2,09 €",2.09,"(2,09 €/LITRO)",2.09,LITRO,/huevos-leche-y-mantequilla/bebidas-vegetales-y-horchatas/p/174052,2026-09-30T19:52:12
huevos,DIA,308120,Leche semidesnatada Celta 1 L,"1,05 €",1.05,"(1,05 €/LITRO)",1.05,LITRO,/huevos-leche-y-mantequilla/leche/p/308120,2026-09-30T19:52:12
huevos,DIA,126349,Bebida de soja Ligera Alpro 1 L,"2,09 €",2.09,"(2,09 €/LITRO)",2.09,LITRO,/huevos-leche-y-mantequilla/bebidas-vegetales-y-horchatas/p/126349,2026-09-30T19:52:12
huevos,DIA,163737,Bebida de avena Alpro 1 L,"2,15 €",2.15,"(2,15 €/LITRO)",2.15,LITRO,/huevos-leche-y-mantequilla/bebidas-vegetales-y-horchatas/p/163737,2026-09-30T19:52:12
huevos,DIA,163643,Leche evaporada Ideal 525 g,"2,90 €",2.9,"(5,52 €/KILO)",5.52,KILO,/huevos-leche-y-mantequilla/leche-condensada-y-evaporada/p/163643,2026-09-30T19:52:12
huevos,DIA,188442,Leche semidesnatada de cabra Covap 1 L,"2,29 €",2.29,"(2,29 €/LITRO)",2.29,LITRO,/huevos-leche-y-mantequilla/leche/p/188442,2026-09-30T19:52:12
huevos,DIA,311359,Batido sustitutivo sabor café Yfood 500 ml,"3,99 €",3.99,"(7,98 €/LITRO)",7.98,LITRO,/huevos-leche-y-mantequilla/batidos/p/311359,2026-09-30T19:52:12
huevos,DIA,216865,Mantequilla ligera sin lactosa Asturiana 250 g,"3,55 €",3.55,"(14,20 €/KILO)",14.2,KILO,/huevos-leche-y-mantequilla/mantequilla-y-margarina/p/216865,2026-09-30T19:52:12
huevos,DIA,222584,Bebida láctea omega 3 sin Lactosa Puleva 1 L,"1,95 €",1.95,"(1,95 €/LITRO)",1.95,LITRO,/huevos-leche-y-mantequilla/leche-sin-lactosa-y-enriquecidas/p/222584,2026-09-30T19:52:12
huevos,DIA,313032,Leche semidesnatada botella Asturiana 1 L,"1,20 €",1.2,"(1,20 €/LITRO)",1.2,LITRO,/huevos-leche-y-mantequilla/leche/p/313032,2026-09-30T19:52:12
huevos,DIA,2274,Bebida de soja Alpro 1 L,"2,09 €",2.09,"(2,09 €/LITRO)",2.09,LITRO,/huevos-leche-y-mantequilla/bebidas-vegetales-y-horchatas/p/2274,2026-09-30T19:52:12
huevos,DIA,306021,Leche desnatada sin lactosa dinamic protein Pascual 1 L,"1,67 €",1.67,"(1,67 €/LITRO)",1.67,LITRO,/huevos-leche-y-mantequilla/leche-sin-lactosa-y-enriquecidas/p/306021,2026-09-30T19:52:12
huevos,DIA,241808,Batido de chocolate sin lactosa Puleva 6 x 200 ml,"2,44 €",2.44,"(2,03 €/LITRO)",2.03,LITRO,/huevos-leche-y-mantequilla/batidos/p/241808,2026-09-30T19:52:12
huevos,DIA,104006,Leche desnatada calcio Pascual Movit 1 L,"1,59 €",1.59,"(1,59 €/LITRO)",1.59,LITRO,/huevos-leche-y-mantequilla/leche-sin-lactosa-y-enriquecidas/p/104006,2026-09-30T19:52:12
huevos,DIA,41309,Leche condensada La Lechera 450 g,"3,59 €",3.59,"(7,98 €/KILO)",7.98,KILO,/huevos-leche-y-mantequilla/leche-condensada-y-evaporada/p/41309,2026-09-30T19:52:12
huevos,DIA,112295,Leche semidesnatada calcio Pascual Movit 1 L,"1,59 €",1.59,"(1,59 €/LITRO)",1.59,LITRO,/huevos-leche-y-mantequilla/leche-sin-lactosa-y-enriquecidas/p/112295,2026-09-30T19:52:12
huevos,DIA,307404,Leche entera Madriz 1 L,"1,29 €",1.29,"(1,29 €/LITRO)",1.29,LITRO,/huevos-leche-y-mantequilla/leche/p/307404,2026-09-30T19:52:12
huevos,DIA,239520,Leche evaporada sin lactosa Ideal 525 g,"3,35 €",3.35,"(6,38 €/KILO)",6.38,KILO,/huevos-leche-y-mantequilla/leche-condensada-y-evaporada/p/239520,2026-09-30T19:52:12
huevos,DIA,312683,Bebida de avena barista matcha Yosoy 1 L,"2,45 €",2.45,"(2,45 €/LITRO)",2.45,LITRO,/huevos-leche-y-mantequilla/bebidas-vegetales-y-horchatas/p/312683,2026-09-30T19:52:12
huevos,DIA,307406,Leche semidesnatada Madriz 1 L,"1,29 €",1.29,"(1,29 €/LITRO)",1.29,LITRO,/huevos-leche-y-mantequilla/leche/p/307406,2026-09-30T19:52:12
huevos,DIA,271001,Mantequilla en rulo Asturiana 500 g,"6,45 €",6.45,"(12,90 €/KILO)",12.9,KILO,/huevos-leche-y-mantequilla/mantequilla-y-margarina/p/271001,2026-09-30T19:52:12
huevos,DIA,616,Leche en polvo Sveltesse 600 g,"9,19 €",9.19,"(15,32 €/KILO)",15.32,KILO,/huevos-leche-y-mantequilla/leche/p/616,2026-09-30T19:52:12
huevos,DIA,309194,Bebida láctea de cacao africano Pascual botella 230 ml,"1,49 €",1.49,"(6,48 €/LITRO)",6.48,LITRO,/huevos-leche-y-mantequilla/batidos/p/309194,2026-09-30T19:52:12
huevos,DIA,241806,Leche semidesnatada calcio sin lactosa Puleva 1 L,"1,69 €",1.69,"(1,69 €/LITRO)",1.69,LITRO,/huevos-leche-y-mantequilla/leche-sin-lactosa-y-enriquecidas/p/241806,2026-09-30T19:52:12
huevos,DIA,74722P6,Leche desnatada Asturiana pack 6 x 1.5 L,"10,38 €",10.38,"(1,15 €/LITRO)",1.15,LITRO,/huevos-leche-y-mantequilla/leche/p/74722P6,2026-09-30T19:52:12
huevos,DIA,74720P6,Leche entera Asturiana pack 6 x 1.5 L,"11,82 €",11.82,"(1,31 €/LITRO)",1.31,LITRO,/huevos-leche-y-mantequilla/leche/p/74720P6,2026-09-30T19:52:12
huevos,DIA,73692P6,Bebida de soja Pascual Vivesoy pack 6 x 1 L,"12,54 €",12.54,"(2,09 €/LITRO)",2.09,LITRO,/huevos-leche-y-mantequilla/bebidas-vegetales-y-horchatas/p/73692P6,2026-09-30T19:52:12
huevos,DIA,73678P6,Leche desnatada Pascual pack 6 x 1 L,"7,74 €",7.74,"(1,29 €/LITRO)",1.29,LITRO,/huevos-leche-y-mantequilla/leche/p/73678P6,2026-09-30T19:52:12
huevos,DIA,73677P6,Leche semidesnatada Pascual pack 6 x 1 L,"8,10 €",8.1,"(1,35 €/LITRO)",1.35,LITRO,/huevos-leche-y-mantequilla/leche/p/73677P6,2026-09-30T19:52:12
huevos,DIA,73676P6,Leche entera Pascual pack 6 x 1 L,"8,34 €",8.34,"(1,39 €/LITRO)",1.39,LITRO,/huevos-leche-y-mantequilla/leche/p/73676P6,2026-09-30T19:52:12
huevos,DIA,607P6,Leche desnatada Dia Láctea pack 6 x 1 L,"4,92 €",4.92,"(0,82 €/LITRO)",0.82,LITRO,/huevos-leche-y-mantequilla/leche/p/607P6,2026-09-30T19:52:12
huevos,DIA,5716P6,Leche semidesnatada Asturiana pack 6 x 1.5 L,"10,74 €",10.74,"(1,19 €/LITRO)",1.19,LITRO,/huevos-leche-y-mantequilla/leche/p/5716P6,2026-09-30T19:52:12
huevos,DIA,48888P6,Leche desnatada omega 3 Dia Láctea pack 6 x 1 L,"7,14 €",7.14,"(1,19 €/LITRO)",1.19,LITRO,/huevos-leche-y-mantequilla/leche-sin-lactosa-y-enriquecidas/p/48888P6,2026-09-30T19:52:12
huevos,DIA,46626P6,Leche desnatada calcio Dia Láctea pack 6 x 1 L,"6,12 €",6.12,"(1,02 €/LITRO)",1.02,LITRO,/huevos-leche-y-mantequilla/leche-sin-lactosa-y-enriquecidas/p/46626P6,2026-09-30T19:52:12
huevos,DIA,46625P6,Leche entera calcio Dia Láctea pack 6 x 1 L,"7,02 €",7.02,"(1,17 €/LITRO)",1.17,LITRO,/huevos-leche-y-mantequilla/leche-sin-lactosa-y-enriquecidas/p/46625P6,2026-09-30T19:52:12
huevos,DIA,34609P6,Leche semidesnatada calcio Dia Láctea pack 6 x 1 L,"6,30 €",6.3,"(1,05 €/LITRO)",1.05,LITRO,/huevos-leche-y-mantequilla/leche-sin-lactosa-y-enriquecidas/p/34609P6,2026-09-30T19:52:12
huevos,DIA,34578P6,Leche semidesnatada Lauki pack 6 x 1 L,"6,54 €",6.54,"(1,09 €/LITRO)",1.09,LITRO,/huevos-leche-y-mantequilla/leche/p/34578P6,2026-09-30T19:52:12
huevos,DIA,308120P6,Leche semidesnatada Celta pack 6 x 1 L,"6,30 €",6.3,"(1,05 €/LITRO)",1.05,LITRO,/huevos-leche-y-mantequilla/leche/p/308120P6,2026-09-30T19:52:12
huevos,DIA,308119P6,Leche entera Celta pack 6 x 1 L,"6,54 €",6.54,"(1,09 €/LITRO)",1.09,LITRO,/huevos-leche-y-mantequilla/leche/p/308119P6,2026-09-30T19:52:12
huevos,DIA,304739P6,Leche semidesnatada Dia Láctea pack 6 x 1.5 L,"8,70 €",8.7,"(0,97 €/LITRO)",0.97,LITRO,/huevos-leche-y-mantequilla/leche/p/304739P6,2026-09-30T19:52:12
huevos,DIA,304738P6,Leche entera Dia Láctea pack 6 x 1.5 L,"9,36 €",9.36,"(1,04 €/LITRO)",1.04,LITRO,/huevos-leche-y-mantequilla/leche/p/304738P6,2026-09-30T19:52:12
huevos,DIA,302799P6,Bebida de avena barista Dia Vegedia pack 6 x 1 L,"5,94 €",5.94,"(0,99 €/LITRO)",0.99,LITRO,/huevos-leche-y-mantequilla/bebidas-vegetales-y-horchatas/p/302799P6,2026-09-30T19:52:12
huevos,DIA,30052P6,Leche desnatada omega 3 Puleva pack 6 x 1 L,"11,34 €",11.34,"(1,89 €/LITRO)",1.89,LITRO,/huevos-leche-y-mantequilla/leche-sin-lactosa-y-enriquecidas/p/30052P6,2026-09-30T19:52:12
huevos,DIA,294324P6,Bebida de soja con calcio Dia Vegedia pack 6 x 1 L,"3,90 €",3.9,"(0,65 €/LITRO)",0.65,LITRO,/huevos-leche-y-mantequilla/bebidas-vegetales-y-horchatas/p/294324P6,2026-09-30T19:52:12
huevos,DIA,294323P6,Bebida de soja 0% azúcares Dia Vegedia pack 6 x 1 L,"4,50 €",4.5,"(0,75 €/LITRO)",0.75,LITRO,/huevos-leche-y-mantequilla/bebidas-vegetales-y-horchatas/p/294323P6,2026-09-30T19:52:12
huevos,DIA,293332P6,Bebida de avena 0% azúcares Dia Vegedia pack 6 x 1 L,"4,50 €",4.5,"(0,75 €/LITRO)",0.75,LITRO,/huevos-leche-y-mantequilla/bebidas-vegetales-y-horchatas/p/293332P6,2026-09-30T19:52:12
huevos,DIA,27987P6,Leche semidesnatada fibra Asturiana pack 6 x 1 L,"9,90 €",9.9,"(1,65 €/LITRO)",1.65,LITRO,/huevos-leche-y-mantequilla/leche-sin-lactosa-y-enriquecidas/p/27987P6,2026-09-30T19:52:12
huevos,DIA,27258P6,Leche entera calcio Puleva pack 6 x 1 L,"9,54 €",9.54,"(1,59 €/LITRO)",1.59,LITRO,/huevos-leche-y-mantequilla/leche-sin-lactosa-y-enriquecidas/p/27258P6,2026-09-30T19:52:12
huevos,DIA,270828P6,Bebida de avena Yosoy pack 6 x 1 L,"10,26 €",10.26,"(1,71 €/LITRO)",1.71,LITRO,/huevos-leche-y-mantequilla/bebidas-vegetales-y-horchatas/p/270828P6,2026-09-30T19:52:12
huevos,DIA,267684P6,Bebida de almendras 0% azúcares Dia Vegedia pack 6 x 1 L,"8,94 €",8.94,"(1,49 €/LITRO)",1.49,LITRO,/huevos-leche-y-mantequilla/bebidas-vegetales-y-horchatas/p/267684P6,2026-09-30T19:52:12
huevos,DIA,267683P6,Bebida de arroz Dia Vegedia pack 6 x 1 L,"5,94 €",5.94,"(0,99 €/LITRO)",0.99,LITRO,/huevos-leche-y-mantequilla/bebidas-vegetales-y-horchatas/p/267683P6,2026-09-30T19:52:12
huevos,DIA,267682P6,Bebida de avena Dia Vegedia pack 6 x 1 L,"5,70 €",5.7,"(0,95 €/LITRO)",0.95,LITRO,/huevos-leche-y-mantequilla/bebidas-vegetales-y-horchatas/p/267682P6,2026-09-30T19:52:12
huevos,DIA,250631P6,Leche desnatada suprema Asturiana pack 6 x 1 L,"8,70 €",8.7,"(1,45 €/LITRO)",1.45,LITRO,/huevos-leche-y-mantequilla/leche-sin-lactosa-y-enriquecidas/p/250631P6,2026-09-30T19:52:12
huevos,DIA,240523P6,Leche entera sin lactosa Asturiana pack 6 x 1 L,"8,52 €",8.52,"(1,42 €/LITRO)",1.42,LITRO,/huevos-leche-y-mantequilla/leche-sin-lactosa-y-enriquecidas/p/240523P6,2026-09-30T19:52:12
huevos,DIA,225278P6,Leche entera sin lactosa Dia Láctea pack 6 x 1 L,"5,94 €",5.94,"(0,99 €/LITRO)",0.99,LITRO,/huevos-leche-y-mantequilla/leche-sin-lactosa-y-enriquecidas/p/225278P6,2026-09-30T19:52:12
huevos,DIA,22489P6,Leche desnatada calcio Puleva pack 6 x 1 L,"9,54 €",9.54,"(1,59 €/LITRO)",1.59,LITRO,/huevos-leche-y-mantequilla/leche-sin-lactosa-y-enriquecidas/p/22489P6,2026-09-30T19:52:12
huevos,DIA,222584P6,Bebida láctea omega 3 sin lactosa Puleva pack 6 x 1 L,"11,70 €",11.7,"(1,95 €/LITRO)",1.95,LITRO,/huevos-leche-y-mantequilla/leche-sin-lactosa-y-enriquecidas/p/222584P6,2026-09-30T19:52:12
huevos,DIA,207399P6,Bebida de avena con calcio Dia Vegedia pack 6 x 1 L,"5,94 €",5.94,"(0,99 €/LITRO)",0.99,LITRO,/huevos-leche-y-mantequilla/bebidas-vegetales-y-horchatas/p/207399P6,2026-09-30T19:52:12
huevos,DIA,19814P6,Leche entera Lauki pack 6 x 1 L,"6,90 €",6.9,"(1,15 €/LITRO)",1.15,LITRO,/huevos-leche-y-mantequilla/leche/p/19814P6,2026-09-30T19:52:12
huevos,DIA,1917P6,Leche desnatada Lauki pack 6 x 1 L,"6,30 €",6.3,"(1,05 €/LITRO)",1.05,LITRO,/huevos-leche-y-mantequilla/leche/p/1917P6,2026-09-30T19:52:12
huevos,DIA,185450P6,Leche desnatada sin lactosa Dia Láctea pack 6 x 1 L,"5,10 €",5.1,"(0,85 €/LITRO)",0.85,LITRO,/huevos-leche-y-mantequilla/leche-sin-lactosa-y-enriquecidas/p/185450P6,2026-09-30T19:52:12
huevos,DIA,184889P6,Leche entera Asturiana pack 6 x 2.2 L,"16,14 €",16.14,"(1,22 €/LITRO)",1.22,LITRO,/huevos-leche-y-mantequilla/leche/p/184889P6,2026-09-30T19:52:12
huevos,DIA,17548P6,Leche semidesnatada Asturiana pack 6 x 1 L,"6,54 €",6.54,"(1,09 €/LITRO)",1.09,LITRO,/huevos-leche-y-mantequilla/leche/p/17548P6,2026-09-30T19:52:12
huevos,DIA,174052P6,Bebida de avena Pascual Vivesoy pack 6 x 1 L,"12,54 €",12.54,"(2,09 €/LITRO)",2.09,LITRO,/huevos-leche-y-mantequilla/bebidas-vegetales-y-horchatas/p/174052P6,2026-09-30T19:52:12
huevos,DIA,173903P6,Leche semidesnatada Asturiana pack 6 x 2.2 L,"14,28 €",14.28,"(1,08 €/LITRO)",1.08,LITRO,/huevos-leche-y-mantequilla/leche/p/173903P6,2026-09-30T19:52:12
huevos,DIA,169355P6,Leche desnatada sin lactosa Asturiana pack 6 x 1 L,"7,98 €",7.98,"(1,33 €/LITRO)",1.33,LITRO,/huevos-leche-y-mantequilla/leche-sin-lactosa-y-enriquecidas/p/169355P6,2026-09-30T19:52:12
huevos,DIA,16066P6,Leche desnatada Asturiana pack 6 x 1 L,"6,36 €",6.36,"(1,06 €/LITRO)",1.06,LITRO,/huevos-leche-y-mantequilla/leche/p/16066P6,2026-09-30T19:52:12
huevos,DIA,16065P6,Leche entera Asturiana pack 6 x 1 L,"7,44 €",7.44,"(1,24 €/LITRO)",1.24,LITRO,/huevos-leche-y-mantequilla/leche/p/16065P6,2026-09-30T19:52:12
huevos,DIA,148777P6,Leche semidesnatada sin lactosa Asturiana pack 6 x 1 L,"8,22 €",8.22,"(1,37 €/LITRO)",1.37,LITRO,/huevos-leche-y-mantequilla/leche-sin-lactosa-y-enriquecidas/p/148777P6,2026-09-30T19:52:12
huevos,DIA,121677P6,Bebida láctea omega 3 con nueces Puleva pack 6 x 1 L,"11,70 €",11.7,"(1,95 €/LITRO)",1.95,LITRO,/huevos-leche-y-mantequilla/leche-sin-lactosa-y-enriquecidas/p/121677P6,2026-09-30T19:52:12
huevos,DIA,119676P6,Leche desnatada sin lactosa Pascual pack 6 x 1 L,"7,50 €",7.5,"(1,25 €/LITRO)",1.25,LITRO,/huevos-leche-y-mantequilla/leche-sin-lactosa-y-enriquecidas/p/119676P6,2026-09-30T19:52:12
huevos,DIA,119675P6,Leche semidesnatada sin lactosa Pascual pack 6 x 1 L,"7,74 €",7.74,"(1,29 €/LITRO)",1.29,LITRO,/huevos-leche-y-mantequilla/leche-sin-lactosa-y-enriquecidas/p/119675P6,2026-09-30T19:52:12
huevos,DIA,112295P6,Leche semidesnatada calcio Pascual Movit pack 6 x 1 L,"9,54 €",9.54,"(1,59 €/LITRO)",1.59,LITRO,/huevos-leche-y-mantequilla/leche-sin-lactosa-y-enriquecidas/p/112295P6,2026-09-30T19:52:12
huevos,DIA,104006P6,Leche desnatada calcio Pascual Movit pack 6 x 1 L,"9,54 €",9.54,"(1,59 €/LITRO)",1.59,LITRO,/huevos-leche-y-mantequilla/leche-sin-lactosa-y-enriquecidas/p/104006P6,2026-09-30T19:52:12
manzana,DIA,11466,Manzana roja dulce 1 Kg,"1,29 €",1.29,"(1,29 €/KILO)",1.29,KILO,/frutas/manzanas-y-peras/p/11466,2026-09-30T19:52:32
manzana,DIA,171233,Manzana Golden 1 Kg,"1,89 €",1.89,"(1,89 €/KILO)",1.89,KILO,/frutas/manzanas-y-peras/p/171233,2026-09-30T19:52:32
manzana,DIA,97,Manzana Golden granel 500 g aprox.,"1,00 €",1.0,"(1,99 €/KILO)",1.99,KILO,/frutas/manzanas-y-peras/p/97,2026-09-30T19:52:32
manzana,DIA,65,Manzana roja granel 800 g aprox.,"1,59 €",1.59,"(1,99 €/KILO)",1.99,KILO,/frutas/manzanas-y-peras/p/65,2026-09-30T19:52:32
manzana,DIA,159310,Pera conferencia bandeja 700 g,"1,79 €",1.79,"(2,56 €/KILO)",2.56,KILO,/frutas/manzanas-y-peras/p/159310,2026-09-30T19:52:32
manzana,DIA,173602,Manzana Giga 1 Kg,"1,99 €",1.99,"(1,99 €/KILO)",1.99,KILO,/frutas/manzanas-y-peras/p/173602,2026-09-30T19:52:32
manzana,DIA,278651,Pera Ercolina bandeja 500 g,"1,00 €",1.0,"(2,00 €/KILO)",2.0,KILO,/frutas/manzanas-y-peras/p/278651,2026-09-30T19:52:32
manzana,DIA,32063,Pera D.O.P. Rincon de soto granel 800 g aprox.,"2,23 €",2.23,"(2,79 €/KILO)",2.79,KILO,/frutas/manzanas-y-peras/p/32063,2026-09-30T19:52:32
manzana,DIA,288690,Bebida de zumo de manzana sin azúcares añadidos Dia Saborfera 1 L,"0,80 €",0.8,"(0,80 €/LITRO)",0.8,LITRO,/zumos-y-smoothies/multifrutas-y-otros-sabores/p/288690,2026-09-30T19:52:32
manzana,DIA,91,Manzana reineta granel 1 Kg aprox.,"2,79 €",2.79,"(2,79 €/KILO)",2.79,KILO,/frutas/manzanas-y-peras/p/91,2026-09-30T19:52:32
manzana,DIA,43228,Zumo de manzana Dia Saborfera pack 6 x 200 ml,"1,30 €",1.3,"(1,08 €/LITRO)",1.08,LITRO,/zumos-y-smoothies/multifrutas-y-otros-sabores/p/43228,2026-09-30T19:52:32
manzana,DIA,294407,Triángulo de manzana El Molino de Dia 105 g,"0,59 €",0.59,"(5,62 €/KILO)",5.62,KILO,/bolleria-reposteria-y-azucar/bolleria-de-horno-dulce/p/294407,2026-09-30T19:52:32
manzana,DIA,281,Zumo de manzana Dia Saborfera 1 L,"0,80 €",0.8,"(0,80 €/LITRO)",0.8,LITRO,/zumos-y-smoothies/multifrutas-y-otros-sabores/p/281,2026-09-30T19:52:32
manzana,DIA,304121,"Puré de manzana, pera y melocotón Dia Fruticampo pack 2 x 130 g","1,45 €",1.45,"(5,58 €/KILO)",5.58,KILO,/infantil/potitos-y-tarritos/p/304121,2026-09-30T19:52:32
manzana,DIA,314496,Pera limonera 500 g,"1,49 €",1.49,"(2,98 €/KILO)",2.98,KILO,/frutas/manzanas-y-peras/p/314496,2026-09-30T19:52:32
manzana,DIA,5821,Pera rocha bandeja 500 g,"1,69 €",1.69,"(3,38 €/KILO)",3.38,KILO,/frutas/manzanas-y-peras/p/5821,2026-09-30T19:52:32
manzana,DIA,305610,Yogur griego sabor manzana y canela 4 x 120 g,"1,92 €",1.92,"(4,00 €/KILO)",4.0,KILO,/yogures-y-postres/yogures-griegos/p/305610,2026-09-30T19:52:32
manzana,DIA,271494,Tarta de manzana Dulcesol 135 g,"1,00 €",1.0,"(7,41 €/KILO)",7.41,KILO,/bolleria-reposteria-y-azucar/magdalenas-y-bolleria-clasica/p/271494,2026-09-30T19:52:32
manzana,DIA,16288,"Refresco de manzana sin gas Dia Upss 1,5 L","1,15 €",1.15,"(0,77 €/LITRO)",0.77,LITRO,/agua-y-refrescos/refrescos-sin-gas/p/16288,2026-09-30T19:52:32
manzana,DIA,310323,Smoothie fresa y plátano Dia Saborfera 250 ml,"1,25 €",1.25,"(5,00 €/LITRO)",5.0,LITRO,/zumos-y-smoothies/smoothies/p/310323,2026-09-30T19:52:32
manzana,DIA,313188,Alimento infantil con puré de manzana y plátano Be Plus 120 g,"0,85 €",0.85,"(7,08 €/KILO)",7.08,KILO,/infantil/bolsitas-y-snacks/p/313188,2026-09-30T19:52:32
manzana,DIA,310322,Smoothie de manzana y jengibre Dia Saborfera 250 ml,"1,25 €",1.25,"(5,00 €/LITRO)",5.0,LITRO,/zumos-y-smoothies/smoothies/p/310322,2026-09-30T19:52:32
manzana,DIA,146298,"Zumo de piña, manzana y uva pack 6 x 200 ml","1,55 €",1.55,"(1,29 €/LITRO)",1.29,LITRO,/zumos-y-smoothies/melocoton-y-pina/p/146298,2026-09-30T19:52:32
manzana,DIA,313519,Aquarius de manzana y kiwi 330 ml,"0,96 €",0.96,"(2,91 €/LITRO)",2.91,LITRO,/agua-y-refrescos/bebidas-isotonicas-y-deportivas/p/313519,2026-09-30T19:52:32
manzana,DIA,221601,Puré de pera y manzana Hero 120 g,"1,67 €",1.67,"(13,92 €/KILO)",13.92,KILO,/infantil/potitos-y-tarritos/p/221601,2026-09-30T19:52:32
manzana,DIA,188896,Zumo de manzana Don Simón 1 L,"1,56 €",1.56,"(1,56 €/LITRO)",1.56,LITRO,/zumos-y-smoothies/multifrutas-y-otros-sabores/p/188896,2026-09-30T19:52:32
manzana,DIA,303702,"Alimento infantil con puré de arándanos, manzana y plátano funny fruits Nestlé 110 g","1,29 €",1.29,"(11,73 €/KILO)",11.73,KILO,/infantil/bolsitas-y-snacks/p/303702,2026-09-30T19:52:32
manzana,DIA,310316,Zumo de frutos rojos Dia Saborfera 500 ml,"1,45 €",1.45,"(2,90 €/LITRO)",2.9,LITRO,/zumos-y-smoothies/multifrutas-y-otros-sabores/p/310316,2026-09-30T19:52:32
manzana,DIA,146291,"Zumo de piña, manzana y uva Dia Saborfera 1 L","1,15 €",1.15,"(1,15 €/LITRO)",1.15,LITRO,/zumos-y-smoothies/melocoton-y-pina/p/146291,2026-09-30T19:52:32
manzana,DIA,248121,Cider Ladrón de manzanas 25 cl,"0,99 €",0.99,"(3,96 €/LITRO)",3.96,LITRO,/cervezas-vinos-y-licores/cavas-y-sidra/p/248121,2026-09-30T19:52:32
plátano,DIA,42070,Banana granel 900 g aprox.,"1,40 €",1.4,"(1,55 €/KILO)",1.55,KILO,/frutas/platanos-y-bananas/p/42070,2026-09-30T19:52:50
plátano,DIA,11468,Plátano de canarias 1 Kg aprox.,"2,50 €",2.5,"(2,50 €/KILO)",2.5,KILO,/frutas/platanos-y-bananas/p/11468,2026-09-30T19:52:50
plátano,DIA,142776,Plátano de Canarias El afortunado 850 g aprox.,"2,54 €",2.54,"(2,99 €/KILO)",2.99,KILO,/frutas/platanos-y-bananas/p/142776,2026-09-30T19:52:50
plátano,DIA,170563,Plátano bio 1 Kg aprox.,"2,99 €",2.99,"(2,99 €/KILO)",2.99,KILO,/frutas/platanos-y-bananas/p/170563,2026-09-30T19:52:50
plátano,DIA,53584,Plátano macho para freír granel 1 Kg aprox.,"2,89 €",2.89,"(2,89 €/KILO)",2.89,KILO,/frutas/platanos-y-bananas/p/53584,2026-09-30T19:52:50
plátano,DIA,43949,Barritas de cereales plátano y chocolate con leche Gran Dia 150 g,"1,79 €",1.79,"(11,93 €/KILO)",11.93,KILO,/galletas-cereales-y-mermeladas/barritas-de-cereales-y-proteinas/p/43949,2026-09-30T19:52:50
plátano,DIA,265288,Petit de fresa y plátano Dia Láctea 6 x 50 g,"0,99 €",0.99,"(3,30 €/KILO)",3.3,KILO,/yogures-y-postres/yogures-y-postres-infantiles/p/265288,2026-09-30T19:52:50
plátano,DIA,313544,Snack de plátano con sal Tortolines 100 g,"1,66 €",1.66,"(16,60 €/KILO)",16.6,KILO,/aperitivos-y-frutos-secos/snacks-vegetales/p/313544,2026-09-30T19:52:50
plátano,DIA,101846,L-Casei fresa-plátano y coco-piña Dia 12 x 100 g,"2,25 €",2.25,"(1,88 €/KILO)",1.88,KILO,/yogures-y-postres/yogures-liquidos/p/101846,2026-09-30T19:52:50
plátano,DIA,254923,Yogur líquido sabor fresa y plátano Dia Láctea 1 Kg,"1,49 €",1.49,"(1,49 €/KILO)",1.49,KILO,/yogures-y-postres/yogures-liquidos/p/254923,2026-09-30T19:52:50
plátano,DIA,313184,"Alimento infantil con puré de manzana, plátano, arándano y avena Be Plus 120 g","0,85 €",0.85,"(7,08 €/KILO)",7.08,KILO,/infantil/bolsitas-y-snacks/p/313184,2026-09-30T19:52:50
plátano,DIA,275251,Yogur sabor plátano Dia Láctea 4 x 125 g,"0,79 €",0.79,"(1,58 €/KILO)",1.58,KILO,/yogures-y-postres/yogures-de-sabores-y-frutas/p/275251,2026-09-30T19:52:50
plátano,DIA,306043,Barritas de cereales con plátano sin azúcares añadidos Gran Dia 150 g,"1,59 €",1.59,"(10,60 €/KILO)",10.6,KILO,/galletas-cereales-y-mermeladas/barritas-de-cereales-y-proteinas/p/306043,2026-09-30T19:52:50
plátano,DIA,100595,Actimel fresa y plátano 6 x 100 g,"4,19 €",4.19,"(6,98 €/KILO)",6.98,KILO,/yogures-y-postres/yogures-liquidos/p/100595,2026-09-30T19:52:50
plátano,DIA,100604,Yogur sabores Dia Láctea 16 x 125 g,"2,40 €",2.4,"(1,20 €/KILO)",1.2,KILO,/yogures-y-postres/yogures-de-sabores-y-frutas/p/100604,2026-09-30T19:52:50
plátano,DIA,292501,Mix de frutas deshidratadas Dia Naturmundo 200 g,"1,90 €",1.9,"(9,50 €/KILO)",9.5,KILO,/aperitivos-y-frutos-secos/frutas-deshidratadas/p/292501,2026-09-30T19:52:50
plátano,DIA,303702,"Alimento infantil con puré de arándanos, manzana y plátano funny fruits Nestlé 110 g","1,29 €",1.29,"(11,73 €/KILO)",11.73,KILO,/infantil/bolsitas-y-snacks/p/303702,2026-09-30T19:52:50
plátano,DIA,203876,Petit de fresa y plátano Danonino 6 x 50 g,"1,45 €",1.45,"(4,83 €/KILO)",4.83,KILO,/yogures-y-postres/yogures-y-postres-infantiles/p/203876,2026-09-30T19:52:50
plátano,DIA,303676,Bebida de yogur sabor fresa y plátano alta en proteínas Dia Láctea 250 ml,"1,25 €",1.25,"(5,00 €/LITRO)",5.0,LITRO,/yogures-y-postres/postres-y-batidos-de-proteinas/p/303676,2026-09-30T19:52:50
plátano,DIA,289587,Champú plátano Dia Imaqe Fruit Revolution 400 ml,"2,49 €",2.49,"(0,62 €/100 ML.)",0.62,,/cabello-y-perfumeria/champu/p/289587,2026-09-30T19:52:50
plátano,DIA,290122,Mascarilla platáno Dia Imaqe Fruit Revolution 300 ml,"2,89 €",2.89,"(0,96 €/100 ML.)",0.96,,/cabello-y-perfumeria/acondicionadores-y-mascarillas/p/290122,2026-09-30T19:52:50
plátano,DIA,310321,Smoothie tropical con mango Dia Saborfera 250 ml,"1,25 €",1.25,"(5,00 €/LITRO)",5.0,LITRO,/zumos-y-smoothies/smoothies/p/310321,2026-09-30T19:52:50
plátano,DIA,309233,Zumo de plátano y maracuyá Dia Saborfera 1 L,"1,50 €",1.5,"(1,50 €/LITRO)",1.5,LITRO,/zumos-y-smoothies/multifrutas-y-otros-sabores/p/309233,2026-09-30T19:52:50
plátano,DIA,313189,Alimento infantil con puré de fresa y plátano Be Plus 120 g,"0,85 €",0.85,"(7,08 €/KILO)",7.08,KILO,/infantil/bolsitas-y-snacks/p/313189,2026-09-30T19:52:50
plátano,DIA,313188,Alimento infantil con puré de manzana y plátano Be Plus 120 g,"0,85 €",0.85,"(7,08 €/KILO)",7.08,KILO,/infantil/bolsitas-y-snacks/p/313188,2026-09-30T19:52:50
plátano,DIA,309231,Bebida de zumo con frambuesa antiox Dia Saborfera 330 ml,"0,75 €",0.75,"(2,27 €/LITRO)",2.27,LITRO,/zumos-y-smoothies/multifrutas-y-otros-sabores/p/309231,2026-09-30T19:52:50
plátano,DIA,312688,Barrita de cereales chocolate y banana Corny 50 g,"1,00 €",1.0,"(20,00 €/KILO)",20.0,KILO,/galletas-cereales-y-mermeladas/barritas-de-cereales-y-proteinas/p/312688,2026-09-30T19:52:50
plátano,DIA,310461,Limonada con plátano Dia Saborfera 1 L,"1,19 €",1.19,"(1,19 €/LITRO)",1.19,LITRO,/zumos-y-smoothies/limonadas/p/310461,2026-09-30T19:52:50
plátano,DIA,312579,Banana cubierta de chocolate con leche Dia Naturmundo 125 g,"2,55 €",2.55,"(20,40 €/KILO)",20.4,KILO,/aperitivos-y-frutos-secos/frutas-deshidratadas/p/312579,2026-09-30T19:52:50
plátano,DIA,310323,Smoothie fresa y plátano Dia Saborfera 250 ml,"1,25 €",1.25,"(5,00 €/LITRO)",5.0,LITRO,/zumos-y-smoothies/smoothies/p/310323,2026-09-30T19:52:50
tomate,DIA,191011,Tomate pera bandeja 500 g,"1,89 €",1.89,"(3,78 €/KILO)",3.78,KILO,/verduras/tomates-pimientos-y-pepinos/p/191011,2026-09-30T19:53:08
tomate,DIA,128657,Tomate frito Dia Vegecampo 3 x 390 g,"1,32 €",1.32,"(1,13 €/KILO)",1.13,KILO,/aceites-salsas-y-especias/salsas-de-tomate-y-pasta/p/128657,2026-09-30T19:53:08
tomate,DIA,110,Tomate ensalada granel 1 Kg aprox.,"2,99 €",2.99,"(2,99 €/KILO)",2.99,KILO,/verduras/tomates-pimientos-y-pepinos/p/110,2026-09-30T19:53:08
tomate,DIA,326,Tomate triturado Dia Vegecampo 400 g,"0,55 €",0.55,"(1,38 €/KILO)",1.38,KILO,/aceites-salsas-y-especias/salsas-de-tomate-y-pasta/p/326,2026-09-30T19:53:08
tomate,DIA,161628,Tomates cherry pera bandeja 250 g,"1,49 €",1.49,"(5,96 €/KILO)",5.96,KILO,/verduras/tomates-pimientos-y-pepinos/p/161628,2026-09-30T19:53:08
tomate,DIA,45863,Tomate pera granel 900 g aprox.,"2,69 €",2.69,"(2,99 €/KILO)",2.99,KILO,/verduras/tomates-pimientos-y-pepinos/p/45863,2026-09-30T19:53:08
tomate,DIA,307915,Tomate Monterosa bandeja 500 g,"2,49 €",2.49,"(4,98 €/KILO)",4.98,KILO,/verduras/tomates-pimientos-y-pepinos/p/307915,2026-09-30T19:53:08
tomate,DIA,272686,Tomate canario malla 750 g,"1,99 €",1.99,"(2,65 €/KILO)",2.65,KILO,/verduras/tomates-pimientos-y-pepinos/p/272686,2026-09-30T19:53:08
tomate,DIA,13105,Tomate triturado Dia Vegecampo 800 g,"1,00 €",1.0,"(1,25 €/KILO)",1.25,KILO,/aceites-salsas-y-especias/salsas-de-tomate-y-pasta/p/13105,2026-09-30T19:53:08
tomate,DIA,109,Tomate en rama granel 1 Kg aprox.,"2,99 €",2.99,"(2,99 €/KILO)",2.99,KILO,/verduras/tomates-pimientos-y-pepinos/p/109,2026-09-30T19:53:08
tomate,DIA,1221,Tomate frito Dia Vegecampo 3 x 215 g,"0,95 €",0.95,"(1,47 €/KILO)",1.47,KILO,/aceites-salsas-y-especias/salsas-de-tomate-y-pasta/p/1221,2026-09-30T19:53:08
tomate,DIA,278354,Tomate rallado natural con aceite de oliva La gergaleña 200 g,"1,45 €",1.45,"(7,25 €/KILO)",7.25,KILO,/verduras/tomates-pimientos-y-pepinos/p/278354,2026-09-30T19:53:08
tomate,DIA,10677,Tomate frito Dia Vegecampo 550 g,"0,89 €",0.89,"(1,62 €/KILO)",1.62,KILO,/aceites-salsas-y-especias/salsas-de-tomate-y-pasta/p/10677,2026-09-30T19:53:08
tomate,DIA,279682,Tomate azul bandeja 400 g,"2,29 €",2.29,"(5,73 €/KILO)",5.73,KILO,/verduras/tomates-pimientos-y-pepinos/p/279682,2026-09-30T19:53:08
tomate,DIA,45500,Tomate frito casero Dia Vegecampo 350 g,"1,11 €",1.11,"(3,17 €/KILO)",3.17,KILO,/aceites-salsas-y-especias/salsas-de-tomate-y-pasta/p/45500,2026-09-30T19:53:08
tomate,DIA,146690,Tomates cherry bandeja 400 g,"2,49 €",2.49,"(6,23 €/KILO)",6.23,KILO,/verduras/tomates-pimientos-y-pepinos/p/146690,2026-09-30T19:53:08
tomate,DIA,116,Pimiento verde freír granel 500 g aprox.,"1,50 €",1.5,"(2,99 €/KILO)",2.99,KILO,/verduras/tomates-pimientos-y-pepinos/p/116,2026-09-30T19:53:08
tomate,DIA,10687,Tomate troceado Dia Vegecampo 400 g,"0,68 €",0.68,"(1,70 €/KILO)",1.7,KILO,/aceites-salsas-y-especias/salsas-de-tomate-y-pasta/p/10687,2026-09-30T19:53:08
tomate,DIA,272355,Pepino granel 1 Kg aprox.,"1,99 €",1.99,"(1,99 €/KILO)",1.99,KILO,/verduras/tomates-pimientos-y-pepinos/p/272355,2026-09-30T19:53:08
tomate,DIA,5616,Tomate entero pelado Dia Vegecampo 480 g,"1,35 €",1.35,"(2,81 €/KILO)",2.81,KILO,/aceites-salsas-y-especias/salsas-de-tomate-y-pasta/p/5616,2026-09-30T19:53:08
tomate,DIA,101722,Tomate frito estilo casero Hida 340 g,"1,57 €",1.57,"(4,62 €/KILO)",4.62,KILO,/aceites-salsas-y-especias/salsas-de-tomate-y-pasta/p/101722,2026-09-30T19:53:08
tomate,DIA,280064,Tomate frito receta tradicional Dia Vegecampo 550 g,"1,96 €",1.96,"(3,56 €/KILO)",3.56,KILO,/aceites-salsas-y-especias/salsas-de-tomate-y-pasta/p/280064,2026-09-30T19:53:08
tomate,DIA,111055,Pisto con aceite de oliva Dia Vegecampo 350 g,"1,20 €",1.2,"(3,43 €/KILO)",3.43,KILO,/aceites-salsas-y-especias/salsas-de-tomate-y-pasta/p/111055,2026-09-30T19:53:08
tomate,DIA,310379,Tomate maravilla 500 g,"2,29 €",2.29,"(4,58 €/KILO)",4.58,KILO,/verduras/tomates-pimientos-y-pepinos/p/310379,2026-09-30T19:53:08
tomate,DIA,267137,Pisto de verduras con tomate Dia Al Punto 450 g,"1,99 €",1.99,"(4,42 €/KILO)",4.42,KILO,/congelados-y-helados/verduras-y-patatas/p/267137,2026-09-30T19:53:08
tomate,DIA,310285,Tomate frito con aceite de oliva Dia Vegecampo 3 x 215 g,"1,12 €",1.12,"(1,74 €/KILO)",1.74,KILO,/aceites-salsas-y-especias/salsas-de-tomate-y-pasta/p/310285,2026-09-30T19:53:08
tomate,DIA,286118,Tomate seco en aceite Dia Vegecampo 110 g,"2,15 €",2.15,"(19,55 €/KILO)",19.55,KILO,/conservas-caldos-y-cremas/conservas-de-verdura/p/286118,2026-09-30T19:53:08
tomate,DIA,102283,Pimientos tricolor 500 g,"1,99 €",1.99,"(3,98 €/KILO)",3.98,KILO,/verduras/tomates-pimientos-y-pepinos/p/102283,2026-09-30T19:53:08
tomate,DIA,302308,Tomate frito 0% azúcares añadidos Dia Vegecampo 390 g,"0,69 €",0.69,"(1,77 €/KILO)",1.77,KILO,/aceites-salsas-y-especias/salsas-de-tomate-y-pasta/p/302308,2026-09-30T19:53:08
tomate,DIA,4853,Ketchup Dia Salseo 560 g,"0,98 €",0.98,"(1,75 €/KILO)",1.75,KILO,/aceites-salsas-y-especias/ketchup-mayonesa-y-mostaza/p/4853,2026-09-30T19:53:08
arroz,DIA,151,Arroz extra Dia Arrozona 1 Kg,"1,15 €",1.15,"(1,15 €/KILO)",1.15,KILO,/arroz-pastas-y-legumbres/arroz/p/151,2026-09-30T19:53:27
arroz,DIA,5873,Arroz largo Dia Arrozona 1 Kg,"1,20 €",1.2,"(1,20 €/KILO)",1.2,KILO,/arroz-pastas-y-legumbres/arroz/p/5873,2026-09-30T19:53:27
arroz,DIA,250021,Vasos de arroz Dia Al Punto 2 x 125 g,"1,05 €",1.05,"(4,20 €/KILO)",4.2,KILO,/arroz-pastas-y-legumbres/arroz/p/250021,2026-09-30T19:53:27
arroz,DIA,21415,Arroz redondo SOS 1 Kg,"1,88 €",1.88,"(1,88 €/KILO)",1.88,KILO,/arroz-pastas-y-legumbres/arroz/p/21415,2026-09-30T19:53:27
arroz,DIA,28809,Arroz vaporizado Dia Arrozona 1 Kg,"1,55 €",1.55,"(1,55 €/KILO)",1.55,KILO,/arroz-pastas-y-legumbres/arroz/p/28809,2026-09-30T19:53:27
arroz,DIA,267141,Arroz tres delicias Dia Al Punto 850 g,"2,42 €",2.42,"(2,85 €/KILO)",2.85,KILO,/congelados-y-helados/arroces-y-pasta/p/267141,2026-09-30T19:53:27
arroz,DIA,1232,Garbanzos cocidos Dia Vegecampo 400 g,"0,80 €",0.8,"(2,00 €/KILO)",2.0,KILO,/arroz-pastas-y-legumbres/garbanzos-y-alubias/p/1232,2026-09-30T19:53:27
arroz,DIA,60069,Vasos de arroz basmati Brillante 2 x 125 g,"1,35 €",1.35,"(5,40 €/KILO)",5.4,KILO,/arroz-pastas-y-legumbres/arroz/p/60069,2026-09-30T19:53:27
arroz,DIA,145913,Vasos de arroz integral Brillante 2 x 125 g,"1,25 €",1.25,"(5,00 €/KILO)",5.0,KILO,/arroz-pastas-y-legumbres/arroz/p/145913,2026-09-30T19:53:27
arroz,DIA,142599,Arroz redondo Sabroz Brillante 1 Kg,"2,79 €",2.79,"(2,79 €/KILO)",2.79,KILO,/arroz-pastas-y-legumbres/arroz/p/142599,2026-09-30T19:53:27
arroz,DIA,53397,Arroz basmati Dia Selección Mundial 1 Kg,"2,10 €",2.1,"(2,10 €/KILO)",2.1,KILO,/arroz-pastas-y-legumbres/arroz/p/53397,2026-09-30T19:53:27
arroz,DIA,304384,Gnocchi de patata Dia Selección Mundial 500 g,"1,00 €",1.0,"(2,00 €/KILO)",2.0,KILO,/arroz-pastas-y-legumbres/pastas-rellenas-y-en-salsa/p/304384,2026-09-30T19:53:27
arroz,DIA,85630,Arroz con leche Dia Caprichoso 4 x 125 g,"1,25 €",1.25,"(2,50 €/KILO)",2.5,KILO,/yogures-y-postres/natillas-flan-y-arroz-con-leche/p/85630,2026-09-30T19:53:27
arroz,DIA,1233,Alubias blancas cocidas Dia Vegecampo 400 g,"0,75 €",0.75,"(1,88 €/KILO)",1.88,KILO,/arroz-pastas-y-legumbres/garbanzos-y-alubias/p/1233,2026-09-30T19:53:27
arroz,DIA,52208,Espagueti Dia Al Diante 1 Kg,"1,15 €",1.15,"(1,15 €/KILO)",1.15,KILO,/arroz-pastas-y-legumbres/macarrones-espaguetis-y-pastas-secas/p/52208,2026-09-30T19:53:27
arroz,DIA,105814,Flan de vainilla Dia Caprichoso 6 x 100 g,"1,10 €",1.1,"(1,83 €/KILO)",1.83,KILO,/yogures-y-postres/natillas-flan-y-arroz-con-leche/p/105814,2026-09-30T19:53:27
arroz,DIA,61996,Arroz integral Dia Arrozona 1 Kg,"1,65 €",1.65,"(1,65 €/KILO)",1.65,KILO,/arroz-pastas-y-legumbres/arroz/p/61996,2026-09-30T19:53:27
arroz,DIA,303314,Risotto con setas Dia Al Punto 330 g,"1,89 €",1.89,"(5,73 €/KILO)",5.73,KILO,/congelados-y-helados/arroces-y-pasta/p/303314,2026-09-30T19:53:27
arroz,DIA,303311,Arroz de marisco Dia Al Punto 330 g,"1,99 €",1.99,"(6,03 €/KILO)",6.03,KILO,/congelados-y-helados/arroces-y-pasta/p/303311,2026-09-30T19:53:27
arroz,DIA,28055,Arroz vaporizado Brillante 1 Kg,"1,99 €",1.99,"(1,99 €/KILO)",1.99,KILO,/arroz-pastas-y-legumbres/arroz/p/28055,2026-09-30T19:53:27
arroz,DIA,268896,Garbanzos cocidos pedrosillanos Dia Vegecampo 400 g,"0,90 €",0.9,"(2,25 €/KILO)",2.25,KILO,/arroz-pastas-y-legumbres/garbanzos-y-alubias/p/268896,2026-09-30T19:53:27
arroz,DIA,189013,Vasos de arroz redondo Brillante 2 x 200 g,"2,45 €",2.45,"(6,13 €/KILO)",6.13,KILO,/arroz-pastas-y-legumbres/arroz/p/189013,2026-09-30T19:53:27
arroz,DIA,50973,Macarrones Dia Al Diante 1 Kg,"1,15 €",1.15,"(1,15 €/KILO)",1.15,KILO,/arroz-pastas-y-legumbres/macarrones-espaguetis-y-pastas-secas/p/50973,2026-09-30T19:53:27
arroz,DIA,258837,Noodles de arroz Dia Selección Mundial 200 g,"1,45 €",1.45,"(7,25 €/KILO)",7.25,KILO,/arroz-pastas-y-legumbres/noodles/p/258837,2026-09-30T19:53:27
arroz,DIA,58809,Lentejas cocidas Dia Vegecampo 400 g,"0,90 €",0.9,"(2,25 €/KILO)",2.25,KILO,/arroz-pastas-y-legumbres/lentejas/p/58809,2026-09-30T19:53:27
arroz,DIA,303313,Arroz negro Dia Al Punto 330 g,"1,99 €",1.99,"(6,03 €/KILO)",6.03,KILO,/congelados-y-helados/arroces-y-pasta/p/303313,2026-09-30T19:53:27
arroz,DIA,310498,Vasos de arroz con lentejas Dia Al Punto 2 x 150 g,"1,45 €",1.45,"(5,80 €/KILO)",5.8,KILO,/arroz-pastas-y-legumbres/arroz/p/310498,2026-09-30T19:53:27
arroz,DIA,301911,Preparado para fideuá y arroces sin cáscara Dia Mari Marinera 450 g,"3,99 €",3.99,"(8,87 €/KILO)",8.87,KILO,/pescados-y-mariscos/marisco-gamba-y-calamar/p/301911,2026-09-30T19:53:27
arroz,DIA,218533,Noodles sabor pollo Dia Al Punto 65 g,"0,89 €",0.89,"(13,69 €/KILO)",13.69,KILO,/arroz-pastas-y-legumbres/noodles/p/218533,2026-09-30T19:53:27
arroz,DIA,1127,Pasta de tiburones Dia Al Diante 500 g,"0,80 €",0.8,"(1,60 €/KILO)",1.6,KILO,/arroz-pastas-y-legumbres/macarrones-espaguetis-y-pastas-secas/p/1127,2026-09-30T19:53:27
pasta,DIA,310271,Hélices vegetales Dia Al Diante 1 Kg,"1,45 €",1.45,"(1,45 €/KILO)",1.45,KILO,/arroz-pastas-y-legumbres/macarrones-espaguetis-y-pastas-secas/p/310271,2026-09-30T19:53:47
pasta,DIA,52208,Espagueti Dia Al Diante 1 Kg,"1,15 €",1.15,"(1,15 €/KILO)",1.15,KILO,/arroz-pastas-y-legumbres/macarrones-espaguetis-y-pastas-secas/p/52208,2026-09-30T19:53:47
pasta,DIA,1127,Pasta de tiburones Dia Al Diante 500 g,"0,80 €",0.8,"(1,60 €/KILO)",1.6,KILO,/arroz-pastas-y-legumbres/macarrones-espaguetis-y-pastas-secas/p/1127,2026-09-30T19:53:47
pasta,DIA,50973,Macarrones Dia Al Diante 1 Kg,"1,15 €",1.15,"(1,15 €/KILO)",1.15,KILO,/arroz-pastas-y-legumbres/macarrones-espaguetis-y-pastas-secas/p/50973,2026-09-30T19:53:47
pasta,DIA,305753,Pajaritas vegetales Dia Al Diante 500 g,"0,90 €",0.9,"(1,80 €/KILO)",1.8,KILO,/arroz-pastas-y-legumbres/macarrones-espaguetis-y-pastas-secas/p/305753,2026-09-30T19:53:47
pasta,DIA,312940,Maccheroni La molisana 500 g,"1,55 €",1.55,"(3,10 €/KILO)",3.1,KILO,/arroz-pastas-y-legumbres/macarrones-espaguetis-y-pastas-secas/p/312940,2026-09-30T19:53:47
pasta,DIA,128657,Tomate frito Dia Vegecampo 3 x 390 g,"1,32 €",1.32,"(1,13 €/KILO)",1.13,KILO,/aceites-salsas-y-especias/salsas-de-tomate-y-pasta/p/128657,2026-09-30T19:53:47
pasta,DIA,74729,Tallarines Dia Al Diante 500 g,"0,80 €",0.8,"(1,60 €/KILO)",1.6,KILO,/arroz-pastas-y-legumbres/macarrones-espaguetis-y-pastas-secas/p/74729,2026-09-30T19:53:47
pasta,DIA,304384,Gnocchi de patata Dia Selección Mundial 500 g,"1,00 €",1.0,"(2,00 €/KILO)",2.0,KILO,/arroz-pastas-y-legumbres/pastas-rellenas-y-en-salsa/p/304384,2026-09-30T19:53:47
pasta,DIA,290664,Macarrones rayados Dia Al Diante 500 g,"0,80 €",0.8,"(1,60 €/KILO)",1.6,KILO,/arroz-pastas-y-legumbres/macarrones-espaguetis-y-pastas-secas/p/290664,2026-09-30T19:53:47
pasta,DIA,1232,Garbanzos cocidos Dia Vegecampo 400 g,"0,80 €",0.8,"(2,00 €/KILO)",2.0,KILO,/arroz-pastas-y-legumbres/garbanzos-y-alubias/p/1232,2026-09-30T19:53:47
pasta,DIA,263635,Queso en polvo Dia Láctea 150 g,"1,25 €",1.25,"(8,33 €/KILO)",8.33,KILO,/quesos/rallado/p/263635,2026-09-30T19:53:47
pasta,DIA,182969,Queso rallado Grana Padano D.O.P. Dia Selección Mundial 100 g,"1,65 €",1.65,"(16,50 €/KILO)",16.5,KILO,/quesos/rallado/p/182969,2026-09-30T19:53:47
pasta,DIA,313669,Fusilli La Molisana 500 g,"1,55 €",1.55,"(3,10 €/KILO)",3.1,KILO,/arroz-pastas-y-legumbres/macarrones-espaguetis-y-pastas-secas/p/313669,2026-09-30T19:53:47
pasta,DIA,515,Fideo cabellín Dia Al Diante 500 g,"0,80 €",0.8,"(1,60 €/KILO)",1.6,KILO,/arroz-pastas-y-legumbres/fideos/p/515,2026-09-30T19:53:47
pasta,DIA,1221,Tomate frito Dia Vegecampo 3 x 215 g,"0,95 €",0.95,"(1,47 €/KILO)",1.47,KILO,/aceites-salsas-y-especias/salsas-de-tomate-y-pasta/p/1221,2026-09-30T19:53:47
pasta,DIA,188626,Tagliatelle nido Garofalo 500 g,"2,99 €",2.99,"(5,98 €/KILO)",5.98,KILO,/arroz-pastas-y-legumbres/macarrones-espaguetis-y-pastas-secas/p/188626,2026-09-30T19:53:47
pasta,DIA,140744,Volantinas con queso Dia Al Punto 145 g,"0,99 €",0.99,"(6,83 €/KILO)",6.83,KILO,/arroz-pastas-y-legumbres/pastas-rellenas-y-en-salsa/p/140744,2026-09-30T19:53:47
pasta,DIA,267141,Arroz tres delicias Dia Al Punto 850 g,"2,42 €",2.42,"(2,85 €/KILO)",2.85,KILO,/congelados-y-helados/arroces-y-pasta/p/267141,2026-09-30T19:53:47
pasta,DIA,188253,Pasta radiatori Garofalo 500 g,"1,84 €",1.84,"(3,68 €/KILO)",3.68,KILO,/arroz-pastas-y-legumbres/macarrones-espaguetis-y-pastas-secas/p/188253,2026-09-30T19:53:47
pasta,DIA,326,Tomate triturado Dia Vegecampo 400 g,"0,55 €",0.55,"(1,38 €/KILO)",1.38,KILO,/aceites-salsas-y-especias/salsas-de-tomate-y-pasta/p/326,2026-09-30T19:53:47
pasta,DIA,6265,Fideuá Dia Al Diante 500 g,"0,80 €",0.8,"(1,60 €/KILO)",1.6,KILO,/arroz-pastas-y-legumbres/fideos/p/6265,2026-09-30T19:53:47
pasta,DIA,309969,Tortelloni prosciutto Dia Al Diante 250 g,"1,49 €",1.49,"(5,96 €/KILO)",5.96,KILO,/arroz-pastas-y-legumbres/pastas-rellenas-y-en-salsa/p/309969,2026-09-30T19:53:47
pasta,DIA,275006,Pasta penne Dia Selección Mundial 500 g,"1,39 €",1.39,"(2,78 €/KILO)",2.78,KILO,/arroz-pastas-y-legumbres/macarrones-espaguetis-y-pastas-secas/p/275006,2026-09-30T19:53:47
pasta,DIA,277305,Macarrones integrales Dia Al Diante 500 g,"1,15 €",1.15,"(2,30 €/KILO)",2.3,KILO,/arroz-pastas-y-legumbres/macarrones-espaguetis-y-pastas-secas/p/277305,2026-09-30T19:53:47
pasta,DIA,1233,Alubias blancas cocidas Dia Vegecampo 400 g,"0,75 €",0.75,"(1,88 €/KILO)",1.88,KILO,/arroz-pastas-y-legumbres/garbanzos-y-alubias/p/1233,2026-09-30T19:53:47
pasta,DIA,280322,Rigatoni La molisana 500 g,"1,79 €",1.79,"(3,58 €/KILO)",3.58,KILO,/arroz-pastas-y-legumbres/macarrones-espaguetis-y-pastas-secas/p/280322,2026-09-30T19:53:47
pasta,DIA,310259,Espirales 100% de garbanzo Dia Al Diante 250 g,"1,65 €",1.65,"(6,60 €/KILO)",6.6,KILO,/arroz-pastas-y-legumbres/macarrones-espaguetis-y-pastas-secas/p/310259,2026-09-30T19:53:47
pasta,DIA,290665,Fideo grueso Dia Al Diante 500 g,"0,80 €",0.8,"(1,60 €/KILO)",1.6,KILO,/arroz-pastas-y-legumbres/fideos/p/290665,2026-09-30T19:53:47
pasta,DIA,310258,Margaritas vegetales Dia Al Diante 500 g,"0,90 €",0.9,"(1,80 €/KILO)",1.8,KILO,/arroz-pastas-y-legumbres/macarrones-espaguetis-y-pastas-secas/p/310258,2026-09-30T19:53:47
pan,DIA,38109,Barra de pan Diana El Molino de Dia 250 g,"0,50 €",0.5,"(2,00 €/KILO)",2.0,KILO,/panaderia/pan-recien-horneado/p/38109,2026-09-30T19:54:06
pan,DIA,309605,Panecillos 8 unidades El Molino de Dia 360 g,"1,00 €",1.0,"(2,78 €/KILO)",2.78,KILO,/panaderia/pan-de-molde-y-especiales/p/309605,2026-09-30T19:54:06
pan,DIA,77955,Pan de molde blanco El Molino de Dia 820 g,"1,15 €",1.15,"(1,40 €/KILO)",1.4,KILO,/panaderia/pan-de-molde-y-especiales/p/77955,2026-09-30T19:54:06
pan,DIA,295264,Hogaza El Molino de Dia 350 g,"0,99 €",0.99,"(2,83 €/KILO)",2.83,KILO,/panaderia/pan-recien-horneado/p/295264,2026-09-30T19:54:06
pan,DIA,48666,Pan de molde blanco sin corteza El Molino de Dia 450 g,"1,05 €",1.05,"(2,33 €/KILO)",2.33,KILO,/panaderia/pan-de-molde-y-especiales/p/48666,2026-09-30T19:54:06
pan,DIA,210479,Hogaza de centeno y avena El Molino de Dia 500 g,"1,94 €",1.94,"(3,88 €/KILO)",3.88,KILO,/panaderia/pan-de-molde-y-especiales/p/210479,2026-09-30T19:54:06
pan,DIA,277709,Pan de pipas Dia Naturmundo 90 g,"0,79 €",0.79,"(9,52 €/KILO)",9.52,KILO,/panaderia/pan-rallado-tostado-y-picos/p/277709,2026-09-30T19:54:06
pan,DIA,309631,Pan de molde espelta integral El Molino de Dia 400 g,"1,29 €",1.29,"(3,23 €/KILO)",3.23,KILO,/panaderia/pan-de-molde-y-especiales/p/309631,2026-09-30T19:54:06
pan,DIA,121237,Pan de picos El Molino de Dia 260 g,"0,69 €",0.69,"(2,65 €/KILO)",2.65,KILO,/panaderia/pan-recien-horneado/p/121237,2026-09-30T19:54:06
pan,DIA,13356,Tortillas de trigo Dia Al Punto 320 g,"1,02 €",1.02,"(3,19 €/KILO)",3.19,KILO,/panaderia/tortillas-de-trigo-y-pitas/p/13356,2026-09-30T19:54:06
pan,DIA,66939,Barra de pan peregrina El Molino de Dia 250 g,"0,75 €",0.75,"(3,00 €/KILO)",3.0,KILO,/panaderia/pan-recien-horneado/p/66939,2026-09-30T19:54:06
pan,DIA,266075,Pan de molde trigo integral El Molino de Dia 820 g,"1,29 €",1.29,"(1,57 €/KILO)",1.57,KILO,/panaderia/pan-de-molde-y-especiales/p/266075,2026-09-30T19:54:06
pan,DIA,277674,Chapata de cristal 2 unidades Cristallino 190 g,"1,69 €",1.69,"(8,89 €/KILO)",8.89,KILO,/panaderia/pan-de-molde-y-especiales/p/277674,2026-09-30T19:54:06
pan,DIA,288023,Pan de leche El Molino de Dia 350 g,"1,35 €",1.35,"(3,86 €/KILO)",3.86,KILO,/bolleria-reposteria-y-azucar/magdalenas-y-bolleria-clasica/p/288023,2026-09-30T19:54:06
pan,DIA,210477,Hogaza con pipas de calabaza El Molino de Dia 500 g,"1,34 €",1.34,"(2,68 €/KILO)",2.68,KILO,/panaderia/pan-de-molde-y-especiales/p/210477,2026-09-30T19:54:06
pan,DIA,297061,Pan de molde alto en proteínas El Molino de Dia 400 g,"1,99 €",1.99,"(4,98 €/KILO)",4.98,KILO,/panaderia/pan-de-molde-y-especiales/p/297061,2026-09-30T19:54:06
pan,DIA,169479,Barra de pan El Molino de Dia 125 g,"0,29 €",0.29,"(2,32 €/KILO)",2.32,KILO,/panaderia/pan-recien-horneado/p/169479,2026-09-30T19:54:06
pan,DIA,209604,Barra 8 cereales El Molino de Dia 210 g,"0,85 €",0.85,"(4,05 €/KILO)",4.05,KILO,/panaderia/pan-recien-horneado/p/209604,2026-09-30T19:54:06
pan,DIA,297060,Pan de hamburguesa brioche El Molino de Dia 300 g,"1,69 €",1.69,"(5,63 €/KILO)",5.63,KILO,/panaderia/pan-para-hamburguesas-y-perritos/p/297060,2026-09-30T19:54:06
pan,DIA,40814,Baguette El Molino de Dia 250 g,"0,53 €",0.53,"(2,12 €/KILO)",2.12,KILO,/panaderia/pan-recien-horneado/p/40814,2026-09-30T19:54:06
pan,DIA,267307,Panecillo kaiser El Molino de Dia 65 g,"0,25 €",0.25,"(3,85 €/KILO)",3.85,KILO,/panaderia/pan-recien-horneado/p/267307,2026-09-30T19:54:06
pan,DIA,230230,Pan de molde con masa madre The rustik bakery 400 g,"3,19 €",3.19,"(7,98 €/KILO)",7.98,KILO,/panaderia/pan-de-molde-y-especiales/p/230230,2026-09-30T19:54:06
pan,DIA,74397,Pan de molde trigo integral sin corteza El Molino de Dia 450 g,"1,10 €",1.1,"(2,44 €/KILO)",2.44,KILO,/panaderia/pan-de-molde-y-especiales/p/74397,2026-09-30T19:54:06
pan,DIA,157982,Chapata El Molino de Dia 300 g,"0,69 €",0.69,"(2,30 €/KILO)",2.3,KILO,/panaderia/pan-recien-horneado/p/157982,2026-09-30T19:54:06
pan,DIA,262319,Panecillo rústico El Molino de Dia 80 g,"0,29 €",0.29,"(3,63 €/KILO)",3.63,KILO,/panaderia/pan-recien-horneado/p/262319,2026-09-30T19:54:06
pan,DIA,310002,Pan de hamburguesa brioche El Molino de Dia 150 g,"1,00 €",1.0,"(6,67 €/KILO)",6.67,KILO,/panaderia/pan-para-hamburguesas-y-perritos/p/310002,2026-09-30T19:54:06
pan,DIA,274756,Pan pepito El Molino de Dia 50 g,"0,20 €",0.2,"(4,00 €/KILO)",4.0,KILO,/panaderia/pan-recien-horneado/p/274756,2026-09-30T19:54:06
pan,DIA,220180,Pan de sandwich con cereales y semillas El Molino de Dia 310 g,"1,49 €",1.49,"(4,81 €/KILO)",4.81,KILO,/panaderia/pan-de-molde-y-especiales/p/220180,2026-09-30T19:54:06
pan,DIA,185169,Pan candeal grande El Molino de Dia 500 g,"1,29 €",1.29,"(2,58 €/KILO)",2.58,KILO,/panaderia/pan-recien-horneado/p/185169,2026-09-30T19:54:06
pan,DIA,5528,Picos de pan El Molino de Dia 250 g,"0,79 €",0.79,"(3,16 €/KILO)",3.16,KILO,/panaderia/pan-rallado-tostado-y-picos/p/5528,2026-09-30T19:54:06
pollo,DIA,261371,Pechuga de pollo entera formato familiar Selección de Dia 1.3 Kg aprox.,"8,44 €",8.44,"(6,49 €/KILO)",6.49,KILO,/carnes/pollo/p/261371,2026-09-30T19:54:25
pollo,DIA,18036,Cuartos traseros de pollo Selección de Dia 900 g aprox.,"3,14 €",3.14,"(3,49 €/KILO)",3.49,KILO,/carnes/pollo/p/18036,2026-09-30T19:54:25
pollo,DIA,21977,Pechugas fileteadas Selección de Dia bandeja 650 g aprox.,"5,19 €",5.19,"(7,99 €/KILO)",7.99,KILO,/carnes/pollo/p/21977,2026-09-30T19:54:25
pollo,DIA,4211,Jamoncitos de pollo Selección de Dia 1 Kg aprox.,"3,79 €",3.79,"(3,79 €/KILO)",3.79,KILO,/carnes/pollo/p/4211,2026-09-30T19:54:25
pollo,DIA,261354,Solomillos de pollo Selección de Dia 550 g aprox.,"4,78 €",4.78,"(8,69 €/KILO)",8.69,KILO,/carnes/pollo/p/261354,2026-09-30T19:54:25
pollo,DIA,6423,Pollo entero Selección de Dia 2.1 Kg aprox.,"7,35 €",7.35,"(3,50 €/KILO)",3.5,KILO,/carnes/pollo/p/6423,2026-09-30T19:54:25
pollo,DIA,41736,Filetes de contramuslo de pollo Selección de Dia 600 g aprox.,"4,19 €",4.19,"(6,99 €/KILO)",6.99,KILO,/carnes/pollo/p/41736,2026-09-30T19:54:25
pollo,DIA,275700,Longaniza de pollo Selección de Dia 400 g,"2,99 €",2.99,"(7,48 €/KILO)",7.48,KILO,/carnes/pollo/p/275700,2026-09-30T19:54:25
pollo,DIA,17936,Pechugas enteras de pollo Selección de Dia 700 g aprox.,"4,89 €",4.89,"(6,99 €/KILO)",6.99,KILO,/carnes/pollo/p/17936,2026-09-30T19:54:25
pollo,DIA,50844,Pechuga de pollo corte fino Selección de Dia 600 g aprox.,"4,19 €",4.19,"(6,99 €/KILO)",6.99,KILO,/carnes/pollo/p/50844,2026-09-30T19:54:25
pollo,DIA,54127,Caldo de pollo Dia Al Punto 1 L,"0,75 €",0.75,"(0,75 €/LITRO)",0.75,LITRO,/conservas-caldos-y-cremas/caldos-y-sopas/p/54127,2026-09-30T19:54:25
pollo,DIA,172789,Pollo para asar 2 unidades Selección de Dia 2 Kg,"7,99 €",7.99,"(4,00 €/KILO)",4.0,KILO,/carnes/pollo/p/172789,2026-09-30T19:54:25
pollo,DIA,261388,Medio pollo troceado Selección de Dia 900 g aprox.,"3,77 €",3.77,"(4,19 €/KILO)",4.19,KILO,/carnes/pollo/p/261388,2026-09-30T19:54:25
pollo,DIA,266078,Solomillos de pollo empanado Selección de Dia 600 g aprox.,"5,39 €",5.39,"(8,99 €/KILO)",8.99,KILO,/carnes/pollo/p/266078,2026-09-30T19:54:25
pollo,DIA,261367,Alas de pollo partidas Selección de Dia 700 g aprox.,"3,70 €",3.7,"(5,29 €/KILO)",5.29,KILO,/carnes/pollo/p/261367,2026-09-30T19:54:25
pollo,DIA,261369,Cuarto trasero de pollo formato familiar Selección de Dia 1.6 Kg aprox.,"5,26 €",5.26,"(3,29 €/KILO)",3.29,KILO,/carnes/pollo/p/261369,2026-09-30T19:54:25
pollo,DIA,303507,Filetes de pollo empanado y marinado Selección de Dia 500 g aprox.,"4,40 €",4.4,"(8,79 €/KILO)",8.79,KILO,/carnes/pollo/p/303507,2026-09-30T19:54:25
pollo,DIA,222880,"Relleno para fajitas con pollo, pimientos y cebolla Dia Al Punto 300 g","1,89 €",1.89,"(6,30 €/KILO)",6.3,KILO,/platos-preparados-y-pizzas/comida-mexicana/p/222880,2026-09-30T19:54:25
pollo,DIA,301043,Pechuga fileteada de pollo a las finas hierbas Selección de Dia 650 g aprox.,"5,39 €",5.39,"(8,29 €/KILO)",8.29,KILO,/carnes/pollo/p/301043,2026-09-30T19:54:25
pollo,DIA,303506,Alas de pollo adobadas Selección de Dia 600 g aprox.,"3,47 €",3.47,"(5,79 €/KILO)",5.79,KILO,/carnes/pollo/p/303506,2026-09-30T19:54:25
pollo,DIA,313144,Fiambre de pechuga de pollo Serrano 240 g,"2,39 €",2.39,"(9,96 €/KILO)",9.96,KILO,/carnes/pollo/p/313144,2026-09-30T19:54:25
pollo,DIA,299854,Caldo natural de pollo y hortalizas Dia Al Punto 1 L,"1,15 €",1.15,"(1,15 €/LITRO)",1.15,LITRO,/conservas-caldos-y-cremas/caldos-y-sopas/p/299854,2026-09-30T19:54:25
pollo,DIA,501,Avecrem Gallina Blanca 8 unidades,"1,00 €",1.0,"(0,13 €/UNIDAD)",0.13,UNIDAD,/conservas-caldos-y-cremas/caldos-y-sopas/p/501,2026-09-30T19:54:25
pollo,DIA,276606,"Pollo asado troceado Bonchef 1,4 Kg aprox.","9,79 €",9.79,"(6,99 €/KILO)",6.99,KILO,/platos-preparados-y-pizzas/comida-tradicional/p/276606,2026-09-30T19:54:25
pollo,DIA,287571,Pechuga fileteada de pollo certificado Selección de Dia 600 g aprox.,"5,99 €",5.99,"(9,99 €/KILO)",9.99,KILO,/carnes/pollo/p/287571,2026-09-30T19:54:25
pollo,DIA,307539,Empanada de pollo cremoso El Molino de Dia 500 g,"3,79 €",3.79,"(7,58 €/KILO)",7.58,KILO,/platos-preparados-y-pizzas/tortillas-y-empanadas/p/307539,2026-09-30T19:54:25
pollo,DIA,314649,Redondo de pollo asado La Carloteña 320 g,"3,95 €",3.95,"(12,34 €/KILO)",12.34,KILO,/platos-preparados-y-pizzas/comida-tradicional/p/314649,2026-09-30T19:54:25
pollo,DIA,295317,Pastillas de caldo de pollo Dia Al Punto 24 unidades,"1,40 €",1.4,"(0,06 €/UNIDAD)",0.06,UNIDAD,/conservas-caldos-y-cremas/caldos-y-sopas/p/295317,2026-09-30T19:54:25
pollo,DIA,159230,Caldo de pollo Gallina Blanca 2 x 1 L,"4,25 €",4.25,"(2,13 €/LITRO)",2.13,LITRO,/conservas-caldos-y-cremas/caldos-y-sopas/p/159230,2026-09-30T19:54:25
pollo,DIA,168839,Pizza de pollo Dia Al Punto 400 g,"2,03 €",2.03,"(5,06 €/KILO)",5.06,KILO,/platos-preparados-y-pizzas/pizzas-refrigeradas/p/168839,2026-09-30T19:54:25
carne picada,DIA,261241,Carne picada de vacuno y cerdo Selección de Dia 500 g,"4,19 €",4.19,"(8,38 €/KILO)",8.38,KILO,/carnes/hamburguesas-carne-picada-y-albondigas/p/261241,2026-09-30T19:54:44
carne picada,DIA,261242,Carne picada de vacuno y cerdo Selección de Dia 900 g,"7,49 €",7.49,"(8,32 €/KILO)",8.32,KILO,/carnes/hamburguesas-carne-picada-y-albondigas/p/261242,2026-09-30T19:54:44
carne picada,DIA,261238,Carne picada de cerdo Selección de Dia 500 g,"2,79 €",2.79,"(5,58 €/KILO)",5.58,KILO,/carnes/hamburguesas-carne-picada-y-albondigas/p/261238,2026-09-30T19:54:44
carne picada,DIA,291140,Carne picada de pollo Selección de Dia 365 g,"2,99 €",2.99,"(8,19 €/KILO)",8.19,KILO,/carnes/hamburguesas-carne-picada-y-albondigas/p/291140,2026-09-30T19:54:44
carne picada,DIA,261239,Carne picada de vacuno Selección de Dia 500 g,"5,69 €",5.69,"(11,38 €/KILO)",11.38,KILO,/carnes/hamburguesas-carne-picada-y-albondigas/p/261239,2026-09-30T19:54:44
carne picada,DIA,261240,Carne picada de vacuno Selección de Dia 900 g,"9,99 €",9.99,"(11,10 €/KILO)",11.1,KILO,/carnes/hamburguesas-carne-picada-y-albondigas/p/261240,2026-09-30T19:54:44
carne picada,DIA,303270,Carne picada de vacuno ecológico baja en grasa Selección de Dia 300 g,"4,79 €",4.79,"(15,97 €/KILO)",15.97,KILO,/carnes/hamburguesas-carne-picada-y-albondigas/p/303270,2026-09-30T19:54:44
carne picada,DIA,297329,Albóndigas de pollo Selección de Dia 420 g,"3,79 €",3.79,"(9,02 €/KILO)",9.02,KILO,/carnes/hamburguesas-carne-picada-y-albondigas/p/297329,2026-09-30T19:54:44
carne picada,DIA,261374,Burger de pollo 6 unidades Selección de Dia 540 g,"3,99 €",3.99,"(7,39 €/KILO)",7.39,KILO,/carnes/hamburguesas-carne-picada-y-albondigas/p/261374,2026-09-30T19:54:44
carne picada,DIA,271754,Albóndigas de cerdo Selección de Dia 400 g,"2,49 €",2.49,"(6,23 €/KILO)",6.23,KILO,/carnes/hamburguesas-carne-picada-y-albondigas/p/271754,2026-09-30T19:54:44
carne picada,DIA,244789,Burger de cerdo y vacuno 6 unidades Selección de Dia 540 g,"3,99 €",3.99,"(7,39 €/KILO)",7.39,KILO,/carnes/hamburguesas-carne-picada-y-albondigas/p/244789,2026-09-30T19:54:44
carne picada,DIA,309622,Burger Maestra 99% Selección de Dia 150 g,"3,49 €",3.49,"(23,27 €/KILO)",23.27,KILO,/carnes/hamburguesas-carne-picada-y-albondigas/p/309622,2026-09-30T19:54:44
carne picada,DIA,302298,Burger de vacuno ecólogico baja en grasa Selección de Dia 150 g,"2,49 €",2.49,"(16,60 €/KILO)",16.6,KILO,/carnes/hamburguesas-carne-picada-y-albondigas/p/302298,2026-09-30T19:54:44
carne picada,DIA,244790,Burger de vacuno 6 unidades Selección de Dia 540 g,"5,99 €",5.99,"(11,09 €/KILO)",11.09,KILO,/carnes/hamburguesas-carne-picada-y-albondigas/p/244790,2026-09-30T19:54:44
carne picada,DIA,273119,Burger Big New York Selección de Dia 280 g,"3,99 €",3.99,"(14,25 €/KILO)",14.25,KILO,/carnes/hamburguesas-carne-picada-y-albondigas/p/273119,2026-09-30T19:54:44
carne picada,DIA,273977,Chorizo extra picante Dia Nuestra Alacena 270 g,"2,40 €",2.4,"(8,89 €/KILO)",8.89,KILO,/charcuteria/lomo-y-chorizo/p/273977,2026-09-30T19:54:44
carne picada,DIA,272306,Burger BIO Selección de Dia 240 g,"3,99 €",3.99,"(16,63 €/KILO)",16.63,KILO,/carnes/hamburguesas-carne-picada-y-albondigas/p/272306,2026-09-30T19:54:44
carne picada,DIA,288198,Burger crunchy de pollo Selección de Dia 240 g,"1,99 €",1.99,"(8,29 €/KILO)",8.29,KILO,/carnes/hamburguesas-carne-picada-y-albondigas/p/288198,2026-09-30T19:54:44
carne picada,DIA,311456,Carne de pimiento choricero Don Molinico 140 g,"1,55 €",1.55,"(11,07 €/KILO)",11.07,KILO,/aceites-salsas-y-especias/salsas-especiales-y-picantes/p/311456,2026-09-30T19:54:44
carne picada,DIA,303508,Burger crunchy de pollo con bacón y queso Selección de Dia 200 g,"1,99 €",1.99,"(9,95 €/KILO)",9.95,KILO,/carnes/hamburguesas-carne-picada-y-albondigas/p/303508,2026-09-30T19:54:44
carne picada,DIA,311339,World Burger Grecia Selección de Dia 120 g,"2,50 €",2.5,"(20,83 €/KILO)",20.83,KILO,/carnes/hamburguesas-carne-picada-y-albondigas/p/311339,2026-09-30T19:54:44
carne picada,DIA,309623,Burger Maestra smoked BB Selección de Dia 150 g,"3,49 €",3.49,"(23,27 €/KILO)",23.27,KILO,/carnes/hamburguesas-carne-picada-y-albondigas/p/309623,2026-09-30T19:54:44
carne picada,DIA,273985,Chorizo de león picante Dia Nuestra Alacena 100 g,"1,99 €",1.99,"(19,90 €/KILO)",19.9,KILO,/charcuteria/lomo-y-chorizo/p/273985,2026-09-30T19:54:44
carne picada,DIA,310502,Chorizo extra picante Dia Nuestra Alacena 80 g,"0,83 €",0.83,"(10,38 €/KILO)",10.38,KILO,/charcuteria/lomo-y-chorizo/p/310502,2026-09-30T19:54:44
salmón,DIA,274390,Lomos de salmón Dia Selección Mundial 250 g,"5,89 €",5.89,"(23,56 €/KILO)",23.56,KILO,/pescados-y-mariscos/congelado/p/274390,2026-09-30T19:55:02
salmón,DIA,263686,Salmón ahumado Noruego Dia Selección Mundial 100 g,"3,70 €",3.7,"(37,00 €/KILO)",37.0,KILO,/pescados-y-mariscos/ahumado-y-salazon/p/263686,2026-09-30T19:55:02
salmón,DIA,274389,Salmón salvaje MSC Dia Mari Marinera 360 g,"6,79 €",6.79,"(18,86 €/KILO)",18.86,KILO,/pescados-y-mariscos/congelado/p/274389,2026-09-30T19:55:02
salmón,DIA,269628,Escalopines de salmón Selección de Dia 500 g aprox.,"13,25 €",13.25,"(26,50 €/KILO)",26.5,KILO,/pescados-y-mariscos/fresco/p/269628,2026-09-30T19:55:02
salmón,DIA,44404,Salmón ahumado Noruego Dia Selección Mundial 200 g,"7,20 €",7.2,"(36,00 €/KILO)",36.0,KILO,/pescados-y-mariscos/ahumado-y-salazon/p/44404,2026-09-30T19:55:02
salmón,DIA,304828,Salmón al natural alto en proteínas Dia mari marinera 2 x 50 g,"2,95 €",2.95,"(29,50 €/KILO)",29.5,KILO,/conservas-caldos-y-cremas/mejillones-berberechos-y-pescado/p/304828,2026-09-30T19:55:02
salmón,DIA,162012,Filete de salmón Selección de Dia 450 g aprox.,"10,80 €",10.8,"(24,00 €/KILO)",24.0,KILO,/pescados-y-mariscos/fresco/p/162012,2026-09-30T19:55:02
salmón,DIA,309492,Salmón en porciones Norway seafood 500 g,"7,89 €",7.89,"(15,78 €/KILO)",15.78,KILO,/pescados-y-mariscos/congelado/p/309492,2026-09-30T19:55:02
salmón,DIA,302187,Salmón ahumado reducido en sal Dia Selección Mundial 100 g,"3,70 €",3.7,"(37,00 €/KILO)",37.0,KILO,/pescados-y-mariscos/ahumado-y-salazon/p/302187,2026-09-30T19:55:02
salmón,DIA,308085,Salmón ahumado en dados Skandia 100 g,"3,99 €",3.99,"(39,90 €/KILO)",39.9,KILO,/pescados-y-mariscos/ahumado-y-salazon/p/308085,2026-09-30T19:55:02
salmón,DIA,286535,Paté de salmón Dia Nuestra Alacena 110 g,"1,49 €",1.49,"(13,55 €/KILO)",13.55,KILO,/charcuteria/pate-y-sobrasada/p/286535,2026-09-30T19:55:02
salmón,DIA,296060,Snack para gatos líquido de pollo y salmón Dia Deligato 105 g,"1,31 €",1.31,"(12,48 €/KILO)",12.48,KILO,/mascotas/gato-snacks-y-cuidado/p/296060,2026-09-30T19:55:02
salmón,DIA,296062,Snack para gatos sticks de salmón Dia Deligato 10 x 5 g,"1,29 €",1.29,"(25,80 €/KILO)",25.8,KILO,/mascotas/gato-snacks-y-cuidado/p/296062,2026-09-30T19:55:02
salmón,DIA,296058,Snacks para gatos rellenos con salmón Dia Deligato 60 g,"1,19 €",1.19,"(19,83 €/KILO)",19.83,KILO,/mascotas/gato-snacks-y-cuidado/p/296058,2026-09-30T19:55:02
salmón,DIA,297337,Paté para gato con salmón y trucha Dia Deligato 100 g,"0,59 €",0.59,"(5,90 €/KILO)",5.9,KILO,/mascotas/gato-comida-humeda/p/297337,2026-09-30T19:55:02
salmón,DIA,283041,Alimento para gatos en gelatina atún y salmón Felix 4 x 85 g,"1,95 €",1.95,"(5,74 €/KILO)",5.74,KILO,/mascotas/gato-comida-humeda/p/283041,2026-09-30T19:55:02
salmón,DIA,297531,Alimento para gatos bocaditos en gelatina Dia Deligato pack 12 x 100 g,"3,40 €",3.4,"(2,83 €/KILO)",2.83,KILO,/mascotas/gato-comida-humeda/p/297531,2026-09-30T19:55:02
salmón,DIA,297218,"Alimento para gatos bocaditos con trucha, salmón y verduras Dia Deligato 400 g","0,79 €",0.79,"(1,98 €/KILO)",1.98,KILO,/mascotas/gato-comida-humeda/p/297218,2026-09-30T19:55:02
salmón,DIA,194764,Alimento para gatos esterilizados con salmón Ultima 1.5 Kg,"10,49 €",10.49,"(6,99 €/KILO)",6.99,KILO,/mascotas/gato-comida-seca/p/194764,2026-09-30T19:55:02
salmón,DIA,301317,Alimento húmedo para perros mix salmón y pavo Ultima 4 x 100 g,"3,32 €",3.32,"(8,30 €/KILO)",8.3,KILO,/mascotas/perro-comida-humeda/p/301317,2026-09-30T19:55:02
salmón,DIA,303528,Alimento para gatos de salmón control urinario Dia Deligato 800 g,"2,99 €",2.99,"(3,74 €/KILO)",3.74,KILO,/mascotas/gato-comida-seca/p/303528,2026-09-30T19:55:02
salmón,DIA,301053,Alimento para gatos adultos con salmón y atún Dia Deligato 1.5 Kg,"2,33 €",2.33,"(1,55 €/KILO)",1.55,KILO,/mascotas/gato-comida-seca/p/301053,2026-09-30T19:55:02
salmón,DIA,273656,Snack líquido para gatos con salmón Vitakraft 90 g,"2,75 €",2.75,"(30,56 €/KILO)",30.56,KILO,/mascotas/gato-snacks-y-cuidado/p/273656,2026-09-30T19:55:02
salmón,DIA,283122,Mousse para gatos de salmón Vitakraft 85 g,"0,79 €",0.79,"(9,29 €/KILO)",9.29,KILO,/mascotas/gato-comida-humeda/p/283122,2026-09-30T19:55:02
salmón,DIA,312010,Alimento para gatos en gelatina atún y salmón Brekkies 4 x 85 g,"1,89 €",1.89,"(5,56 €/KILO)",5.56,KILO,/mascotas/gato-comida-humeda/p/312010,2026-09-30T19:55:02
salmón,DIA,295183,Hojaldre de salmón con crema de espinacas MSC Dia Al Punto 700 g,"8,99 €",8.99,"(12,84 €/KILO)",12.84,KILO,/congelados-y-helados/pescado-y-marisco/p/295183,2026-09-30T19:55:02
salmón,DIA,151720,Alimento para gatos con salmón y atún Brekkies 1.5 Kg,"5,19 €",5.19,"(3,46 €/KILO)",3.46,KILO,/mascotas/gato-comida-seca/p/151720,2026-09-30T19:55:02
salmón,DIA,277528,Alimento para gatos con salmón y atún rellenas de gamba Brekkies Delicious 900 g,"4,45 €",4.45,"(4,94 €/KILO)",4.94,KILO,/mascotas/gato-comida-seca/p/277528,2026-09-30T19:55:02
salmón,DIA,301871,Alimento para perros adultos con salmón y atún Dia Deliperro 3 Kg,"5,69 €",5.69,"(1,90 €/KILO)",1.9,KILO,/mascotas/perro-comida-seca/p/301871,2026-09-30T19:55:02
salmón,DIA,184840,"Alimento para gatos con atún, salmón y trucha Gourmet 6 x 50 g","3,22 €",3.22,"(10,73 €/KILO)",10.73,KILO,/mascotas/gato-comida-humeda/p/184840,2026-09-30T19:55:02
yogur,DIA,272536,Yogur natural Dia Láctea 8 x 125 g,"1,39 €",1.39,"(1,39 €/KILO)",1.39,KILO,/yogures-y-postres/yogures-naturales-y-desnatados/p/272536,2026-09-30T19:55:20
yogur,DIA,100604,Yogur sabores Dia Láctea 16 x 125 g,"2,40 €",2.4,"(1,20 €/KILO)",1.2,KILO,/yogures-y-postres/yogures-de-sabores-y-frutas/p/100604,2026-09-30T19:55:20
yogur,DIA,272542,Yogur griego stracciatella Dia Fidias 6 x 125 g,"1,85 €",1.85,"(2,47 €/KILO)",2.47,KILO,/yogures-y-postres/yogures-griegos/p/272542,2026-09-30T19:55:20
yogur,DIA,310849,Yogur natural con azúcar de caña Dia Láctea 6 x 125 g,"1,05 €",1.05,"(1,40 €/KILO)",1.4,KILO,/yogures-y-postres/yogures-naturales-y-desnatados/p/310849,2026-09-30T19:55:20
yogur,DIA,135285,Yogur griego natural Dia Fidias 6 x 125 g,"1,59 €",1.59,"(2,12 €/KILO)",2.12,KILO,/yogures-y-postres/yogures-griegos/p/135285,2026-09-30T19:55:20
yogur,DIA,274134,Bebida de fresa Dia Láctea 12 x 100 g,"2,00 €",2.0,"(1,67 €/KILO)",1.67,KILO,/yogures-y-postres/yogures-liquidos/p/274134,2026-09-30T19:55:20
yogur,DIA,135291,Yogur griego con fresa Dia Fidias 6 x 125 g,"1,65 €",1.65,"(2,20 €/KILO)",2.2,KILO,/yogures-y-postres/yogures-griegos/p/135291,2026-09-30T19:55:20
yogur,DIA,165956,Yogur griego Dia Fidias 1 Kg,"2,19 €",2.19,"(2,19 €/KILO)",2.19,KILO,/yogures-y-postres/yogures-griegos/p/165956,2026-09-30T19:55:20
yogur,DIA,105814,Flan de vainilla Dia Caprichoso 6 x 100 g,"1,10 €",1.1,"(1,83 €/KILO)",1.83,KILO,/yogures-y-postres/natillas-flan-y-arroz-con-leche/p/105814,2026-09-30T19:55:20
yogur,DIA,303597,Yogur griego natural con azúcar de caña Dia Fidias 6 x 125 g,"1,50 €",1.5,"(2,00 €/KILO)",2.0,KILO,/yogures-y-postres/yogures-griegos/p/303597,2026-09-30T19:55:20
yogur,DIA,306303,Yogur griego natural ligero Dia Fidias 4 x 125 g,"0,97 €",0.97,"(1,94 €/KILO)",1.94,KILO,/yogures-y-postres/yogures-griegos/p/306303,2026-09-30T19:55:20
yogur,DIA,265287,Petit de fresa Dia Láctea 6 x 50 g,"0,99 €",0.99,"(3,30 €/KILO)",3.3,KILO,/yogures-y-postres/yogures-y-postres-infantiles/p/265287,2026-09-30T19:55:20
yogur,DIA,101846,L-Casei fresa-plátano y coco-piña Dia 12 x 100 g,"2,25 €",2.25,"(1,88 €/KILO)",1.88,KILO,/yogures-y-postres/yogures-liquidos/p/101846,2026-09-30T19:55:20
yogur,DIA,294946,Natillas sabor vainilla Dia Caprichoso 4 x 125 g,"1,05 €",1.05,"(2,10 €/KILO)",2.1,KILO,/yogures-y-postres/natillas-flan-y-arroz-con-leche/p/294946,2026-09-30T19:55:20
yogur,DIA,275848,Yogur sabor coco Dia Láctea 4 x 125 g,"0,75 €",0.75,"(1,50 €/KILO)",1.5,KILO,/yogures-y-postres/yogures-de-sabores-y-frutas/p/275848,2026-09-30T19:55:20
yogur,DIA,42065,Bífidus con fresa doble 0% Dia 4 x 125 g,"1,29 €",1.29,"(2,58 €/KILO)",2.58,KILO,/yogures-y-postres/yogures-bifidus-y-colesterol/p/42065,2026-09-30T19:55:20
yogur,DIA,265288,Petit de fresa y plátano Dia Láctea 6 x 50 g,"0,99 €",0.99,"(3,30 €/KILO)",3.3,KILO,/yogures-y-postres/yogures-y-postres-infantiles/p/265288,2026-09-30T19:55:20
yogur,DIA,252335,Bífidus con nueces y cereales doble 0% Dia 4 x 125 g,"1,29 €",1.29,"(2,58 €/KILO)",2.58,KILO,/yogures-y-postres/yogures-bifidus-y-colesterol/p/252335,2026-09-30T19:55:20
yogur,DIA,187603,"Yogur sabor coco, fresa, frutos del bosque y macedonia Danone 8 x 120 g","1,89 €",1.89,"(1,97 €/KILO)",1.97,KILO,/yogures-y-postres/yogures-de-sabores-y-frutas/p/187603,2026-09-30T19:55:20
yogur,DIA,140493,Copa de chocolate y nata Dia Caprichoso 4 x 115 g,"1,39 €",1.39,"(3,02 €/KILO)",3.02,KILO,/yogures-y-postres/postres-tradicionales/p/140493,2026-09-30T19:55:20
yogur,DIA,14277,Yogur con frutas Dia Láctea 8 x 125 g,"1,99 €",1.99,"(1,99 €/KILO)",1.99,KILO,/yogures-y-postres/yogures-de-sabores-y-frutas/p/14277,2026-09-30T19:55:20
yogur,DIA,46923,Mousse de chocolate con leche Dia Caprichoso 4 x 60 g,"1,15 €",1.15,"(4,79 €/KILO)",4.79,KILO,/yogures-y-postres/postres-tradicionales/p/46923,2026-09-30T19:55:20
yogur,DIA,280177,Yogur líquido sabor melocotón y fruto de la pasión Dia Láctea 1 Kg,"1,49 €",1.49,"(1,49 €/KILO)",1.49,KILO,/yogures-y-postres/yogures-liquidos/p/280177,2026-09-30T19:55:20
yogur,DIA,139596,"Postre gelificado de fresa, limón y multifruta Dia Caprichoso 6 x 100 g","0,99 €",0.99,"(1,65 €/KILO)",1.65,KILO,/yogures-y-postres/gelatinas-y-cuajadas/p/139596,2026-09-30T19:55:20
yogur,DIA,265284,Petit de fresa líquido Dia Láctea 4 x 80 g,"1,95 €",1.95,"(6,09 €/KILO)",6.09,KILO,/yogures-y-postres/yogures-y-postres-infantiles/p/265284,2026-09-30T19:55:20
yogur,DIA,303224,Yogur de stracciatella alto en proteínas Dia Láctea 4 x 120 g,"1,49 €",1.49,"(3,10 €/KILO)",3.1,KILO,/yogures-y-postres/postres-y-batidos-de-proteinas/p/303224,2026-09-30T19:55:20
yogur,DIA,85630,Arroz con leche Dia Caprichoso 4 x 125 g,"1,25 €",1.25,"(2,50 €/KILO)",2.5,KILO,/yogures-y-postres/natillas-flan-y-arroz-con-leche/p/85630,2026-09-30T19:55:20
yogur,DIA,186089,Bífidus con mango Dia 4 x 125 g,"1,29 €",1.29,"(2,58 €/KILO)",2.58,KILO,/yogures-y-postres/yogures-bifidus-y-colesterol/p/186089,2026-09-30T19:55:20
yogur,DIA,27195,Cuajada Dia Caprichoso 4 x 125 g,"1,20 €",1.2,"(2,40 €/KILO)",2.4,KILO,/yogures-y-postres/gelatinas-y-cuajadas/p/27195,2026-09-30T19:55:20
yogur,DIA,262830,Bífidus con melocotón doble 0% Dia 4 x 125 g,"1,29 €",1.29,"(2,58 €/KILO)",2.58,KILO,/yogures-y-postres/yogures-bifidus-y-colesterol/p/262830,2026-09-30T19:55:20
queso,DIA,263518,Queso de untar natural Dia Láctea 250 g,"1,17 €",1.17,"(4,68 €/KILO)",4.68,KILO,/quesos/untable-y-en-porciones/p/263518,2026-09-30T19:55:39
queso,DIA,108589,Queso curado Dia El Cencerro 250 g,"2,85 €",2.85,"(11,40 €/KILO)",11.4,KILO,/quesos/curado/p/108589,2026-09-30T19:55:39
queso,DIA,108698,Mozzarella fior di latte Dia Selección Mundial 125 g,"0,90 €",0.9,"(7,20 €/KILO)",7.2,KILO,/quesos/fresco/p/108698,2026-09-30T19:55:39
queso,DIA,115669,Queso fresco de Burgos Dia Láctea 4 x 62.5 g,"1,15 €",1.15,"(4,60 €/KILO)",4.6,KILO,/quesos/fresco/p/115669,2026-09-30T19:55:39
queso,DIA,304214,Queso de oveja curado Dia El Cencerro 200 g,"2,94 €",2.94,"(14,70 €/KILO)",14.7,KILO,/quesos/curado/p/304214,2026-09-30T19:55:39
queso,DIA,306094,Queso azul Dia Láctea 100 g,"1,28 €",1.28,"(12,80 €/KILO)",12.8,KILO,/quesos/azul-y-de-cabra/p/306094,2026-09-30T19:55:39
queso,DIA,282301,Queso emmental Dia Selección Mundial 220 g,"1,89 €",1.89,"(8,59 €/KILO)",8.59,KILO,/quesos/especialidades/p/282301,2026-09-30T19:55:39
queso,DIA,263576,Burrata fresca Dia Selección Mundial 150 g,"2,20 €",2.2,"(14,67 €/KILO)",14.67,KILO,/quesos/fresco/p/263576,2026-09-30T19:55:39
queso,DIA,309066,Queso fresco cottage Dia Láctea 200 g,"1,35 €",1.35,"(6,75 €/KILO)",6.75,KILO,/quesos/fresco/p/309066,2026-09-30T19:55:39
queso,DIA,263519,Queso de untar natural light Dia Láctea 250 g,"1,17 €",1.17,"(4,68 €/KILO)",4.68,KILO,/quesos/untable-y-en-porciones/p/263519,2026-09-30T19:55:39
queso,DIA,207458,Queso gorgonzola D.O.P. Dia Selección Mundial 200 g,"2,46 €",2.46,"(12,30 €/KILO)",12.3,KILO,/quesos/azul-y-de-cabra/p/207458,2026-09-30T19:55:39
queso,DIA,11877,Queso brie Dia Selección Mundial 200 g,"1,65 €",1.65,"(8,25 €/KILO)",8.25,KILO,/quesos/especialidades/p/11877,2026-09-30T19:55:39
queso,DIA,264064,Quesitos Dia Láctea 375 g,"1,95 €",1.95,"(5,20 €/KILO)",5.2,KILO,/quesos/untable-y-en-porciones/p/264064,2026-09-30T19:55:39
queso,DIA,263574,Queso curado Dia Selección Mundial 200 g,"2,79 €",2.79,"(13,95 €/KILO)",13.95,KILO,/quesos/curado/p/263574,2026-09-30T19:55:39
queso,DIA,115196,Queso fresco de vaca Dia El Cencerro 250 g,"1,60 €",1.6,"(6,40 €/KILO)",6.4,KILO,/quesos/fresco/p/115196,2026-09-30T19:55:39
queso,DIA,26824,Queso fresco natural Dia Láctea 2 x 250 g,"2,09 €",2.09,"(4,18 €/KILO)",4.18,KILO,/quesos/fresco/p/26824,2026-09-30T19:55:39
queso,DIA,265592,Queso fresco de cabra Dia El Cencerro 250 g,"2,95 €",2.95,"(11,80 €/KILO)",11.8,KILO,/quesos/fresco/p/265592,2026-09-30T19:55:39
queso,DIA,263675,Queso curado cortado Dia El Cencerro 250 g,"3,55 €",3.55,"(14,20 €/KILO)",14.2,KILO,/quesos/curado/p/263675,2026-09-30T19:55:39
queso,DIA,182970,Queso provolone con orégano Dia Selección Mundial 150 g,"1,84 €",1.84,"(12,27 €/KILO)",12.27,KILO,/quesos/semicurado/p/182970,2026-09-30T19:55:39
queso,DIA,60325,Queso mini Babybel 120 g,"2,89 €",2.89,"(24,08 €/KILO)",24.08,KILO,/quesos/untable-y-en-porciones/p/60325,2026-09-30T19:55:39
queso,DIA,120966,Rulo de queso de cabra Dia Láctea 140 g,"1,86 €",1.86,"(13,29 €/KILO)",13.29,KILO,/quesos/azul-y-de-cabra/p/120966,2026-09-30T19:55:39
queso,DIA,295594,Rulo de queso de vaca Dia Láctea 140 g,"1,59 €",1.59,"(11,36 €/KILO)",11.36,KILO,/quesos/curado/p/295594,2026-09-30T19:55:39
queso,DIA,299585,Queso Wensleydale con arándanos Quesería del Mundo 150 g,"3,25 €",3.25,"(21,67 €/KILO)",21.67,KILO,/quesos/especialidades/p/299585,2026-09-30T19:55:39
queso,DIA,207455,Perlas de mozzarella Dia Selección Mundial 125 g,"1,58 €",1.58,"(12,64 €/KILO)",12.64,KILO,/quesos/fresco/p/207455,2026-09-30T19:55:39
queso,DIA,120200,Crema de queso camembert Dia Láctea 125 g,"1,50 €",1.5,"(12,00 €/KILO)",12.0,KILO,/quesos/untable-y-en-porciones/p/120200,2026-09-30T19:55:39
queso,DIA,300005,Queso Mahón semicurado Quesería del Mundo 220 g,"3,49 €",3.49,"(15,86 €/KILO)",15.86,KILO,/quesos/semicurado/p/300005,2026-09-30T19:55:39
queso,DIA,88287,Queso fundido con palitos de pan La Vaca que ríe 140 g,"2,60 €",2.6,"(18,57 €/KILO)",18.57,KILO,/quesos/untable-y-en-porciones/p/88287,2026-09-30T19:55:39
queso,DIA,73062,Queso fresco de Burgos 0% M.G. Dia Láctea 4 x 62.5 g,"1,15 €",1.15,"(4,60 €/KILO)",4.6,KILO,/quesos/fresco/p/73062,2026-09-30T19:55:39
queso,DIA,1253,Queso camembert Dia Selección Mundial 250 g,"2,08 €",2.08,"(8,32 €/KILO)",8.32,KILO,/quesos/especialidades/p/1253,2026-09-30T19:55:39
queso,DIA,293265,Queso feta D.O.P. Dia Selección Mundial 150 g,"2,49 €",2.49,"(16,60 €/KILO)",16.6,KILO,/quesos/fresco/p/293265,2026-09-30T19:55:39
agua,DIA,26995,"Agua mineral Dia 1,5 L","0,27 €",0.27,"(0,18 €/LITRO)",0.18,LITRO,/agua-y-refrescos/agua/p/26995,2026-09-30T19:55:58
agua,DIA,26996,Agua mineral Dia 5 L,"0,68 €",0.68,"(0,14 €/LITRO)",0.14,LITRO,/agua-y-refrescos/agua/p/26996,2026-09-30T19:55:58
agua,DIA,311507P6,"Agua mineral muy débil Dia pack 6 x 1,5 L","1,92 €",1.92,"(0,21 €/LITRO)",0.21,LITRO,/agua-y-refrescos/agua/p/311507P6,2026-09-30T19:55:58
agua,DIA,37776,Agua mineral Dia 500 ml,"0,26 €",0.26,"(0,52 €/LITRO)",0.52,LITRO,/agua-y-refrescos/agua/p/37776,2026-09-30T19:55:58
agua,DIA,38301P6,"Agua mineral Aquarel pack 6 x 1,5 L","3,72 €",3.72,"(0,41 €/LITRO)",0.41,LITRO,/agua-y-refrescos/agua/p/38301P6,2026-09-30T19:55:58
agua,DIA,44302P6,"Agua mineral Bezoya pack 6 x 1,5 L","4,14 €",4.14,"(0,46 €/LITRO)",0.46,LITRO,/agua-y-refrescos/agua/p/44302P6,2026-09-30T19:55:58
agua,DIA,120230,"Agua mineral Font Vella 6,25 L","2,37 €",2.37,"(0,38 €/LITRO)",0.38,LITRO,/agua-y-refrescos/agua/p/120230,2026-09-30T19:55:58
agua,DIA,85P6,"Agua mineral Font Vella pack 6 x 1,5 L","4,62 €",4.62,"(0,51 €/LITRO)",0.51,LITRO,/agua-y-refrescos/agua/p/85P6,2026-09-30T19:55:58
agua,DIA,56684P6,"Agua mineral Solán de Cabras pack 6 x 1,5 L","5,10 €",5.1,"(0,57 €/LITRO)",0.57,LITRO,/agua-y-refrescos/agua/p/56684P6,2026-09-30T19:55:58
agua,DIA,47768P6,"Agua mineral Lanjarón pack 6 x 1,5 L","4,32 €",4.32,"(0,48 €/LITRO)",0.48,LITRO,/agua-y-refrescos/agua/p/47768P6,2026-09-30T19:55:58
agua,DIA,47770P6,Agua mineral tapón sport Font Vella pack 6 x 330 ml,"3,36 €",3.36,"(1,70 €/LITRO)",1.7,LITRO,/agua-y-refrescos/agua/p/47770P6,2026-09-30T19:55:58
agua,DIA,24874P6,Agua mineral con gas Dia pack 6 x 500 ml,"1,56 €",1.56,"(0,52 €/LITRO)",0.52,LITRO,/agua-y-refrescos/agua/p/24874P6,2026-09-30T19:55:58
agua,DIA,220373,Aguacate bandeja 450 g,"1,79 €",1.79,"(3,98 €/KILO)",3.98,KILO,/frutas/frutas-tropicales/p/220373,2026-09-30T19:55:58
agua,DIA,99265,"Agua mineral con gas Dia 1,5 L","0,42 €",0.42,"(0,28 €/LITRO)",0.28,LITRO,/agua-y-refrescos/agua/p/99265,2026-09-30T19:55:58
agua,DIA,297837P6,Agua mineral Fuente Primavera pack 6 x 1 L,"2,94 €",2.94,"(0,49 €/LITRO)",0.49,LITRO,/agua-y-refrescos/agua/p/297837P6,2026-09-30T19:55:58
agua,DIA,53267P6,"Agua mineral Aquabona pack 6 x 1,5 L","4,32 €",4.32,"(0,48 €/LITRO)",0.48,LITRO,/agua-y-refrescos/agua/p/53267P6,2026-09-30T19:55:58
agua,DIA,50572,"Refresco de té al limón zero Dia Upss 1,5 L","1,00 €",1.0,"(0,67 €/LITRO)",0.67,LITRO,/agua-y-refrescos/te-frio/p/50572,2026-09-30T19:55:58
agua,DIA,302520,Agua mineral tapón sport Dia 750 ml,"0,49 €",0.49,"(0,65 €/LITRO)",0.65,LITRO,/agua-y-refrescos/agua/p/302520,2026-09-30T19:55:58
agua,DIA,312936,Agua mineral Gremlins Dia 330 ml,"0,28 €",0.28,"(0,85 €/LITRO)",0.85,LITRO,/agua-y-refrescos/agua/p/312936,2026-09-30T19:55:58
agua,DIA,56684,"Agua mineral Solán de Cabras 1,5 L","0,85 €",0.85,"(0,57 €/LITRO)",0.57,LITRO,/agua-y-refrescos/agua/p/56684,2026-09-30T19:55:58
agua,DIA,144819,Agua mineral Solán de Cabras 500 ml,"0,82 €",0.82,"(1,64 €/LITRO)",1.64,LITRO,/agua-y-refrescos/agua/p/144819,2026-09-30T19:55:58
agua,DIA,47771,Agua mineral Font Vella 500 ml,"0,72 €",0.72,"(1,44 €/LITRO)",1.44,LITRO,/agua-y-refrescos/agua/p/47771,2026-09-30T19:55:58
agua,DIA,300992,Agua destilada Dia Super Paco 2 L,"0,95 €",0.95,"(0,48 €/LITRO)",0.48,LITRO,/limpieza-y-hogar/suavizantes-y-cuidado-de-la-ropa/p/300992,2026-09-30T19:55:58
agua,DIA,40570,Agua mineral Aquarel 5 L,"1,99 €",1.99,"(0,40 €/LITRO)",0.4,LITRO,/agua-y-refrescos/agua/p/40570,2026-09-30T19:55:58
agua,DIA,285800,Agua oxigenada Dia Botikit 250 ml,"0,69 €",0.69,"(0,28 €/100 ML.)",0.28,,/salud-y-parafarmacia/botiquin/p/285800,2026-09-30T19:55:58
agua,DIA,41117P6,Agua mineral Aquarel pack 6 x 330 ml,"3,36 €",3.36,"(1,70 €/LITRO)",1.7,LITRO,/agua-y-refrescos/agua/p/41117P6,2026-09-30T19:55:58
agua,DIA,47770,Agua mineral tapón infantil Font Vella 330 ml,"0,56 €",0.56,"(1,70 €/LITRO)",1.7,LITRO,/agua-y-refrescos/agua/p/47770,2026-09-30T19:55:58
agua,DIA,311507,"Agua mineral muy débil Dia 1,5 L","0,32 €",0.32,"(0,21 €/LITRO)",0.21,LITRO,/agua-y-refrescos/agua/p/311507,2026-09-30T19:55:58
agua,DIA,297837,Agua mineral Fuente Primavera 1 L,"0,49 €",0.49,"(0,49 €/LITRO)",0.49,LITRO,/agua-y-refrescos/agua/p/297837,2026-09-30T19:55:58
agua,DIA,302664P6,"Agua mineral Monte Pinos pack 6 x 1,5 L","4,20 €",4.2,"(0,47 €/LITRO)",0.47,LITRO,/agua-y-refrescos/agua/p/302664P6,2026-09-30T19:55:58
zumo,DIA,173780,Bebida de fruta y leche tropical Dia Saborfera pack 6 x 200 ml,"1,20 €",1.2,"(1,00 €/LITRO)",1.0,LITRO,/zumos-y-smoothies/fruta-y-leche/p/173780,2026-09-30T19:56:18
zumo,DIA,146653,Bebida de fruta y leche mediterráneo Dia Saborfera pack 6 x 200 ml,"1,20 €",1.2,"(1,00 €/LITRO)",1.0,LITRO,/zumos-y-smoothies/fruta-y-leche/p/146653,2026-09-30T19:56:18
zumo,DIA,146298,"Zumo de piña, manzana y uva pack 6 x 200 ml","1,55 €",1.55,"(1,29 €/LITRO)",1.29,LITRO,/zumos-y-smoothies/melocoton-y-pina/p/146298,2026-09-30T19:56:18
zumo,DIA,288690,Bebida de zumo de manzana sin azúcares añadidos Dia Saborfera 1 L,"0,80 €",0.8,"(0,80 €/LITRO)",0.8,LITRO,/zumos-y-smoothies/multifrutas-y-otros-sabores/p/288690,2026-09-30T19:56:18
zumo,DIA,288687,Bebida de zumo de piña sin azúcares añadidos Dia Saborfera 1 L,"0,95 €",0.95,"(0,95 €/LITRO)",0.95,LITRO,/zumos-y-smoothies/melocoton-y-pina/p/288687,2026-09-30T19:56:18
zumo,DIA,146282,Zumo de melocotón y uva Dia Saborfera 1 L,"1,00 €",1.0,"(1,00 €/LITRO)",1.0,LITRO,/zumos-y-smoothies/melocoton-y-pina/p/146282,2026-09-30T19:56:18
zumo,DIA,146289,Zumo de melocotón y uva Dia Saborfera pack 6 x 200 ml,"1,50 €",1.5,"(1,25 €/LITRO)",1.25,LITRO,/zumos-y-smoothies/melocoton-y-pina/p/146289,2026-09-30T19:56:18
zumo,DIA,205791,Bebida de zumo tropical sin azúcares añadidos Dia Saborfera 1 L,"0,99 €",0.99,"(0,99 €/LITRO)",0.99,LITRO,/zumos-y-smoothies/multifrutas-y-otros-sabores/p/205791,2026-09-30T19:56:18
zumo,DIA,288688,Bebida de zumo de naranja sin azúcares añadidos Dia Saborfera 1 L,"0,99 €",0.99,"(0,99 €/LITRO)",0.99,LITRO,/zumos-y-smoothies/naranja/p/288688,2026-09-30T19:56:18
zumo,DIA,109413,Zumo de naranja 100% exprimido sin pulpa Dia Saborfera 1 L,"2,10 €",2.1,"(2,10 €/LITRO)",2.1,LITRO,/zumos-y-smoothies/naranja/p/109413,2026-09-30T19:56:18
zumo,DIA,277775,Bebida de zumo de mango sin azúcares añadidos Dia Saborfera 1 L,"1,20 €",1.2,"(1,20 €/LITRO)",1.2,LITRO,/zumos-y-smoothies/multifrutas-y-otros-sabores/p/277775,2026-09-30T19:56:18
zumo,DIA,289860,Bebida de fruta y leche tropical Don Simón pack 6 x 200 ml,"1,50 €",1.5,"(1,25 €/LITRO)",1.25,LITRO,/zumos-y-smoothies/fruta-y-leche/p/289860,2026-09-30T19:56:18
zumo,DIA,50689,Bebida de fruta y leche tropical Dia Saborfera 1 L,"0,95 €",0.95,"(0,95 €/LITRO)",0.95,LITRO,/zumos-y-smoothies/fruta-y-leche/p/50689,2026-09-30T19:56:18
zumo,DIA,43228,Zumo de manzana Dia Saborfera pack 6 x 200 ml,"1,30 €",1.3,"(1,08 €/LITRO)",1.08,LITRO,/zumos-y-smoothies/multifrutas-y-otros-sabores/p/43228,2026-09-30T19:56:18
zumo,DIA,288689,Bebida de zumo de melocotón sin azúcares añadidos Dia Saborfera 1 L,"0,99 €",0.99,"(0,99 €/LITRO)",0.99,LITRO,/zumos-y-smoothies/melocoton-y-pina/p/288689,2026-09-30T19:56:18
zumo,DIA,120878,Bebida de fruta y leche caribe Don Simón pack 6 x 200 ml,"1,50 €",1.5,"(1,25 €/LITRO)",1.25,LITRO,/zumos-y-smoothies/fruta-y-leche/p/120878,2026-09-30T19:56:18
zumo,DIA,118161,Bebida de zumo de melocotón sin azúcares añadidos Dia Saborfera pack 6 x 200 ml,"1,49 €",1.49,"(1,24 €/LITRO)",1.24,LITRO,/zumos-y-smoothies/melocoton-y-pina/p/118161,2026-09-30T19:56:18
zumo,DIA,131262,Zumo de naranja sin pulpa Dia Saborfera 1 L,"1,85 €",1.85,"(1,85 €/LITRO)",1.85,LITRO,/zumos-y-smoothies/naranja/p/131262,2026-09-30T19:56:18
zumo,DIA,50690,Zumo de naranja con pulpa Dia Saborfera 1 L,"1,85 €",1.85,"(1,85 €/LITRO)",1.85,LITRO,/zumos-y-smoothies/naranja/p/50690,2026-09-30T19:56:18
zumo,DIA,125790,Bifrutas tropical Pascual pack 6 x 200 ml,"2,59 €",2.59,"(2,16 €/LITRO)",2.16,LITRO,/zumos-y-smoothies/fruta-y-leche/p/125790,2026-09-30T19:56:18
zumo,DIA,163217,Bebida de fruta y leche mediterráneo Dia Saborfera 1 L,"0,95 €",0.95,"(0,95 €/LITRO)",0.95,LITRO,/zumos-y-smoothies/fruta-y-leche/p/163217,2026-09-30T19:56:18
zumo,DIA,190208,"Limonada Don Simón 1,5 L","1,35 €",1.35,"(0,90 €/LITRO)",0.9,LITRO,/zumos-y-smoothies/limonadas/p/190208,2026-09-30T19:56:18
zumo,DIA,46425,"Simon life de naranja 1,5 L","1,85 €",1.85,"(1,23 €/LITRO)",1.23,LITRO,/zumos-y-smoothies/naranja/p/46425,2026-09-30T19:56:18
zumo,DIA,307227,Bebida de fruta y leche de melón y sandía sin azúcares añadidos Dia Saborfera pack 3 x 330 ml,"1,25 €",1.25,"(1,26 €/LITRO)",1.26,LITRO,/zumos-y-smoothies/fruta-y-leche/p/307227,2026-09-30T19:56:18
zumo,DIA,146291,"Zumo de piña, manzana y uva Dia Saborfera 1 L","1,15 €",1.15,"(1,15 €/LITRO)",1.15,LITRO,/zumos-y-smoothies/melocoton-y-pina/p/146291,2026-09-30T19:56:18
zumo,DIA,310315,Zumo de naranja 100% exprimido sin pulpa Dia Saborfera 330 ml,"1,00 €",1.0,"(3,03 €/LITRO)",3.03,LITRO,/zumos-y-smoothies/naranja/p/310315,2026-09-30T19:56:18
zumo,DIA,309231,Bebida de zumo con frambuesa antiox Dia Saborfera 330 ml,"0,75 €",0.75,"(2,27 €/LITRO)",2.27,LITRO,/zumos-y-smoothies/multifrutas-y-otros-sabores/p/309231,2026-09-30T19:56:18
zumo,DIA,309233,Zumo de plátano y maracuyá Dia Saborfera 1 L,"1,50 €",1.5,"(1,50 €/LITRO)",1.5,LITRO,/zumos-y-smoothies/multifrutas-y-otros-sabores/p/309233,2026-09-30T19:56:18
zumo,DIA,277771,Zumo de naranja sin pulpa Dia Saborfera pack 3 x 200 ml,"1,40 €",1.4,"(2,33 €/LITRO)",2.33,LITRO,/zumos-y-smoothies/naranja/p/277771,2026-09-30T19:56:18
zumo,DIA,67783,Bebida de fruta y leche tropical Dia Saborfera pack 3 x 330 ml,"1,05 €",1.05,"(1,06 €/LITRO)",1.06,LITRO,/zumos-y-smoothies/fruta-y-leche/p/67783,2026-09-30T19:56:18
atún,DIA,262430,Atún en aceite de girasol Dia Mari Marinera 6 x 52 g,"3,64 €",3.64,"(11,67 €/KILO)",11.67,KILO,/conservas-caldos-y-cremas/atun-y-bonito/p/262430,2026-09-30T19:56:38
atún,DIA,262439,Atún claro al natural Dia Mari Marinera 6 x 60 g,"4,20 €",4.2,"(11,67 €/KILO)",11.67,KILO,/conservas-caldos-y-cremas/atun-y-bonito/p/262439,2026-09-30T19:56:38
atún,DIA,262432,Atún claro en aceite de oliva Dia Mari Marinera 6 x 60 g,"4,90 €",4.9,"(13,61 €/KILO)",13.61,KILO,/conservas-caldos-y-cremas/atun-y-bonito/p/262432,2026-09-30T19:56:38
atún,DIA,304093,Atún al natural Dia Mari Marinera 3 x 56 g,"1,96 €",1.96,"(11,67 €/KILO)",11.67,KILO,/conservas-caldos-y-cremas/atun-y-bonito/p/304093,2026-09-30T19:56:38
atún,DIA,138259,Atún en aceite de girasol Dia Mari Marinera 650 g,"6,50 €",6.5,"(10,00 €/KILO)",10.0,KILO,/conservas-caldos-y-cremas/atun-y-bonito/p/138259,2026-09-30T19:56:38
atún,DIA,304092,Atún en aceite de oliva Dia Mari Marinera 6 x 52 g,"4,25 €",4.25,"(13,62 €/KILO)",13.62,KILO,/conservas-caldos-y-cremas/atun-y-bonito/p/304092,2026-09-30T19:56:38
atún,DIA,288633,Solomillo de atún MSC Dia Mari Marinera 250 g,"4,29 €",4.29,"(17,16 €/KILO)",17.16,KILO,/pescados-y-mariscos/congelado/p/288633,2026-09-30T19:56:38
atún,DIA,288045,Atún en aceite de oliva Dia Mari Marinera 3 x 52 g,"2,45 €",2.45,"(15,71 €/KILO)",15.71,KILO,/conservas-caldos-y-cremas/atun-y-bonito/p/288045,2026-09-30T19:56:38
atún,DIA,262429,Atún en aceite de girasol Dia Mari Marinera 3 x 52 g,"2,19 €",2.19,"(14,04 €/KILO)",14.04,KILO,/conservas-caldos-y-cremas/atun-y-bonito/p/262429,2026-09-30T19:56:38
atún,DIA,262440,Atún claro en escabeche Dia Mari Marinera 6 x 60 g,"4,60 €",4.6,"(12,78 €/KILO)",12.78,KILO,/conservas-caldos-y-cremas/atun-y-bonito/p/262440,2026-09-30T19:56:38
atún,DIA,1413,Mini empanadillas de atún Dia Al Punto 400 g,"1,52 €",1.52,"(3,80 €/KILO)",3.8,KILO,/congelados-y-helados/croquetas-y-rebozados/p/1413,2026-09-30T19:56:38
atún,DIA,29395,Bonito del norte en aceite de oliva Dia Mari Marinera 73 g,"1,59 €",1.59,"(21,78 €/KILO)",21.78,KILO,/conservas-caldos-y-cremas/atun-y-bonito/p/29395,2026-09-30T19:56:38
atún,DIA,11829,Melva en aceite de oliva Dia Mari Marinera 85 g,"1,85 €",1.85,"(21,76 €/KILO)",21.76,KILO,/conservas-caldos-y-cremas/atun-y-bonito/p/11829,2026-09-30T19:56:38
atún,DIA,61500,Atún claro en aceite de oliva Calvo 3 x 52 g,"4,29 €",4.29,"(27,50 €/KILO)",27.5,KILO,/conservas-caldos-y-cremas/atun-y-bonito/p/61500,2026-09-30T19:56:38
atún,DIA,304089,Atún en aceite de girasol Dia Mari Marinera 260 g,"3,39 €",3.39,"(13,04 €/KILO)",13.04,KILO,/conservas-caldos-y-cremas/atun-y-bonito/p/304089,2026-09-30T19:56:38
atún,DIA,282560,Atún claro en aceite de oliva Calvo 6 x 52 g,"8,24 €",8.24,"(26,41 €/KILO)",26.41,KILO,/conservas-caldos-y-cremas/atun-y-bonito/p/282560,2026-09-30T19:56:38
atún,DIA,309003,Solomillo de atún marinado Selección de Dia 250 g aprox.,"5,74 €",5.74,"(22,97 €/KILO)",22.97,KILO,/pescados-y-mariscos/fresco/p/309003,2026-09-30T19:56:38
atún,DIA,297835,Atún en aceite de oliva Ribeira 650 g,"9,24 €",9.24,"(14,22 €/KILO)",14.22,KILO,/conservas-caldos-y-cremas/atun-y-bonito/p/297835,2026-09-30T19:56:38
atún,DIA,307540,Empanada de atún El Molino de Dia 500 g,"3,79 €",3.79,"(7,58 €/KILO)",7.58,KILO,/platos-preparados-y-pizzas/tortillas-y-empanadas/p/307540,2026-09-30T19:56:38
atún,DIA,296869,Trozos de atún en aceite de girasol Ribeira 3 x 52 g,"2,35 €",2.35,"(15,06 €/KILO)",15.06,KILO,/conservas-caldos-y-cremas/atun-y-bonito/p/296869,2026-09-30T19:56:38
atún,DIA,304827,Atún claro al natural alto en proteínas Dia Mari Marinera 2 x 56 g,"1,95 €",1.95,"(17,41 €/KILO)",17.41,KILO,/conservas-caldos-y-cremas/atun-y-bonito/p/304827,2026-09-30T19:56:38
atún,DIA,301325,Atún claro en aceite de girasol Calvo 2 x 52 g,"1,50 €",1.5,"(14,42 €/KILO)",14.42,KILO,/conservas-caldos-y-cremas/atun-y-bonito/p/301325,2026-09-30T19:56:38
atún,DIA,303963,Atún claro en aceite de girasol Dia Mari Marinera 228 g,"4,99 €",4.99,"(21,89 €/KILO)",21.89,KILO,/conservas-caldos-y-cremas/atun-y-bonito/p/303963,2026-09-30T19:56:38
atún,DIA,296414,Bonito del norte en trozos Dia Mari Marinera 3 x 52 g,"2,89 €",2.89,"(18,53 €/KILO)",18.53,KILO,/conservas-caldos-y-cremas/atun-y-bonito/p/296414,2026-09-30T19:56:38
atún,DIA,119959,Atún en salsa de tomate Dia Mari Marinera 3 x 52 g,"2,10 €",2.1,"(13,46 €/KILO)",13.46,KILO,/conservas-caldos-y-cremas/atun-y-bonito/p/119959,2026-09-30T19:56:38
atún,DIA,60574,Atún claro al natural Calvo 3 x 56 g,"3,41 €",3.41,"(20,30 €/KILO)",20.3,KILO,/conservas-caldos-y-cremas/atun-y-bonito/p/60574,2026-09-30T19:56:38
atún,DIA,293539,Paté de atún Dia Nuestra Alacena 2 x 75 g,"1,45 €",1.45,"(9,67 €/KILO)",9.67,KILO,/charcuteria/pate-y-sobrasada/p/293539,2026-09-30T19:56:38
atún,DIA,301323,Atún claro en aceite de oliva Calvo 2 x 52 g,"1,75 €",1.75,"(16,83 €/KILO)",16.83,KILO,/conservas-caldos-y-cremas/atun-y-bonito/p/301323,2026-09-30T19:56:38
atún,DIA,30480,Pizza atún y bacon Dia Al Punto 400 g,"2,10 €",2.1,"(5,25 €/KILO)",5.25,KILO,/platos-preparados-y-pizzas/pizzas-refrigeradas/p/30480,2026-09-30T19:56:38
atún,DIA,54213,Pizza bacon y atún Dia Al Punto 400 g,"2,49 €",2.49,"(6,23 €/KILO)",6.23,KILO,/congelados-y-helados/pizzas-y-masas/p/54213,2026-09-30T19:56:38
garbanzos,DIA,1232,Garbanzos cocidos Dia Vegecampo 400 g,"0,80 €",0.8,"(2,00 €/KILO)",2.0,KILO,/arroz-pastas-y-legumbres/garbanzos-y-alubias/p/1232,2026-09-30T19:56:57
garbanzos,DIA,268896,Garbanzos cocidos pedrosillanos Dia Vegecampo 400 g,"0,90 €",0.9,"(2,25 €/KILO)",2.25,KILO,/arroz-pastas-y-legumbres/garbanzos-y-alubias/p/268896,2026-09-30T19:56:57
garbanzos,DIA,284017,Garbanzos cocidos Dia Vegecampo 210 g,"0,75 €",0.75,"(3,57 €/KILO)",3.57,KILO,/arroz-pastas-y-legumbres/garbanzos-y-alubias/p/284017,2026-09-30T19:56:57
garbanzos,DIA,155,Garbanzos Dia Vegecampo 1 Kg,"2,15 €",2.15,"(2,15 €/KILO)",2.15,KILO,/arroz-pastas-y-legumbres/garbanzos-y-alubias/p/155,2026-09-30T19:56:57
garbanzos,DIA,194830,Garbanzos pedrosillanos Dia Vegecampo 1 Kg,"1,90 €",1.9,"(1,90 €/KILO)",1.9,KILO,/arroz-pastas-y-legumbres/garbanzos-y-alubias/p/194830,2026-09-30T19:56:57
garbanzos,DIA,1233,Alubias blancas cocidas Dia Vegecampo 400 g,"0,75 €",0.75,"(1,88 €/KILO)",1.88,KILO,/arroz-pastas-y-legumbres/garbanzos-y-alubias/p/1233,2026-09-30T19:56:57
garbanzos,DIA,101720,Garbanzos cocidos Luengo 400 g,"1,31 €",1.31,"(3,28 €/KILO)",3.28,KILO,/arroz-pastas-y-legumbres/garbanzos-y-alubias/p/101720,2026-09-30T19:56:57
garbanzos,DIA,189861,Garbanzos con espinacas Litoral 425 g,"2,36 €",2.36,"(5,55 €/KILO)",5.55,KILO,/platos-preparados-y-pizzas/comida-tradicional/p/189861,2026-09-30T19:56:57
garbanzos,DIA,73816,Garbanzos Luengo 1 Kg,"4,19 €",4.19,"(4,19 €/KILO)",4.19,KILO,/arroz-pastas-y-legumbres/garbanzos-y-alubias/p/73816,2026-09-30T19:56:57
garbanzos,DIA,304291,Garbanzos Dia Vegecampo 500 g,"1,35 €",1.35,"(2,70 €/KILO)",2.7,KILO,/arroz-pastas-y-legumbres/garbanzos-y-alubias/p/304291,2026-09-30T19:56:57
garbanzos,DIA,310259,Espirales 100% de garbanzo Dia Al Diante 250 g,"1,65 €",1.65,"(6,60 €/KILO)",6.6,KILO,/arroz-pastas-y-legumbres/macarrones-espaguetis-y-pastas-secas/p/310259,2026-09-30T19:56:57
garbanzos,DIA,210523,Alubias rojas cocidas Dia Vegecampo 400 g,"1,20 €",1.2,"(3,00 €/KILO)",3.0,KILO,/arroz-pastas-y-legumbres/garbanzos-y-alubias/p/210523,2026-09-30T19:56:57
garbanzos,DIA,222740,Garbanzos cocidos bajos en sal Dia Vegecampo 400 g,"0,95 €",0.95,"(2,38 €/KILO)",2.38,KILO,/arroz-pastas-y-legumbres/garbanzos-y-alubias/p/222740,2026-09-30T19:56:57
garbanzos,DIA,275725,Garbanzos cocidos ecológicos Luengo 400 g,"1,99 €",1.99,"(4,98 €/KILO)",4.98,KILO,/arroz-pastas-y-legumbres/garbanzos-y-alubias/p/275725,2026-09-30T19:56:57
garbanzos,DIA,135263,Judiones cocidos Dia Vegecampo 400 g,"1,65 €",1.65,"(4,13 €/KILO)",4.13,KILO,/arroz-pastas-y-legumbres/garbanzos-y-alubias/p/135263,2026-09-30T19:56:57
garbanzos,DIA,166948,Garbanzos cocidos La Asturiana 210 g,"1,20 €",1.2,"(5,71 €/KILO)",5.71,KILO,/arroz-pastas-y-legumbres/garbanzos-y-alubias/p/166948,2026-09-30T19:56:57
garbanzos,DIA,304400,Ensalada de garbanzos y verduras Dia Vegecampo 370 g,"1,99 €",1.99,"(5,38 €/KILO)",5.38,KILO,/conservas-caldos-y-cremas/conservas-de-verdura/p/304400,2026-09-30T19:56:57
garbanzos,DIA,304293,Alubias blancas Dia Vegecampo 500 g,"1,39 €",1.39,"(2,78 €/KILO)",2.78,KILO,/arroz-pastas-y-legumbres/garbanzos-y-alubias/p/304293,2026-09-30T19:56:57
garbanzos,DIA,283986,Alubias blancas cocidas bajas en sal Dia Vegecampo 400 g,"0,95 €",0.95,"(2,38 €/KILO)",2.38,KILO,/arroz-pastas-y-legumbres/garbanzos-y-alubias/p/283986,2026-09-30T19:56:57
garbanzos,DIA,154,Alubias blancas Dia Vegecampo 1 Kg,"2,45 €",2.45,"(2,45 €/KILO)",2.45,KILO,/arroz-pastas-y-legumbres/garbanzos-y-alubias/p/154,2026-09-30T19:56:57
garbanzos,DIA,50647,Alubias blancas cocidas con verduras Dia Vegecampo 400 g,"1,19 €",1.19,"(2,98 €/KILO)",2.98,KILO,/arroz-pastas-y-legumbres/garbanzos-y-alubias/p/50647,2026-09-30T19:56:57
garbanzos,DIA,156,Alubias pintas Dia Vegecampo 1 Kg,"2,30 €",2.3,"(2,30 €/KILO)",2.3,KILO,/arroz-pastas-y-legumbres/garbanzos-y-alubias/p/156,2026-09-30T19:56:57
garbanzos,DIA,283985,Alubias blancas cocidas Dia Vegecampo 210 g,"0,70 €",0.7,"(3,33 €/KILO)",3.33,KILO,/arroz-pastas-y-legumbres/garbanzos-y-alubias/p/283985,2026-09-30T19:56:57
garbanzos,DIA,189831,Garbanzos con verduras Luengo 400 g,"1,55 €",1.55,"(3,88 €/KILO)",3.88,KILO,/arroz-pastas-y-legumbres/garbanzos-y-alubias/p/189831,2026-09-30T19:56:57
garbanzos,DIA,61318,Alubias negras Dia Vegecampo 500 g,"1,25 €",1.25,"(2,50 €/KILO)",2.5,KILO,/arroz-pastas-y-legumbres/garbanzos-y-alubias/p/61318,2026-09-30T19:56:57
garbanzos,DIA,254987,Alubias pintas cocidas Dia Vegecampo 400 g,"1,25 €",1.25,"(3,13 €/KILO)",3.13,KILO,/arroz-pastas-y-legumbres/garbanzos-y-alubias/p/254987,2026-09-30T19:56:57
garbanzos,DIA,181432,Alubias moradas Luengo 1 Kg,"4,65 €",4.65,"(4,65 €/KILO)",4.65,KILO,/arroz-pastas-y-legumbres/garbanzos-y-alubias/p/181432,2026-09-30T19:56:57
garbanzos,DIA,77561,Garbanzos pedrosillanos Luengo 1 Kg,"3,66 €",3.66,"(3,66 €/KILO)",3.66,KILO,/arroz-pastas-y-legumbres/garbanzos-y-alubias/p/77561,2026-09-30T19:56:57
garbanzos,DIA,119810,Alubias blancas cocidas Luengo 400 g,"1,31 €",1.31,"(3,28 €/KILO)",3.28,KILO,/arroz-pastas-y-legumbres/garbanzos-y-alubias/p/119810,2026-09-30T19:56:57
garbanzos,DIA,277678,Lunch bowl de garbanzos Bonduelle 250 g,"2,99 €",2.99,"(11,96 €/KILO)",11.96,KILO,/platos-preparados-y-pizzas/ensaladas-y-bowls/p/277678,2026-09-30T19:56:57
aceite,DIA,101,Aceite refinado de girasol Diasol 1 L,"1,85 €",1.85,"(1,85 €/LITRO)",1.85,LITRO,/aceites-salsas-y-especias/aceites/p/101,2026-09-30T19:57:16
aceite,DIA,112529,Aceite de oliva virgen extra Dia La Almazara del Olivar 1 L,"4,45 €",4.45,"(4,45 €/LITRO)",4.45,LITRO,/aceites-salsas-y-especias/aceites/p/112529,2026-09-30T19:57:16
aceite,DIA,104,Aceite de oliva suave Dia La Almazara del Olivar 1 L,"3,70 €",3.7,"(3,70 €/LITRO)",3.7,LITRO,/aceites-salsas-y-especias/aceites/p/104,2026-09-30T19:57:16
aceite,DIA,266129,Aceite de oliva virgen extra Dia La Almazara del Olivar 3 L,"13,05 €",13.05,"(4,35 €/LITRO)",4.35,LITRO,/aceites-salsas-y-especias/aceites/p/266129,2026-09-30T19:57:16
aceite,DIA,100,Aceite de oliva suave Carbonell 1 L,"5,75 €",5.75,"(5,75 €/LITRO)",5.75,LITRO,/aceites-salsas-y-especias/aceites/p/100,2026-09-30T19:57:16
aceite,DIA,49894,Aceite refinado de girasol Diasol 5 L,"8,60 €",8.6,"(1,72 €/LITRO)",1.72,LITRO,/aceites-salsas-y-especias/aceites/p/49894,2026-09-30T19:57:16
aceite,DIA,216284,Aceite de oliva virgen Dia La Almazara del Olivar 1 L,"4,10 €",4.1,"(4,10 €/LITRO)",4.1,LITRO,/aceites-salsas-y-especias/aceites/p/216284,2026-09-30T19:57:16
aceite,DIA,27768,Aceite de oliva suave Dia La Almazara del Olivar 3 L,"10,50 €",10.5,"(3,50 €/LITRO)",3.5,LITRO,/aceites-salsas-y-especias/aceites/p/27768,2026-09-30T19:57:16
aceite,DIA,188385,Aceite de oliva intenso Carbonell 1 L,"5,75 €",5.75,"(5,75 €/LITRO)",5.75,LITRO,/aceites-salsas-y-especias/aceites/p/188385,2026-09-30T19:57:16
aceite,DIA,227121,Aceite de oliva virgen Dia La Almazara del Olivar 3 L,"12,00 €",12.0,"(4,00 €/LITRO)",4.0,LITRO,/aceites-salsas-y-especias/aceites/p/227121,2026-09-30T19:57:16
aceite,DIA,128657,Tomate frito Dia Vegecampo 3 x 390 g,"1,32 €",1.32,"(1,13 €/KILO)",1.13,KILO,/aceites-salsas-y-especias/salsas-de-tomate-y-pasta/p/128657,2026-09-30T19:57:16
aceite,DIA,105,Aceite de oliva intenso Dia La Almazara del Olivar 1 L,"3,80 €",3.8,"(3,80 €/LITRO)",3.8,LITRO,/aceites-salsas-y-especias/aceites/p/105,2026-09-30T19:57:16
aceite,DIA,65631,Aceite de oliva intenso Dia La Almazara del Olivar 3 L,"10,80 €",10.8,"(3,60 €/LITRO)",3.6,LITRO,/aceites-salsas-y-especias/aceites/p/65631,2026-09-30T19:57:16
aceite,DIA,4853,Ketchup Dia Salseo 560 g,"0,98 €",0.98,"(1,75 €/KILO)",1.75,KILO,/aceites-salsas-y-especias/ketchup-mayonesa-y-mostaza/p/4853,2026-09-30T19:57:16
aceite,DIA,262430,Atún en aceite de girasol Dia Mari Marinera 6 x 52 g,"3,64 €",3.64,"(11,67 €/KILO)",11.67,KILO,/conservas-caldos-y-cremas/atun-y-bonito/p/262430,2026-09-30T19:57:16
aceite,DIA,1221,Tomate frito Dia Vegecampo 3 x 215 g,"0,95 €",0.95,"(1,47 €/KILO)",1.47,KILO,/aceites-salsas-y-especias/salsas-de-tomate-y-pasta/p/1221,2026-09-30T19:57:16
aceite,DIA,419,Sal fina Dia 1 Kg,"0,40 €",0.4,"(0,40 €/KILO)",0.4,KILO,/aceites-salsas-y-especias/ajo-sal-y-pimienta/p/419,2026-09-30T19:57:16
aceite,DIA,216988,Aceite de oliva virgen extra en spray Carbonell 200 ml,"3,29 €",3.29,"(16,45 €/LITRO)",16.45,LITRO,/aceites-salsas-y-especias/aceites/p/216988,2026-09-30T19:57:16
aceite,DIA,12360,Aceite de oliva virgen extra Dia La Almazara del Olivar 750 ml,"5,45 €",5.45,"(7,27 €/LITRO)",7.27,LITRO,/aceites-salsas-y-especias/aceites/p/12360,2026-09-30T19:57:16
aceite,DIA,326,Tomate triturado Dia Vegecampo 400 g,"0,55 €",0.55,"(1,38 €/KILO)",1.38,KILO,/aceites-salsas-y-especias/salsas-de-tomate-y-pasta/p/326,2026-09-30T19:57:16
aceite,DIA,193,Aceite de girasol Koipe 1 L,"2,85 €",2.85,"(2,85 €/LITRO)",2.85,LITRO,/aceites-salsas-y-especias/aceites/p/193,2026-09-30T19:57:16
aceite,DIA,299121,Ajo en polvo Dia Vegecampo 85 g,"0,92 €",0.92,"(10,82 €/KILO)",10.82,KILO,/aceites-salsas-y-especias/ajo-sal-y-pimienta/p/299121,2026-09-30T19:57:16
aceite,DIA,302600,Aceite de girasol en spray para air fryer Diasol 200 ml,"2,19 €",2.19,"(10,95 €/LITRO)",10.95,LITRO,/aceites-salsas-y-especias/aceites/p/302600,2026-09-30T19:57:16
aceite,DIA,209164,Mayonesa Dia Salseo 500 ml,"1,43 €",1.43,"(2,86 €/LITRO)",2.86,LITRO,/aceites-salsas-y-especias/ketchup-mayonesa-y-mostaza/p/209164,2026-09-30T19:57:16
aceite,DIA,304092,Atún en aceite de oliva Dia Mari Marinera 6 x 52 g,"4,25 €",4.25,"(13,62 €/KILO)",13.62,KILO,/conservas-caldos-y-cremas/atun-y-bonito/p/304092,2026-09-30T19:57:16
aceite,DIA,287019,Salsa de soja Dia Salseo 250 ml,"1,20 €",1.2,"(4,80 €/LITRO)",4.8,LITRO,/aceites-salsas-y-especias/salsas-especiales-y-picantes/p/287019,2026-09-30T19:57:16
aceite,DIA,70791,Aceite de oliva virgen extra Carbonell 1 L,"7,69 €",7.69,"(7,69 €/LITRO)",7.69,LITRO,/aceites-salsas-y-especias/aceites/p/70791,2026-09-30T19:57:16
aceite,DIA,11829,Melva en aceite de oliva Dia Mari Marinera 85 g,"1,85 €",1.85,"(21,76 €/KILO)",21.76,KILO,/conservas-caldos-y-cremas/atun-y-bonito/p/11829,2026-09-30T19:57:16
aceite,DIA,111055,Pisto con aceite de oliva Dia Vegecampo 350 g,"1,20 €",1.2,"(3,43 €/KILO)",3.43,KILO,/aceites-salsas-y-especias/salsas-de-tomate-y-pasta/p/111055,2026-09-30T19:57:16
aceite,DIA,53720,Mayonesa Dia Salseo 450 ml,"1,39 €",1.39,"(3,09 €/LITRO)",3.09,LITRO,/aceites-salsas-y-especias/ketchup-mayonesa-y-mostaza/p/53720,2026-09-30T19:57:16
detergente,DIA,273998,Detergente líquido marsella Dia Super Paco 61 lavados,"4,27 €",4.27,"(0,07 €/LAVADO)",0.07,LAVADO,/limpieza-y-hogar/detergentes/p/273998,2026-09-30T19:57:35
detergente,DIA,274002,Detergente líquido azul Dia Super Paco 46 lavados,"4,25 €",4.25,"(0,09 €/LAVADO)",0.09,LAVADO,/limpieza-y-hogar/detergentes/p/274002,2026-09-30T19:57:35
detergente,DIA,273999,Detergente líquido ropa blanca y color Dia Super Paco 30 lavados,"3,51 €",3.51,"(0,12 €/LAVADO)",0.12,LAVADO,/limpieza-y-hogar/detergentes/p/273999,2026-09-30T19:57:35
detergente,DIA,274006,Detergente líquido para prendas delicadas Dia Super Paco 66 lavados,"2,50 €",2.5,"(0,04 €/LAVADO)",0.04,LAVADO,/limpieza-y-hogar/detergentes/p/274006,2026-09-30T19:57:35
detergente,DIA,140809,Detergente líquido todo en uno Dixan 30 lavados,"5,24 €",5.24,"(0,17 €/LAVADO)",0.17,LAVADO,/limpieza-y-hogar/detergentes/p/140809,2026-09-30T19:57:35
detergente,DIA,308903,Detergente en polvo marsella Dia Super Paco 25 lavados,"2,95 €",2.95,"(2,95 €/LAVADO)",2.95,LAVADO,/limpieza-y-hogar/detergentes/p/308903,2026-09-30T19:57:35
detergente,DIA,274003,Detergente líquido colonia Dia Super Paco 46 lavados,"4,35 €",4.35,"(0,09 €/LAVADO)",0.09,LAVADO,/limpieza-y-hogar/detergentes/p/274003,2026-09-30T19:57:35
detergente,DIA,300980,Detergente en cápsulas bouquet floral Dia Super Paco 20 unidades,"3,79 €",3.79,"(0,19 €/LAVADO)",0.19,LAVADO,/limpieza-y-hogar/detergentes/p/300980,2026-09-30T19:57:35
detergente,DIA,299826,Detergente líquido limpieza profunda Skip 53 lavados,"9,99 €",9.99,"(0,29 €/LAVADO)",0.29,LAVADO,/limpieza-y-hogar/detergentes/p/299826,2026-09-30T19:57:35
detergente,DIA,273997,Detergente líquido marsella Dia Super Paco 46 lavados,"4,45 €",4.45,"(0,10 €/LAVADO)",0.1,LAVADO,/limpieza-y-hogar/detergentes/p/273997,2026-09-30T19:57:35
detergente,DIA,254271,Detergente líquido liso y limpio Wipp Express 40 lavados,"7,49 €",7.49,"(0,19 €/LAVADO)",0.19,LAVADO,/limpieza-y-hogar/detergentes/p/254271,2026-09-30T19:57:35
detergente,DIA,308902,Detergente en polvo ropa blanca y color Dia Super Paco 25 lavados,"3,45 €",3.45,"(3,45 €/LAVADO)",3.45,LAVADO,/limpieza-y-hogar/detergentes/p/308902,2026-09-30T19:57:35
detergente,DIA,300982,Detergente en cápsulas ultra poder Dia Super Paco 18 unidades,"4,15 €",4.15,"(0,23 €/LAVADO)",0.23,LAVADO,/limpieza-y-hogar/detergentes/p/300982,2026-09-30T19:57:35
detergente,DIA,274001,Detergente líquido ropa blanca y color Dia Super Paco 61 lavados,"7,14 €",7.14,"(0,12 €/LAVADO)",0.12,LAVADO,/limpieza-y-hogar/detergentes/p/274001,2026-09-30T19:57:35
detergente,DIA,298812,Detergente en cápsulas fusión floral Puntomatic 12 lavados,"2,89 €",2.89,"(0,24 €/LAVADO)",0.24,LAVADO,/limpieza-y-hogar/detergentes/p/298812,2026-09-30T19:57:35
detergente,DIA,252380,Lejía con detergente limón Dia 2 L,"1,15 €",1.15,"(0,58 €/LITRO)",0.58,LITRO,/limpieza-y-hogar/lejia-y-desinfectantes/p/252380,2026-09-30T19:57:35
detergente,DIA,274004,Detergente líquido floral Dia Super Paco 46 lavados,"4,35 €",4.35,"(0,09 €/LAVADO)",0.09,LAVADO,/limpieza-y-hogar/detergentes/p/274004,2026-09-30T19:57:35
detergente,DIA,1662,Lejía con detergente Dia 2 L,"1,15 €",1.15,"(0,58 €/LITRO)",0.58,LITRO,/limpieza-y-hogar/lejia-y-desinfectantes/p/1662,2026-09-30T19:57:35
detergente,DIA,49397,Detergente líquido Ariel botella 25 + 5 L,"7,99 €",7.99,"(0,32 €/LAVADO)",0.32,LAVADO,/limpieza-y-hogar/detergentes/p/49397,2026-09-30T19:57:35
detergente,DIA,307941,Detergente en cápsulas todo en uno Ariel 19 lavados,"6,99 €",6.99,"(0,37 €/LAVADO)",0.37,LAVADO,/limpieza-y-hogar/detergentes/p/307941,2026-09-30T19:57:35
detergente,DIA,313896,Detergente en cápsulas poderoso Ariel caja 23 lavados,"9,99 €",9.99,"(9,99 €/UNIDAD)",9.99,UNIDAD,/limpieza-y-hogar/detergentes/p/313896,2026-09-30T19:57:35
detergente,DIA,152978,Detergente en pastillas blanco puro Puntomatic 4 lavados,"1,04 €",1.04,"(0,26 €/LAVADO)",0.26,LAVADO,/limpieza-y-hogar/detergentes/p/152978,2026-09-30T19:57:35
detergente,DIA,244877,Detergente líquido bebé Norit 32 lavados,"4,35 €",4.35,"(0,14 €/LAVADO)",0.14,LAVADO,/limpieza-y-hogar/detergentes/p/244877,2026-09-30T19:57:35
detergente,DIA,262457,Detergente en polvo Ariel 30 lavados,"12,79 €",12.79,"(0,43 €/LAVADO)",0.43,LAVADO,/limpieza-y-hogar/detergentes/p/262457,2026-09-30T19:57:35
detergente,DIA,307948,Detergente líquido quitamanchas Ariel 30 lavados,"9,39 €",9.39,"(0,31 €/LAVADO)",0.31,LAVADO,/limpieza-y-hogar/detergentes/p/307948,2026-09-30T19:57:35
detergente,DIA,283939,Detergente en cápsulas todo en uno Ariel 35 lavados,"12,99 €",12.99,"(0,37 €/LAVADO)",0.37,LAVADO,/limpieza-y-hogar/detergentes/p/283939,2026-09-30T19:57:35
detergente,DIA,280408,Detergente líquido gel sensaciones Colon 45 lavados,"11,99 €",11.99,"(0,27 €/LAVADO)",0.27,LAVADO,/limpieza-y-hogar/detergentes/p/280408,2026-09-30T19:57:35
detergente,DIA,283975,"Lejía con detergente limón Estrella 1,43 L","2,56 €",2.56,"(1,79 €/LITRO)",1.79,LITRO,/limpieza-y-hogar/lejia-y-desinfectantes/p/283975,2026-09-30T19:57:35
detergente,DIA,273734,Detergente en polvo a mano Dia Super Paco 600 g,"1,75 €",1.75,"(2,92 €/KILO)",2.92,KILO,/limpieza-y-hogar/detergentes/p/273734,2026-09-30T19:57:35
detergente,DIA,244178,Detergente líquido para prendas delicadas Norit 37 lavados,"4,19 €",4.19,"(0,11 €/LAVADO)",0.11,LAVADO,/limpieza-y-hogar/detergentes/p/244178,2026-09-30T19:57:35
papel higiénico,DIA,276678,Papel higiénico doble rollo Dia La Llama 12 unidades,"4,60 €",4.6,"(0,38 €/UNIDAD)",0.38,UNIDAD,/limpieza-y-hogar/papel-higienico-cocina-y-servilletas/p/276678,2026-09-30T19:57:54
papel higiénico,DIA,276676,Papel higiénico Dia La Llama 12 unidades,"2,35 €",2.35,"(0,20 €/UNIDAD)",0.2,UNIDAD,/limpieza-y-hogar/papel-higienico-cocina-y-servilletas/p/276676,2026-09-30T19:57:54
papel higiénico,DIA,276677,Papel higiénico doble rollo Dia La Llama 6 unidades,"2,35 €",2.35,"(0,39 €/UNIDAD)",0.39,UNIDAD,/limpieza-y-hogar/papel-higienico-cocina-y-servilletas/p/276677,2026-09-30T19:57:54
papel higiénico,DIA,288727,Papel higiénico húmedo Dia La Llama 80 unidades,"1,59 €",1.59,"(0,02 €/UNIDAD)",0.02,UNIDAD,/limpieza-y-hogar/papel-higienico-cocina-y-servilletas/p/288727,2026-09-30T19:57:54
papel higiénico,DIA,276681,Papel higiénico perfumado 4 capas Dia La Llama 8 unidades,"3,79 €",3.79,"(0,47 €/UNIDAD)",0.47,UNIDAD,/limpieza-y-hogar/papel-higienico-cocina-y-servilletas/p/276681,2026-09-30T19:57:54
papel higiénico,DIA,276680,Papel higiénico suave 3 capas Dia La Llama 12 unidades,"5,35 €",5.35,"(0,45 €/UNIDAD)",0.45,UNIDAD,/limpieza-y-hogar/papel-higienico-cocina-y-servilletas/p/276680,2026-09-30T19:57:54
papel higiénico,DIA,270999,Papel higiénico Scottex 12 unidades,"3,99 €",3.99,"(0,33 €/UNIDAD)",0.33,UNIDAD,/limpieza-y-hogar/papel-higienico-cocina-y-servilletas/p/270999,2026-09-30T19:57:54
papel higiénico,DIA,307298,Pañuelos Dia La Llama 10 unidades,"1,10 €",1.1,"(0,11 €/UNIDAD)",0.11,UNIDAD,/limpieza-y-hogar/papel-higienico-cocina-y-servilletas/p/307298,2026-09-30T19:57:54
papel higiénico,DIA,276683,Papel de cocina absorbente Dia La Llama 3 unidades,"2,25 €",2.25,"(0,75 €/UNIDAD)",0.75,UNIDAD,/limpieza-y-hogar/papel-higienico-cocina-y-servilletas/p/276683,2026-09-30T19:57:54
papel higiénico,DIA,276692,Servilletas Dia La Llama 200 unidades,"1,15 €",1.15,"(0,01 €/UNIDAD)",0.01,UNIDAD,/limpieza-y-hogar/papel-higienico-cocina-y-servilletas/p/276692,2026-09-30T19:57:54
papel higiénico,DIA,276689,Papel multiusos absorbente Dia La Llama 1 unidad,"2,95 €",2.95,"(2,95 €/UNIDAD)",2.95,UNIDAD,/limpieza-y-hogar/papel-higienico-cocina-y-servilletas/p/276689,2026-09-30T19:57:54
papel higiénico,DIA,276682,Papel higiénico acolchado 3 capas Dia La Llama 6 unidades,"2,99 €",2.99,"(0,50 €/UNIDAD)",0.5,UNIDAD,/limpieza-y-hogar/papel-higienico-cocina-y-servilletas/p/276682,2026-09-30T19:57:54
papel higiénico,DIA,276698,Caja de pañuelos Dia La Llama 150 unidades,"1,19 €",1.19,"(0,01 €/UNIDAD)",0.01,UNIDAD,/limpieza-y-hogar/papel-higienico-cocina-y-servilletas/p/276698,2026-09-30T19:57:54
papel higiénico,DIA,187744,Papel higiénico seda Foxy 6 unidades,"3,99 €",3.99,"(0,67 €/UNIDAD)",0.67,UNIDAD,/limpieza-y-hogar/papel-higienico-cocina-y-servilletas/p/187744,2026-09-30T19:57:54
papel higiénico,DIA,299875,Papel higiénico aloe vera 3 capas Dia La Llama 6 unidades,"2,99 €",2.99,"(0,50 €/UNIDAD)",0.5,UNIDAD,/limpieza-y-hogar/papel-higienico-cocina-y-servilletas/p/299875,2026-09-30T19:57:54
papel higiénico,DIA,292546,Papel de cocina Dia La Llama 2 unidades,"1,29 €",1.29,"(0,65 €/UNIDAD)",0.65,UNIDAD,/limpieza-y-hogar/papel-higienico-cocina-y-servilletas/p/292546,2026-09-30T19:57:54
papel higiénico,DIA,288728,Papel higiénico húmedo Dia Planeta Junior 100 unidades,"1,89 €",1.89,"(0,02 €/UNIDAD)",0.02,UNIDAD,/limpieza-y-hogar/papel-higienico-cocina-y-servilletas/p/288728,2026-09-30T19:57:54
papel higiénico,DIA,305601,Papel higiénico húmedo sensitive Dia La Llama 15 unidades,"0,80 €",0.8,"(0,05 €/UNIDAD)",0.05,UNIDAD,/limpieza-y-hogar/papel-higienico-cocina-y-servilletas/p/305601,2026-09-30T19:57:54
papel higiénico,DIA,307458,Servilletas cocktail 2 capas Dia La Llama 100 unidades,"0,99 €",0.99,"(0,01 €/UNIDAD)",0.01,UNIDAD,/limpieza-y-hogar/papel-higienico-cocina-y-servilletas/p/307458,2026-09-30T19:57:54
papel higiénico,DIA,276693,Servilletas suaves Dia La Llama 100 unidades,"1,65 €",1.65,"(0,02 €/UNIDAD)",0.02,UNIDAD,/limpieza-y-hogar/papel-higienico-cocina-y-servilletas/p/276693,2026-09-30T19:57:54
papel higiénico,DIA,311413,Papel higiénico seda Scottex 4+2 uds,"3,99 €",3.99,"(0,67 €/UNIDAD)",0.67,UNIDAD,/limpieza-y-hogar/papel-higienico-cocina-y-servilletas/p/311413,2026-09-30T19:57:54
papel higiénico,DIA,303351,Pañuelos sensitive Dia La Llama 10 unidades,"1,75 €",1.75,"(0,18 €/UNIDAD)",0.18,UNIDAD,/limpieza-y-hogar/papel-higienico-cocina-y-servilletas/p/303351,2026-09-30T19:57:54
papel higiénico,DIA,300024,Papel multiusos resistente Dia La Llama 1 unidad,"2,99 €",2.99,"(2,99 €/UNIDAD)",2.99,UNIDAD,/limpieza-y-hogar/papel-higienico-cocina-y-servilletas/p/300024,2026-09-30T19:57:54
papel higiénico,DIA,276679,Papel higiénico reciclado doble rollo Dia La Llama 6 unidades,"2,99 €",2.99,"(0,50 €/UNIDAD)",0.5,UNIDAD,/limpieza-y-hogar/papel-higienico-cocina-y-servilletas/p/276679,2026-09-30T19:57:54
papel higiénico,DIA,299876,Papel de cocina limón Dia La Llama 2 unidades,"2,25 €",2.25,"(1,13 €/UNIDAD)",1.13,UNIDAD,/limpieza-y-hogar/papel-higienico-cocina-y-servilletas/p/299876,2026-09-30T19:57:54
papel higiénico,DIA,292544,Papel higiénico triple rollo Dia La Llama 4 unidades,"2,49 €",2.49,"(0,62 €/UNIDAD)",0.62,UNIDAD,/limpieza-y-hogar/papel-higienico-cocina-y-servilletas/p/292544,2026-09-30T19:57:54
papel higiénico,DIA,276695,Servilletas fibra natural Dia La Llama 50 unidades,"1,50 €",1.5,"(0,03 €/UNIDAD)",0.03,UNIDAD,/limpieza-y-hogar/papel-higienico-cocina-y-servilletas/p/276695,2026-09-30T19:57:54
papel higiénico,DIA,308071,Papel de cocina decorado Kartika 2 unidades,"3,05 €",3.05,"(1,53 €/UNIDAD)",1.53,UNIDAD,/limpieza-y-hogar/papel-higienico-cocina-y-servilletas/p/308071,2026-09-30T19:57:54
papel higiénico,DIA,276691,Papel de cocina reciclado Dia La Llama 2 unidades,"2,25 €",2.25,"(1,13 €/UNIDAD)",1.13,UNIDAD,/limpieza-y-hogar/papel-higienico-cocina-y-servilletas/p/276691,2026-09-30T19:57:54
papel higiénico,DIA,276684,Papel de cocina super absorbente Dia La Llama 2 unidades,"2,99 €",2.99,"(1,50 €/UNIDAD)",1.5,UNIDAD,/limpieza-y-hogar/papel-higienico-cocina-y-servilletas/p/276684,2026-09-30T19:57:54
