searched_item,supermarket,name,quantity_raw,price_raw,price_type,price,image_url,scraped_at
leche,Mercadona,Leche semidesnatada Hacendado,6 briks x 1 Litro,"5,04 €",/pack,5.04,https://prod-mercadona.imgix.net/images/b91d8b8bafd5eabab8961aabbe16c28b.jpg?fit=crop&h=300&w=300,2026-09-23T13:47:11
leche,Mercadona,Leche entera Hacendado,6 briks x 1 Litro,"5,76 €",/pack,5.76,https://prod-mercadona.imgix.net/images/b4db71bda48058bb37cd556c55b2fc64.jpg?fit=crop&h=300&w=300,2026-09-23T13:47:11
leche,Mercadona,Leche desnatada Hacendado,6 briks x 1 Litro,"4,92 €",/pack,4.92,https://prod-mercadona.imgix.net/images/3b2cde7125f13d701043eef134149fe3.jpg?fit=crop&h=300&w=300,2026-09-23T13:47:11
leche,Mercadona,Leche semidesnatada sin lactosa Hacendado,6 briks x 1 Litro,"5,64 €",/pack,5.64,https://prod-mercadona.imgix.net/images/6b8cf0ba135f7e717632541922c5791d.jpg?fit=crop&h=300&w=300,2026-09-23T13:47:11
leche,Mercadona,Leche desnatada sin lactosa Hacendado,6 briks x 1 Litro,"5,46 €",/pack,5.46,https://prod-mercadona.imgix.net/images/84271adfb6b8db545c2f7c32ce09e1ed.jpg?fit=crop&h=300&w=300,2026-09-23T13:47:11
leche,Mercadona,Leche entera Hacendado,Brik 1 Litro,"0,96 €",/ud.,0.96,https://prod-mercadona.imgix.net/images/a731a91252722a3a9cb5856ae8f7d282.jpg?fit=crop&h=300&w=300,2026-09-23T13:47:11
leche,Mercadona,Leche entera Hacendado,6 mini briks x 200 Mililitros,"1,71 €",/pack,1.71,https://prod-mercadona.imgix.net/images/6e6f87557b2929cfffcc08ef72385328.jpg?fit=crop&h=300&w=300,2026-09-23T13:47:11
leche,Mercadona,Leche semidesnatada Hacendado,Brik 1 Litro,"0,84 €",/ud.,0.84,https://prod-mercadona.imgix.net/images/da2348eb6ffa595fbfdbe66367bcad3c.jpg?fit=crop&h=300&w=300,2026-09-23T13:47:11
leche,Mercadona,Leche semidesnatada Hacendado,"6 botellas x 1,5 Litros","8,70 €",/pack,8.7,https://prod-mercadona.imgix.net/images/866fa5a181f2d26607393eac0323a40c.jpg?fit=crop&h=300&w=300,2026-09-23T13:47:11
leche,Mercadona,Leche entera Hacendado,"6 botellas x 1,5 Litros","9,36 €",/pack,9.36,https://prod-mercadona.imgix.net/images/7c62cddec66dcb9ff1517ef35563c51c.jpg?fit=crop&h=300&w=300,2026-09-23T13:47:11
leche,Mercadona,Leche semidesnatada Asturiana,6 briks x 1 Litro,"7,02 €",/pack,7.02,https://prod-mercadona.imgix.net/images/2131c6c4a05a707eb66025fb0d86a95d.jpg?fit=crop&h=300&w=300,2026-09-23T13:47:11
leche,Mercadona,Leche entera Asturiana,6 briks x 1 Litro,"7,74 €",/pack,7.74,https://prod-mercadona.imgix.net/images/6751278cbad81ab48d3e40934bab3c03.jpg?fit=crop&h=300&w=300,2026-09-23T13:47:11
leche,Mercadona,Leche desnatada Hacendado,Brik 1 Litro,"0,82 €",/ud.,0.82,https://prod-mercadona.imgix.net/images/ce429d893cf4ce5867a74c7d71778806.jpg?fit=crop&h=300&w=300,2026-09-23T13:47:11
leche,Mercadona,Leche semidesnatada sin lactosa Hacendado,Brik 1 Litro,"0,94 €",/ud.,0.94,https://prod-mercadona.imgix.net/images/15f28a7326cdf32ea0e7304b16a154b9.jpg?fit=crop&h=300&w=300,2026-09-23T13:47:11
leche,Mercadona,Leche entera sin lactosa Hacendado,6 briks x 1 Litro,"6,18 €",/pack,6.18,https://prod-mercadona.imgix.net/images/16227e6ffd9278e3d1ff55fa8c86734b.jpg?fit=crop&h=300&w=300,2026-09-23T13:47:11
leche,Mercadona,Leche evaporada Hacendado,3 mini briks x 200 Mililitros,"1,66 €",/pack,1.66,https://prod-mercadona.imgix.net/images/786f650d3ee412906c31b12eff57d005.jpg?fit=crop&h=300&w=300,2026-09-23T13:47:11
leche,Mercadona,Leche semidesnatada calcio Hacendado,6 briks x 1 Litro,"6,30 €",/pack,6.3,https://prod-mercadona.imgix.net/images/b039c847158c6726b1db24fe8091a8ed.jpg?fit=crop&h=300&w=300,2026-09-23T13:47:11
leche,Mercadona,Leche desnatada sin lactosa Hacendado,Brik 1 Litro,"0,91 €",/ud.,0.91,https://prod-mercadona.imgix.net/images/a17b0af292e26e84ee2eaacad71e6f80.jpg?fit=crop&h=300&w=300,2026-09-23T13:47:11
leche,Mercadona,Leche entera Asturiana,"6 botellas x 1,5 Litros","11,82 €",/pack,11.82,https://prod-mercadona.imgix.net/images/724c49d63dee993987fb212c6b1f2bc9.jpg?fit=crop&h=300&w=300,2026-09-23T13:47:11
leche,Mercadona,Leche entera Hacendado,Botella 1 Litro,"1,15 €",/ud.,1.15,https://prod-mercadona.imgix.net/images/d985ec1b5f0e21f2fe5e32857e5200af.jpg?fit=crop&h=300&w=300,2026-09-23T13:47:11
leche,Mercadona,Leche semidesnatada Asturiana,"6 botellas x 1,5 Litros","10,74 €",/pack,10.74,https://prod-mercadona.imgix.net/images/1a9456d94ced3e143534df8d6fce8864.jpg?fit=crop&h=300&w=300,2026-09-23T13:47:11
leche,Mercadona,Leche desnatada calcio Hacendado,6 briks x 1 Litro,"6,12 €",/pack,6.12,https://prod-mercadona.imgix.net/images/761614ac020458712e57841305df431a.jpg?fit=crop&h=300&w=300,2026-09-23T13:47:11
leche,Mercadona,Leche semidesnatada Hacendado,6 mini briks x 200 Mililitros,"1,64 €",/pack,1.64,https://prod-mercadona.imgix.net/images/f16c6d550a0a4236222a7dfdea3017ca.jpg?fit=crop&h=300&w=300,2026-09-23T13:47:11
leche,Mercadona,Leche semidesnatada sin lactosa Hacendado,"6 botellas x 1,5 Litros","9,72 €",/pack,9.72,https://prod-mercadona.imgix.net/images/f0cd5d59c24ed6637a2d1f1e1c4bd093.jpg?fit=crop&h=300&w=300,2026-09-23T13:47:11
leche,Mercadona,Leche desnatada Hacendado,"6 botellas x 1,5 Litros","8,52 €",/pack,8.52,https://prod-mercadona.imgix.net/images/e2a6879b0f9a88fff1965e0f735136a9.jpg?fit=crop&h=300&w=300,2026-09-23T13:47:11
leche,Mercadona,Leche desnatada +Proteínas & calcio,6 briks x 1 Litro,"8,10 €",/pack,8.1,https://prod-mercadona.imgix.net/images/d470211a0604c39ba3ff5f5d6ee734ed.jpeg?fit=crop&h=300&w=300,2026-09-23T13:47:11
leche,Mercadona,Leche semidesnatada Hacendado,Botella 1 Litro,"1,09 €",/ud.,1.09,https://prod-mercadona.imgix.net/images/7f509c7db41e5763626998702f5cb755.jpg?fit=crop&h=300&w=300,2026-09-23T13:47:11
leche,Mercadona,Batido de chocolate 90% leche Hacendado,6 mini briks x 200 Mililitros,"1,75 €",/pack,1.75,https://prod-mercadona.imgix.net/images/a1f0f20dfd294022344acb43427d9a18.jpg?fit=crop&h=300&w=300,2026-09-23T13:47:11
leche,Mercadona,Leche desnatada Asturiana,6 briks x 1 Litro,"6,78 €",/pack,6.78,https://prod-mercadona.imgix.net/images/fec001e16543d9bf191d0fb0770a37a4.jpg?fit=crop&h=300&w=300,2026-09-23T13:47:11
leche,Mercadona,Leche entera Asturiana,Brik 1 Litro,"1,29 €",/ud.,1.29,https://prod-mercadona.imgix.net/images/8bedc0ed2166e3e37219b40a2d5ea6d0.jpg?fit=crop&h=300&w=300,2026-09-23T13:47:11
leche,Mercadona,Leche condensada Hacendado,Bote 450 Gramos,"2,35 €",/ud.,2.35,https://prod-mercadona.imgix.net/images/e946b63ac639e0e856989870b08807cf.jpeg?fit=crop&h=300&w=300,2026-09-23T13:47:11
leche,Mercadona,Leche semidesnatada sin lactosa Hacendado,6 mini briks x 200 Mililitros,"1,90 €",/pack,1.9,https://prod-mercadona.imgix.net/images/86beaab2a15ac2d9840049b9cdbd6535.jpg?fit=crop&h=300&w=300,2026-09-23T13:47:11
leche,Mercadona,Leche semidesnatada Hacendado,"Botella 1,5 Litros","1,45 €",/ud.,1.45,https://prod-mercadona.imgix.net/images/ff7a708dfba6860d1c625d4cf8316719.jpg?fit=crop&h=300&w=300,2026-09-23T13:47:11
leche,Mercadona,Leche semidesnatada Asturiana,Brik 1 Litro,"1,17 €",/ud.,1.17,https://prod-mercadona.imgix.net/images/4e47699cd59e42ae6a11b6b83651542d.jpeg?fit=crop&h=300&w=300,2026-09-23T13:47:11
leche,Mercadona,Leche entera Hacendado,"Botella 1,5 Litros","1,56 €",/ud.,1.56,https://prod-mercadona.imgix.net/images/b4eb04d1b82b50228bae54af395675a1.jpg?fit=crop&h=300&w=300,2026-09-23T13:47:11
leche,Mercadona,Leche entera Asturiana,"Botella 1,5 Litros","1,97 €",/ud.,1.97,https://prod-mercadona.imgix.net/images/e2ed561550344094833752c71eb0ef49.jpg?fit=crop&h=300&w=300,2026-09-23T13:47:11
leche,Mercadona,Leche entera sin lactosa Hacendado,Brik 1 Litro,"1,03 €",/ud.,1.03,https://prod-mercadona.imgix.net/images/0806acbc42778d7d0f63b6df45beec43.jpg?fit=crop&h=300&w=300,2026-09-23T13:47:11
leche,Mercadona,Leche desnatada +Proteínas & calcio,Brik 1 Litro,"1,35 €",/ud.,1.35,https://prod-mercadona.imgix.net/images/c4558a06013b7b9c1afb6d188f1692f2.jpeg?fit=crop&h=300&w=300,2026-09-23T13:47:11
leche,Mercadona,Leche semidesnatada Asturiana,"Botella 1,5 Litros","1,79 €",/ud.,1.79,https://prod-mercadona.imgix.net/images/599728432d51afa362440f7a580864c7.jpg?fit=crop&h=300&w=300,2026-09-23T13:47:11
leche,Mercadona,Leche desnatada Hacendado,"Botella 1,5 Litros","1,42 €",/ud.,1.42,https://prod-mercadona.imgix.net/images/005b40bb5a93e80cc77926ad84ae22e0.jpg?fit=crop&h=300&w=300,2026-09-23T13:47:11
leche,Mercadona,Fruta + leche tropical Hacendado sin azúcares añadidos,6 mini briks x 200 Mililitros,"1,20 €",/pack,1.2,https://prod-mercadona.imgix.net/images/260a12715037348aa2cb174483cee02b.jpg?fit=crop&h=300&w=300,2026-09-23T13:47:11
leche,Mercadona,Leche desnatada Asturiana,"6 botellas x 1,5 Litros","10,38 €",/pack,10.38,https://prod-mercadona.imgix.net/images/22f7569aa05f4978981f42b409135121.jpg?fit=crop&h=300&w=300,2026-09-23T13:47:11
leche,Mercadona,Leche semidesnatada sin lactosa Hacendado,"Botella 1,5 Litros","1,62 €",/ud.,1.62,https://prod-mercadona.imgix.net/images/cb6c51dc548abac574de376046426d67.jpg?fit=crop&h=300&w=300,2026-09-23T13:47:11
leche,Mercadona,Leche desnatada calcio Hacendado,Brik 1 Litro,"1,02 €",/ud.,1.02,https://prod-mercadona.imgix.net/images/780eeb2b41d3910960e6a42b3d410107.jpg?fit=crop&h=300&w=300,2026-09-23T13:47:11
leche,Mercadona,Leche en polvo desnatada Hacendado,Paquete 700 Gramos,"5,40 €",/ud.,5.4,https://prod-mercadona.imgix.net/images/17bd49f9b24aa0e4291b0b29ea497d12.jpg?fit=crop&h=300&w=300,2026-09-23T13:47:11
leche,Mercadona,Leche condensada Hacendado,Bote 370 Gramos,"2,10 €",/ud.,2.1,https://prod-mercadona.imgix.net/images/1032cdb6c1a2d2555a933680e4ed418a.jpeg?fit=crop&h=300&w=300,2026-09-23T13:47:11
leche,Mercadona,Leche semidesnatada calcio Hacendado,Brik 1 Litro,"1,05 €",/ud.,1.05,https://prod-mercadona.imgix.net/images/837e6dc6649b9b85135a84e53a858742.jpg?fit=crop&h=300&w=300,2026-09-23T13:47:11
leche,Mercadona,Fruta + leche mediterráneo Hacendado sin azúcares añadidos,6 mini briks x 200 Mililitros,"1,20 €",/pack,1.2,https://prod-mercadona.imgix.net/images/b12e59e1e0ca122779074d3b38bd07db.jpg?fit=crop&h=300&w=300,2026-09-23T13:47:11
leche,Mercadona,Leche desnatada Asturiana,Brik 1 Litro,"1,13 €",/ud.,1.13,https://prod-mercadona.imgix.net/images/3a7e6290317bc2b0fbc87092dc877430.jpg?fit=crop&h=300&w=300,2026-09-23T13:47:11
leche,Mercadona,Leche condensada desnatada Hacendado,Bote 450 Gramos,"2,35 €",/ud.,2.35,https://prod-mercadona.imgix.net/images/461642fceb3d080f2cd3e6f67fea3b6d.jpeg?fit=crop&h=300&w=300,2026-09-23T13:47:11
leche,Mercadona,Arroz con leche Hacendado,4 Unidades x 130 Gramos,"1,30 €",/pack,1.3,https://prod-mercadona.imgix.net/images/ad0433518327b7e4e1a4305c8710d524.jpg?fit=crop&h=300&w=300,2026-09-23T13:47:11
leche,Mercadona,Leche desnatada Asturiana,"Botella 1,5 Litros","1,73 €",/ud.,1.73,https://prod-mercadona.imgix.net/images/f609c9ef2158eec4e857db31398c071f.jpg?fit=crop&h=300&w=300,2026-09-23T13:47:11
leche,Mercadona,Leche semidesnatada de cabra Hacendado,Brik 1 Litro,"1,97 €",/ud.,1.97,https://prod-mercadona.imgix.net/images/5ebf4f33cd25300147cca4db86f18e6f.jpg?fit=crop&h=300&w=300,2026-09-23T13:47:11
leche,Mercadona,Leche semidesnatada de cabra Hacendado,6 briks x 1 Litro,"11,82 €",/pack,11.82,https://prod-mercadona.imgix.net/images/4395b561337441945693f84660814c2e.jpg?fit=crop&h=300&w=300,2026-09-23T13:47:11
leche,Mercadona,Chocolate con leche extrafino Nestlé,Tableta 125 Gramos,"1,50 €",/ud.,1.5,https://prod-mercadona.imgix.net/images/9428764c15483648201a00f1560fd907.jpg?fit=crop&h=300&w=300,2026-09-23T13:47:11
leche,Mercadona,Bebida de avena Alitey,6 briks x 1 Litro,"5,70 €",/pack,5.7,https://prod-mercadona.imgix.net/images/32186ccca22c37aad2a1bab07664e7a5.jpg?fit=crop&h=300&w=300,2026-09-23T13:47:11
leche,Mercadona,Fruta + leche tropical Bifrutas,6 mini briks x 200 Mililitros,"2,59 €",/pack,2.59,https://prod-mercadona.imgix.net/images/912f8849edb89e0c43b0c89b63a1f1c1.jpg?fit=crop&h=300&w=300,2026-09-23T13:47:11
leche,Mercadona,Chocolate con leche classic Hacendado extrafino,Tableta 125 Gramos,"1,10 €",/ud.,1.1,https://prod-mercadona.imgix.net/images/7f3797b596510f7874ff60d99a6695f6.jpg?fit=crop&h=300&w=300,2026-09-23T13:47:11
leche,Mercadona,Leche desnatada +Proteínas & calcio,6 mini briks x 200 Mililitros,"2,10 €",/pack,2.1,https://prod-mercadona.imgix.net/images/9b34cb359dac31df627b4fa76af53cfa.jpg?fit=crop&h=300&w=300,2026-09-23T13:47:11
huevos,Mercadona,Huevos,Paquete 24 Unidades,"5,25 €",/ud.,5.25,https://prod-mercadona.imgix.net/images/3a0b8ec917c50794e9aed65bbfea018b.jpg?fit=crop&h=300&w=300,2026-09-23T13:47:20
huevos,Mercadona,Huevos de gallinas camperas,Paquete 12 Unidades,"3,35 €",/ud.,3.35,https://prod-mercadona.imgix.net/images/50933500ef69e4c4cc91733c48e4e909.jpg?fit=crop&h=300&w=300,2026-09-23T13:47:20
huevos,Mercadona,Huevos grandes L,Paquete 12 Unidades,"3,05 €",/ud.,3.05,https://prod-mercadona.imgix.net/images/707625e3e76b36f1834d56c1ed8aa8df.jpg?fit=crop&h=300&w=300,2026-09-23T13:47:20
huevos,Mercadona,Huevos super grandes XL,Paquete 12 Unidades,"4,30 €",/ud.,4.3,https://prod-mercadona.imgix.net/images/5bad6ba1d83593e621cdee275de8fd77.jpg?fit=crop&h=300&w=300,2026-09-23T13:47:20
huevos,Mercadona,Huevos cocidos,Paquete 6 Unidades,"2,20 €",/ud.,2.2,https://prod-mercadona.imgix.net/images/415028c8977c97560369dcebb4c2357d.jpg?fit=crop&h=300&w=300,2026-09-23T13:47:20
huevos,Mercadona,Huevos de gallinas camperas,Paquete 6 Unidades,"1,95 €",/ud.,1.95,https://prod-mercadona.imgix.net/images/91e31618d31b0cf31818de4e76dcc031.jpg?fit=crop&h=300&w=300,2026-09-23T13:47:20
huevos,Mercadona,Huevos medianos M,Paquete 12 Unidades,"2,85 €",/ud.,2.85,https://prod-mercadona.imgix.net/images/96ba986bc89d7298da0a7605824227a9.jpg?fit=crop&h=300&w=300,2026-09-23T13:47:20
huevos,Mercadona,Huevos grandes L,Paquete 6 Unidades,"1,80 €",/ud.,1.8,https://prod-mercadona.imgix.net/images/f320cc362d58afd514c38aae399c6cec.jpg?fit=crop&h=300&w=300,2026-09-23T13:47:20
huevos,Mercadona,Huevos de codorniz,Paquete 18 Unidades,"1,85 €",/ud.,1.85,https://prod-mercadona.imgix.net/images/f884227376ae28f6d79420714cad0f6a.jpg?fit=crop&h=300&w=300,2026-09-23T13:47:20
huevos,Mercadona,Leche semidesnatada Hacendado,6 briks x 1 Litro,"5,04 €",/pack,5.04,https://prod-mercadona.imgix.net/images/b91d8b8bafd5eabab8961aabbe16c28b.jpg?fit=crop&h=300&w=300,2026-09-23T13:47:20
huevos,Mercadona,Leche entera Hacendado,6 briks x 1 Litro,"5,76 €",/pack,5.76,https://prod-mercadona.imgix.net/images/b4db71bda48058bb37cd556c55b2fc64.jpg?fit=crop&h=300&w=300,2026-09-23T13:47:20
huevos,Mercadona,Claras de huevo líquidas pasteurizadas,Botella 300 Mililitros,"1,70 €",/ud.,1.7,https://prod-mercadona.imgix.net/images/b40abf149eb42080eb449e0bdc83bda0.jpg?fit=crop&h=300&w=300,2026-09-23T13:47:20
huevos,Mercadona,Nata ligera para cocinar Hacendado,3 mini briks x 200 Mililitros,"1,85 €",/pack,1.85,https://prod-mercadona.imgix.net/images/a6cdade0714ab23e58433866c28b32a5.jpg?fit=crop&h=300&w=300,2026-09-23T13:47:20
huevos,Mercadona,Claras de huevo líquidas pasteurizadas,Botella 1 Litro,"2,85 €",/ud.,2.85,https://prod-mercadona.imgix.net/images/cde7e603fa71c589abe8e10279bd36ab.jpg?fit=crop&h=300&w=300,2026-09-23T13:47:20
huevos,Mercadona,Leche semidesnatada sin lactosa Hacendado,6 briks x 1 Litro,"5,64 €",/pack,5.64,https://prod-mercadona.imgix.net/images/6b8cf0ba135f7e717632541922c5791d.jpg?fit=crop&h=300&w=300,2026-09-23T13:47:20
huevos,Mercadona,Leche desnatada Hacendado,6 briks x 1 Litro,"4,92 €",/pack,4.92,https://prod-mercadona.imgix.net/images/3b2cde7125f13d701043eef134149fe3.jpg?fit=crop&h=300&w=300,2026-09-23T13:47:20
huevos,Mercadona,Mantequilla sin sal añadida Hacendado,Pastilla 250 Gramos,"2,05 €",/ud.,2.05,https://prod-mercadona.imgix.net/images/48232d267bc61b1c1f2d4c7a192fa37f.jpg?fit=crop&h=300&w=300,2026-09-23T13:47:20
huevos,Mercadona,Leche entera Hacendado,Brik 1 Litro,"0,96 €",/ud.,0.96,https://prod-mercadona.imgix.net/images/a731a91252722a3a9cb5856ae8f7d282.jpg?fit=crop&h=300&w=300,2026-09-23T13:47:20
huevos,Mercadona,Leche desnatada sin lactosa Hacendado,6 briks x 1 Litro,"5,46 €",/pack,5.46,https://prod-mercadona.imgix.net/images/84271adfb6b8db545c2f7c32ce09e1ed.jpg?fit=crop&h=300&w=300,2026-09-23T13:47:20
huevos,Mercadona,Leche entera Hacendado,6 mini briks x 200 Mililitros,"1,71 €",/pack,1.71,https://prod-mercadona.imgix.net/images/6e6f87557b2929cfffcc08ef72385328.jpg?fit=crop&h=300&w=300,2026-09-23T13:47:20
huevos,Mercadona,Leche semidesnatada Hacendado,Brik 1 Litro,"0,84 €",/ud.,0.84,https://prod-mercadona.imgix.net/images/da2348eb6ffa595fbfdbe66367bcad3c.jpg?fit=crop&h=300&w=300,2026-09-23T13:47:20
huevos,Mercadona,Mantequilla con sal Hacendado,Pastilla 250 Gramos,"2,05 €",/ud.,2.05,https://prod-mercadona.imgix.net/images/4c4ad20a9ebac8f92af9581840223d6f.jpg?fit=crop&h=300&w=300,2026-09-23T13:47:20
huevos,Mercadona,Margarina con sal Hacendado,Tarrina 500 Gramos,"1,50 €",/ud.,1.5,https://prod-mercadona.imgix.net/images/04d9842e282309e84cf1b5fbb241180f.jpg?fit=crop&h=300&w=300,2026-09-23T13:47:20
huevos,Mercadona,Leche semidesnatada Hacendado,"6 botellas x 1,5 Litros","8,70 €",/pack,8.7,https://prod-mercadona.imgix.net/images/866fa5a181f2d26607393eac0323a40c.jpg?fit=crop&h=300&w=300,2026-09-23T13:47:20
huevos,Mercadona,Batido de chocolate 90% leche Hacendado,6 mini briks x 200 Mililitros,"1,75 €",/pack,1.75,https://prod-mercadona.imgix.net/images/a1f0f20dfd294022344acb43427d9a18.jpg?fit=crop&h=300&w=300,2026-09-23T13:47:20
huevos,Mercadona,Preparado de coco Hacendado,Bote 400 Mililitros,"1,30 €",/ud.,1.3,https://prod-mercadona.imgix.net/images/ec235bb4be1a71c37f32247b8da4400a.jpg?fit=crop&h=300&w=300,2026-09-23T13:47:20
huevos,Mercadona,Leche semidesnatada sin lactosa Hacendado,Brik 1 Litro,"0,94 €",/ud.,0.94,https://prod-mercadona.imgix.net/images/15f28a7326cdf32ea0e7304b16a154b9.jpg?fit=crop&h=300&w=300,2026-09-23T13:47:20
huevos,Mercadona,Batido de chocolate Hacendado,6 mini briks x 200 Mililitros,"1,55 €",/pack,1.55,https://prod-mercadona.imgix.net/images/09a66f3e6619ba853eb9d5775ea1c380.jpeg?fit=crop&h=300&w=300,2026-09-23T13:47:20
huevos,Mercadona,Nidos al huevo Hacendado,Paquete 500 Gramos,"1,45 €",/ud.,1.45,https://prod-mercadona.imgix.net/images/8064cce95f23cceacd05a6fbec87ecb3.jpg?fit=crop&h=300&w=300,2026-09-23T13:47:20
huevos,Mercadona,Mantequilla sin sal añadida Hacendado,Tarrina 250 Gramos,"2,45 €",/ud.,2.45,https://prod-mercadona.imgix.net/images/8c11c0b183629fa23a4860057686e794.jpg?fit=crop&h=300&w=300,2026-09-23T13:47:20
huevos,Mercadona,Leche desnatada Hacendado,Brik 1 Litro,"0,82 €",/ud.,0.82,https://prod-mercadona.imgix.net/images/ce429d893cf4ce5867a74c7d71778806.jpg?fit=crop&h=300&w=300,2026-09-23T13:47:20
huevos,Mercadona,Nata ligera para cocinar Hacendado,Brik 500 Mililitros,"1,55 €",/ud.,1.55,https://prod-mercadona.imgix.net/images/f451d3695c8b94b17cb61540de841da8.jpg?fit=crop&h=300&w=300,2026-09-23T13:47:20
huevos,Mercadona,Mantequilla con sal Hacendado,Tarrina 250 Gramos,"2,45 €",/ud.,2.45,https://prod-mercadona.imgix.net/images/e801657969dbb461a528968070340ffa.jpg?fit=crop&h=300&w=300,2026-09-23T13:47:20
huevos,Mercadona,Leche entera Asturiana,6 briks x 1 Litro,"7,74 €",/pack,7.74,https://prod-mercadona.imgix.net/images/6751278cbad81ab48d3e40934bab3c03.jpg?fit=crop&h=300&w=300,2026-09-23T13:47:20
huevos,Mercadona,Leche semidesnatada Asturiana,6 briks x 1 Litro,"7,02 €",/pack,7.02,https://prod-mercadona.imgix.net/images/2131c6c4a05a707eb66025fb0d86a95d.jpg?fit=crop&h=300&w=300,2026-09-23T13:47:20
huevos,Mercadona,Margarina Hacendado,Tarrina 500 Gramos,"1,50 €",/ud.,1.5,https://prod-mercadona.imgix.net/images/4b4e9f8bd089cca2a22395cebdd87a13.jpg?fit=crop&h=300&w=300,2026-09-23T13:47:20
huevos,Mercadona,Leche desnatada sin lactosa Hacendado,Brik 1 Litro,"0,91 €",/ud.,0.91,https://prod-mercadona.imgix.net/images/a17b0af292e26e84ee2eaacad71e6f80.jpg?fit=crop&h=300&w=300,2026-09-23T13:47:20
huevos,Mercadona,Huevos sorpresa de chocolate Hacendado dibujo,Caja 3 Unidades (60 g),"1,90 €",/ud.,1.9,https://prod-mercadona.imgix.net/images/b88d583fadb4eef17db621326224f2e2.jpg?fit=crop&h=300&w=300,2026-09-23T13:47:20
huevos,Mercadona,Leche evaporada Hacendado,3 mini briks x 200 Mililitros,"1,66 €",/pack,1.66,https://prod-mercadona.imgix.net/images/786f650d3ee412906c31b12eff57d005.jpg?fit=crop&h=300&w=300,2026-09-23T13:47:20
huevos,Mercadona,Filetes de merluza al huevo Hacendado ultracongelados,Paquete 600 Gramos,"5,15 €",/ud.,5.15,https://prod-mercadona.imgix.net/images/34684f718bc72de972db7881cc030abd.jpg?fit=crop&h=300&w=300,2026-09-23T13:47:20
huevos,Mercadona,Nata fresca para cocinar Hacendado,Tarrina 197 Gramos,"1,30 €",/ud.,1.3,https://prod-mercadona.imgix.net/images/108f4b61a8ddeca7146ea3cf0622921d.jpg?fit=crop&h=300&w=300,2026-09-23T13:47:20
huevos,Mercadona,Leche desnatada calcio Hacendado,6 briks x 1 Litro,"6,12 €",/pack,6.12,https://prod-mercadona.imgix.net/images/761614ac020458712e57841305df431a.jpg?fit=crop&h=300&w=300,2026-09-23T13:47:20
huevos,Mercadona,Flan de huevo Hacendado,4 Unidades x 100 Gramos,"1,60 €",/pack,1.6,https://prod-mercadona.imgix.net/images/da868591f2d6f50f7e0bfec0b28940e7.jpg?fit=crop&h=300&w=300,2026-09-23T13:47:20
huevos,Mercadona,Horchata fresca Hacendado,Botella 750 Mililitros,"2,15 €",/ud.,2.15,https://prod-mercadona.imgix.net/images/1cb01c4c0d25dc09a152219d04565f9c.jpg?fit=crop&h=300&w=300,2026-09-23T13:47:20
huevos,Mercadona,Margarina Tulipán Original,Tarrina 400 Gramos,"2,90 €",/ud.,2.9,https://prod-mercadona.imgix.net/images/24757983d05e73e32bd5cff6064bc489.jpg?fit=crop&h=300&w=300,2026-09-23T13:47:20
huevos,Mercadona,Mantequilla light Hacendado,Tarrina 250 Gramos,"2,10 €",/ud.,2.1,https://prod-mercadona.imgix.net/images/9c2765d17957bd0f97211d6f272e00a2.jpg?fit=crop&h=300&w=300,2026-09-23T13:47:20
huevos,Mercadona,Leche entera Hacendado,Botella 1 Litro,"1,15 €",/ud.,1.15,https://prod-mercadona.imgix.net/images/d985ec1b5f0e21f2fe5e32857e5200af.jpg?fit=crop&h=300&w=300,2026-09-23T13:47:20
huevos,Mercadona,Nata ligera para cocinar sin lactosa Hacendado,3 mini briks x 200 Mililitros,"2,40 €",/pack,2.4,https://prod-mercadona.imgix.net/images/325dd55f22ccf45690ffda934d0effba.jpg?fit=crop&h=300&w=300,2026-09-23T13:47:20
huevos,Mercadona,Nata montada azucarada Hacendado,Spray 250 Gramos,"1,45 €",/ud.,1.45,https://prod-mercadona.imgix.net/images/892e7e611df692289b064ebcf2a8c806.jpg?fit=crop&h=300&w=300,2026-09-23T13:47:20
huevos,Mercadona,Flan de huevo +Proteínas 10 g 0% MG 0% azúcares añadidos,4 Unidades x 100 Gramos,"2,00 €",/pack,2.0,https://prod-mercadona.imgix.net/images/8e979f97f75f8d36758e7a19461227d4.jpg?fit=crop&h=300&w=300,2026-09-23T13:47:20
huevos,Mercadona,Margarina ligera Hacendado,Tarrina 500 Gramos,"1,45 €",/ud.,1.45,https://prod-mercadona.imgix.net/images/8ab3558b3fa29363c210a64c1b3cab07.jpg?fit=crop&h=300&w=300,2026-09-23T13:47:20
huevos,Mercadona,Bebida de avena Hacendado 0% azúcar,6 briks x 1 Litro,"4,50 €",/pack,4.5,https://prod-mercadona.imgix.net/images/d37ca9bd4e181ab7c222ab18a0d579d4.jpeg?fit=crop&h=300&w=300,2026-09-23T13:47:20
huevos,Mercadona,Nata para montar Hacendado,3 mini briks x 200 Mililitros,"2,25 €",/pack,2.25,https://prod-mercadona.imgix.net/images/26fcf650a59ea910185beb6bfb2f6a09.jpg?fit=crop&h=300&w=300,2026-09-23T13:47:20
huevos,Mercadona,Batido de chocolate Hacendado 0% sin azúcares añadidos,6 mini briks x 200 Mililitros,"1,85 €",/pack,1.85,https://prod-mercadona.imgix.net/images/a4e0c0bf1672115a7bc19b82b78ddbc3.jpg?fit=crop&h=300&w=300,2026-09-23T13:47:20
huevos,Mercadona,Batido de vainilla Hacendado,6 mini briks x 200 Mililitros,"1,55 €",/pack,1.55,https://prod-mercadona.imgix.net/images/578a6acc527a722b0905e60efcdfed17.jpg?fit=crop&h=300&w=300,2026-09-23T13:47:20
huevos,Mercadona,Batido sabor fresa Hacendado,6 mini briks x 200 Mililitros,"1,55 €",/pack,1.55,https://prod-mercadona.imgix.net/images/bb11206f44129ad65470d2031c358a00.jpg?fit=crop&h=300&w=300,2026-09-23T13:47:20
huevos,Mercadona,Flan de huevo Hacendado,9 Unidades x 100 Gramos,"3,60 €",/pack,3.6,https://prod-mercadona.imgix.net/images/4e579e9bc37d6ebb3f8406760770f297.jpg?fit=crop&h=300&w=300,2026-09-23T13:47:20
huevos,Mercadona,Mini sándwich de pavo y huevo revuelto Mini & Go Hacendado,Paquete 70 Gramos,"1,00 €",/ud.,1.0,https://prod-mercadona.imgix.net/images/5e1406717219c7edab6450825ed0eb3f.jpg?fit=crop&h=300&w=300,2026-09-23T13:47:20
huevos,Mercadona,Leche semidesnatada Hacendado,Botella 1 Litro,"1,09 €",/ud.,1.09,https://prod-mercadona.imgix.net/images/7f509c7db41e5763626998702f5cb755.jpg?fit=crop&h=300&w=300,2026-09-23T13:47:20
huevos,Mercadona,Macarrón al huevo Hacendado,Paquete 500 Gramos,"1,45 €",/ud.,1.45,https://prod-mercadona.imgix.net/images/a0fc33fa49ff80a6ddca3a72f81d0cc7.jpg?fit=crop&h=300&w=300,2026-09-23T13:47:20
manzana,Mercadona,Manzana Golden,Pieza 210 Gramos aprox.,"0,50 €",/ud.,0.5,https://prod-mercadona.imgix.net/images/12cc1ef38a5b781f364ca22e46a25ad7.jpg?fit=crop&h=300&w=300,2026-09-23T13:47:30
manzana,Mercadona,Manzana roja dulce,Pieza 200 Gramos aprox.,"0,40 €",/ud.,0.4,https://prod-mercadona.imgix.net/images/4287bde2a6bab7877b74f79e7d989d8c.jpg?fit=crop&h=300&w=300,2026-09-23T13:47:30
manzana,Mercadona,Manzana Granny Smith,Pieza 160 Gramos aprox.,"0,40 €",/ud.,0.4,https://prod-mercadona.imgix.net/images/fea3470bee0679f0e081916ec48c0b36.jpg?fit=crop&h=300&w=300,2026-09-23T13:47:30
manzana,Mercadona,Manzana roja acidulce,Pieza 260 Gramos aprox.,"0,75 €",/ud.,0.75,https://prod-mercadona.imgix.net/images/22301daf320667073b7662206e508c36.jpg?fit=crop&h=300&w=300,2026-09-23T13:47:30
manzana,Mercadona,Manzanas Golden,"1,55 Kilos aprox.","3,41 €",/pack,3.41,https://prod-mercadona.imgix.net/images/022fa8e1cd6c9d9ee18a41ed06d71c35.jpg?fit=crop&h=300&w=300,2026-09-23T13:47:30
manzana,Mercadona,Manzanas rojas dulces,"1,61 Kilos aprox.","2,90 €",/pack,2.9,https://prod-mercadona.imgix.net/images/87f801433e34719ba9bdc226616e7511.jpg?fit=crop&h=300&w=300,2026-09-23T13:47:30
manzana,Mercadona,Pera Conferencia,Pieza 170 Gramos aprox.,"0,47 €",/ud.,0.47,https://prod-mercadona.imgix.net/images/debea7dc78060cb9cab5c608e7f9eb27.jpg?fit=crop&h=300&w=300,2026-09-23T13:47:30
manzana,Mercadona,Zumo de manzana Hacendado,Brik 1 Litro,"0,80 €",/ud.,0.8,https://prod-mercadona.imgix.net/images/76d998fbd9e8ebdd2c8f563908b4ed6d.jpg?fit=crop&h=300&w=300,2026-09-23T13:47:30
manzana,Mercadona,Manzanas rojas acidulces,"1,61 Kilos aprox.","4,19 €",/pack,4.19,https://prod-mercadona.imgix.net/images/e65f4165ef836b54f4cb49b719b269bd.jpg?fit=crop&h=300&w=300,2026-09-23T13:47:30
manzana,Mercadona,Zumo de manzana Hacendado,6 mini briks x 200 Mililitros,"1,30 €",/pack,1.3,https://prod-mercadona.imgix.net/images/c9a55af574a1324371f989bf36df87e3.jpg?fit=crop&h=300&w=300,2026-09-23T13:47:30
manzana,Mercadona,Vinagre de manzana Hacendado,Botella 1 Litro,"0,90 €",/ud.,0.9,https://prod-mercadona.imgix.net/images/6803f40bdcd3d9b3be574bcee41399f4.jpg?fit=crop&h=300&w=300,2026-09-23T13:47:30
manzana,Mercadona,Peras Conferencia,"1,06 Kilos aprox.","2,65 €",/pack,2.65,https://prod-mercadona.imgix.net/images/158b08c139cba5362b335f8b0a715cc8.jpg?fit=crop&h=300&w=300,2026-09-23T13:47:30
manzana,Mercadona,Bizcocho de manzana,Paquete 600 Gramos,"4,20 €",/ud.,4.2,https://prod-mercadona.imgix.net/images/4f625f735f24926291921b1f1bb99c0e.jpg?fit=crop&h=300&w=300,2026-09-23T13:47:30
manzana,Mercadona,Pera Ercolina,Pieza 90 Gramos aprox.,"0,26 €",/ud.,0.26,https://prod-mercadona.imgix.net/images/533ebe592abe9ee9a6b79cb1b3a7e8ed.jpg?fit=crop&h=300&w=300,2026-09-23T13:47:30
manzana,Mercadona,"Bolsita puré manzana, mango, frambuesa, plátano y papaya Hacendado +6 meses",1 Unidad (120 g),"0,90 €",/ud.,0.9,https://prod-mercadona.imgix.net/images/ceb39b3c6376a4d503ca4c029aedc5bb.jpg?fit=crop&h=300&w=300,2026-09-23T13:47:30
manzana,Mercadona,Refresco té soluble manzana Hacendado,Caja 12 sobres (36 g),"1,50 €",/ud.,1.5,https://prod-mercadona.imgix.net/images/c8fd9d1294d7d54e29ec7dbbbca4e44d.jpg?fit=crop&h=300&w=300,2026-09-23T13:47:30
manzana,Mercadona,Galletas Digestive manzana & avena Hacendado,Caja 8 paquetes (384 g),"1,65 €",/ud.,1.65,https://prod-mercadona.imgix.net/images/500583d75d43433a64dbec896cc8d655.jpg?fit=crop&h=300&w=300,2026-09-23T13:47:30
manzana,Mercadona,Bolsita puré plátano y manzana Hacendado +6 meses,1 Unidad (120 g),"0,85 €",/ud.,0.85,https://prod-mercadona.imgix.net/images/87e14c5158d0bc33ccb60c5346e05785.jpg?fit=crop&h=300&w=300,2026-09-23T13:47:30
manzana,Mercadona,Postre de manzana Jamar,Tarro 710 Gramos,"1,90 €",/ud.,1.9,https://prod-mercadona.imgix.net/images/3365e8aa9279ee048b4ddcb7d44b47b3.jpg?fit=crop&h=300&w=300,2026-09-23T13:47:30
manzana,Mercadona,Zumo de manzana Hacendado,Botella 1 Litro,"1,70 €",/ud.,1.7,https://prod-mercadona.imgix.net/images/e1c12a223516a3fb11e5d2ae7d819fac.jpg?fit=crop&h=300&w=300,2026-09-23T13:47:30
manzana,Mercadona,Infusión manzana y canela Hacendado,Caja 20 bolsitas (40 g),"1,40 €",/ud.,1.4,https://prod-mercadona.imgix.net/images/cab8f28fbe0f1f2e4a259a53b726fc46.jpeg?fit=crop&h=300&w=300,2026-09-23T13:47:30
manzana,Mercadona,"Shot jengibre, manzana y limón Hacendado",Botella 125 Mililitros,"2,00 €",/ud.,2.0,https://prod-mercadona.imgix.net/images/9910af27cb33c00ba5680842f678666e.jpeg?fit=crop&h=300&w=300,2026-09-23T13:47:30
manzana,Mercadona,Infusión Cúrcuma Hacendado con manzana y canela,Caja 20 bolsitas (34 g),"1,35 €",/ud.,1.35,https://prod-mercadona.imgix.net/images/16b727aaeaaf1e700148fae8e4ff86c3.jpg?fit=crop&h=300&w=300,2026-09-23T13:47:30
manzana,Mercadona,"Néctar de maracuyá Hacendado fruta de la pasión, mango, uva y manzana",Brik 1 Litro,"1,50 €",/ud.,1.5,https://prod-mercadona.imgix.net/images/3113b30c00460aa939585031fb4a53de.jpg?fit=crop&h=300&w=300,2026-09-23T13:47:30
manzana,Mercadona,Papilla pera y manzana Hacendado +4 meses,4 tarritos x 130 Gramos,"2,90 €",/pack,2.9,https://prod-mercadona.imgix.net/images/44868fc022b722412a155b73a6a3021d.jpg?fit=crop&h=300&w=300,2026-09-23T13:47:30
manzana,Mercadona,Bebida zumo de manzana El Lagar sin alcohol,Botella 750 Mililitros,"2,50 €",/ud.,2.5,https://prod-mercadona.imgix.net/images/acfe7efe7f20ed703392a281c6849882.jpg?fit=crop&h=300&w=300,2026-09-23T13:47:30
manzana,Mercadona,Bebida cider con gas Spieler sabor a manzana,6 botellines x 250 Mililitros,"4,74 €",/pack,4.74,https://prod-mercadona.imgix.net/images/1d13d9bc8164221075766435a023b553.jpg?fit=crop&h=300&w=300,2026-09-23T13:47:30
manzana,Mercadona,"Golosinas Rega Pica Mix Hacendado sabor fresa, frambuesa, manzana y cola ácida",Paquete 300 Gramos,"1,60 €",/ud.,1.6,https://prod-mercadona.imgix.net/images/8d4e566245e58fd688ee6d3ea3592ff8.jpg?fit=crop&h=300&w=300,2026-09-23T13:47:30
manzana,Mercadona,Bebida cider con gas Spieler sabor a manzana,Botellín 250 Mililitros,"0,79 €",/ud.,0.79,https://prod-mercadona.imgix.net/images/8e2395ba5bba387effaea76211709000.jpg?fit=crop&h=300&w=300,2026-09-23T13:47:30
manzana,Mercadona,Sidra natural Polían,Botella 700 Mililitros,"2,10 €",/ud.,2.1,https://prod-mercadona.imgix.net/images/263f3a85cc64cef9fb4c7c040e73d022.jpg?fit=crop&h=300&w=300,2026-09-23T13:47:30
manzana,Mercadona,Sidra asturiana El Mayu,Botella 750 Mililitros,"1,70 €",/ud.,1.7,https://prod-mercadona.imgix.net/images/d2d7bf470bc0aa1bdadd328cc39433fe.jpg?fit=crop&h=300&w=300,2026-09-23T13:47:30
plátano,Mercadona,Plátano de Canarias IGP,Pieza 170 Gramos aprox.,"0,39 €",/ud.,0.39,https://prod-mercadona.imgix.net/images/e4a37940916985bf5ca166e266580c37.jpg?fit=crop&h=300&w=300,2026-09-23T13:47:39
plátano,Mercadona,Banana,Pieza 170 Gramos aprox.,"0,26 €",/ud.,0.26,https://prod-mercadona.imgix.net/images/69edef3541bbf3f4b7173c9d617a5698.jpg?fit=crop&h=300&w=300,2026-09-23T13:47:39
plátano,Mercadona,Plátano macho,Pieza 290 Gramos aprox.,"0,84 €",/ud.,0.84,https://prod-mercadona.imgix.net/images/c22baa2a17de06fbf8477ef25392b7ca.jpg?fit=crop&h=300&w=300,2026-09-23T13:47:39
plátano,Mercadona,Uva blanca sin semillas,Bandeja 600 Gramos aprox.,"1,65 €",/ud.,1.65,https://prod-mercadona.imgix.net/images/386783ad8510e061d8ad0277b460a5f1.jpeg?fit=crop&h=300&w=300,2026-09-23T13:47:39
plátano,Mercadona,Uva roja sin semillas,Bandeja 600 Gramos aprox.,"2,25 €",/ud.,2.25,https://prod-mercadona.imgix.net/images/1d074082d78bd3883eece473526a79bb.jpeg?fit=crop&h=300&w=300,2026-09-23T13:47:39
plátano,Mercadona,"Bolsita puré plátano, fresa, arándanos y avena Hacendado +8 meses",1 Unidad (120 g),"0,90 €",/ud.,0.9,https://prod-mercadona.imgix.net/images/a1a0c8926b88ec15a586ee9a002cf6a8.jpg?fit=crop&h=300&w=300,2026-09-23T13:47:39
plátano,Mercadona,Bolsita puré plátano y manzana Hacendado +6 meses,1 Unidad (120 g),"0,85 €",/ud.,0.85,https://prod-mercadona.imgix.net/images/87e14c5158d0bc33ccb60c5346e05785.jpg?fit=crop&h=300&w=300,2026-09-23T13:47:39
plátano,Mercadona,Bebida láctea de fresa y plátano Hacendado,Botella 1 Kilo,"1,50 €",/ud.,1.5,https://prod-mercadona.imgix.net/images/f046b855d2fb60c7fc6c10e9bf21b65a.jpg?fit=crop&h=300&w=300,2026-09-23T13:47:39
plátano,Mercadona,Bolsita puré fresa y plátano Hacendado +8 meses,1 Unidad (120 g),"0,85 €",/ud.,0.85,https://prod-mercadona.imgix.net/images/b6e752cf060c8f4fea07cf3f15233551.jpg?fit=crop&h=300&w=300,2026-09-23T13:47:39
plátano,Mercadona,Dúo frutas fresa y plátano Hacendado congeladas,Paquete 450 Gramos,"2,75 €",/ud.,2.75,https://prod-mercadona.imgix.net/images/dee9e99a3f469b14377c764e16e55355.jpg?fit=crop&h=300&w=300,2026-09-23T13:47:39
plátano,Mercadona,"Papilla plátano, mandarina y pera Hacendado +4 meses",4 tarritos x 130 Gramos,"2,90 €",/pack,2.9,https://prod-mercadona.imgix.net/images/3ca8f8d33d4c3549e9c9cd6ac901febe.jpg?fit=crop&h=300&w=300,2026-09-23T13:47:39
plátano,Mercadona,Bebida Kéfir de fresa y plátano Hacendado,Botella 250 Gramos,"0,90 €",/ud.,0.9,https://prod-mercadona.imgix.net/images/dd289147f3d6ee7437c4a9b701adf6ec.jpg?fit=crop&h=300&w=300,2026-09-23T13:47:39
plátano,Mercadona,"Bolsita puré manzana, mango, frambuesa, plátano y papaya Hacendado +6 meses",1 Unidad (120 g),"0,90 €",/ud.,0.9,https://prod-mercadona.imgix.net/images/ceb39b3c6376a4d503ca4c029aedc5bb.jpg?fit=crop&h=300&w=300,2026-09-23T13:47:39
plátano,Mercadona,Danonino sabor fresa y plátano Danone,6 Unidades x 50 Gramos,"1,70 €",/pack,1.7,https://prod-mercadona.imgix.net/images/16ae45680e6f0ef82e7562c2e65bb7d5.jpg?fit=crop&h=300&w=300,2026-09-23T13:47:39
plátano,Mercadona,Smoothie fresa y plátano Hacendado,Botella 250 Mililitros,"1,65 €",/ud.,1.65,https://prod-mercadona.imgix.net/images/9ee82693cef262425fc35804cf9258be.jpg?fit=crop&h=300&w=300,2026-09-23T13:47:39
plátano,Mercadona,Bolsita postre lácteo fresa y plátano Hacendado +8 meses,1 Unidad (100 g),"0,90 €",/ud.,0.9,https://prod-mercadona.imgix.net/images/649d6e47cf3280b44a4b6058373616f0.jpg?fit=crop&h=300&w=300,2026-09-23T13:47:39
plátano,Mercadona,Barritas de cereales plátano y cacao Hacendado 0% azúcares añadidos,Caja 6 barritas (120 g),"1,65 €",/ud.,1.65,https://prod-mercadona.imgix.net/images/0b1cb7ce015f70ca741f498a0a092fe0.jpg?fit=crop&h=300&w=300,2026-09-23T13:47:39
plátano,Mercadona,Bebida láctea sabor açaí plátano +Proteínas 20 g 0% MG,Botella 280 Gramos,"1,15 €",/ud.,1.15,https://prod-mercadona.imgix.net/images/4bd29ee23f79f130f0726341cbbba952.jpg?fit=crop&h=300&w=300,2026-09-23T13:47:39
plátano,Mercadona,"Bebida láctea sabor fresa y plátano +Proteínas 17,4 g 0% MG 0% azúcares añadidos",Botella 1 Kilo,"2,50 €",/ud.,2.5,https://prod-mercadona.imgix.net/images/4a84b1a833d1cefcc9370344faca4d12.jpg?fit=crop&h=300&w=300,2026-09-23T13:47:39
plátano,Mercadona,"Yogur griego dulce Hacendado con dulce de leche, galleta y plátano",6 Unidades x 125 Gramos,"1,85 €",/pack,1.85,https://prod-mercadona.imgix.net/images/f7aca476e8b0180b27a2d23b53237bbd.jpg?fit=crop&h=300&w=300,2026-09-23T13:47:39
tomate,Mercadona,Tomate frito Hacendado,3 briks x 400 Gramos,"1,35 €",/pack,1.35,https://prod-mercadona.imgix.net/images/e589c8259daf4b9335098fb9ade7ee09.jpg?fit=crop&h=300&w=300,2026-09-23T13:47:49
tomate,Mercadona,Tomate ensalada,Pieza 280 Gramos aprox.,"0,62 €",/ud.,0.62,https://prod-mercadona.imgix.net/images/ccb2b42ba2bb6a7b692dac6101074709.jpg?fit=crop&h=300&w=300,2026-09-23T13:47:49
tomate,Mercadona,Tomate pera,Pieza 130 Gramos aprox.,"0,26 €",/ud.,0.26,https://prod-mercadona.imgix.net/images/29e2448e80d5a23e8fc907138e551748.jpg?fit=crop&h=300&w=300,2026-09-23T13:47:49
tomate,Mercadona,Tomates cherry,Bandeja 500 Gramos,"2,20 €",/ud.,2.2,https://prod-mercadona.imgix.net/images/686833b9bfd1cc7f410c39199a347a85.jpg?fit=crop&h=300&w=300,2026-09-23T13:47:49
tomate,Mercadona,Tomates pera,"1,18 Kilos aprox.","2,48 €",/pack,2.48,https://prod-mercadona.imgix.net/images/40027e42b9ec9f0693e8f6eb09e1e213.jpeg?fit=crop&h=300&w=300,2026-09-23T13:47:49
tomate,Mercadona,Tomate rallado,Tarrina 290 Gramos,"1,45 €",/ud.,1.45,https://prod-mercadona.imgix.net/images/3e710720845fde2965e96f24b08c864e.jpg?fit=crop&h=300&w=300,2026-09-23T13:47:49
tomate,Mercadona,Tomate triturado Hacendado,Bote 400 Gramos,"0,55 €",/ud.,0.55,https://prod-mercadona.imgix.net/images/db53895dcbf286affe16def253a0ab89.jpg?fit=crop&h=300&w=300,2026-09-23T13:47:49
tomate,Mercadona,Tomate frito receta artesana Hacendado,Tarro 560 Gramos,"2,00 €",/ud.,2.0,https://prod-mercadona.imgix.net/images/959baf90e8b8eee09398534f7c549992.jpg?fit=crop&h=300&w=300,2026-09-23T13:47:49
tomate,Mercadona,Tomate frito Hacendado,3 mini briks x 210 Gramos,"0,95 €",/pack,0.95,https://prod-mercadona.imgix.net/images/bef3c040943e4b6dd59b15f565ec4f08.jpeg?fit=crop&h=300&w=300,2026-09-23T13:47:49
tomate,Mercadona,Rama de Tomates,700 Gramos aprox.,"1,68 €",/pack,1.68,https://prod-mercadona.imgix.net/images/b865049658bc89eaf2131c967ee4d57e.jpg?fit=crop&h=300&w=300,2026-09-23T13:47:49
tomate,Mercadona,Tomate frito receta artesana Hacendado,Tarro 300 Gramos,"1,40 €",/ud.,1.4,https://prod-mercadona.imgix.net/images/450e65a016ec657d968e9926d761ec85.jpg?fit=crop&h=300&w=300,2026-09-23T13:47:49
tomate,Mercadona,Tomates negros,"1,13 Kilos aprox.","2,94 €",/pack,2.94,https://prod-mercadona.imgix.net/images/9dcdcd3905a23003d0033161674abf16.jpg?fit=crop&h=300&w=300,2026-09-23T13:47:49
tomate,Mercadona,Tomates cherry pera kumato,Bandeja 300 Gramos,"1,70 €",/ud.,1.7,https://prod-mercadona.imgix.net/images/0b7b48379a277881183c9d692b671999.jpg?fit=crop&h=300&w=300,2026-09-23T13:47:49
tomate,Mercadona,Tomate triturado Hacendado,Bote 800 Gramos,"1,00 €",/ud.,1.0,https://prod-mercadona.imgix.net/images/117a2a2230b103f17b50e07a73a8fc38.jpg?fit=crop&h=300&w=300,2026-09-23T13:47:49
tomate,Mercadona,Tomate ensalada,"1,12 Kilos aprox.","2,58 €",/pack,2.58,https://prod-mercadona.imgix.net/images/807541ef3b71addb45eb7efc78409625.jpg?fit=crop&h=300&w=300,2026-09-23T13:47:49
tomate,Mercadona,Tomate frito Hida,Bote 400 Gramos,"1,55 €",/ud.,1.55,https://prod-mercadona.imgix.net/images/41c22877e6e0c95dd006fd7696cb9919.jpg?fit=crop&h=300&w=300,2026-09-23T13:47:49
tomate,Mercadona,Tomate frito Hacendado,Tarro 560 Gramos,"0,90 €",/ud.,0.9,https://prod-mercadona.imgix.net/images/18fcaf49c55e224bb2bd9774dec259fa.jpg?fit=crop&h=300&w=300,2026-09-23T13:47:49
tomate,Mercadona,Tomates cherry en rama Dulcita,Bandeja 200 Gramos,"2,50 €",/ud.,2.5,https://prod-mercadona.imgix.net/images/66cbca38df7850609b4eaa53baace8b0.jpg?fit=crop&h=300&w=300,2026-09-23T13:47:49
tomate,Mercadona,Tomate frito Hacendado con aceite de oliva,3 mini briks x 210 Gramos,"1,40 €",/pack,1.4,https://prod-mercadona.imgix.net/images/bac47a7f2186be4ef7b42b3fbc3775d6.jpg?fit=crop&h=300&w=300,2026-09-23T13:47:49
tomate,Mercadona,Tomate canario,Pieza 170 Gramos aprox.,"0,37 €",/ud.,0.37,https://prod-mercadona.imgix.net/images/74f33f458b7f5fa55cdb4490730cccd8.jpg?fit=crop&h=300&w=300,2026-09-23T13:47:49
tomate,Mercadona,Tomates,Malla 2 Kilos,"4,20 €",/ud.,4.2,https://prod-mercadona.imgix.net/images/8d8b0344fdd594338795d6d4e7f496aa.jpeg?fit=crop&h=300&w=300,2026-09-23T13:47:49
tomate,Mercadona,Tomate frito estilo casero Hacendado,Brik 380 Gramos,"1,20 €",/ud.,1.2,https://prod-mercadona.imgix.net/images/b316f525c80033093912e2829796b5cc.jpg?fit=crop&h=300&w=300,2026-09-23T13:47:49
tomate,Mercadona,Salsa de tomate Zero sin azúcares añadidos Hacendado,Bote 600 Gramos,"1,60 €",/ud.,1.6,https://prod-mercadona.imgix.net/images/4ecccbaf38713c3f2966540720c5eec8.jpg?fit=crop&h=300&w=300,2026-09-23T13:47:49
tomate,Mercadona,Ketchup Hacendado,Bote 600 Gramos,"1,05 €",/ud.,1.05,https://prod-mercadona.imgix.net/images/560d3c1a007e5ab9c97cc0bb2b23b206.jpg?fit=crop&h=300&w=300,2026-09-23T13:47:49
tomate,Mercadona,Tomate frito sin azúcares añadidos Hacendado,Tarro 560 Gramos,"1,10 €",/ud.,1.1,https://prod-mercadona.imgix.net/images/67b219b3fd062167db5b46611259160e.jpg?fit=crop&h=300&w=300,2026-09-23T13:47:49
tomate,Mercadona,Tomate troceado pelado Hacendado,Bote 410 Gramos,"0,70 €",/ud.,0.7,https://prod-mercadona.imgix.net/images/f57a95e6f3f0cce02e36ec9bd75cbfc9.jpg?fit=crop&h=300&w=300,2026-09-23T13:47:49
tomate,Mercadona,Tomate entero pelado Hacendado,Bote 800 Gramos (480 Gramos escurrido),"1,35 €",/ud.,1.35,https://prod-mercadona.imgix.net/images/da1986c59308309dbcb8fdd2e5c3f730.jpg?fit=crop&h=300&w=300,2026-09-23T13:47:49
tomate,Mercadona,Tomate para untar Hacendado con aceite de oliva,Tarro 180 Gramos,"0,95 €",/ud.,0.95,https://prod-mercadona.imgix.net/images/2c1a04607508e5a28a7ec775b9558aec.jpg?fit=crop&h=300&w=300,2026-09-23T13:47:49
tomate,Mercadona,Tomate doble concentrado Hacendado extra,Bote 170 Gramos,"1,05 €",/ud.,1.05,https://prod-mercadona.imgix.net/images/21524237f9e676cb0c075d38a8ff1578.jpg?fit=crop&h=300&w=300,2026-09-23T13:47:49
tomate,Mercadona,Tomate seco Hacendado en aceite de oliva,Tarro 190 Gramos,"2,20 €",/ud.,2.2,https://prod-mercadona.imgix.net/images/583806865dd5df9204520ea70f4f4287.jpg?fit=crop&h=300&w=300,2026-09-23T13:47:49
tomate,Mercadona,Tomate tamizado sin piel Hacendado,Brik 390 Gramos,"0,90 €",/ud.,0.9,https://prod-mercadona.imgix.net/images/9f10fd49b839d3ba386a892572ffdf79.jpg?fit=crop&h=300&w=300,2026-09-23T13:47:49
tomate,Mercadona,Salsa de tomate con Albahaca Hacendado,Tarro 400 Gramos,"1,50 €",/ud.,1.5,https://prod-mercadona.imgix.net/images/0e502392ac037a1aefa8b4ed789485fb.jpg?fit=crop&h=300&w=300,2026-09-23T13:47:49
tomate,Mercadona,Fritada pisto Hacendado,Brik 380 Gramos,"1,30 €",/ud.,1.3,https://prod-mercadona.imgix.net/images/3adb057bffc798dbc9f4a5240d663f01.jpg?fit=crop&h=300&w=300,2026-09-23T13:47:49
tomate,Mercadona,Sardinillas en tomate Hacendado,2 latas x 90 Gramos (65 Gramos escurrido),"1,75 €",/pack,1.75,https://prod-mercadona.imgix.net/images/aff82c8f60e81628279ad09c64dba7cc.jpeg?fit=crop&h=300&w=300,2026-09-23T13:47:49
tomate,Mercadona,Focaccia con tomates cherry Hacendado,Paquete 160 Gramos,"1,95 €",/ud.,1.95,https://prod-mercadona.imgix.net/images/e9ec4b201edfdcc489e7b32fe2664527.jpg?fit=crop&h=300&w=300,2026-09-23T13:47:49
tomate,Mercadona,Zumo de tomate Hacendado,Brik 1 Litro,"1,05 €",/ud.,1.05,https://prod-mercadona.imgix.net/images/41b7d0f0d220d1e6e7a30bae3399fbbb.jpg?fit=crop&h=300&w=300,2026-09-23T13:47:49
tomate,Mercadona,Salmorejo fresco Hacendado,Botella 1 Litro,"2,90 €",/ud.,2.9,https://prod-mercadona.imgix.net/images/34ea43a89f79cae31d45d635c16f79a4.jpg?fit=crop&h=300&w=300,2026-09-23T13:47:49
tomate,Mercadona,Gazpacho tradicional Hacendado,3 mini briks x 330 Mililitros,"2,15 €",/pack,2.15,https://prod-mercadona.imgix.net/images/421c8b1b4b3542724bea11278c099015.jpg?fit=crop&h=300&w=300,2026-09-23T13:47:49
tomate,Mercadona,Salsa Light Hacendado,Bote 490 Mililitros,"1,35 €",/ud.,1.35,https://prod-mercadona.imgix.net/images/b5dc1f61915220fb90a23d411bede969.jpg?fit=crop&h=300&w=300,2026-09-23T13:47:49
tomate,Mercadona,Pan tostado con tomate Hacendado,Paquete 170 Gramos,"1,30 €",/ud.,1.3,https://prod-mercadona.imgix.net/images/6e9f47916f81a70709740fc6f61d703d.jpg?fit=crop&h=300&w=300,2026-09-23T13:47:49
tomate,Mercadona,"Bocaditos de queso mozzarella, tomate y orégano Pizza Bites Hacendado ultracongelados",Paquete 300 Gramos,"2,30 €",/ud.,2.3,https://prod-mercadona.imgix.net/images/6c6070aa22b0a8f0ca9b2fa2949944cf.jpg?fit=crop&h=300&w=300,2026-09-23T13:47:49
tomate,Mercadona,Pizzas tomate y queso Hacendado ultracongeladas,2 Unidades (570 g),"2,40 €",/ud.,2.4,https://prod-mercadona.imgix.net/images/f0436f96ce14469e9de949a925ce4586.jpg?fit=crop&h=300&w=300,2026-09-23T13:47:49
tomate,Mercadona,Salsa Light Hacendado,Tarro 500 Mililitros,"1,20 €",/ud.,1.2,https://prod-mercadona.imgix.net/images/54a5e9e2a8bd0173da353d48cfa16211.jpeg?fit=crop&h=300&w=300,2026-09-23T13:47:49
tomate,Mercadona,Salmorejo al estilo cordobés Hacendado,Brik 1 Litro,"2,20 €",/ud.,2.2,https://prod-mercadona.imgix.net/images/34f1705d13837ede06c4616f86bea15b.jpg?fit=crop&h=300&w=300,2026-09-23T13:47:49
tomate,Mercadona,"Néctar de maracuyá Hacendado fruta de la pasión, mango, uva y manzana",Brik 1 Litro,"1,50 €",/ud.,1.5,https://prod-mercadona.imgix.net/images/3113b30c00460aa939585031fb4a53de.jpg?fit=crop&h=300&w=300,2026-09-23T13:47:49
tomate,Mercadona,Panes especiales con tomate y orégano Hacendado,Paquete 80 Gramos,"0,85 €",/ud.,0.85,https://prod-mercadona.imgix.net/images/0d92b58d808b8569d896b359abfa934d.jpg?fit=crop&h=300&w=300,2026-09-23T13:47:49
tomate,Mercadona,Ensalada de la casa,Bol 400 Gramos,"2,15 €",/ud.,2.15,https://prod-mercadona.imgix.net/images/eaf6f2fa935a7a3cfb2e68ffad1e6230.jpg?fit=crop&h=300&w=300,2026-09-23T13:47:49
tomate,Mercadona,Salmorejo al estilo cordobés Hacendado,3 mini briks x 330 Mililitros,"2,65 €",/pack,2.65,https://prod-mercadona.imgix.net/images/cc02d0a8e660e30e3c24b364adc80e01.jpg?fit=crop&h=300&w=300,2026-09-23T13:47:49
tomate,Mercadona,Ensalada California,Bol 192 Gramos,"2,60 €",/ud.,2.6,https://prod-mercadona.imgix.net/images/24ff56ef39017c741f964b6482314783.jpg?fit=crop&h=300&w=300,2026-09-23T13:47:49
tomate,Mercadona,Salsa Burger Hacendado,Bote 250 Mililitros,"1,40 €",/ud.,1.4,https://prod-mercadona.imgix.net/images/afc432a6cb8dca0e3c72c62212f4c8f5.jpg?fit=crop&h=300&w=300,2026-09-23T13:47:49
tomate,Mercadona,Mermelada de tomate Hacendado,Tarro 440 Gramos,"1,95 €",/ud.,1.95,https://prod-mercadona.imgix.net/images/f61d58c4d7425cc934dc90a7c7bfb392.jpg?fit=crop&h=300&w=300,2026-09-23T13:47:49
tomate,Mercadona,Zumo de manzana Hacendado,Brik 1 Litro,"0,80 €",/ud.,0.8,https://prod-mercadona.imgix.net/images/76d998fbd9e8ebdd2c8f563908b4ed6d.jpg?fit=crop&h=300&w=300,2026-09-23T13:47:49
tomate,Mercadona,Zumo de manzana Hacendado,6 mini briks x 200 Mililitros,"1,30 €",/pack,1.3,https://prod-mercadona.imgix.net/images/c9a55af574a1324371f989bf36df87e3.jpg?fit=crop&h=300&w=300,2026-09-23T13:47:49
tomate,Mercadona,Alubias con tomate Heinz,Bote 415 Gramos,"1,50 €",/ud.,1.5,https://prod-mercadona.imgix.net/images/b7271388f347be0f04c504571ed30cfd.jpg?fit=crop&h=300&w=300,2026-09-23T13:47:49
tomate,Mercadona,Ketchup en sobres individuales Hacendado,Paquete 12 sobres (240 g),"1,40 €",/ud.,1.4,https://prod-mercadona.imgix.net/images/fdd6165134ec5a050d930e02a92191eb.jpg?fit=crop&h=300&w=300,2026-09-23T13:47:49
tomate,Mercadona,Néctar de guayaba Hacendado,Brik 1 Litro,"1,30 €",/ud.,1.3,https://prod-mercadona.imgix.net/images/0387601ec7043ab95b69e38a4429f276.jpg?fit=crop&h=300&w=300,2026-09-23T13:47:49
tomate,Mercadona,Atún en salsa de tomate Hacendado,3 latas x 80 Gramos (52 Gramos escurrido),"2,10 €",/pack,2.1,https://prod-mercadona.imgix.net/images/c9071d53ff875259f5093059e17a732b.jpg?fit=crop&h=300&w=300,2026-09-23T13:47:49
tomate,Mercadona,Filetes de caballa del sur en tomate Hacendado,2 latas x 120 Gramos (82 Gramos escurrido),"2,60 €",/pack,2.6,https://prod-mercadona.imgix.net/images/1e8f32465308a61957c796d36f81054d.jpeg?fit=crop&h=300&w=300,2026-09-23T13:47:49
tomate,Mercadona,Bebida de mango Hacendado sin azúcares añadidos,Brik 1 Litro,"1,25 €",/ud.,1.25,https://prod-mercadona.imgix.net/images/9e0316fca3787aeb711b8e529d778c0c.jpg?fit=crop&h=300&w=300,2026-09-23T13:47:49
tomate,Mercadona,Zumo de manzana Hacendado,Botella 1 Litro,"1,70 €",/ud.,1.7,https://prod-mercadona.imgix.net/images/e1c12a223516a3fb11e5d2ae7d819fac.jpg?fit=crop&h=300&w=300,2026-09-23T13:47:49
arroz,Mercadona,Arroz largo Hacendado,Paquete 1 Kilo,"1,20 €",/ud.,1.2,https://prod-mercadona.imgix.net/images/801f924df0d429d82c0a136901dcb9b0.jpg?fit=crop&h=300&w=300,2026-09-23T13:47:58
arroz,Mercadona,Arroz redondo Hacendado,Paquete 1 Kilo,"1,15 €",/ud.,1.15,https://prod-mercadona.imgix.net/images/0daf43fb5761b823ce83c985930c97c9.jpg?fit=crop&h=300&w=300,2026-09-23T13:47:58
arroz,Mercadona,Arroz redondo SOS,Paquete 1 Kilo,"1,88 €",/ud.,1.88,https://prod-mercadona.imgix.net/images/95643b8b2525811fbf5df382be9a9075.jpg?fit=crop&h=300&w=300,2026-09-23T13:47:58
arroz,Mercadona,Arroz cocido basmati Sabroz,2 vasitos x 125 Gramos,"1,10 €",/pack,1.1,https://prod-mercadona.imgix.net/images/485f5e653b6655185c51eec9858703cb.jpg?fit=crop&h=300&w=300,2026-09-23T13:47:58
arroz,Mercadona,Arroz basmati aromático Hacendado,Paquete 1 Kilo,"2,10 €",/ud.,2.1,https://prod-mercadona.imgix.net/images/ff02e0b326c0d33682f76e66cc825dda.jpg?fit=crop&h=300&w=300,2026-09-23T13:47:58
arroz,Mercadona,Arroz cocido integral Sabroz,2 vasitos x 125 Gramos,"1,05 €",/pack,1.05,https://prod-mercadona.imgix.net/images/3c538ead2ed048792639ef28915cfaef.jpg?fit=crop&h=300&w=300,2026-09-23T13:47:58
arroz,Mercadona,Arroz vaporizado Hacendado,Paquete 1 Kilo,"1,55 €",/ud.,1.55,https://prod-mercadona.imgix.net/images/1c5a40f534247a5a8b8e16737c809be8.jpg?fit=crop&h=300&w=300,2026-09-23T13:47:58
arroz,Mercadona,Arroz cocido redondo Sabroz,2 vasitos x 125 Gramos,"1,05 €",/pack,1.05,https://prod-mercadona.imgix.net/images/b87d489084215ea73d35d6c2d465f39e.jpg?fit=crop&h=300&w=300,2026-09-23T13:47:58
arroz,Mercadona,Garbanzo cocido Hacendado,Tarro 570 Gramos (400 Gramos escurrido),"0,80 €",/ud.,0.8,https://prod-mercadona.imgix.net/images/b8b807948038c4b64791632f799e9bd8.jpg?fit=crop&h=300&w=300,2026-09-23T13:47:58
arroz,Mercadona,Arroz para microondas Hacendado ultracongelado,Paquete 6 bolsitas (1 kg),"1,90 €",/ud.,1.9,https://prod-mercadona.imgix.net/images/6e9554aa659c51ead8bc8f8a4ff4cfda.jpg?fit=crop&h=300&w=300,2026-09-23T13:47:58
arroz,Mercadona,Noodles de arroz Hacendado,Paquete 200 Gramos,"1,45 €",/ud.,1.45,https://prod-mercadona.imgix.net/images/d1fcf8864631d627cdb7218ad91744d1.jpg?fit=crop&h=300&w=300,2026-09-23T13:47:58
arroz,Mercadona,Arroz tres delicias Hacendado ultracongelado,Paquete 1 Kilo,"2,85 €",/ud.,2.85,https://prod-mercadona.imgix.net/images/428728aa152dad6c0476a1c0ce694804.jpg?fit=crop&h=300&w=300,2026-09-23T13:47:58
arroz,Mercadona,Arroz integral largo Hacendado,Paquete 1 Kilo,"1,65 €",/ud.,1.65,https://prod-mercadona.imgix.net/images/4991480b2fe769d8673224a89d50636c.jpg?fit=crop&h=300&w=300,2026-09-23T13:47:58
arroz,Mercadona,Macarrón Hacendado,Paquete 1 Kilo,"1,15 €",/ud.,1.15,https://prod-mercadona.imgix.net/images/fb1aa0c038c08e68b8d2c7ac8900b9db.jpeg?fit=crop&h=300&w=300,2026-09-23T13:47:58
arroz,Mercadona,Arroz con leche Hacendado,4 Unidades x 130 Gramos,"1,30 €",/pack,1.3,https://prod-mercadona.imgix.net/images/ad0433518327b7e4e1a4305c8710d524.jpg?fit=crop&h=300&w=300,2026-09-23T13:47:58
arroz,Mercadona,Spaghetti Hacendado,Paquete 1 Kilo,"1,15 €",/ud.,1.15,https://prod-mercadona.imgix.net/images/a88886e2672bdbcf24be02cb8ecddf2f.jpeg?fit=crop&h=300&w=300,2026-09-23T13:47:58
arroz,Mercadona,Arroz redondo Sabor,Paquete 1 Kilo,"2,45 €",/ud.,2.45,https://prod-mercadona.imgix.net/images/bc5fcc520250ffec2cada3273830046c.jpg?fit=crop&h=300&w=300,2026-09-23T13:47:58
arroz,Mercadona,Arroz Albufera Hacendado,Paquete 1 Kilo,"2,95 €",/ud.,2.95,https://prod-mercadona.imgix.net/images/6a35bea8548f6137ff812a1265bfa155.jpg?fit=crop&h=300&w=300,2026-09-23T13:47:58
arroz,Mercadona,Lenteja pardina Hacendado,Paquete 1 Kilo,"1,95 €",/ud.,1.95,https://prod-mercadona.imgix.net/images/80c08ddcd236321ea41242268903726b.jpg?fit=crop&h=300&w=300,2026-09-23T13:47:58
arroz,Mercadona,Arroz de verduras Hacendado,Bandeja 280 Gramos,"3,50 €",/ud.,3.5,https://prod-mercadona.imgix.net/images/b523da0904fd1204cc76e6cc709ffab1.jpg?fit=crop&h=300&w=300,2026-09-23T13:47:58
arroz,Mercadona,Arroz redondo J Sendra Hacendado,Paquete 1 Kilo,"1,60 €",/ud.,1.6,https://prod-mercadona.imgix.net/images/44a0df1169e9ebdceb061ebea08b4d42.jpg?fit=crop&h=300&w=300,2026-09-23T13:47:58
arroz,Mercadona,Alubia cocida blanca Hacendado,Tarro 570 Gramos (400 Gramos escurrido),"0,75 €",/ud.,0.75,https://prod-mercadona.imgix.net/images/f3797bcd3c8ed58804490159df581279.jpg?fit=crop&h=300&w=300,2026-09-23T13:47:58
arroz,Mercadona,Fideo cabello de ángel Hacendado,Paquete 500 Gramos,"0,80 €",/ud.,0.8,https://prod-mercadona.imgix.net/images/66992393aeb518b19a12b4844845ac21.jpg?fit=crop&h=300&w=300,2026-09-23T13:47:58
arroz,Mercadona,Arroz de pescado Hacendado,Bandeja 280 Gramos,"3,75 €",/ud.,3.75,https://prod-mercadona.imgix.net/images/0b719a295ce244c216335370dbdf882f.jpg?fit=crop&h=300&w=300,2026-09-23T13:47:58
arroz,Mercadona,Lenteja cocida Hacendado,Tarro 570 Gramos (400 Gramos escurrido),"0,90 €",/ud.,0.9,https://prod-mercadona.imgix.net/images/50b071c4bae7230b8de346b495a7981b.jpg?fit=crop&h=300&w=300,2026-09-23T13:47:58
arroz,Mercadona,Pasta fresca gnocchi Hacendado,Paquete 500 Gramos,"1,00 €",/ud.,1.0,https://prod-mercadona.imgix.net/images/cba9ea825acfc6789572d4088ac61392.jpg?fit=crop&h=300&w=300,2026-09-23T13:47:58
arroz,Mercadona,Hélices con vegetales Hacendado,Paquete 1 Kilo,"1,45 €",/ud.,1.45,https://prod-mercadona.imgix.net/images/f7dbfba2c9e49e650e691a683dddab0e.jpg?fit=crop&h=300&w=300,2026-09-23T13:47:58
arroz,Mercadona,Arroz negro Hacendado ultracongelado,Paquete 600 Gramos,"3,10 €",/ud.,3.1,https://prod-mercadona.imgix.net/images/d2da7fb2337140feb1f91337e2d6ec41.jpg?fit=crop&h=300&w=300,2026-09-23T13:47:58
arroz,Mercadona,Garbanzo cocido Pedrosillano Hacendado,Tarro 570 Gramos (400 Gramos escurrido),"0,90 €",/ud.,0.9,https://prod-mercadona.imgix.net/images/d3a3751f303595a3ff36d87de9730597.jpg?fit=crop&h=300&w=300,2026-09-23T13:47:58
arroz,Mercadona,Quinoa cocida blanca y roja Sabroz,2 vasitos x 125 Gramos,"1,45 €",/pack,1.45,https://prod-mercadona.imgix.net/images/cccf4ae8ce7152534fba1cd7c2689433.jpeg?fit=crop&h=300&w=300,2026-09-23T13:47:58
arroz,Mercadona,Arroz marinera Hacendado ultracongelado,Paquete 350 Gramos,"2,20 €",/ud.,2.2,https://prod-mercadona.imgix.net/images/2ebc5f0970400df4a806f0be6f9710fc.jpg?fit=crop&h=300&w=300,2026-09-23T13:47:58
arroz,Mercadona,Garbanzo cocido Hacendado,Tarro 295 Gramos (210 Gramos escurrido),"0,75 €",/ud.,0.75,https://prod-mercadona.imgix.net/images/66cff189ab481a314894b2ca6c1a5ff3.jpg?fit=crop&h=300&w=300,2026-09-23T13:47:58
arroz,Mercadona,Tallarines Hacendado,Paquete 500 Gramos,"0,80 €",/ud.,0.8,https://prod-mercadona.imgix.net/images/7b60c169e6f22118d5d9ea21c4d8fe59.jpg?fit=crop&h=300&w=300,2026-09-23T13:47:58
arroz,Mercadona,Arroz con verduras para microondas Hacendado ultracongelado,Paquete 4 bolsitas (800 g),"2,00 €",/ud.,2.0,https://prod-mercadona.imgix.net/images/3ec70d5faabb7b56be94793ba994dc27.jpg?fit=crop&h=300&w=300,2026-09-23T13:47:58
arroz,Mercadona,Fideuá Hacendado,Paquete 500 Gramos,"0,80 €",/ud.,0.8,https://prod-mercadona.imgix.net/images/e5b402647751a7b60f87b4663bdc86e5.jpg?fit=crop&h=300&w=300,2026-09-23T13:47:58
arroz,Mercadona,Tortitas de arroz Hacendado,Paquete 4 packs (124 g),"1,10 €",/ud.,1.1,https://prod-mercadona.imgix.net/images/a202828b49681aeceaa281bc820c1a18.jpg?fit=crop&h=300&w=300,2026-09-23T13:47:58
arroz,Mercadona,Arroz de secreto ibérico con setas Hacendado,Bandeja 280 Gramos,"3,00 €",/ud.,3.0,https://prod-mercadona.imgix.net/images/94b4b695305d0769d0e0d21efb30636f.jpg?fit=crop&h=300&w=300,2026-09-23T13:47:58
arroz,Mercadona,Alubia cocida roja Hacendado,Tarro 570 Gramos (400 Gramos escurrido),"1,20 €",/ud.,1.2,https://prod-mercadona.imgix.net/images/231e70f1833a97babe9b0ecab3bfee2c.jpg?fit=crop&h=300&w=300,2026-09-23T13:47:58
arroz,Mercadona,Morcilla de arroz y cebolla,Paquete 300 Gramos aprox.,"1,72 €",/ud.,1.72,https://prod-mercadona.imgix.net/images/0405d211265796755365fabbfd7fd172.jpg?fit=crop&h=300&w=300,2026-09-23T13:47:58
arroz,Mercadona,Placas para lasaña precocidas El Pavo,Caja 18 placas (200 g),"1,65 €",/ud.,1.65,https://prod-mercadona.imgix.net/images/96cc14f684c1d79e23f394f2ce293c7a.jpg?fit=crop&h=300&w=300,2026-09-23T13:47:58
arroz,Mercadona,Pasta fusilli 100% lentejas rojas Felicia,Paquete 250 Gramos,"1,65 €",/ud.,1.65,https://prod-mercadona.imgix.net/images/b82394e08ac387522c2286fb9c234b5f.jpg?fit=crop&h=300&w=300,2026-09-23T13:47:58
arroz,Mercadona,Spaghetti fino Hacendado,Paquete 500 Gramos,"0,80 €",/ud.,0.8,https://prod-mercadona.imgix.net/images/12cb042a1db2a965e3a7b1be7b01bd62.jpg?fit=crop&h=300&w=300,2026-09-23T13:47:58
arroz,Mercadona,Macarrón rayado integral Hacendado,Paquete 500 Gramos,"1,15 €",/ud.,1.15,https://prod-mercadona.imgix.net/images/231ef027d5b28f7040b3075da848399f.jpg?fit=crop&h=300&w=300,2026-09-23T13:47:58
arroz,Mercadona,Lenteja cocida Hacendado,Tarro 295 Gramos (210 Gramos escurrido),"0,75 €",/ud.,0.75,https://prod-mercadona.imgix.net/images/ffbc3f23e35051fc1a326bda5a4f9063.jpg?fit=crop&h=300&w=300,2026-09-23T13:47:58
arroz,Mercadona,Pasta trottole vegetales Hacendado,Paquete 500 Gramos,"1,05 €",/ud.,1.05,https://prod-mercadona.imgix.net/images/24a13866672641e026b0b12f861c40a7.jpg?fit=crop&h=300&w=300,2026-09-23T13:47:58
arroz,Mercadona,Cereales de arroz inflado Choco Krispies Kellogg's con chocolate,Caja 420 Gramos,"3,65 €",/ud.,3.65,https://prod-mercadona.imgix.net/images/3aa570213697c9cd80248d024110faf1.jpeg?fit=crop&h=300&w=300,2026-09-23T13:47:58
arroz,Mercadona,Spaghetti integral Hacendado,Paquete 500 Gramos,"1,15 €",/ud.,1.15,https://prod-mercadona.imgix.net/images/3e10d3e036f04703c87e31a01d680ebc.jpg?fit=crop&h=300&w=300,2026-09-23T13:47:58
arroz,Mercadona,Tortitas de arroz con chocolate blanco sabor yogur Hacendado,Paquete 4 packs (120 g),"1,90 €",/ud.,1.9,https://prod-mercadona.imgix.net/images/06d5eaf5e7e3c88e3ccfe35f77c42e5a.jpg?fit=crop&h=300&w=300,2026-09-23T13:47:58
arroz,Mercadona,Tortitas de legumbres y arroz Hacendado,Paquete 4 packs (109 g),"1,75 €",/ud.,1.75,https://prod-mercadona.imgix.net/images/83544f58c2cff5206720c5d58a5d0f3f.jpg?fit=crop&h=300&w=300,2026-09-23T13:47:58
arroz,Mercadona,Pasta fresca tortellini rellena de carne Hacendado,Bandeja 250 Gramos,"1,95 €",/ud.,1.95,https://prod-mercadona.imgix.net/images/c963d4353c28eec3b4653867138e7bda.jpg?fit=crop&h=300&w=300,2026-09-23T13:47:58
arroz,Mercadona,Cous cous mediano Hacendado,Caja 1 Kilo,"1,95 €",/ud.,1.95,https://prod-mercadona.imgix.net/images/ab155e76bb3242671ee34c6e11d4fd78.jpg?fit=crop&h=300&w=300,2026-09-23T13:47:58
arroz,Mercadona,Fideos orientales Yakisoba sabor soja Hacendado,Paquete 90 Gramos,"0,90 €",/ud.,0.9,https://prod-mercadona.imgix.net/images/c5b3f99d81895edde8f133661d480db0.jpg?fit=crop&h=300&w=300,2026-09-23T13:47:58
arroz,Mercadona,Tortitas de arroz con chocolate con leche Hacendado,Paquete 4 packs (130 g),"1,90 €",/ud.,1.9,https://prod-mercadona.imgix.net/images/992741048a0d81f6679873fd3eae9bd5.jpg?fit=crop&h=300&w=300,2026-09-23T13:47:58
arroz,Mercadona,Pasta fresca ravioli rellena de ricotta y espinacas Hacendado,Bandeja 250 Gramos,"1,95 €",/ud.,1.95,https://prod-mercadona.imgix.net/images/aa239ea01bf9f662d580a8f2020c0845.jpg?fit=crop&h=300&w=300,2026-09-23T13:47:58
arroz,Mercadona,Pasta estrellas Hacendado,Paquete 500 Gramos,"0,80 €",/ud.,0.8,https://prod-mercadona.imgix.net/images/6c418320c51659907a16ff4f9192a2cf.jpeg?fit=crop&h=300&w=300,2026-09-23T13:47:58
arroz,Mercadona,Tostadas de arroz y maíz Hacendado,Caja 20 Unidades (100 g),"1,45 €",/ud.,1.45,https://prod-mercadona.imgix.net/images/81d40b8341c1854b845a7d93972b3e4d.jpg?fit=crop&h=300&w=300,2026-09-23T13:47:58
arroz,Mercadona,Gyozas de pollo y verduras Hacendado congeladas,Paquete 10 Unidades (230 g),"1,95 €",/ud.,1.95,https://prod-mercadona.imgix.net/images/701ac0f02ecae7317070866fcfb7e662.jpg?fit=crop&h=300&w=300,2026-09-23T13:47:58
arroz,Mercadona,Pasta fusilli Armando,Paquete 500 Gramos,"1,40 €",/ud.,1.4,https://prod-mercadona.imgix.net/images/cbaafa95873386c212e067da6c6e2a95.jpg?fit=crop&h=300&w=300,2026-09-23T13:47:58
arroz,Mercadona,Alubia negra Hacendado,Paquete 1 Kilo,"2,50 €",/ud.,2.5,https://prod-mercadona.imgix.net/images/e48c5377a420309858064f278a555535.jpeg?fit=crop&h=300&w=300,2026-09-23T13:47:58
pasta,Mercadona,Pasta fresca gnocchi Hacendado,Paquete 500 Gramos,"1,00 €",/ud.,1.0,https://prod-mercadona.imgix.net/images/cba9ea825acfc6789572d4088ac61392.jpg?fit=crop&h=300&w=300,2026-09-23T13:48:10
pasta,Mercadona,Pasta tiburón Hacendado,Paquete 500 Gramos,"0,80 €",/ud.,0.8,https://prod-mercadona.imgix.net/images/506ce30bd61077a0741cb2070591512b.jpg?fit=crop&h=300&w=300,2026-09-23T13:48:10
pasta,Mercadona,Pasta tortiglioni Armando,Paquete 500 Gramos,"1,40 €",/ud.,1.4,https://prod-mercadona.imgix.net/images/a4d3db444d4e97cf724bd457aadcb05a.jpg?fit=crop&h=300&w=300,2026-09-23T13:48:10
pasta,Mercadona,Pasta trottole vegetales Hacendado,Paquete 500 Gramos,"1,05 €",/ud.,1.05,https://prod-mercadona.imgix.net/images/24a13866672641e026b0b12f861c40a7.jpg?fit=crop&h=300&w=300,2026-09-23T13:48:10
pasta,Mercadona,Spaghetti Hacendado,Paquete 1 Kilo,"1,15 €",/ud.,1.15,https://prod-mercadona.imgix.net/images/a88886e2672bdbcf24be02cb8ecddf2f.jpeg?fit=crop&h=300&w=300,2026-09-23T13:48:10
pasta,Mercadona,Pasta fusilli 100% lentejas rojas Felicia,Paquete 250 Gramos,"1,65 €",/ud.,1.65,https://prod-mercadona.imgix.net/images/b82394e08ac387522c2286fb9c234b5f.jpg?fit=crop&h=300&w=300,2026-09-23T13:48:10
pasta,Mercadona,Pasta estrellas Hacendado,Paquete 500 Gramos,"0,80 €",/ud.,0.8,https://prod-mercadona.imgix.net/images/6c418320c51659907a16ff4f9192a2cf.jpeg?fit=crop&h=300&w=300,2026-09-23T13:48:10
pasta,Mercadona,Pasta fusilli Armando,Paquete 500 Gramos,"1,40 €",/ud.,1.4,https://prod-mercadona.imgix.net/images/cbaafa95873386c212e067da6c6e2a95.jpg?fit=crop&h=300&w=300,2026-09-23T13:48:10
pasta,Mercadona,Macarrón Hacendado,Paquete 1 Kilo,"1,15 €",/ud.,1.15,https://prod-mercadona.imgix.net/images/fb1aa0c038c08e68b8d2c7ac8900b9db.jpeg?fit=crop&h=300&w=300,2026-09-23T13:48:10
pasta,Mercadona,Pasta fresca tortellini rellena de carne Hacendado,Bandeja 250 Gramos,"1,95 €",/ud.,1.95,https://prod-mercadona.imgix.net/images/c963d4353c28eec3b4653867138e7bda.jpg?fit=crop&h=300&w=300,2026-09-23T13:48:10
pasta,Mercadona,Pasta rigatoni Armando,Paquete 500 Gramos,"1,40 €",/ud.,1.4,https://prod-mercadona.imgix.net/images/95e9ed9ba0d8cc60950d55c143a853d4.jpg?fit=crop&h=300&w=300,2026-09-23T13:48:10
pasta,Mercadona,Pasta fusilli sin gluten Felicia,Paquete 500 Gramos,"2,05 €",/ud.,2.05,https://prod-mercadona.imgix.net/images/3af5b4c2432b3edc314579b731b39d8a.jpg?fit=crop&h=300&w=300,2026-09-23T13:48:10
pasta,Mercadona,Pasta fresca ravioli rellena de ricotta y espinacas Hacendado,Bandeja 250 Gramos,"1,95 €",/ud.,1.95,https://prod-mercadona.imgix.net/images/aa239ea01bf9f662d580a8f2020c0845.jpg?fit=crop&h=300&w=300,2026-09-23T13:48:10
pasta,Mercadona,Pasta fresca ravioli rellena de calabaza con cebolla Hacendado,Bandeja 250 Gramos,"1,95 €",/ud.,1.95,https://prod-mercadona.imgix.net/images/eec1449156943e7b3b9c1eab105b6443.jpg?fit=crop&h=300&w=300,2026-09-23T13:48:10
pasta,Mercadona,Pasta fresca tagliatelle al huevo Hacendado,Paquete 250 Gramos,"1,20 €",/ud.,1.2,https://prod-mercadona.imgix.net/images/7becef7fb81d8c8a41da7b5e135ba73b.jpg?fit=crop&h=300&w=300,2026-09-23T13:48:10
pasta,Mercadona,Fideo cabello de ángel Hacendado,Paquete 500 Gramos,"0,80 €",/ud.,0.8,https://prod-mercadona.imgix.net/images/66992393aeb518b19a12b4844845ac21.jpg?fit=crop&h=300&w=300,2026-09-23T13:48:10
pasta,Mercadona,Tallarines Hacendado,Paquete 500 Gramos,"0,80 €",/ud.,0.8,https://prod-mercadona.imgix.net/images/7b60c169e6f22118d5d9ea21c4d8fe59.jpg?fit=crop&h=300&w=300,2026-09-23T13:48:10
pasta,Mercadona,Pasta maravilla Hacendado,Paquete 500 Gramos,"0,80 €",/ud.,0.8,https://prod-mercadona.imgix.net/images/dbd6fee787fb1be15b95c11e1ba3787b.jpg?fit=crop&h=300&w=300,2026-09-23T13:48:10
pasta,Mercadona,Pasta fusilloni vegetal Hacendado,Paquete 500 Gramos,"1,05 €",/ud.,1.05,https://prod-mercadona.imgix.net/images/f606856f861f7b7e77121cf28a6f3f6f.jpg?fit=crop&h=300&w=300,2026-09-23T13:48:10
pasta,Mercadona,Pasta fresca girasoles rellena de quesos Hacendado,Bandeja 250 Gramos,"1,95 €",/ud.,1.95,https://prod-mercadona.imgix.net/images/b9e28c0f2a6c08397be41046689f5e33.jpg?fit=crop&h=300&w=300,2026-09-23T13:48:10
pasta,Mercadona,Hélices con vegetales Hacendado,Paquete 1 Kilo,"1,45 €",/ud.,1.45,https://prod-mercadona.imgix.net/images/f7dbfba2c9e49e650e691a683dddab0e.jpg?fit=crop&h=300&w=300,2026-09-23T13:48:10
pasta,Mercadona,Pasta fresca girasoles rellena de queso de cabra y cebolla caramelizada Hacendado,Bandeja 250 Gramos,"1,95 €",/ud.,1.95,https://prod-mercadona.imgix.net/images/0f6e61b6662ca30c5ec317d7a2caf78c.jpg?fit=crop&h=300&w=300,2026-09-23T13:48:10
pasta,Mercadona,Pasta penne rigate Hacendado,Paquete 500 Gramos,"0,80 €",/ud.,0.8,https://prod-mercadona.imgix.net/images/9e481faa7f6bb103dfccdc80201f0777.jpg?fit=crop&h=300&w=300,2026-09-23T13:48:10
pasta,Mercadona,Pasta fresca medialunas rellenas de parmigiano reggiano y trufa Hacendado,Bandeja 250 Gramos,"2,50 €",/ud.,2.5,https://prod-mercadona.imgix.net/images/4cfff88fdae2f00b171d5d1a330d85c2.jpg?fit=crop&h=300&w=300,2026-09-23T13:48:10
pasta,Mercadona,Pasta fresca girasoles rellena de carrillera y puré de patata Hacendado,Bandeja 250 Gramos,"2,50 €",/ud.,2.5,https://prod-mercadona.imgix.net/images/c42b558517022437793c6d54b9d34198.jpg?fit=crop&h=300&w=300,2026-09-23T13:48:10
pasta,Mercadona,Pasta fresca gnocchi rellena de quesos Hacendado,Paquete 400 Gramos,"2,00 €",/ud.,2.0,https://prod-mercadona.imgix.net/images/3140306dabea0d761d6be95f0429e82b.jpg?fit=crop&h=300&w=300,2026-09-23T13:48:10
pasta,Mercadona,Pasta con pollo al pesto Hacendado ultracongelada,Paquete 300 Gramos,"2,40 €",/ud.,2.4,https://prod-mercadona.imgix.net/images/31eef31dca31ac4c3f3f39e849ecd934.jpeg?fit=crop&h=300&w=300,2026-09-23T13:48:10
pasta,Mercadona,Placas para lasaña precocidas El Pavo,Caja 18 placas (200 g),"1,65 €",/ud.,1.65,https://prod-mercadona.imgix.net/images/96cc14f684c1d79e23f394f2ce293c7a.jpg?fit=crop&h=300&w=300,2026-09-23T13:48:10
pasta,Mercadona,Queso en polvo especial pasta mezcla Hacendado,Paquete 150 Gramos,"1,25 €",/ud.,1.25,https://prod-mercadona.imgix.net/images/80ee5b96b8090f21c040774ba4f5b2f0.jpg?fit=crop&h=300&w=300,2026-09-23T13:48:10
pasta,Mercadona,Noodles de arroz Hacendado,Paquete 200 Gramos,"1,45 €",/ud.,1.45,https://prod-mercadona.imgix.net/images/d1fcf8864631d627cdb7218ad91744d1.jpg?fit=crop&h=300&w=300,2026-09-23T13:48:10
pasta,Mercadona,Fideuá Hacendado,Paquete 500 Gramos,"0,80 €",/ud.,0.8,https://prod-mercadona.imgix.net/images/e5b402647751a7b60f87b4663bdc86e5.jpg?fit=crop&h=300&w=300,2026-09-23T13:48:10
pasta,Mercadona,Pasta Piedra blanca multiusos Power Paste Scrub Daddy con estropajo Scrub Mommy,Tarro 200 Gramos,"3,00 €",/ud.,3.0,https://prod-mercadona.imgix.net/images/6722edb4fafac5373794970e4f50747b.jpg?fit=crop&h=300&w=300,2026-09-23T13:48:10
pasta,Mercadona,Macarrón fino Hacendado,Paquete 500 Gramos,"0,80 €",/ud.,0.8,https://prod-mercadona.imgix.net/images/f846b6d8b9daffa2b61c4c115020d4dd.jpg?fit=crop&h=300&w=300,2026-09-23T13:48:10
pasta,Mercadona,Dentífrico Triple Acción Colgate menta intensa,Tubo 100 Mililitros,"1,95 €",/ud.,1.95,https://prod-mercadona.imgix.net/images/97535c0930b03860b5b9cbaebd7fb546.jpg?fit=crop&h=300&w=300,2026-09-23T13:48:10
pasta,Mercadona,Pasta estrellas sin gluten Felicia,Paquete 500 Gramos,"2,05 €",/ud.,2.05,https://prod-mercadona.imgix.net/images/46c851a9313511a601d36b186e914943.jpg?fit=crop&h=300&w=300,2026-09-23T13:48:10
pasta,Mercadona,Spaghetti fino Hacendado,Paquete 500 Gramos,"0,80 €",/ud.,0.8,https://prod-mercadona.imgix.net/images/12cb042a1db2a965e3a7b1be7b01bd62.jpg?fit=crop&h=300&w=300,2026-09-23T13:48:10
pasta,Mercadona,Pastas de aceite Hacendado,Caja 6 Unidades (250 g),"1,25 €",/ud.,1.25,https://prod-mercadona.imgix.net/images/387b56ecbbcd28b1c171be0ada5d0ff4.jpg?fit=crop&h=300&w=300,2026-09-23T13:48:10
pasta,Mercadona,Macarrón rayado integral Hacendado,Paquete 500 Gramos,"1,15 €",/ud.,1.15,https://prod-mercadona.imgix.net/images/231ef027d5b28f7040b3075da848399f.jpg?fit=crop&h=300&w=300,2026-09-23T13:48:10
pasta,Mercadona,Pasta fresca girasoles rellena de pesto y queso de oveja Hacendado,Bandeja 250 Gramos,"1,95 €",/ud.,1.95,https://prod-mercadona.imgix.net/images/207b1917598affd9716f90bd50672b7a.jpg?fit=crop&h=300&w=300,2026-09-23T13:48:10
pasta,Mercadona,Pasta de sésamo Tahini Hacendado,Tarro 200 Gramos,"2,95 €",/ud.,2.95,https://prod-mercadona.imgix.net/images/cff0f56138bafc3ab2ed1bdf5487f2cc.jpg?fit=crop&h=300&w=300,2026-09-23T13:48:10
pasta,Mercadona,Spaghetti integral Hacendado,Paquete 500 Gramos,"1,15 €",/ud.,1.15,https://prod-mercadona.imgix.net/images/3e10d3e036f04703c87e31a01d680ebc.jpg?fit=crop&h=300&w=300,2026-09-23T13:48:10
pasta,Mercadona,Pasta tiburón Mac & Cheese Hacendado con salsa de queso,Paquete 190 Gramos,"1,30 €",/ud.,1.3,https://prod-mercadona.imgix.net/images/7e210823ef6009e43b87ee2592fff29b.jpg?fit=crop&h=300&w=300,2026-09-23T13:48:10
pasta,Mercadona,Ensalada de pasta,Bol 250 Gramos,"2,60 €",/ud.,2.6,https://prod-mercadona.imgix.net/images/ae77ea3f2cfbc1ecb9326ce77fed7232.jpg?fit=crop&h=300&w=300,2026-09-23T13:48:10
pasta,Mercadona,Pasta de almendra Hacendado,50 Gramos aprox.,"0,29 €",/ud.,0.29,https://prod-mercadona.imgix.net/images/f94ffac8df0ace40737b70556c6583d2.jpg?fit=crop&h=300&w=300,2026-09-23T13:48:10
pasta,Mercadona,Fideo mediano Hacendado,Paquete 500 Gramos,"0,80 €",/ud.,0.8,https://prod-mercadona.imgix.net/images/1af340d1ed092fc1cae6c712c683edfb.jpg?fit=crop&h=300&w=300,2026-09-23T13:48:10
pasta,Mercadona,Gyozas de pollo y verduras Hacendado congeladas,Paquete 10 Unidades (230 g),"1,95 €",/ud.,1.95,https://prod-mercadona.imgix.net/images/701ac0f02ecae7317070866fcfb7e662.jpg?fit=crop&h=300&w=300,2026-09-23T13:48:10
pasta,Mercadona,Ensalada de pasta al estilo Italiana Hacendado,Tarrina 200 Gramos,"2,00 €",/ud.,2.0,https://prod-mercadona.imgix.net/images/1026ccb9ddbd336cf4fdc6673209e3e8.jpg?fit=crop&h=300&w=300,2026-09-23T13:48:10
pasta,Mercadona,Sazonador pasta Hacendado,Bote 45 Gramos,"1,60 €",/ud.,1.6,https://prod-mercadona.imgix.net/images/45eeee3ab3e380f3e0892e61e724bec8.jpeg?fit=crop&h=300&w=300,2026-09-23T13:48:10
pasta,Mercadona,Fideo grueso Hacendado,Paquete 500 Gramos,"0,80 €",/ud.,0.8,https://prod-mercadona.imgix.net/images/0778f8e6272f1c743d1da88f16c4d978.jpg?fit=crop&h=300&w=300,2026-09-23T13:48:10
pasta,Mercadona,Tortellini carne Pagani,Paquete 250 Gramos,"1,40 €",/ud.,1.4,https://prod-mercadona.imgix.net/images/44b8ffd1b3cbe2d21d219fffd79f9cef.jpg?fit=crop&h=300&w=300,2026-09-23T13:48:10
pasta,Mercadona,Ensalada de pasta Listo para Comer,Bol 366 Gramos,"4,00 €",/ud.,4.0,https://prod-mercadona.imgix.net/images/6604913c5a5d31159a6c090c3e84f38d.jpeg?fit=crop&h=300&w=300,2026-09-23T13:48:10
pasta,Mercadona,Surtido de pastas artesanas Hacendado,Caja 1 bandeja (500 g),"2,35 €",/ud.,2.35,https://prod-mercadona.imgix.net/images/9e54b56b77df48a29e0cd5e7409ce81c.jpg?fit=crop&h=300&w=300,2026-09-23T13:48:10
pasta,Mercadona,Tortellini tres quesos Pagani,Paquete 250 Gramos,"1,40 €",/ud.,1.4,https://prod-mercadona.imgix.net/images/a4efb6b5f38489bbe632b2ca70fcd63e.jpg?fit=crop&h=300&w=300,2026-09-23T13:48:10
pasta,Mercadona,Spaghetti Hacendado,Paquete 500 Gramos,"0,80 €",/ud.,0.8,https://prod-mercadona.imgix.net/images/cf7948ff181ca28f71679be1d69457f8.jpg?fit=crop&h=300&w=300,2026-09-23T13:48:10
pasta,Mercadona,Lasaña boloñesa Hacendado,Bandeja 350 Gramos,"2,75 €",/ud.,2.75,https://prod-mercadona.imgix.net/images/30ad411832645d054ed2e83428790881.jpg?fit=crop&h=300&w=300,2026-09-23T13:48:10
pasta,Mercadona,Macarrón Hacendado,Paquete 500 Gramos,"0,80 €",/ud.,0.8,https://prod-mercadona.imgix.net/images/9ae3cacb4d10d5bf8790a58cb80989cf.jpg?fit=crop&h=300&w=300,2026-09-23T13:48:10
pasta,Mercadona,Lasaña a la boloñesa Hacendado ultracongelada,Caja 2 bandejas (600 g),"2,90 €",/ud.,2.9,https://prod-mercadona.imgix.net/images/48e415b4c7b108dba53576be1917ace9.jpeg?fit=crop&h=300&w=300,2026-09-23T13:48:10
pasta,Mercadona,Spaghetti Armando,Paquete 500 Gramos,"1,40 €",/ud.,1.4,https://prod-mercadona.imgix.net/images/0c8389e84982b3e16d6503775057494e.jpg?fit=crop&h=300&w=300,2026-09-23T13:48:10
pasta,Mercadona,Gnocchi de pollo y verduras Hacendado ultracongelados,Paquete 600 Gramos,"3,00 €",/ud.,3.0,https://prod-mercadona.imgix.net/images/7bdda45e3b804697c2450020bbbda640.jpeg?fit=crop&h=300&w=300,2026-09-23T13:48:10
pasta,Mercadona,Macarrón al huevo Hacendado,Paquete 500 Gramos,"1,45 €",/ud.,1.45,https://prod-mercadona.imgix.net/images/a0fc33fa49ff80a6ddca3a72f81d0cc7.jpg?fit=crop&h=300&w=300,2026-09-23T13:48:10
pan,Mercadona,Pan de molde blanco sin corteza Hacendado,Paquete 16 rebanadas (450 g),"1,05 €",/ud.,1.05,https://prod-mercadona.imgix.net/images/7931704a16106081eb2e0d81c340306c.jpg?fit=crop&h=300&w=300,2026-09-23T13:48:19
pan,Mercadona,Pan de molde blanco familiar Hacendado,Paquete 26 rebanadas (820 g),"1,15 €",/ud.,1.15,https://prod-mercadona.imgix.net/images/f26045084b08d8792979df13779e97d3.jpeg?fit=crop&h=300&w=300,2026-09-23T13:48:19
pan,Mercadona,Pan hot dog Hacendado,Paquete 6 Unidades (330 g),"0,90 €",/ud.,0.9,https://prod-mercadona.imgix.net/images/1a4384796c10baa72355deb00039cbd4.jpeg?fit=crop&h=300&w=300,2026-09-23T13:48:19
pan,Mercadona,Pan de leche Hacendado,Paquete 12 Unidades (480 g),"1,85 €",/ud.,1.85,https://prod-mercadona.imgix.net/images/91121503647f92da9fa6d7d56357c99c.jpg?fit=crop&h=300&w=300,2026-09-23T13:48:19
pan,Mercadona,11 Panecillos,Bolsa 11 Unidades (495 g),"1,14 €",/ud.,1.14,https://prod-mercadona.imgix.net/images/97ee542fb54a114e4bc485fbfeeecbb5.jpg?fit=crop&h=300&w=300,2026-09-23T13:48:19
pan,Mercadona,Pan de burger Brioche Hacendado,Paquete 2 Unidades (150 g),"1,10 €",/ud.,1.1,https://prod-mercadona.imgix.net/images/c4f9f0e92cd76bbb10bb9761df1ca7b6.jpg?fit=crop&h=300&w=300,2026-09-23T13:48:19
pan,Mercadona,Maxi pan de burger Hacendado,Paquete 4 Unidades (300 g),"0,85 €",/ud.,0.85,https://prod-mercadona.imgix.net/images/004af95bdcfc0463e7d806f7919fc90a.jpg?fit=crop&h=300&w=300,2026-09-23T13:48:19
pan,Mercadona,Pan rallado Hacendado,Paquete 750 Gramos,"0,85 €",/ud.,0.85,https://prod-mercadona.imgix.net/images/fe031df985de4909241d4503364df110.jpg?fit=crop&h=300&w=300,2026-09-23T13:48:19
pan,Mercadona,Pan de molde 100% integral sin corteza Hacendado,Paquete 16 rebanadas (450 g),"1,10 €",/ud.,1.1,https://prod-mercadona.imgix.net/images/3c3a0ceabc49c8022b255bb92751d3d5.jpeg?fit=crop&h=300&w=300,2026-09-23T13:48:19
pan,Mercadona,Pan de molde 100% integral familiar Hacendado,Paquete 26 rebanadas (820 g),"1,15 €",/ud.,1.15,https://prod-mercadona.imgix.net/images/bb4bc87dd5cde05303b1e222c2131fb0.jpg?fit=crop&h=300&w=300,2026-09-23T13:48:19
pan,Mercadona,Pan de molde semillas y pipas de calabaza Hacendado,Paquete 14 rebanadas (580 g),"1,55 €",/ud.,1.55,https://prod-mercadona.imgix.net/images/2c503fa3d2fb1a21bf062e8a9b9affae.jpeg?fit=crop&h=300&w=300,2026-09-23T13:48:19
pan,Mercadona,Panes integrales 100% fino,Bolsa 2 Unidades (165 g),"1,40 €",/ud.,1.4,https://prod-mercadona.imgix.net/images/54de49ea0f90e922a30eb4f2e6843ec6.jpg?fit=crop&h=300&w=300,2026-09-23T13:48:19
pan,Mercadona,Pan Bagel Hacendado,Paquete 4 Unidades (300 g),"1,42 €",/ud.,1.42,https://prod-mercadona.imgix.net/images/043c6fcbfadeded3d49b292df2f1e624.jpg?fit=crop&h=300&w=300,2026-09-23T13:48:19
pan,Mercadona,Pan tostado classic Hacendado,Paquete 6 packs (550 g),"1,70 €",/ud.,1.7,https://prod-mercadona.imgix.net/images/1d7a425e6f2f3c735d48c7c2393f0fbf.jpg?fit=crop&h=300&w=300,2026-09-23T13:48:19
pan,Mercadona,Pan de molde blanco natural rústico Hacendado,Paquete 14 rebanadas (550 g),"1,30 €",/ud.,1.3,https://prod-mercadona.imgix.net/images/f959357511174b86d32065978125d81e.jpeg?fit=crop&h=300&w=300,2026-09-23T13:48:19
pan,Mercadona,Pan integral de trigo 100% rebanado,1 Unidad (350 g),"1,50 €",/ud.,1.5,https://prod-mercadona.imgix.net/images/cb30fd011ec4458e55e88e4367a00749.jpg?fit=crop&h=300&w=300,2026-09-23T13:48:19
pan,Mercadona,Pan moño rebanado,1 Unidad (500 g),"1,45 €",/ud.,1.45,https://prod-mercadona.imgix.net/images/1ab6498bff13afc54ed56e9fe6460fc9.jpg?fit=crop&h=300&w=300,2026-09-23T13:48:19
pan,Mercadona,Pan rallado con ajo y perejil Hacendado,Paquete 500 Gramos,"1,00 €",/ud.,1.0,https://prod-mercadona.imgix.net/images/618fc5e463121c35126427369486d7bf.jpg?fit=crop&h=300&w=300,2026-09-23T13:48:19
pan,Mercadona,Pan de fibra y sésamo Hacendado,Paquete 26 Unidades (250 g),"1,15 €",/ud.,1.15,https://prod-mercadona.imgix.net/images/a3392f9e5392dfbc6be285a4864bb40a.jpg?fit=crop&h=300&w=300,2026-09-23T13:48:19
pan,Mercadona,Pan Brioche Hacendado,Paquete 14 rebanadas (400 g),"2,35 €",/ud.,2.35,https://prod-mercadona.imgix.net/images/093aa5fd71175cc58f2cdecd129572cf.jpg?fit=crop&h=300&w=300,2026-09-23T13:48:19
pan,Mercadona,Pan 5 semillas,Paquete 500 Gramos,"1,50 €",/ud.,1.5,https://prod-mercadona.imgix.net/images/a350fb1c5677d63b916ef0ecc3183df5.jpg?fit=crop&h=300&w=300,2026-09-23T13:48:19
pan,Mercadona,Pan Viena,1 Unidad (80 g),"0,40 €",/ud.,0.4,https://prod-mercadona.imgix.net/images/5eba3600e4801b6bcaff2a3dd359ec8d.jpg?fit=crop&h=300&w=300,2026-09-23T13:48:19
pan,Mercadona,Pan de molde espelta 100% integral Hacendado natural,Paquete 16 rebanadas (550 g),"1,65 €",/ud.,1.65,https://prod-mercadona.imgix.net/images/174093fd98d687d6f3e191a0207cc828.jpg?fit=crop&h=300&w=300,2026-09-23T13:48:19
pan,Mercadona,Pan de molde blanco Hacendado,Paquete 16 rebanadas (460 g),"0,80 €",/ud.,0.8,https://prod-mercadona.imgix.net/images/37367d7a79c63686cbdb1cdad6b5e927.jpeg?fit=crop&h=300&w=300,2026-09-23T13:48:19
pan,Mercadona,Panes de cristal redondos cortados 100 % natural,Bolsa 4 Unidades (240 g),"1,85 €",/ud.,1.85,https://prod-mercadona.imgix.net/images/e618b2cf4ec1d34fb5fd0e30c97365a6.jpg?fit=crop&h=300&w=300,2026-09-23T13:48:19
pan,Mercadona,Barra de pan,1 Unidad (250 g),"0,50 €",/ud.,0.5,https://prod-mercadona.imgix.net/images/b0382f15d4c53669852e014255bdc714.jpg?fit=crop&h=300&w=300,2026-09-23T13:48:19
pan,Mercadona,Palitos de pan con pipas Anitin,Paquete 2 Unidades (166 g),"1,32 €",/ud.,1.32,https://prod-mercadona.imgix.net/images/f619a6ff08937f86201dfde8dbabb6c2.jpg?fit=crop&h=300&w=300,2026-09-23T13:48:19
pan,Mercadona,Pan de molde con 55% centeno Hacendado,Paquete 16 rebanadas (720 g),"1,35 €",/ud.,1.35,https://prod-mercadona.imgix.net/images/f9b68761bf2dfe1c91dabcb96b64afe5.jpg?fit=crop&h=300&w=300,2026-09-23T13:48:19
pan,Mercadona,Pan de molde 12 cereales y semillas Hacendado,Paquete 16 rebanadas (680 g),"1,50 €",/ud.,1.5,https://prod-mercadona.imgix.net/images/bf669c3d9063dfe4e7ba8f105f36b704.jpg?fit=crop&h=300&w=300,2026-09-23T13:48:19
pan,Mercadona,Pan de molde 100% integral Hacendado,Paquete 16 rebanadas (460 g),"0,90 €",/ud.,0.9,https://prod-mercadona.imgix.net/images/56c8c047c86cba1164ccd7026e5b771c.jpg?fit=crop&h=300&w=300,2026-09-23T13:48:19
pan,Mercadona,Barra de pan campesina masa madre,1 Unidad (250 g),"0,65 €",/ud.,0.65,https://prod-mercadona.imgix.net/images/065a0790cf04335b7802e01a105a07da.jpg?fit=crop&h=300&w=300,2026-09-23T13:48:19
pan,Mercadona,Panes chapata de cristal,Bolsa 4 Unidades (284 g),"1,30 €",/ud.,1.3,https://prod-mercadona.imgix.net/images/d5957a4bdd1ddf5232905190e2b0974b.jpg?fit=crop&h=300&w=300,2026-09-23T13:48:19
pan,Mercadona,Pan hot dog Brioche Hacendado,Paquete 4 Unidades (250 g),"1,55 €",/ud.,1.55,https://prod-mercadona.imgix.net/images/242b6385ccc272660fde58a0024094d5.jpg?fit=crop&h=300&w=300,2026-09-23T13:48:19
pan,Mercadona,Barra pan de pueblo rebanada,1 Unidad (800 g),"1,60 €",/ud.,1.6,https://prod-mercadona.imgix.net/images/77cc7feb7d78d72b25961bc190cf2e40.jpg?fit=crop&h=300&w=300,2026-09-23T13:48:19
pan,Mercadona,Pan campeón del mundo rebanado,1 Unidad (750 g),"2,00 €",/ud.,2.0,https://prod-mercadona.imgix.net/images/a5babc6aec25d9e089128830c9c2f0a3.jpg?fit=crop&h=300&w=300,2026-09-23T13:48:19
pan,Mercadona,Pan tostado 100% integral,Paquete 6 packs (550 g),"1,80 €",/ud.,1.8,https://prod-mercadona.imgix.net/images/5de413d561d2f5a1df428beaeb6746cb.jpg?fit=crop&h=300&w=300,2026-09-23T13:48:19
pan,Mercadona,6 Panes pulguitas sin aditivos,Bolsa 6 Unidades (240 g),"1,05 €",/ud.,1.05,https://prod-mercadona.imgix.net/images/95cb736d41facafa9094ab7232126eef.jpg?fit=crop&h=300&w=300,2026-09-23T13:48:19
pan,Mercadona,Pan tostado cereales y semillas Hacendado,Paquete 6 packs (550 g),"2,20 €",/ud.,2.2,https://prod-mercadona.imgix.net/images/804d415f8f4701b031f6662c2ba6ae52.jpg?fit=crop&h=300&w=300,2026-09-23T13:48:19
pan,Mercadona,Pan rallado casero Hacendado,Paquete 500 Gramos,"1,00 €",/ud.,1.0,https://prod-mercadona.imgix.net/images/7d68ff5676a8158bdcb746652bb3a8f7.jpg?fit=crop&h=300&w=300,2026-09-23T13:48:19
pan,Mercadona,3 Panes molletes,Bolsa 3 Unidades (315 g),"1,20 €",/ud.,1.2,https://prod-mercadona.imgix.net/images/b9db21b2c0e6715ce71937a84d42164e.jpg?fit=crop&h=300&w=300,2026-09-23T13:48:19
pan,Mercadona,Pan de burger Hacendado Rústico 100% integral,Paquete 4 Unidades (300 g),"1,05 €",/ud.,1.05,https://prod-mercadona.imgix.net/images/8c4c82b8e3fad5489f4aecb68809f547.jpg?fit=crop&h=300&w=300,2026-09-23T13:48:19
pan,Mercadona,Tortillas de trigo Hacendado,Paquete 10 Unidades (360 g),"1,15 €",/ud.,1.15,https://prod-mercadona.imgix.net/images/ed65b3b242f3ea0ffb63bdc75878a1d7.jpg?fit=crop&h=300&w=300,2026-09-23T13:48:19
pan,Mercadona,Pan tostado 100% espelta integral Hacendado,Paquete 250 Gramos,"1,50 €",/ud.,1.5,https://prod-mercadona.imgix.net/images/72a54e7ef736024a01f13af1eb3e3f5b.jpg?fit=crop&h=300&w=300,2026-09-23T13:48:19
pan,Mercadona,Pan tostado pasas Hacendado,Paquete 120 Gramos,"1,15 €",/ud.,1.15,https://prod-mercadona.imgix.net/images/373a41e1bce564b863389145b18aa576.jpg?fit=crop&h=300&w=300,2026-09-23T13:48:19
pan,Mercadona,Pan tostado fino con sésamo y sal marina Delicate Crisp Wasa,Paquete 190 Gramos,"1,80 €",/ud.,1.8,https://prod-mercadona.imgix.net/images/dc28342be8c28a14264d7e15fc7301e2.jpg?fit=crop&h=300&w=300,2026-09-23T13:48:19
pan,Mercadona,Panecillo tostado classic Hacendado,Paquete 300 Gramos,"1,15 €",/ud.,1.15,https://prod-mercadona.imgix.net/images/26f58c6958d86d63e9139103b3591e39.jpg?fit=crop&h=300&w=300,2026-09-23T13:48:19
pan,Mercadona,Mini pan de burger Hacendado,Paquete 8 Unidades (165 g),"1,25 €",/ud.,1.25,https://prod-mercadona.imgix.net/images/2bd3a8a79f94c5c3e9c4763d912e6e75.jpg?fit=crop&h=300&w=300,2026-09-23T13:48:19
pan,Mercadona,Panes especiales con tomate y orégano Hacendado,Paquete 80 Gramos,"0,85 €",/ud.,0.85,https://prod-mercadona.imgix.net/images/0d92b58d808b8569d896b359abfa934d.jpg?fit=crop&h=300&w=300,2026-09-23T13:48:19
pan,Mercadona,Pan de pita Mission,Paquete 5 Unidades (300 g),"2,00 €",/ud.,2.0,https://prod-mercadona.imgix.net/images/4af89bf80e15b2a11b57f8e001013cc4.jpg?fit=crop&h=300&w=300,2026-09-23T13:48:19
pan,Mercadona,Pan tostado con tomate Hacendado,Paquete 170 Gramos,"1,30 €",/ud.,1.3,https://prod-mercadona.imgix.net/images/6e9f47916f81a70709740fc6f61d703d.jpg?fit=crop&h=300&w=300,2026-09-23T13:48:19
pan,Mercadona,Pan de molde cereales sin gluten Hacendado,Paquete 14 rebanadas (470 g),"2,74 €",/ud.,2.74,https://prod-mercadona.imgix.net/images/a8c90aab11776a9f62a00b0a10634ad7.jpg?fit=crop&h=300&w=300,2026-09-23T13:48:19
pan,Mercadona,Barra de pan tradicional,Paquete 700 Gramos,"1,28 €",/ud.,1.28,https://prod-mercadona.imgix.net/images/25c4bc7eecd7bb503f2339aac9059af4.jpg?fit=crop&h=300&w=300,2026-09-23T13:48:19
pan,Mercadona,Pan mini semillas,1 Unidad (90 g),"0,35 €",/ud.,0.35,https://prod-mercadona.imgix.net/images/59676df0c9df7308840d3aac54fd742c.jpg?fit=crop&h=300&w=300,2026-09-23T13:48:19
pan,Mercadona,Panes con semillas,Bolsa 2 Unidades (170 g),"1,50 €",/ud.,1.5,https://prod-mercadona.imgix.net/images/27ce902c875893f25844d240f5b72bef.jpg?fit=crop&h=300&w=300,2026-09-23T13:48:19
pan,Mercadona,Pan de burger Hacendado Rústico,Paquete 4 Unidades (220 g),"0,95 €",/ud.,0.95,https://prod-mercadona.imgix.net/images/17b3a7964421bf5cf816bd81faa8a1b8.jpg?fit=crop&h=300&w=300,2026-09-23T13:48:19
pan,Mercadona,3 Barras de pan,3 Unidades (750 g),"1,19 €",/ud.,1.19,https://prod-mercadona.imgix.net/images/b2885ac23e9ad6ffc406882e24291809.jpg?fit=crop&h=300&w=300,2026-09-23T13:48:19
pan,Mercadona,6 Panes de leche 3%,Bolsa 6 Unidades (480 g),"1,51 €",/ud.,1.51,https://prod-mercadona.imgix.net/images/40e7eb342245e8ac03222b69274cebb2.jpg?fit=crop&h=300&w=300,2026-09-23T13:48:19
pan,Mercadona,Pan redondo sin gluten Hacendado,Paquete 2 Unidades (160 g),"1,93 €",/ud.,1.93,https://prod-mercadona.imgix.net/images/a3a8bd862ae9048c2fb1b2c56523bcad.jpg?fit=crop&h=300&w=300,2026-09-23T13:48:19
pan,Mercadona,Pan de molde sin gluten blanco Hacendado,Paquete 14 rebanadas (500 g),"2,74 €",/ud.,2.74,https://prod-mercadona.imgix.net/images/4b2fd6f2a42c76ccb71db2be51fa7ec5.jpg?fit=crop&h=300&w=300,2026-09-23T13:48:19
pan,Mercadona,Pan tostado con ajo y perejil Hacendado,Paquete 170 Gramos,"1,30 €",/ud.,1.3,https://prod-mercadona.imgix.net/images/4897d5374277c5144e00b31f9d6d0f73.jpg?fit=crop&h=300&w=300,2026-09-23T13:48:19
pollo,Mercadona,Filetes pechuga de pollo,Bandeja 520 Gramos aprox.,"3,80 €",/ud.,3.8,https://prod-mercadona.imgix.net/images/cfbe3b741d3a64cc637efe0c7bf0bb93.jpg?fit=crop&h=300&w=300,2026-09-23T13:48:28
pollo,Mercadona,Contramuslos de pollo deshuesados y sin piel,Bandeja 550 Gramos aprox.,"3,74 €",/ud.,3.74,https://prod-mercadona.imgix.net/images/6f014202bb9ed41e5125106c87ef1c74.jpg?fit=crop&h=300&w=300,2026-09-23T13:48:28
pollo,Mercadona,Pechugas enteras familiar de pollo,"Bandeja 1,09 Kilos aprox.","6,76 €",/ud.,6.76,https://prod-mercadona.imgix.net/images/e20a225bd8032beb2866a2a0716809ad.jpg?fit=crop&h=300&w=300,2026-09-23T13:48:28
pollo,Mercadona,Filetes pechuga de pollo corte fino,Bandeja 500 Gramos aprox.,"3,85 €",/ud.,3.85,https://prod-mercadona.imgix.net/images/c89d28c5929f14861da52e2508912e3d.jpeg?fit=crop&h=300&w=300,2026-09-23T13:48:28
pollo,Mercadona,Nuggets de pollo Hacendado ultracongelados,Paquete 500 Gramos,"2,70 €",/ud.,2.7,https://prod-mercadona.imgix.net/images/e8fa9d32e0463cb2cb7013f8cc1238fe.jpg?fit=crop&h=300&w=300,2026-09-23T13:48:28
pollo,Mercadona,Pollo entero,"Bandeja 1,9 Kilos aprox.","6,65 €",/ud.,6.65,https://prod-mercadona.imgix.net/images/cb8d3cd457f1c0c8bce835505ad77695.jpg?fit=crop&h=300&w=300,2026-09-23T13:48:28
pollo,Mercadona,Taquitos de pollo,Bandeja 360 Gramos aprox.,"2,63 €",/ud.,2.63,https://prod-mercadona.imgix.net/images/6f57caeeada02c1b444dc11562270e30.jpeg?fit=crop&h=300&w=300,2026-09-23T13:48:28
pollo,Mercadona,Jamoncitos de pollo,Bandeja 920 Gramos aprox.,"3,50 €",/ud.,3.5,https://prod-mercadona.imgix.net/images/bdb83c7c681de567327ae97747a5d2bf.jpg?fit=crop&h=300&w=300,2026-09-23T13:48:28
pollo,Mercadona,Delicias de pollo Hacendado ultracongeladas,Paquete 500 Gramos,"3,70 €",/ud.,3.7,https://prod-mercadona.imgix.net/images/69c43cac064a4c03f04c7e07bf3b617a.jpeg?fit=crop&h=300&w=300,2026-09-23T13:48:28
pollo,Mercadona,Solomillos de pollo,Bandeja 400 Gramos aprox.,"3,20 €",/ud.,3.2,https://prod-mercadona.imgix.net/images/f244d52e4c7843df0f8a23aa464ddde2.jpeg?fit=crop&h=300&w=300,2026-09-23T13:48:28
pollo,Mercadona,Burger de pollo,Bandeja 6 Unidades (540 g),"3,80 €",/ud.,3.8,https://prod-mercadona.imgix.net/images/bf1bd3c34696dbcfc3c3b608ca0f0c4d.jpg?fit=crop&h=300&w=300,2026-09-23T13:48:28
pollo,Mercadona,Medio pollo troceado,Bandeja 900 Gramos aprox.,"3,60 €",/ud.,3.6,https://prod-mercadona.imgix.net/images/78c6373538c9cae1793f4d41024c024c.jpg?fit=crop&h=300&w=300,2026-09-23T13:48:28
pollo,Mercadona,Alas partidas de pollo,Bandeja 530 Gramos aprox.,"2,76 €",/ud.,2.76,https://prod-mercadona.imgix.net/images/2d2e990b203eb6e7d83cc31666c76c4d.jpeg?fit=crop&h=300&w=300,2026-09-23T13:48:28
pollo,Mercadona,Jamoncitos de pollo congelados,Paquete 1 Kilo,"3,50 €",/ud.,3.5,https://prod-mercadona.imgix.net/images/628598ef0eef94c068206014855e28f7.jpg?fit=crop&h=300&w=300,2026-09-23T13:48:28
pollo,Mercadona,Filetes pechuga de pollo certificado alimentado con un 50% de maíz,Bandeja 590 Gramos aprox.,"5,66 €",/ud.,5.66,https://prod-mercadona.imgix.net/images/c0902c682f4d28953dc3dbf54cfbca00.jpeg?fit=crop&h=300&w=300,2026-09-23T13:48:28
pollo,Mercadona,Pechugas enteras de pollo,Bandeja 580 Gramos aprox.,"3,86 €",/ud.,3.86,https://prod-mercadona.imgix.net/images/626ed2bc08b4d92dc0d786b7c368a8c9.jpg?fit=crop&h=300&w=300,2026-09-23T13:48:28
pollo,Mercadona,Lagrimitas de pollo al limón empanadas sin gluten,Bandeja 420 Gramos aprox.,"3,61 €",/ud.,3.61,https://prod-mercadona.imgix.net/images/d1d6d1434aae4212853cc1dd44c33919.jpg?fit=crop&h=300&w=300,2026-09-23T13:48:28
pollo,Mercadona,"Brochetas de pollo, pimiento verde y tocino de cerdo con varilla",Bandeja 370 Gramos aprox.,"3,11 €",/ud.,3.11,https://prod-mercadona.imgix.net/images/15b2eaac006412625943b1d7a52d01de.jpg?fit=crop&h=300&w=300,2026-09-23T13:48:28
pollo,Mercadona,Longaniza fresca de pollo,Bandeja 550 Gramos aprox.,"3,99 €",/ud.,3.99,https://prod-mercadona.imgix.net/images/9509b9d588cb37aca8f104bac1f6c1c1.jpg?fit=crop&h=300&w=300,2026-09-23T13:48:28
pollo,Mercadona,Alas de pollo,Bandeja 980 Gramos aprox.,"4,36 €",/ud.,4.36,https://prod-mercadona.imgix.net/images/9de7c0c7e523b36a96341a167d63aaf7.jpg?fit=crop&h=300&w=300,2026-09-23T13:48:28
pollo,Mercadona,Pollo marinado rebozado Crispy American Style Hacendado ultracongelado,Paquete 500 Gramos,"4,90 €",/ud.,4.9,https://prod-mercadona.imgix.net/images/70b625b38e0b189e1fc55ef2df98ebc9.jpg?fit=crop&h=300&w=300,2026-09-23T13:48:28
pollo,Mercadona,Cuartos traseros de pollo congelados,Paquete 2 Kilos,"5,70 €",/ud.,5.7,https://prod-mercadona.imgix.net/images/64a92b8526d3a6544a6dfcba18b78e82.png?fit=crop&h=300&w=300,2026-09-23T13:48:28
pollo,Mercadona,Filetes pechuga de pavo,Bandeja 580 Gramos aprox.,"4,90 €",/ud.,4.9,https://prod-mercadona.imgix.net/images/c91b2f7aa5a6c53a62e40318e876dc06.jpg?fit=crop&h=300&w=300,2026-09-23T13:48:28
pollo,Mercadona,Filetes solomillos de pollo marinados empanados sin gluten,Bandeja 550 Gramos aprox.,"4,84 €",/ud.,4.84,https://prod-mercadona.imgix.net/images/2b442fa9e3d97eb137f07af17f691dc7.jpg?fit=crop&h=300&w=300,2026-09-23T13:48:28
pollo,Mercadona,Cuartos traseros de pollo,Bandeja 750 Gramos aprox.,"2,48 €",/ud.,2.48,https://prod-mercadona.imgix.net/images/ef4d972abf6b39c469ba11d25eecf306.jpg?fit=crop&h=300&w=300,2026-09-23T13:48:28
pollo,Mercadona,Preparado de carne picada pollo,Bandeja 500 Gramos,"3,95 €",/ud.,3.95,https://prod-mercadona.imgix.net/images/50a22eff94bcd78d616ede310499a235.jpg?fit=crop&h=300&w=300,2026-09-23T13:48:28
pollo,Mercadona,Pollo asado Hacendado,"Paquete 1,2 Kilos aprox.","6,78 €",/ud.,6.78,https://prod-mercadona.imgix.net/images/bf5c527e50ce50bb951e705fad9dc27f.jpg?fit=crop&h=300&w=300,2026-09-23T13:48:28
pollo,Mercadona,Mini burgers de pollo,Bandeja 8 Unidades (280 g),"2,90 €",/ud.,2.9,https://prod-mercadona.imgix.net/images/4a2cb5989f97fa42b4dcdf415abd6fcd.jpg?fit=crop&h=300&w=300,2026-09-23T13:48:28
pollo,Mercadona,Solomillos de pollo certificado alimentado con un 50% de maíz,Bandeja 400 Gramos aprox.,"4,40 €",/ud.,4.4,https://prod-mercadona.imgix.net/images/4a2dcc1f9454823ef90da1e084915e1a.jpeg?fit=crop&h=300&w=300,2026-09-23T13:48:28
pollo,Mercadona,Patas de pollo,Bandeja 450 Gramos aprox.,"2,07 €",/ud.,2.07,https://prod-mercadona.imgix.net/images/35af05185d53494427962bf7dd09b12c.jpg?fit=crop&h=300&w=300,2026-09-23T13:48:28
pollo,Mercadona,Contramuslos deshuesados y sin piel de pollo certificado alimentado con un 50% de maíz,Bandeja 550 Gramos aprox.,"4,95 €",/ud.,4.95,https://prod-mercadona.imgix.net/images/4de8ac6c4fecccfb9d16224edc25885b.jpg?fit=crop&h=300&w=300,2026-09-23T13:48:28
pollo,Mercadona,Contramuslos de pollo sin piel,Bandeja 790 Gramos aprox.,"3,32 €",/ud.,3.32,https://prod-mercadona.imgix.net/images/696ce36da90626d3a36ae59f056f32dc.jpg?fit=crop&h=300&w=300,2026-09-23T13:48:28
pollo,Mercadona,Cuartos traseros familiar de pollo,"Bandeja 1,6 Kilos aprox.","4,96 €",/ud.,4.96,https://prod-mercadona.imgix.net/images/79b5a7244ff93c42acf5917150bca750.jpg?fit=crop&h=300&w=300,2026-09-23T13:48:28
pollo,Mercadona,Alas partidas de pollo certificado alimentado con un 50% de maíz,Bandeja 590 Gramos aprox.,"3,66 €",/ud.,3.66,https://prod-mercadona.imgix.net/images/0a539fc2112b0d33d9ca35bea26ce7a1.jpg?fit=crop&h=300&w=300,2026-09-23T13:48:28
pollo,Mercadona,Pinchos de pollo sin varilla adobados,Bandeja 500 Gramos aprox.,"4,30 €",/ud.,4.3,https://prod-mercadona.imgix.net/images/18faa0d5d1fb660eeb970c0958d22bb5.jpg?fit=crop&h=300&w=300,2026-09-23T13:48:28
pollo,Mercadona,Pechuguita de pollo 99% La Carloteña asada al horno lonchas,Paquete 125 Gramos,"2,50 €",/ud.,2.5,https://prod-mercadona.imgix.net/images/1e13c330e4bce89f5a37d8e709c976a0.jpg?fit=crop&h=300&w=300,2026-09-23T13:48:28
pollo,Mercadona,Muslos de pollo deshuesados con piel,Bandeja 500 Gramos aprox.,"2,78 €",/ud.,2.78,https://prod-mercadona.imgix.net/images/8cfc723d78c28867e24d49022d5e0441.jpg?fit=crop&h=300&w=300,2026-09-23T13:48:28
pollo,Mercadona,Pollo asado troceado Hacendado,"Paquete 1,24 Kilos aprox.","8,00 €",/ud.,8.0,https://prod-mercadona.imgix.net/images/c4d5fddaa2cf7c3cfaac420e75d73343.jpg?fit=crop&h=300&w=300,2026-09-23T13:48:28
pollo,Mercadona,Flautas de pollo y queso,Bandeja 280 Gramos,"2,20 €",/ud.,2.2,https://prod-mercadona.imgix.net/images/0ae8e36ead1e2d24d6f95c6abffe5e14.jpg?fit=crop&h=300&w=300,2026-09-23T13:48:28
pollo,Mercadona,Alas de pollo barbacoa congeladas,Paquete 750 Gramos,"3,70 €",/ud.,3.7,https://prod-mercadona.imgix.net/images/08246c7166e5409f632528a1e900a3b6.jpg?fit=crop&h=300&w=300,2026-09-23T13:48:28
pollo,Mercadona,Burger de pollo gruesa,Bandeja 2 Unidades (360 g),"3,20 €",/ud.,3.2,https://prod-mercadona.imgix.net/images/e62de035b39351e90b69a682a966c271.jpg?fit=crop&h=300&w=300,2026-09-23T13:48:28
pollo,Mercadona,Filetes pechuga de pollo finas hierbas marinadas,Bandeja 600 Gramos aprox.,"4,92 €",/ud.,4.92,https://prod-mercadona.imgix.net/images/b41d5df0b7894464440dc93ad577066f.jpg?fit=crop&h=300&w=300,2026-09-23T13:48:28
pollo,Mercadona,Filetes pechuga de pollo extra tiernos,Bandeja 560 Gramos aprox.,"4,09 €",/ud.,4.09,https://prod-mercadona.imgix.net/images/73de377ed3df77f417090cb84455c9bf.jpeg?fit=crop&h=300&w=300,2026-09-23T13:48:28
pollo,Mercadona,Empanados de pollo picantes sin gluten,Bandeja 360 Gramos,"3,10 €",/ud.,3.1,https://prod-mercadona.imgix.net/images/3e26c6d2ec8cc06bd7175fa140853fdb.jpg?fit=crop&h=300&w=300,2026-09-23T13:48:28
pollo,Mercadona,Mollejas de pollo,Tarrina 390 Gramos aprox.,"2,09 €",/ud.,2.09,https://prod-mercadona.imgix.net/images/ad2e1acc853b585c2256a69da7b5ca05.jpg?fit=crop&h=300&w=300,2026-09-23T13:48:28
pollo,Mercadona,Caldo de pollo Hacendado,Brik 1 Litro,"0,75 €",/ud.,0.75,https://prod-mercadona.imgix.net/images/3b782816c7c91c3ccffdf837fbd02ae7.jpg?fit=crop&h=300&w=300,2026-09-23T13:48:28
pollo,Mercadona,Pollo certificado entero alimentado con un 50% de maíz,"Bandeja 1,8 Kilos aprox.","9,00 €",/ud.,9.0,https://prod-mercadona.imgix.net/images/4ef0fdba9074b1b821ab2f1db0e7db78.jpg?fit=crop&h=300&w=300,2026-09-23T13:48:28
pollo,Mercadona,Filetes pechuga de pollo marinadas empanadas sin gluten,Bandeja 480 Gramos aprox.,"4,18 €",/ud.,4.18,https://prod-mercadona.imgix.net/images/42ed3d070937a1a4ae9d33d65e6aa1a3.jpg?fit=crop&h=300&w=300,2026-09-23T13:48:28
pollo,Mercadona,Jamoncitos de pollo certificado alimentado con un 50% de maíz,Bandeja 780 Gramos aprox.,"3,98 €",/ud.,3.98,https://prod-mercadona.imgix.net/images/831d545b3296f8a4eb2a2f38593c862d.jpg?fit=crop&h=300&w=300,2026-09-23T13:48:28
pollo,Mercadona,Burger Crunchy Chicken,Bandeja 2 Unidades (240 g),"2,00 €",/ud.,2.0,https://prod-mercadona.imgix.net/images/7134bb1517ab827aa5614ab6d5f6b1d6.jpg?fit=crop&h=300&w=300,2026-09-23T13:48:28
pollo,Mercadona,Pechugas enteras de pollo certificado alimentado con un 50% de maíz,Bandeja 550 Gramos aprox.,"5,23 €",/ud.,5.23,https://prod-mercadona.imgix.net/images/4c2e9f8d89ff232e22fdc9368ed527cb.jpg?fit=crop&h=300&w=300,2026-09-23T13:48:28
pollo,Mercadona,Hígados y corazones de pollo,Bandeja 390 Gramos aprox.,"1,56 €",/ud.,1.56,https://prod-mercadona.imgix.net/images/fc4beae71e0b59997815d674c1288f66.jpg?fit=crop&h=300&w=300,2026-09-23T13:48:28
pollo,Mercadona,Pollo teriyaki,Bol 300 Gramos,"5,00 €",/ud.,5.0,https://prod-mercadona.imgix.net/images/6d5527d54fd9c0d634759c308779ff5e.jpeg?fit=crop&h=300&w=300,2026-09-23T13:48:28
pollo,Mercadona,Solomillos de pollo adobados,Bandeja 380 Gramos aprox.,"3,34 €",/ud.,3.34,https://prod-mercadona.imgix.net/images/2402c8237147e5acb322dd3fcae70044.jpg?fit=crop&h=300&w=300,2026-09-23T13:48:28
pollo,Mercadona,Pollo 97% relleno La Carloteña asado al horno lonchas,Paquete 150 Gramos,"2,40 €",/ud.,2.4,https://prod-mercadona.imgix.net/images/c0a4ea8f1fe98e43e957b317ac9c3d07.jpg?fit=crop&h=300&w=300,2026-09-23T13:48:28
pollo,Mercadona,Alas de pollo adobadas,Bandeja 630 Gramos aprox.,"3,53 €",/ud.,3.53,https://prod-mercadona.imgix.net/images/9c0c83c985fce305964a324078f2119e.jpg?fit=crop&h=300&w=300,2026-09-23T13:48:28
pollo,Mercadona,"Relleno fajitas pollo, pimientos y cebolla Hacendado ultracongelado",Paquete 300 Gramos,"1,90 €",/ud.,1.9,https://prod-mercadona.imgix.net/images/616e77243843f37f7568ef21d1b4fd13.jpg?fit=crop&h=300&w=300,2026-09-23T13:48:28
pollo,Mercadona,Alas de pollo adobadas picantes,Bandeja 510 Gramos aprox.,"3,26 €",/ud.,3.26,https://prod-mercadona.imgix.net/images/7dad7f5c3c8a5f55b76155f9b34be2b0.jpg?fit=crop&h=300&w=300,2026-09-23T13:48:28
pollo,Mercadona,Cuartos traseros de pollo certificado alimentado con un 50% de maíz,Bandeja 900 Gramos aprox.,"4,23 €",/ud.,4.23,https://prod-mercadona.imgix.net/images/2c00c0299aa3d258c844e2b1305a8361.jpeg?fit=crop&h=300&w=300,2026-09-23T13:48:28
pollo,Mercadona,Carcasa y espinazo de pollo,Bandeja 820 Gramos aprox.,"1,07 €",/ud.,1.07,https://prod-mercadona.imgix.net/images/5e85a7c4d66fe891192d6c6175a2f1a9.jpg?fit=crop&h=300&w=300,2026-09-23T13:48:28
carne picada,Mercadona,Preparado de carne picada vacuno y cerdo,Bandeja 1 Kilo,"8,00 €",/ud.,8.0,https://prod-mercadona.imgix.net/images/5abc17f64c9721afe904923d5b12ecd2.jpeg?fit=crop&h=300&w=300,2026-09-23T13:48:37
carne picada,Mercadona,Preparado de carne picada vacuno Hacendado,Paquete 400 Gramos,"5,40 €",/ud.,5.4,https://prod-mercadona.imgix.net/images/4d062e075437ea420f6d4c4becf9143d.jpg?fit=crop&h=300&w=300,2026-09-23T13:48:37
carne picada,Mercadona,Preparado de carne picada vacuno y cerdo,Bandeja 500 Gramos,"4,10 €",/ud.,4.1,https://prod-mercadona.imgix.net/images/3ff4619c75302a2ae20831ae3ffe6c1c.jpeg?fit=crop&h=300&w=300,2026-09-23T13:48:37
carne picada,Mercadona,Preparado de carne picada vacuno,Bandeja 500 Gramos,"5,50 €",/ud.,5.5,https://prod-mercadona.imgix.net/images/9b98483e96624180d8a01e2f7e085f87.jpg?fit=crop&h=300&w=300,2026-09-23T13:48:37
carne picada,Mercadona,Preparado de carne picada pollo,Bandeja 500 Gramos,"3,95 €",/ud.,3.95,https://prod-mercadona.imgix.net/images/50a22eff94bcd78d616ede310499a235.jpg?fit=crop&h=300&w=300,2026-09-23T13:48:37
carne picada,Mercadona,Preparado de carne picada vacuno,Bandeja 1 Kilo,"10,80 €",/ud.,10.8,https://prod-mercadona.imgix.net/images/568b0075f1c53000f2a26946b6539e0c.jpg?fit=crop&h=300&w=300,2026-09-23T13:48:37
carne picada,Mercadona,Preparado de carne picada cerdo,Bandeja 500 Gramos,"2,75 €",/ud.,2.75,https://prod-mercadona.imgix.net/images/2781547566ca8d299f1e2e0d9cdccd4f.jpeg?fit=crop&h=300&w=300,2026-09-23T13:48:37
carne picada,Mercadona,Hamburguesa de lomo de vacuno,Paquete 2 Unidades (240 g),"4,00 €",/ud.,4.0,https://prod-mercadona.imgix.net/images/fb42955265ec4782f2e54200235d54ba.jpeg?fit=crop&h=300&w=300,2026-09-23T13:48:37
carne picada,Mercadona,Filetes de vacuno añojo para empanar,Bandeja 350 Gramos aprox.,"6,58 €",/ud.,6.58,https://prod-mercadona.imgix.net/images/29b203f66c33a57db7e9dd3c951046b8.jpg?fit=crop&h=300&w=300,2026-09-23T13:48:37
carne picada,Mercadona,Burger de vacuno,Bandeja 6 Unidades (540 g),"5,90 €",/ud.,5.9,https://prod-mercadona.imgix.net/images/09de086f011cef23ee2910e3aa6e983d.jpg?fit=crop&h=300&w=300,2026-09-23T13:48:37
carne picada,Mercadona,Tacos de vacuno añojo para guisar,Bandeja 520 Gramos aprox.,"8,42 €",/ud.,8.42,https://prod-mercadona.imgix.net/images/bb6c3295dc5d004452de360f942afc6c.jpg?fit=crop&h=300&w=300,2026-09-23T13:48:37
carne picada,Mercadona,Albóndigas de cerdo,Bandeja 24 Unidades (840 g),"4,55 €",/ud.,4.55,https://prod-mercadona.imgix.net/images/087eaf211a0fc38ef1ced35ff9b44a18.jpg?fit=crop&h=300&w=300,2026-09-23T13:48:37
carne picada,Mercadona,Burger de pollo,Bandeja 6 Unidades (540 g),"3,80 €",/ud.,3.8,https://prod-mercadona.imgix.net/images/bf1bd3c34696dbcfc3c3b608ca0f0c4d.jpg?fit=crop&h=300&w=300,2026-09-23T13:48:37
carne picada,Mercadona,Burger de vacuno y cerdo,Bandeja 6 Unidades (540 g),"3,95 €",/ud.,3.95,https://prod-mercadona.imgix.net/images/e5279086a2d46bed3787947f6a620949.jpg?fit=crop&h=300&w=300,2026-09-23T13:48:37
carne picada,Mercadona,Longaniza fresca sin tripa,Bandeja 560 Gramos,"3,15 €",/ud.,3.15,https://prod-mercadona.imgix.net/images/fe4d83378f79d9ad0509b46e5916226f.jpg?fit=crop&h=300&w=300,2026-09-23T13:48:37
carne picada,Mercadona,Longaniza fresca de pollo,Bandeja 550 Gramos aprox.,"3,99 €",/ud.,3.99,https://prod-mercadona.imgix.net/images/9509b9d588cb37aca8f104bac1f6c1c1.jpg?fit=crop&h=300&w=300,2026-09-23T13:48:37
carne picada,Mercadona,Lomo de cerdo trozo,"Pieza 1,1 Kilos aprox.","5,45 €",/ud.,5.45,https://prod-mercadona.imgix.net/images/2961d25a1c1c588f9a5ed7a5e31243bd.jpg?fit=crop&h=300&w=300,2026-09-23T13:48:37
carne picada,Mercadona,Hamburguesa de vaca madurada,Paquete 180 Gramos,"2,90 €",/ud.,2.9,https://prod-mercadona.imgix.net/images/19c58c8d46c2110088e6736b440e61f3.jpg?fit=crop&h=300&w=300,2026-09-23T13:48:37
carne picada,Mercadona,Filetes pechuga de pollo finas hierbas marinadas,Bandeja 600 Gramos aprox.,"4,92 €",/ud.,4.92,https://prod-mercadona.imgix.net/images/b41d5df0b7894464440dc93ad577066f.jpg?fit=crop&h=300&w=300,2026-09-23T13:48:37
carne picada,Mercadona,Churrasquito de vacuno añojo,Bandeja 165 Gramos aprox.,"3,55 €",/ud.,3.55,https://prod-mercadona.imgix.net/images/ca671a930747bd720275ab34ee0ecfc3.jpg?fit=crop&h=300&w=300,2026-09-23T13:48:37
carne picada,Mercadona,Mini burgers de vacuno y cerdo,Bandeja 8 Unidades (280 g),"3,10 €",/ud.,3.1,https://prod-mercadona.imgix.net/images/b9beadec6e479798f27f209466d7a813.jpg?fit=crop&h=300&w=300,2026-09-23T13:48:37
carne picada,Mercadona,Burger Crunchy Chicken,Bandeja 2 Unidades (240 g),"2,00 €",/ud.,2.0,https://prod-mercadona.imgix.net/images/7134bb1517ab827aa5614ab6d5f6b1d6.jpg?fit=crop&h=300&w=300,2026-09-23T13:48:37
carne picada,Mercadona,Medallones preparado de solomillo cerdo provenzal,Bandeja 400 Gramos aprox.,"4,44 €",/ud.,4.44,https://prod-mercadona.imgix.net/images/de9b0edb5cd84e63381ab3085220eee1.jpeg?fit=crop&h=300&w=300,2026-09-23T13:48:37
carne picada,Mercadona,Carne de pimiento choricero Hacendado,Tarro 140 Gramos,"1,60 €",/ud.,1.6,https://prod-mercadona.imgix.net/images/9e50c105104706ffbc3a73c66453c47c.jpg?fit=crop&h=300&w=300,2026-09-23T13:48:37
carne picada,Mercadona,Filetes hígado de vacuno,Bandeja 500 Gramos aprox.,"5,20 €",/ud.,5.2,https://prod-mercadona.imgix.net/images/24156fe6b0306feb2fce8d37151c4951.jpg?fit=crop&h=300&w=300,2026-09-23T13:48:37
carne picada,Mercadona,Albóndigas de pollo,Bandeja 840 Gramos,"5,80 €",/ud.,5.8,https://prod-mercadona.imgix.net/images/0591c4d2bdb7d3c9c067d97673a592b7.jpg?fit=crop&h=300&w=300,2026-09-23T13:48:37
carne picada,Mercadona,Burger de cerdo,Bandeja 6 Unidades (540 g),"2,70 €",/ud.,2.7,https://prod-mercadona.imgix.net/images/e5a3b013955701ee75bfcfa9e1231b28.jpg?fit=crop&h=300&w=300,2026-09-23T13:48:37
carne picada,Mercadona,Mini burgers de pollo,Bandeja 8 Unidades (280 g),"2,90 €",/ud.,2.9,https://prod-mercadona.imgix.net/images/4a2cb5989f97fa42b4dcdf415abd6fcd.jpg?fit=crop&h=300&w=300,2026-09-23T13:48:37
carne picada,Mercadona,Burger de pavo y espinacas,Bandeja 2 Unidades (240 g),"2,40 €",/ud.,2.4,https://prod-mercadona.imgix.net/images/1d1f1d7f7d3f0498b4d958f493612fdd.jpeg?fit=crop&h=300&w=300,2026-09-23T13:48:37
carne picada,Mercadona,Mortadela con aceitunas Hacendado lonchas,Paquete 15 lonchas (250 g),"1,25 €",/ud.,1.25,https://prod-mercadona.imgix.net/images/8a5713abe83ad7bcc04f99512e95f903.jpeg?fit=crop&h=300&w=300,2026-09-23T13:48:37
carne picada,Mercadona,Hamburguesa de cordero al romero,Paquete 2 Unidades (240 g),"3,50 €",/ud.,3.5,https://prod-mercadona.imgix.net/images/ea1c49c71c2424324ad4ac73badbfedf.jpg?fit=crop&h=300&w=300,2026-09-23T13:48:37
carne picada,Mercadona,Chopped cocido en lata Hacendado finas lonchas,Paquete 200 Gramos,"1,85 €",/ud.,1.85,https://prod-mercadona.imgix.net/images/0b25ab9fdcf3a6c375fba7fc457a158f.jpg?fit=crop&h=300&w=300,2026-09-23T13:48:37
carne picada,Mercadona,Albóndigas de vacuno,Bandeja 420 Gramos,"6,00 €",/ud.,6.0,https://prod-mercadona.imgix.net/images/4a6a6760be368a64dd73393dce52da06.jpg?fit=crop&h=300&w=300,2026-09-23T13:48:37
carne picada,Mercadona,Carne de cerdo Pulled Pork Hacendado sabor barbacoa,Bandeja 200 Gramos,"2,50 €",/ud.,2.5,https://prod-mercadona.imgix.net/images/ed5c9c82cff4d6b2da0364ddd9638230.jpeg?fit=crop&h=300&w=300,2026-09-23T13:48:37
carne picada,Mercadona,Burger de pollo gruesa,Bandeja 2 Unidades (360 g),"3,20 €",/ud.,3.2,https://prod-mercadona.imgix.net/images/e62de035b39351e90b69a682a966c271.jpg?fit=crop&h=300&w=300,2026-09-23T13:48:37
carne picada,Mercadona,Cabecero de lomo Hacendado lonchas,"4 paquetes x 37,5 Gramos","2,70 €",/pack,2.7,https://prod-mercadona.imgix.net/images/7e9aca9ecdc532b220dceddb5d100659.jpg?fit=crop&h=300&w=300,2026-09-23T13:48:37
carne picada,Mercadona,Pepperoni Hacendado lonchas,Paquete 75 Gramos,"1,60 €",/ud.,1.6,https://prod-mercadona.imgix.net/images/93aa87d3317ec621febadb831d1b56ca.jpg?fit=crop&h=300&w=300,2026-09-23T13:48:37
carne picada,Mercadona,Burger de vacuno gruesas,Bandeja 2 Unidades (360 g),"5,40 €",/ud.,5.4,https://prod-mercadona.imgix.net/images/d3bb2192a1500c898c75b9c4780a8e94.jpg?fit=crop&h=300&w=300,2026-09-23T13:48:37
carne picada,Mercadona,Burger americana gruesas,Bandeja 2 Unidades (360 g),"3,20 €",/ud.,3.2,https://prod-mercadona.imgix.net/images/b7ebf4e3c94b8649ad4ab4262d41b09e.jpg?fit=crop&h=300&w=300,2026-09-23T13:48:37
carne picada,Mercadona,Burger de vacuno y cerdo con jamón y cebolla caramelizada,Bandeja 2 Unidades (240 g),"2,80 €",/ud.,2.8,https://prod-mercadona.imgix.net/images/b5b402ed0066a733539eca7905eddc2a.jpg?fit=crop&h=300&w=300,2026-09-23T13:48:37
carne picada,Mercadona,Chopped cerdo Hacendado lonchas,Paquete 15 Unidades (250 g),"1,30 €",/ud.,1.3,https://prod-mercadona.imgix.net/images/59bedc6d8dd8c9065606c681133564ab.jpg?fit=crop&h=300&w=300,2026-09-23T13:48:37
carne picada,Mercadona,Albóndigas guisadas Hacendado,Bandeja 275 Gramos,"2,65 €",/ud.,2.65,https://prod-mercadona.imgix.net/images/0530a6b96bdc5975928c8174e751bafa.jpg?fit=crop&h=300&w=300,2026-09-23T13:48:37
carne picada,Mercadona,Mortadela Hacendado,Pieza 900 Gramos,"3,60 €",/ud.,3.6,https://prod-mercadona.imgix.net/images/c74f0d8311a71374d67503ec5a9c3b3d.jpg?fit=crop&h=300&w=300,2026-09-23T13:48:37
carne picada,Mercadona,Pimientos del piquillo relleno de carne Hacendado ultracongelados,Paquete 185 Gramos,"2,10 €",/ud.,2.1,https://prod-mercadona.imgix.net/images/bd512810761ac7ba040f01149a96286e.jpg?fit=crop&h=300&w=300,2026-09-23T13:48:37
carne picada,Mercadona,Salchichas cocidas de cerdo estilo Bratwurst Hacendado,2 paquetes x 200 Gramos,"2,60 €",/pack,2.6,https://prod-mercadona.imgix.net/images/b7ac353f0284df940fcffaa2c51a861a.jpg?fit=crop&h=300&w=300,2026-09-23T13:48:37
carne picada,Mercadona,Albóndigas en salsa Hacendado,Bote 420 Gramos,"1,80 €",/ud.,1.8,https://prod-mercadona.imgix.net/images/e9ca00ba67d43515c56921941e152e79.jpeg?fit=crop&h=300&w=300,2026-09-23T13:48:37
carne picada,Mercadona,Picadillo de variantes Hacendado,Tarro 420 Gramos (250 Gramos escurrido),"2,10 €",/ud.,2.1,https://prod-mercadona.imgix.net/images/40bbf18ad7d4a74e809376e71f7c8bf3.jpg?fit=crop&h=300&w=300,2026-09-23T13:48:37
carne picada,Mercadona,Pizza carnívora Hacendado,600 Gramos,"3,40 €",/ud.,3.4,https://prod-mercadona.imgix.net/images/9594df75282cc5732f4c701e54e59cc3.jpg?fit=crop&h=300&w=300,2026-09-23T13:48:37
carne picada,Mercadona,Albóndigas de pollo Hacendado,Bote 420 Gramos,"1,80 €",/ud.,1.8,https://prod-mercadona.imgix.net/images/04e99d3dc3f5809360e2822edf760470.jpg?fit=crop&h=300&w=300,2026-09-23T13:48:37
carne picada,Mercadona,Hamburguesa de cerdo ibérico El Pozo con secreto ibérico,Paquete 2 Unidades (240 g),"3,90 €",/ud.,3.9,https://prod-mercadona.imgix.net/images/802d11cf90c80e414be63df4952b38d8.jpg?fit=crop&h=300&w=300,2026-09-23T13:48:37
carne picada,Mercadona,"Salchichas cocidas con leche Campofrío de pollo, cerdo y pavo",Paquete 170 Gramos,"1,25 €",/ud.,1.25,https://prod-mercadona.imgix.net/images/e5c0f7e1ba0e4de7b00eb90b6fc16d0c.jpg?fit=crop&h=300&w=300,2026-09-23T13:48:37
carne picada,Mercadona,Paté de cerdo con pimienta verde Hacendado,Bandeja 100 Gramos,"1,45 €",/ud.,1.45,https://prod-mercadona.imgix.net/images/364d84fe2c81334f69afce580971cc9c.jpg?fit=crop&h=300&w=300,2026-09-23T13:48:37
carne picada,Mercadona,Chorizo sarta picante extra de León Hacendado,Pieza 350 Gramos,"4,20 €",/ud.,4.2,https://prod-mercadona.imgix.net/images/6fb54d37d3c626d7de58668ea3cac3cb.jpg?fit=crop&h=300&w=300,2026-09-23T13:48:37
salmón,Mercadona,Salmón ahumado Hacendado,Paquete 100 Gramos aprox.,"3,70 €",/ud.,3.7,https://prod-mercadona.imgix.net/images/80565fbe85f53b259dea2a15845ee08e.jpg?fit=crop&h=300&w=300,2026-09-23T13:48:46
salmón,Mercadona,Lomos de salmón sin piel Hacendado congelado,Paquete 2 Unidades (250 g),"5,95 €",/ud.,5.95,https://prod-mercadona.imgix.net/images/d276498ce484c1c8c3b247d77589e49d.jpg?fit=crop&h=300&w=300,2026-09-23T13:48:46
salmón,Mercadona,Escalopín de salmón,Bandeja 350 Gramos aprox.,"8,40 €",/ud.,8.4,https://prod-mercadona.imgix.net/images/f0440b17c29353c142230199775eb9d1.jpg?fit=crop&h=300&w=300,2026-09-23T13:48:46
salmón,Mercadona,Salmón ahumado Hacendado,2 paquetes x 150 Gramos,"10,80 €",/pack,10.8,https://prod-mercadona.imgix.net/images/e1ad29ad8ea58c630d90ae813bb2f42d.jpg?fit=crop&h=300&w=300,2026-09-23T13:48:46
salmón,Mercadona,Taquitos de salmón ahumado Hacendado,Paquete 100 Gramos,"3,80 €",/ud.,3.8,https://prod-mercadona.imgix.net/images/8fcc57e7b49d3a0d3416acd77110e8f0.jpg?fit=crop&h=300&w=300,2026-09-23T13:48:46
salmón,Mercadona,Filete de salmón,Bandeja 850 Gramos aprox.,"16,15 €",/ud.,16.15,https://prod-mercadona.imgix.net/images/da236aaa8e3f4a760d95f063ec5a1638.jpeg?fit=crop&h=300&w=300,2026-09-23T13:48:46
salmón,Mercadona,Porción de  salmón,Bandeja 350 Gramos aprox.,"8,05 €",/ud.,8.05,https://prod-mercadona.imgix.net/images/b072fbeed617fa30e152c33cd8eb8fbb.jpeg?fit=crop&h=300&w=300,2026-09-23T13:48:46
salmón,Mercadona,Rodaja de salmón,Bandeja 350 Gramos aprox.,"6,82 €",/ud.,6.82,https://prod-mercadona.imgix.net/images/ac2b7d73878e09585fc804ab563f6fae.jpg?fit=crop&h=300&w=300,2026-09-23T13:48:46
salmón,Mercadona,Salmón marinado Hacendado,Paquete 80 Gramos,"3,50 €",/ud.,3.5,https://prod-mercadona.imgix.net/images/39224e678bfa489afb1e5357982d7148.jpg?fit=crop&h=300&w=300,2026-09-23T13:48:46
salmón,Mercadona,Salmón al natural Hacendado,3 latas x 80 Gramos (50 Gramos escurrido),"3,55 €",/pack,3.55,https://prod-mercadona.imgix.net/images/132349e85d92574b06ec1ecd52a1cfa4.jpg?fit=crop&h=300&w=300,2026-09-23T13:48:46
salmón,Mercadona,Salmón con verduras Listo para Comer,Bol 400 Gramos,"5,75 €",/ud.,5.75,https://prod-mercadona.imgix.net/images/441868df8a6387963157125bf8b11519.jpeg?fit=crop&h=300&w=300,2026-09-23T13:48:46
salmón,Mercadona,Medallones de salmón Hacendado cocinar congelados,Paquete 4 Unidades (250 g),"3,95 €",/ud.,3.95,https://prod-mercadona.imgix.net/images/c7d4d7ef02ddcdb3b08fed4ebae950c8.jpg?fit=crop&h=300&w=300,2026-09-23T13:48:46
salmón,Mercadona,Filete de salmón rosado salvaje con piel Hacendado ultracongelado,Pieza 370 Gramos aprox. escurrido,"4,99 €",/ud.,4.99,https://prod-mercadona.imgix.net/images/9433ea335072ed81924f318ac4cdb24e.jpg?fit=crop&h=300&w=300,2026-09-23T13:48:46
salmón,Mercadona,Poke salmón,Bol 400 Gramos,"5,50 €",/ud.,5.5,https://prod-mercadona.imgix.net/images/f6b031c42619fb91198aa9fe406c69a8.jpg?fit=crop&h=300&w=300,2026-09-23T13:48:46
salmón,Mercadona,Filetes de trucha Arco iris,Bandeja 226 Gramos aprox.,"3,28 €",/ud.,3.28,https://prod-mercadona.imgix.net/images/8378fa17c4433262d3d7b105ca561c17.jpg?fit=crop&h=300&w=300,2026-09-23T13:48:46
salmón,Mercadona,Paté de salmón Hacendado,Tarro 160 Gramos,"1,10 €",/ud.,1.1,https://prod-mercadona.imgix.net/images/23f1824d81823378bd3eb3adc85d9320.jpeg?fit=crop&h=300&w=300,2026-09-23T13:48:46
salmón,Mercadona,Snack barritas de salmón y trucha gato Compy,Paquete 10 sticks (50 g),"1,05 €",/ud.,1.05,https://prod-mercadona.imgix.net/images/0af61ed93b57a2df63116c93f9dae4b8.jpg?fit=crop&h=300&w=300,2026-09-23T13:48:46
salmón,Mercadona,Snacks rellenos con salmón y malta gato Compy,Paquete 150 Gramos,"2,10 €",/ud.,2.1,https://prod-mercadona.imgix.net/images/48b04bd8a8363060c55cadce194a6022.jpg?fit=crop&h=300&w=300,2026-09-23T13:48:46
salmón,Mercadona,Paté con salmón gato adulto Delikuit,Tarrina 100 Gramos,"0,35 €",/ud.,0.35,https://prod-mercadona.imgix.net/images/2dd98576f1e265aadf75a8d63f6edb70.jpg?fit=crop&h=300&w=300,2026-09-23T13:48:46
salmón,Mercadona,"Bocaditos con salmón, trucha y verduras en salsa gato adulto Lechat Excellence",Bote 400 Gramos,"0,70 €",/ud.,0.7,https://prod-mercadona.imgix.net/images/7b3ad728d68666008f7f4b4ecda401ce.jpg?fit=crop&h=300&w=300,2026-09-23T13:48:46
salmón,Mercadona,Paté de salmón y verduras perro adulto Delikuit,Tarrina 300 Gramos,"0,95 €",/ud.,0.95,https://prod-mercadona.imgix.net/images/e8f86ec3de7bd5c92c2e850731588bb7.jpg?fit=crop&h=300&w=300,2026-09-23T13:48:46
salmón,Mercadona,"Comida con salmón, atún, frutas y verduras gato adulto Compy",Paquete 2 Kilos,"3,10 €",/ud.,3.1,https://prod-mercadona.imgix.net/images/764a33a1b6853219cb817ad773e5c3b0.jpg?fit=crop&h=300&w=300,2026-09-23T13:48:46
salmón,Mercadona,Trozos de salmón y verduras en salsa perro adulto Delikuit,Tarrina 300 Gramos,"0,95 €",/ud.,0.95,https://prod-mercadona.imgix.net/images/327619998acebafc86875f36c7c289e3.jpg?fit=crop&h=300&w=300,2026-09-23T13:48:46
salmón,Mercadona,"Comida con salmón, atún, frutas y verduras gato adulto Compy",Paquete 10 Kilos,"13,50 €",/ud.,13.5,https://prod-mercadona.imgix.net/images/6f1887f41173ce0384b03771a1ba57b0.jpg?fit=crop&h=300&w=300,2026-09-23T13:48:46
salmón,Mercadona,"Comida con salmón, frutas y verduras gato adulto Supreme Compy","Paquete 1,5 Kilos","5,80 €",/ud.,5.8,https://prod-mercadona.imgix.net/images/fe66c8be1d37e1367134334646902ad7.jpg?fit=crop&h=300&w=300,2026-09-23T13:48:46
salmón,Mercadona,Bocaditos de salmón y verduras en salsa perro adulto Special Dog Excellence,"Bote 1,23 Kilos","1,50 €",/ud.,1.5,https://prod-mercadona.imgix.net/images/7cf69a2dd67016694191f93777116a0d.jpg?fit=crop&h=300&w=300,2026-09-23T13:48:46
salmón,Mercadona,"Comida con salmón, atún, frutas y verduras perro adulto Compy",Paquete 4 Kilos,"6,75 €",/ud.,6.75,https://prod-mercadona.imgix.net/images/446cdbe46949a7e64c7569b4cfda92ec.jpg?fit=crop&h=300&w=300,2026-09-23T13:48:46
salmón,Mercadona,Comida salmón fresco con frutas y verduras perro adulto Supreme Compy,Saco 10 Kilos,"26,50 €",/ud.,26.5,https://prod-mercadona.imgix.net/images/06855deba17638e02f3d89bbb8d01897.jpg?fit=crop&h=300&w=300,2026-09-23T13:48:46
salmón,Mercadona,"Comida con salmón fresco, frutas y verduras perro adulto Supreme Compy","Paquete 1,5 Kilos","6,00 €",/ud.,6.0,https://prod-mercadona.imgix.net/images/1b14358f5b1ee191fe7720a2e2db971e.jpg?fit=crop&h=300&w=300,2026-09-23T13:48:46
salmón,Mercadona,"Comida con salmón fresco, frutas y verduras perro adulto Supreme Compy",Paquete 3 Kilos,"10,50 €",/ud.,10.5,https://prod-mercadona.imgix.net/images/429f7abe723f184825bd581d2e4cdcd6.jpg?fit=crop&h=300&w=300,2026-09-23T13:48:46
salmón,Mercadona,Paté de pescado gato adulto Delikuit,Paquete 4 Unidades (400 g),"2,00 €",/ud.,2.0,https://prod-mercadona.imgix.net/images/3b08912069dad3853310f9ceab402a3b.jpg?fit=crop&h=300&w=300,2026-09-23T13:48:46
yogur,Mercadona,Yogur griego natural Hacendado,6 Unidades x 125 Gramos,"1,45 €",/pack,1.45,https://prod-mercadona.imgix.net/images/cfb87bb05a20c3f9a20da9e3c7375172.jpg?fit=crop&h=300&w=300,2026-09-23T13:48:55
yogur,Mercadona,Yogur griego stracciatella Hacendado,6 Unidades x 125 Gramos,"1,85 €",/pack,1.85,https://prod-mercadona.imgix.net/images/43cc919cfa54b17670d2291c622810d4.jpg?fit=crop&h=300&w=300,2026-09-23T13:48:55
yogur,Mercadona,Yogur natural Hacendado,6 Unidades x 125 Gramos,"1,00 €",/pack,1.0,https://prod-mercadona.imgix.net/images/0689561ce98dba5c0b3ad43e69be0f5f.jpg?fit=crop&h=300&w=300,2026-09-23T13:48:55
yogur,Mercadona,Yogur griego natural ligero Hacendado,6 Unidades x 125 Gramos,"1,45 €",/pack,1.45,https://prod-mercadona.imgix.net/images/0a3eaf2ca80673e13e3d473d3c3ba197.jpg?fit=crop&h=300&w=300,2026-09-23T13:48:55
yogur,Mercadona,Yogur griego sabor fresa Hacendado,6 Unidades x 125 Gramos,"1,65 €",/pack,1.65,https://prod-mercadona.imgix.net/images/ceaf40ab463f4d93ad7e80bd1c2c3df2.jpg?fit=crop&h=300&w=300,2026-09-23T13:48:55
yogur,Mercadona,Yogur griego natural ligero Hacendado 2% MG,Bote 1 Kilo,"2,20 €",/ud.,2.2,https://prod-mercadona.imgix.net/images/1701839ec6b385a09f2731edce3b5c31.jpg?fit=crop&h=300&w=300,2026-09-23T13:48:55
yogur,Mercadona,Yogur griego natural Hacendado,Bote 1 Kilo,"2,20 €",/ud.,2.2,https://prod-mercadona.imgix.net/images/476fcfdf3867c5e843d2dfaf9d10b859.jpg?fit=crop&h=300&w=300,2026-09-23T13:48:55
yogur,Mercadona,Yogur sabores Hacendado,16 Unidades x 125 Gramos,"2,40 €",/pack,2.4,https://prod-mercadona.imgix.net/images/85b23a9a032693961d03270115cbefa3.jpg?fit=crop&h=300&w=300,2026-09-23T13:48:55
yogur,Mercadona,Yogur líquido de fresa Hacendado,12 mini botellas x 100 Gramos,"2,00 €",/pack,2.0,https://prod-mercadona.imgix.net/images/5246df6b92d37bf788da3733179e8d3a.jpg?fit=crop&h=300&w=300,2026-09-23T13:48:55
yogur,Mercadona,Yogur natural con azúcar de caña Hacendado,6 Unidades x 125 Gramos,"1,05 €",/pack,1.05,https://prod-mercadona.imgix.net/images/ead686f6dd51a57d3e03cdde744912d0.jpg?fit=crop&h=300&w=300,2026-09-23T13:48:55
yogur,Mercadona,Yogur griego natural Hacendado con azúcar de caña,6 Unidades x 125 Gramos,"1,50 €",/pack,1.5,https://prod-mercadona.imgix.net/images/0650e7eb0fd44c34187f16d22de03c11.jpg?fit=crop&h=300&w=300,2026-09-23T13:48:55
yogur,Mercadona,Yogur natural Danone,8 Unidades x 120 Gramos,"1,99 €",/pack,1.99,https://prod-mercadona.imgix.net/images/861d2eefc9c6a9543ad440ef1fa6176d.jpg?fit=crop&h=300&w=300,2026-09-23T13:48:55
yogur,Mercadona,Yogur griego sabor limón Hacendado,6 Unidades x 125 Gramos,"1,65 €",/pack,1.65,https://prod-mercadona.imgix.net/images/3e73ec4d9d7165438c2e33e3c4bd9091.jpg?fit=crop&h=300&w=300,2026-09-23T13:48:55
yogur,Mercadona,Yogur griego con mango Hacendado,4 Unidades x 125 Gramos,"1,70 €",/pack,1.7,https://prod-mercadona.imgix.net/images/8e5c6a11713d9cb99dee77a13e49f9b0.jpeg?fit=crop&h=300&w=300,2026-09-23T13:48:55
yogur,Mercadona,Yogur con frutas Hacendado,8 Unidades x 125 Gramos,"2,00 €",/pack,2.0,https://prod-mercadona.imgix.net/images/04acf20f1191eb74c8a2e7c15c327e94.jpg?fit=crop&h=300&w=300,2026-09-23T13:48:55
yogur,Mercadona,"Yogur azucarado YogoMix Hacendado variado de copos maíz, bolitas y disquitos chocolateados",6 Unidades x 150 Gramos,"3,15 €",/pack,3.15,https://prod-mercadona.imgix.net/images/4a37136ca509fce73358dd0b75ddbb20.jpg?fit=crop&h=300&w=300,2026-09-23T13:48:55
yogur,Mercadona,Yogur sabor fresa Danone,4 Unidades x 120 Gramos,"1,00 €",/pack,1.0,https://prod-mercadona.imgix.net/images/f2f9e5d59d63f2a35fdc704442a19aa1.jpg?fit=crop&h=300&w=300,2026-09-23T13:48:55
yogur,Mercadona,Yogur sabor macedonia Danone,4 Unidades x 120 Gramos,"1,00 €",/pack,1.0,https://prod-mercadona.imgix.net/images/3a23961f48c4d7799baf249b7cca9f4c.jpg?fit=crop&h=300&w=300,2026-09-23T13:48:55
yogur,Mercadona,Yogur griego con fresa Hacendado,4 Unidades x 125 Gramos,"1,70 €",/pack,1.7,https://prod-mercadona.imgix.net/images/b29dc5a2d14ea30be4abaf8d43f48968.jpg?fit=crop&h=300&w=300,2026-09-23T13:48:55
yogur,Mercadona,Kéfir natural sabor suave,Bote 500 Gramos,"1,10 €",/ud.,1.1,https://prod-mercadona.imgix.net/images/996e614f475b8cd286f9a4c15643edea.jpg?fit=crop&h=300&w=300,2026-09-23T13:48:55
yogur,Mercadona,Yogur sabor macedonia Hacendado,4 Unidades x 125 Gramos,"0,75 €",/pack,0.75,https://prod-mercadona.imgix.net/images/86bda79f4445672b5038cc259091c668.jpg?fit=crop&h=300&w=300,2026-09-23T13:48:55
yogur,Mercadona,Yogur sabor limón Hacendado,4 Unidades x 125 Gramos,"0,75 €",/pack,0.75,https://prod-mercadona.imgix.net/images/c0979282d56bcf000db771295b59ab32.jpg?fit=crop&h=300&w=300,2026-09-23T13:48:55
yogur,Mercadona,Yogur sabor fresa Hacendado,4 Unidades x 125 Gramos,"0,75 €",/pack,0.75,https://prod-mercadona.imgix.net/images/9fd16b7ce0bf00b78a4d84b44ddd1410.jpg?fit=crop&h=300&w=300,2026-09-23T13:48:55
yogur,Mercadona,Yogur sabores Hacendado 0% MG 0% azúcares añadidos,8 Unidades x 125 Gramos,"1,60 €",/pack,1.6,https://prod-mercadona.imgix.net/images/825a1ef2590ef1090f182d3ed4e4d0be.jpg?fit=crop&h=300&w=300,2026-09-23T13:48:55
yogur,Mercadona,Yogur natural de cabra Hacendado,4 Unidades x 125 Gramos,"2,10 €",/pack,2.1,https://prod-mercadona.imgix.net/images/e843fb916d43295d0796f91e9eaa9338.jpg?fit=crop&h=300&w=300,2026-09-23T13:48:55
yogur,Mercadona,Yogur líquido frutos silvestres Hacendado 0% MG 0% azúcares añadidos,Botella 1 Kilo,"1,50 €",/ud.,1.5,https://prod-mercadona.imgix.net/images/3a42f5d65b5f72e1c0a3409fb1d4b757.jpg?fit=crop&h=300&w=300,2026-09-23T13:48:55
yogur,Mercadona,Yogur sabor coco Danone,4 Unidades x 120 Gramos,"1,00 €",/pack,1.0,https://prod-mercadona.imgix.net/images/4651e38719b0743191f3347086daeb75.jpg?fit=crop&h=300&w=300,2026-09-23T13:48:55
yogur,Mercadona,Yogur natural Hacendado 0% MG 0% azúcares añadidos,6 Unidades x 125 Gramos,"1,05 €",/pack,1.05,https://prod-mercadona.imgix.net/images/099ff343424be9697224fa076e7b2c87.jpg?fit=crop&h=300&w=300,2026-09-23T13:48:55
yogur,Mercadona,Yogur sabor coco Hacendado,4 Unidades x 125 Gramos,"0,75 €",/pack,0.75,https://prod-mercadona.imgix.net/images/acd94f8da88a3a1f4069189f3d2b47bc.jpg?fit=crop&h=300&w=300,2026-09-23T13:48:55
yogur,Mercadona,Yogur líquido natural Hacendado con azúcar de caña,12 mini botellas x 100 Gramos,"2,00 €",/pack,2.0,https://prod-mercadona.imgix.net/images/b2f3d2bd1ac52ac87c90effa1d4926b4.jpg?fit=crop&h=300&w=300,2026-09-23T13:48:55
yogur,Mercadona,Yogur natural edulcorado Hacendado 0% MG 0% azúcares añadidos,6 Unidades x 125 Gramos,"1,05 €",/pack,1.05,https://prod-mercadona.imgix.net/images/0894bc2be116a1d00a8b7a070a97cd62.jpg?fit=crop&h=300&w=300,2026-09-23T13:48:55
yogur,Mercadona,Yogur líquido piña y coco Hacendado 0% MG 0% azúcares añadidos,Botella 1 Kilo,"1,50 €",/ud.,1.5,https://prod-mercadona.imgix.net/images/041f59898296337aa8683c4d35b5f0d4.jpg?fit=crop&h=300&w=300,2026-09-23T13:48:55
yogur,Mercadona,Yogur cremoso con melocotón y maracuya Hacendado,Bote 500 Gramos,"1,25 €",/ud.,1.25,https://prod-mercadona.imgix.net/images/8fcaa52649efa30b3683a7e41645986c.jpg?fit=crop&h=300&w=300,2026-09-23T13:48:55
yogur,Mercadona,Bífidus con frutos silvestres probióticos Hacendado 0% MG 0% azúcares añadidos,4 Unidades x 125 Gramos,"1,30 €",/pack,1.3,https://prod-mercadona.imgix.net/images/35617817ec3aa84e091ed0209cd28356.jpg?fit=crop&h=300&w=300,2026-09-23T13:48:55
yogur,Mercadona,Yogur cremoso con frutos silvestres Hacendado,Bote 500 Gramos,"1,25 €",/ud.,1.25,https://prod-mercadona.imgix.net/images/4b8059bb835b623d71bea1ea109a4056.jpg?fit=crop&h=300&w=300,2026-09-23T13:48:55
yogur,Mercadona,Yogur azucarado YogoMix Bolitas Hacendado con bolitas chocolateadas,2 Unidades x 150 Gramos,"1,30 €",/pack,1.3,https://prod-mercadona.imgix.net/images/4affa6b88aeec2fd7bfadf0b2ebe0d7a.jpg?fit=crop&h=300&w=300,2026-09-23T13:48:55
yogur,Mercadona,Bebida láctea sabores L-casei,12 mini botellas x 100 Gramos,"2,25 €",/pack,2.25,https://prod-mercadona.imgix.net/images/2fd9b05a5c9321e9eac45664b62642a2.jpg?fit=crop&h=300&w=300,2026-09-23T13:48:55
yogur,Mercadona,Yogur azucarado YogoMix Discos Hacendado con disquitos chocolateados,2 Unidades x 150 Gramos,"1,30 €",/pack,1.3,https://prod-mercadona.imgix.net/images/b3e44526c575ebd7930296cbb20800ad.jpg?fit=crop&h=300&w=300,2026-09-23T13:48:55
yogur,Mercadona,Yogur sabor fresa Hacendado 0% MG 0% azúcares añadidos,4 Unidades x 125 Gramos,"0,90 €",/pack,0.9,https://prod-mercadona.imgix.net/images/74f5f3ab792cf8ebb8ea07b96278808c.jpg?fit=crop&h=300&w=300,2026-09-23T13:48:55
yogur,Mercadona,Yogur sabor limón Hacendado 0% MG 0% azúcares añadidos,4 Unidades x 125 Gramos,"0,90 €",/pack,0.9,https://prod-mercadona.imgix.net/images/7156435aed6adde101c5ea71a4e59456.jpg?fit=crop&h=300&w=300,2026-09-23T13:48:55
yogur,Mercadona,Salsa Yogur Hacendado,Bote 310 Mililitros,"1,20 €",/ud.,1.2,https://prod-mercadona.imgix.net/images/f4f57aefa10e985720547fb5709d2239.jpg?fit=crop&h=300&w=300,2026-09-23T13:48:55
yogur,Mercadona,Natillas sabor vainilla +Proteínas 12 g,4 Unidades x 120 Gramos,"1,75 €",/pack,1.75,https://prod-mercadona.imgix.net/images/403d8051a4c86676bfd5d8784a6cd76f.jpg?fit=crop&h=300&w=300,2026-09-23T13:48:55
yogur,Mercadona,Postre lácteo con fresa +Proteínas 10 g 0% MG,4 Unidades x 120 Gramos,"1,55 €",/pack,1.55,https://prod-mercadona.imgix.net/images/07f80bc46f0ec301f417a057280bedd7.jpg?fit=crop&h=300&w=300,2026-09-23T13:48:55
yogur,Mercadona,Bebida láctea de fresa y plátano Hacendado,Botella 1 Kilo,"1,50 €",/ud.,1.5,https://prod-mercadona.imgix.net/images/f046b855d2fb60c7fc6c10e9bf21b65a.jpg?fit=crop&h=300&w=300,2026-09-23T13:48:55
yogur,Mercadona,"Natillas con chocolate +Proteínas 10 g 1,3 g MG",4 Unidades x 120 Gramos,"1,75 €",/pack,1.75,https://prod-mercadona.imgix.net/images/a771655436d3ee8093d88e5e68b8a851.jpg?fit=crop&h=300&w=300,2026-09-23T13:48:55
yogur,Mercadona,Postre lácteo con arándanos +Proteínas 10 g 0% MG,4 Unidades x 120 Gramos,"1,55 €",/pack,1.55,https://prod-mercadona.imgix.net/images/43a9e33b7744d75707831d5318a8bd19.jpg?fit=crop&h=300&w=300,2026-09-23T13:48:55
yogur,Mercadona,Bebida láctea de fresa L-casei,12 mini botellas x 100 Gramos,"2,25 €",/pack,2.25,https://prod-mercadona.imgix.net/images/1ddf959e716360bc2acc7bf0a8582239.jpg?fit=crop&h=300&w=300,2026-09-23T13:48:55
yogur,Mercadona,Bizcocho de yogur Hacendado,Paquete 800 Gramos,"3,50 €",/ud.,3.5,https://prod-mercadona.imgix.net/images/0dc994fc90ab43ba3e9768c9f34d1daa.jpg?fit=crop&h=300&w=300,2026-09-23T13:48:55
yogur,Mercadona,Copa crema de chocolate y nata Hacendado,4 Unidades x 115 Gramos,"1,40 €",/pack,1.4,https://prod-mercadona.imgix.net/images/86a9e3679a7856065692ddd588347a54.jpg?fit=crop&h=300&w=300,2026-09-23T13:48:55
yogur,Mercadona,Bebida Kéfir natural Hacendado 0% MG,Botella 250 Gramos,"0,90 €",/ud.,0.9,https://prod-mercadona.imgix.net/images/700d23ea10748add9c31d5cfdb308633.jpg?fit=crop&h=300&w=300,2026-09-23T13:48:55
yogur,Mercadona,Gelatina sabor a frutos silvestres +Proteínas 10 g 0% azúcar,4 Unidades x 100 Gramos,"1,55 €",/pack,1.55,https://prod-mercadona.imgix.net/images/5c50c837dc5cd5e8efe4425971c2cf83.jpg?fit=crop&h=300&w=300,2026-09-23T13:48:55
yogur,Mercadona,Postre lácteo natural +Proteínas 12 g 0% MG,4 Unidades x 120 Gramos,"1,40 €",/pack,1.4,https://prod-mercadona.imgix.net/images/e3ae024200bd6e46c8490761383a17a5.jpg?fit=crop&h=300&w=300,2026-09-23T13:48:55
yogur,Mercadona,Bífidus natural edulcorado probióticos Activia 0% MG 0% azúcares añadidos,8 Unidades x 120 Gramos,"3,99 €",/pack,3.99,https://prod-mercadona.imgix.net/images/63ef4961837c572eac58104543a3e1a5.jpeg?fit=crop&h=300&w=300,2026-09-23T13:48:55
yogur,Mercadona,Bífidus natural probióticos Activia 0% MG  0% azúcares añadidos,8 Unidades x 120 Gramos,"3,99 €",/pack,3.99,https://prod-mercadona.imgix.net/images/2cc4a0de6865c7982d0cd5b79af29c55.jpeg?fit=crop&h=300&w=300,2026-09-23T13:48:55
yogur,Mercadona,Postre lácteo natural +Proteínas 10 g 0% MG,Bote 500 Gramos,"1,40 €",/ud.,1.4,https://prod-mercadona.imgix.net/images/7ad06cb40258cdb86b0285f38fe26504.jpg?fit=crop&h=300&w=300,2026-09-23T13:48:55
yogur,Mercadona,Flan de huevo +Proteínas 10 g 0% MG 0% azúcares añadidos,4 Unidades x 100 Gramos,"2,00 €",/pack,2.0,https://prod-mercadona.imgix.net/images/8e979f97f75f8d36758e7a19461227d4.jpg?fit=crop&h=300&w=300,2026-09-23T13:48:55
yogur,Mercadona,"Yogur griego dulce Hacendado con dulce de leche, galleta y plátano",6 Unidades x 125 Gramos,"1,85 €",/pack,1.85,https://prod-mercadona.imgix.net/images/f7aca476e8b0180b27a2d23b53237bbd.jpg?fit=crop&h=300&w=300,2026-09-23T13:48:55
yogur,Mercadona,Bífidus natural probióticos Hacendado 0% MG 0% azúcares añadidos,6 Unidades x 125 Gramos,"1,15 €",/pack,1.15,https://prod-mercadona.imgix.net/images/1d86acfec95cfba1c73e66a155855aa4.jpg?fit=crop&h=300&w=300,2026-09-23T13:48:55
yogur,Mercadona,Bífidus con mango probióticos Hacendado,4 Unidades x 125 Gramos,"1,30 €",/pack,1.3,https://prod-mercadona.imgix.net/images/60c48a9728fdff8f4b2b3aa822115213.jpg?fit=crop&h=300&w=300,2026-09-23T13:48:55
yogur,Mercadona,Bífidus cremoso con coco probióticos Hacendado,4 Unidades x 125 Gramos,"1,30 €",/pack,1.3,https://prod-mercadona.imgix.net/images/65a35052afa3735c3a25383694d93c5d.jpg?fit=crop&h=300&w=300,2026-09-23T13:48:55
queso,Mercadona,Queso rallado mozzarella pizza-Roma de vaca Hacendado,Paquete 200 Gramos,"1,60 €",/ud.,1.6,https://prod-mercadona.imgix.net/images/0697e560e6a01d260447f0d5aa8ae1a2.jpg?fit=crop&h=300&w=300,2026-09-23T13:49:04
queso,Mercadona,Queso lonchas cremoso light de vaca Hacendado,Paquete 12 lonchas (300 g),"2,90 €",/ud.,2.9,https://prod-mercadona.imgix.net/images/bf40cbb31507eaf48225f29f65c325b9.jpg?fit=crop&h=300&w=300,2026-09-23T13:49:04
queso,Mercadona,Queso rallado 4 quesos Hacendado,Paquete 200 Gramos,"1,75 €",/ud.,1.75,https://prod-mercadona.imgix.net/images/9bdb83693cb107ef8e90da30dea2e26e.jpg?fit=crop&h=300&w=300,2026-09-23T13:49:04
queso,Mercadona,Queso fresco cottage semidesnatado de vaca Hacendado,Tarrina 200 Gramos,"1,35 €",/ud.,1.35,https://prod-mercadona.imgix.net/images/ccf937c7331c2fb05567eda981b55fbc.jpg?fit=crop&h=300&w=300,2026-09-23T13:49:04
queso,Mercadona,Queso lonchas cremoso de vaca Hacendado,Paquete 12 lonchas (300 g),"2,80 €",/ud.,2.8,https://prod-mercadona.imgix.net/images/25fe53131f87dfeba20008ce868de29c.jpg?fit=crop&h=300&w=300,2026-09-23T13:49:04
queso,Mercadona,Queso feta mezcla Hacendado en dados,Tarrina 370 Gramos (150 Gramos escurrido),"2,40 €",/ud.,2.4,https://prod-mercadona.imgix.net/images/32a48eaa259c9728b5f4e60333eb2fea.jpg?fit=crop&h=300&w=300,2026-09-23T13:49:04
queso,Mercadona,Queso lonchas gouda de vaca Hacendado,Paquete 300 Gramos,"1,95 €",/ud.,1.95,https://prod-mercadona.imgix.net/images/3c0bd3e0e3803f38df0677d86b8c8b43.jpg?fit=crop&h=300&w=300,2026-09-23T13:49:04
queso,Mercadona,Queso en polvo especial pasta mezcla Hacendado,Paquete 150 Gramos,"1,25 €",/ud.,1.25,https://prod-mercadona.imgix.net/images/80ee5b96b8090f21c040774ba4f5b2f0.jpg?fit=crop&h=300&w=300,2026-09-23T13:49:04
queso,Mercadona,Queso en polvo grana padano Hacendado,Paquete 100 Gramos,"1,65 €",/ud.,1.65,https://prod-mercadona.imgix.net/images/4a8175be3a61ee058257e1bacbf59d9d.jpg?fit=crop&h=300&w=300,2026-09-23T13:49:04
queso,Mercadona,Queso untar suave de vaca Hacendado,Tarrina 300 Gramos,"1,40 €",/ud.,1.4,https://prod-mercadona.imgix.net/images/18901ca537c8de2c4c77f69baf4ee430.jpg?fit=crop&h=300&w=300,2026-09-23T13:49:04
queso,Mercadona,Queso fresco Burgos natural Hacendado,"4 tarrinas x 62,5 Gramos","1,15 €",/pack,1.15,https://prod-mercadona.imgix.net/images/3824dc695ca20c37b11efce2c2a2f8cc.jpg?fit=crop&h=300&w=300,2026-09-23T13:49:04
queso,Mercadona,Queso viejo tostado mezcla Hacendado,Pieza 395 Gramos aprox.,"5,59 €",/ud.,5.59,https://prod-mercadona.imgix.net/images/9124c0261e7d38fcdcd6c5f0392c1eea.jpg?fit=crop&h=300&w=300,2026-09-23T13:49:04
queso,Mercadona,Queso lonchas fundido sándwich mezcla Hacendado,Paquete 10 lonchas (200 g),"1,10 €",/ud.,1.1,https://prod-mercadona.imgix.net/images/466833190111f32b6901258f9ebe4265.jpg?fit=crop&h=300&w=300,2026-09-23T13:49:04
queso,Mercadona,Queso rallado especial fundir mezcla Hacendado,Paquete 400 Gramos,"1,90 €",/ud.,1.9,https://prod-mercadona.imgix.net/images/aa127a068121be5a0a5dfd543ddb2fa0.jpg?fit=crop&h=300&w=300,2026-09-23T13:49:04
queso,Mercadona,Queso fresco batido desnatado 0% MG Hacendado,Tarrina 500 Gramos,"1,10 €",/ud.,1.1,https://prod-mercadona.imgix.net/images/d2f12f4f6b2de080b5aeebc8aa1a5e46.jpg?fit=crop&h=300&w=300,2026-09-23T13:49:04
queso,Mercadona,Queso lonchas tierno mezcla Hacendado,Paquete 10 lonchas (250 Gramos aprox.),"2,49 €",/ud.,2.49,https://prod-mercadona.imgix.net/images/64c70ea48d0a710780a67971c70f7e54.jpg?fit=crop&h=300&w=300,2026-09-23T13:49:04
queso,Mercadona,Queso lonchas mozzarella de vaca Hacendado,Paquete 10 lonchas (200 g),"1,80 €",/ud.,1.8,https://prod-mercadona.imgix.net/images/d96788c89dc992674ef5ea2ebdd8401f.jpg?fit=crop&h=300&w=300,2026-09-23T13:49:04
queso,Mercadona,Queso untar light de vaca Hacendado,Tarrina 300 Gramos,"1,40 €",/ud.,1.4,https://prod-mercadona.imgix.net/images/1d2818584e9062155452c615168af0c1.jpg?fit=crop&h=300&w=300,2026-09-23T13:49:04
queso,Mercadona,Queso rallado emmental gratinar Hacendado,Paquete 200 Gramos,"1,65 €",/ud.,1.65,https://prod-mercadona.imgix.net/images/bfc088bcd08f0dc6e421323e51b5d9fa.jpg?fit=crop&h=300&w=300,2026-09-23T13:49:04
queso,Mercadona,Queso grana padano Zanetti,Pieza 230 Gramos aprox.,"3,66 €",/ud.,3.66,https://prod-mercadona.imgix.net/images/418183dd6b420070ef1dffb28b2d572b.jpg?fit=crop&h=300&w=300,2026-09-23T13:49:04
queso,Mercadona,Queso lonchas fundido suave mezcla Hacendado,Paquete 30 Unidades (555 g),"2,35 €",/ud.,2.35,https://prod-mercadona.imgix.net/images/d6d49f98b5ad0ebd7d7604ab48e47a8c.jpg?fit=crop&h=300&w=300,2026-09-23T13:49:04
queso,Mercadona,Queso semicurado mezcla Hacendado cortado en cuñitas,Pieza 340 Gramos aprox.,"4,25 €",/ud.,4.25,https://prod-mercadona.imgix.net/images/0e7fc066a86aefbf2f47ae394c23d3cf.jpg?fit=crop&h=300&w=300,2026-09-23T13:49:04
queso,Mercadona,Queso untar original Philadelphia,Tarrina 270 Gramos,"2,90 €",/ud.,2.9,https://prod-mercadona.imgix.net/images/1489ec9201bb07df10b421e1598217e3.jpg?fit=crop&h=300&w=300,2026-09-23T13:49:04
queso,Mercadona,Queso rulo de cabra Hacendado,Paquete 200 Gramos,"2,65 €",/ud.,2.65,https://prod-mercadona.imgix.net/images/5e1814a3522c87ad5e0a3d748278037c.jpg?fit=crop&h=300&w=300,2026-09-23T13:49:04
queso,Mercadona,Queso fresco de cabra Hacendado,Tarrina 250 Gramos,"2,95 €",/ud.,2.95,https://prod-mercadona.imgix.net/images/2578bc6a70f9d8740cc291e87927680b.jpg?fit=crop&h=300&w=300,2026-09-23T13:49:04
queso,Mercadona,Queso curado y cheddar Hacendado en dados,Paquete 125 Gramos,"1,15 €",/ud.,1.15,https://prod-mercadona.imgix.net/images/e0e6d102cd561599009ea3d79e43d5a8.jpg?fit=crop&h=300&w=300,2026-09-23T13:49:04
queso,Mercadona,Queso lonchas edam de vaca Holland Corona,Paquete 300 Gramos,"2,00 €",/ud.,2.0,https://prod-mercadona.imgix.net/images/f30a5f14122dc2e4ede36df9dc80a881.jpg?fit=crop&h=300&w=300,2026-09-23T13:49:04
queso,Mercadona,Queso curado mezcla Hacendado cortado en cuñitas,Pieza 330 Gramos aprox.,"4,69 €",/ud.,4.69,https://prod-mercadona.imgix.net/images/bebb4ccbd7718c152e3212a4abeec174.jpg?fit=crop&h=300&w=300,2026-09-23T13:49:04
queso,Mercadona,Queso fresco Burgos desnatado 0% MG Hacendado,"4 tarrinas x 62,5 Gramos","1,15 €",/pack,1.15,https://prod-mercadona.imgix.net/images/dcabfcce232c97690046b09ca74f58fd.jpg?fit=crop&h=300&w=300,2026-09-23T13:49:04
queso,Mercadona,Queso semicurado mezcla Hacendado,Pieza 420 Gramos aprox.,"4,07 €",/ud.,4.07,https://prod-mercadona.imgix.net/images/15998e3937eafce26125047dde97e3ad.jpeg?fit=crop&h=300&w=300,2026-09-23T13:49:04
queso,Mercadona,Queso fresco Burgos natural Hacendado,2 tarrinas x 250 Gramos,"2,05 €",/pack,2.05,https://prod-mercadona.imgix.net/images/f720ac03cd3735edc5ec4647c7da94ec.jpg?fit=crop&h=300&w=300,2026-09-23T13:49:04
queso,Mercadona,Queso en porciones Hacendado,Caja 24 quesitos (375 g),"1,95 €",/ud.,1.95,https://prod-mercadona.imgix.net/images/62e21e9aeaf9f20b7c81fc2ff229c976.jpg?fit=crop&h=300&w=300,2026-09-23T13:49:04
queso,Mercadona,Queso lonchas cheddar de vaca Hacendado,Paquete 8 lonchas (200 g),"1,85 €",/ud.,1.85,https://prod-mercadona.imgix.net/images/0b9d375bd00ab01c8971dab13297cfcb.jpg?fit=crop&h=300&w=300,2026-09-23T13:49:04
queso,Mercadona,Queso brie marcillat de vaca Plaisir de Roy,Pieza 200 Gramos,"1,65 €",/ud.,1.65,https://prod-mercadona.imgix.net/images/c2446828dd55519f7d18b21249e5e38c.jpg?fit=crop&h=300&w=300,2026-09-23T13:49:04
queso,Mercadona,Queso en porciones mini Babybel,Malla 8 quesitos (160 g),"3,90 €",/ud.,3.9,https://prod-mercadona.imgix.net/images/860d756d2962ad4e593a3c2b98e253dc.jpg?fit=crop&h=300&w=300,2026-09-23T13:49:04
queso,Mercadona,Queso tierno mezcla Hacendado,Pieza 350 Gramos aprox.,"3,13 €",/ud.,3.13,https://prod-mercadona.imgix.net/images/78c744ea97cd0cf9311b659bd58a220d.jpg?fit=crop&h=300&w=300,2026-09-23T13:49:04
queso,Mercadona,Queso untar light Philadelphia,Tarrina 270 Gramos,"2,90 €",/ud.,2.9,https://prod-mercadona.imgix.net/images/1a7ff652c2508d92c72cd6058c70a29a.jpg?fit=crop&h=300&w=300,2026-09-23T13:49:04
queso,Mercadona,Queso fresco de vaca Hacendado,Tarrina 250 Gramos,"1,60 €",/ud.,1.6,https://prod-mercadona.imgix.net/images/b06c07419501f3ff1f89dac54ad5fb9a.jpeg?fit=crop&h=300&w=300,2026-09-23T13:49:04
queso,Mercadona,Queso roquefort  de oveja Hacendado,Pieza 100 Gramos,"1,95 €",/ud.,1.95,https://prod-mercadona.imgix.net/images/8c56d52889b3953d268c5b50730a071b.jpg?fit=crop&h=300&w=300,2026-09-23T13:49:04
queso,Mercadona,Queso en porciones light Hacendado,Caja 16 quesitos (250 g),"1,50 €",/ud.,1.5,https://prod-mercadona.imgix.net/images/66ba7ab8e03fba0930d149762ec484a7.jpg?fit=crop&h=300&w=300,2026-09-23T13:49:04
queso,Mercadona,Queso lonchas semicurado mezcla Hacendado,Paquete 8 lonchas (210 Gramos aprox.),"2,57 €",/ud.,2.57,https://prod-mercadona.imgix.net/images/717ff26ca49d56dd956fad414961c020.jpg?fit=crop&h=300&w=300,2026-09-23T13:49:04
queso,Mercadona,Queso emmental de vaca Hacendado,Pieza 350 Gramos,"3,00 €",/ud.,3.0,https://prod-mercadona.imgix.net/images/59f451f75ce0ef7b7d82bc610d115ad0.jpg?fit=crop&h=300&w=300,2026-09-23T13:49:04
queso,Mercadona,Queso curado mezcla Hacendado,Pieza 410 Gramos aprox.,"4,67 €",/ud.,4.67,https://prod-mercadona.imgix.net/images/17ca4b46343fc3ef8c6a2efdb7be9c53.jpeg?fit=crop&h=300&w=300,2026-09-23T13:49:04
queso,Mercadona,Queso lonchas de cabra Hacendado,Paquete 8 lonchas (220 Gramos aprox.),"3,26 €",/ud.,3.26,https://prod-mercadona.imgix.net/images/83876b302b8f4bafde5749db67fdfc0b.jpg?fit=crop&h=300&w=300,2026-09-23T13:49:04
queso,Mercadona,Queso tierno de vaca Hacendado cortado en cuñitas,Pieza 320 Gramos aprox.,"2,56 €",/ud.,2.56,https://prod-mercadona.imgix.net/images/186dfb670bf13288034301d6a83b155f.jpg?fit=crop&h=300&w=300,2026-09-23T13:49:04
queso,Mercadona,Queso ricotta mezcla Hacendado,Tarrina 200 Gramos,"1,60 €",/ud.,1.6,https://prod-mercadona.imgix.net/images/d23d75db49d283dc3c92f3ca9ff8789f.jpg?fit=crop&h=300&w=300,2026-09-23T13:49:04
queso,Mercadona,Queso lonchas sin lactosa de vaca Hacendado,Paquete 10 lonchas (200 g),"2,60 €",/ud.,2.6,https://prod-mercadona.imgix.net/images/41e0218522470559822527317e7c5568.jpg?fit=crop&h=300&w=300,2026-09-23T13:49:04
queso,Mercadona,Queso lonchas tierno de vaca Hacendado,Paquete 12 lonchas (300 g),"2,50 €",/ud.,2.5,https://prod-mercadona.imgix.net/images/7fd31869c4e06d13baac0bdc8970e2e5.jpg?fit=crop&h=300&w=300,2026-09-23T13:49:04
queso,Mercadona,Queso rallado especial fundir mezcla Hacendado,Paquete 200 Gramos,"1,10 €",/ud.,1.1,https://prod-mercadona.imgix.net/images/1ddf478e8a82a6c7386e9aea1b442b33.jpg?fit=crop&h=300&w=300,2026-09-23T13:49:04
queso,Mercadona,Queso provolone de vaca Hacendado,Paquete 200 Gramos,"2,45 €",/ud.,2.45,https://prod-mercadona.imgix.net/images/fa5a68a5090c9a809f5b42c4a4e5af43.jpg?fit=crop&h=300&w=300,2026-09-23T13:49:04
queso,Mercadona,Queso precortado de cabra Hacendado,Paquete 16 porciones (200 g),"2,80 €",/ud.,2.8,https://prod-mercadona.imgix.net/images/fc820e556adafef4bfb5b53e1da02caf.jpg?fit=crop&h=300&w=300,2026-09-23T13:49:04
queso,Mercadona,Queso rallado sin lactosa de vaca Hacendado,Paquete 150 Gramos,"1,80 €",/ud.,1.8,https://prod-mercadona.imgix.net/images/1789e099c343b7a0eda70dd1a38a9c63.jpg?fit=crop&h=300&w=300,2026-09-23T13:49:04
queso,Mercadona,Queso tierno mezcla Hacendado cortado en cuñitas,Pieza 325 Gramos aprox.,"3,82 €",/ud.,3.82,https://prod-mercadona.imgix.net/images/b4a7a056f264b59418bf6602426ede49.jpg?fit=crop&h=300&w=300,2026-09-23T13:49:04
queso,Mercadona,Queso lonchas fundido burger mezcla Hacendado,Paquete 14 Unidades (300 g),"1,90 €",/ud.,1.9,https://prod-mercadona.imgix.net/images/7bd7b58ec4f47a62db26456bdf66ba1a.jpg?fit=crop&h=300&w=300,2026-09-23T13:49:04
queso,Mercadona,Queso fresco de vaca Burgo de Arias,3 tarrinas x 72 Gramos,"3,40 €",/pack,3.4,https://prod-mercadona.imgix.net/images/d086320f12ec29078e54e13b280fdece.jpg?fit=crop&h=300&w=300,2026-09-23T13:49:04
queso,Mercadona,Queso viejo de oveja Hacendado,Pieza 310 Gramos aprox.,"4,56 €",/ud.,4.56,https://prod-mercadona.imgix.net/images/ddf8f72498165132206de1b7561e59b9.jpg?fit=crop&h=300&w=300,2026-09-23T13:49:04
queso,Mercadona,Queso Arzúa-Ulloa de vaca Punteiro,Pieza 780 Gramos aprox.,"6,98 €",/ud.,6.98,https://prod-mercadona.imgix.net/images/ed685abd82649cd657383bbab5d326d0.jpg?fit=crop&h=300&w=300,2026-09-23T13:49:04
queso,Mercadona,Queso curado mezcla con trufa Hacendado,Pieza 270 Gramos aprox.,"5,94 €",/ud.,5.94,https://prod-mercadona.imgix.net/images/cdba4ef5f02f0cbfbdc95300f7e1280e.jpg?fit=crop&h=300&w=300,2026-09-23T13:49:04
queso,Mercadona,Queso fresco Villalón mezcla Hacendado,Tarrina 250 Gramos,"2,30 €",/ud.,2.3,https://prod-mercadona.imgix.net/images/d386a5f6b01eb230c889c9beaf6e763f.jpg?fit=crop&h=300&w=300,2026-09-23T13:49:04
queso,Mercadona,Queso curado cheddar Hacendado,Pieza 300 Gramos,"2,85 €",/ud.,2.85,https://prod-mercadona.imgix.net/images/b8ada196b5642778f3b5ad515ebb780e.jpg?fit=crop&h=300&w=300,2026-09-23T13:49:04
agua,Mercadona,Agua mineral grande Aguadoy,"6 botellas x 1,5 Litros","1,62 €",/pack,1.62,https://prod-mercadona.imgix.net/images/87de6bf0698eff0efe64c4194c880c08.jpg?fit=crop&h=300&w=300,2026-09-23T13:49:13
agua,Mercadona,Agua mineral pequeña Aguadoy,6 botellas x 500 Mililitros,"1,56 €",/pack,1.56,https://prod-mercadona.imgix.net/images/18ae27bc0cc1e18d68b03a7e51f4973a.jpeg?fit=crop&h=300&w=300,2026-09-23T13:49:13
agua,Mercadona,Agua mineral grande Aguadoy,Garrafa 6 Litros,"0,82 €",/ud.,0.82,https://prod-mercadona.imgix.net/images/fb2265712ad46c1953dd48003a735588.jpg?fit=crop&h=300&w=300,2026-09-23T13:49:13
agua,Mercadona,Agua mineral con gas pequeña Aguadoy,6 botellas x 500 Mililitros,"1,56 €",/pack,1.56,https://prod-mercadona.imgix.net/images/5b056c30b1cad5461690517723b9a461.jpg?fit=crop&h=300&w=300,2026-09-23T13:49:13
agua,Mercadona,Agua mineral grande Aguadoy,Garrafa 8 Litros,"0,95 €",/ud.,0.95,https://prod-mercadona.imgix.net/images/e9984763951d5050c403b877a78dcd34.jpg?fit=crop&h=300&w=300,2026-09-23T13:49:13
agua,Mercadona,Agua mineral con gas grande Aguadoy,"6 botellas x 1,5 Litros","2,52 €",/pack,2.52,https://prod-mercadona.imgix.net/images/ccbc218c705da98e960938f11a10280c.jpg?fit=crop&h=300&w=300,2026-09-23T13:49:13
agua,Mercadona,Agua de coco 100% Hacendado,Brik 1 Litro,"2,30 €",/ud.,2.3,https://prod-mercadona.imgix.net/images/c36335b1c5009321b8c4c017d7b0ee47.jpg?fit=crop&h=300&w=300,2026-09-23T13:49:13
agua,Mercadona,Agua mineral grande Solán de Cabras,"6 botellas x 1,5 Litros","5,10 €",/pack,5.1,https://prod-mercadona.imgix.net/images/f4fec39a0a59025b5b6713eeb2f248a2.jpg?fit=crop&h=300&w=300,2026-09-23T13:49:13
agua,Mercadona,Agua mineral pequeña Aguadoy tapón infantil,6 botellas x 330 Mililitros,"1,68 €",/pack,1.68,https://prod-mercadona.imgix.net/images/c5c8166eaebffd4572cfcf2a89e21b77.jpg?fit=crop&h=300&w=300,2026-09-23T13:49:13
agua,Mercadona,Agua mineral grande Bezoya,"6 botellas x 1,5 Litros","4,50 €",/pack,4.5,https://prod-mercadona.imgix.net/images/2af69bfbbbb9b2279a1200f3ca67c6d4.jpg?fit=crop&h=300&w=300,2026-09-23T13:49:13
agua,Mercadona,Agua mineral grande Fuente Dehesa,"6 botellas x 1,5 Litros","2,34 €",/pack,2.34,https://prod-mercadona.imgix.net/images/5d4a95feebb377e680226023921d823a.jpg?fit=crop&h=300&w=300,2026-09-23T13:49:13
agua,Mercadona,Agua mineral pequeña Fuente Dehesa,6 botellas x 500 Mililitros,"1,74 €",/pack,1.74,https://prod-mercadona.imgix.net/images/593708f1afc7d240ebda6070b0e01381.jpg?fit=crop&h=300&w=300,2026-09-23T13:49:13
agua,Mercadona,Agua mineral mediana Aguadoy,6 botellas x 1 Litro,"2,40 €",/pack,2.4,https://prod-mercadona.imgix.net/images/e98717204b9b6da77f7959ad3998b235.jpeg?fit=crop&h=300&w=300,2026-09-23T13:49:13
agua,Mercadona,Agua mineral con gas grande Vichy Catalan,Botella 1 Litro,"1,65 €",/ud.,1.65,https://prod-mercadona.imgix.net/images/7bd8166f83035d60e61a997fe40ee7be.jpg?fit=crop&h=300&w=300,2026-09-23T13:49:13
agua,Mercadona,Agua mineral grande Lanjarón,"6 botellas x 1,5 Litros","4,32 €",/pack,4.32,https://prod-mercadona.imgix.net/images/10ac733c7d795773d9c3371e84b85e7f.jpg?fit=crop&h=300&w=300,2026-09-23T13:49:13
agua,Mercadona,Agua mineral grande Aguadoy,"Botella 1,5 Litros","0,27 €",/ud.,0.27,https://prod-mercadona.imgix.net/images/4f1ae9fe0d72373062a88d001a20626e.jpg?fit=crop&h=300&w=300,2026-09-23T13:49:13
agua,Mercadona,Agua mineral pequeña Aguadoy,Botella 500 Mililitros,"0,26 €",/ud.,0.26,https://prod-mercadona.imgix.net/images/cc0c3d13270d3113f0d534448f9f62e0.jpeg?fit=crop&h=300&w=300,2026-09-23T13:49:13
agua,Mercadona,Agua mineral grande Solán de Cabras,"Botella 1,5 Litros","0,85 €",/ud.,0.85,https://prod-mercadona.imgix.net/images/f5a0f1d91e8b4be9323cd0fcbba32198.jpg?fit=crop&h=300&w=300,2026-09-23T13:49:13
agua,Mercadona,Agua mineral grande Fuente Dehesa,Garrafa 6 Litros,"1,30 €",/ud.,1.3,https://prod-mercadona.imgix.net/images/b5aaab15625f9b00ff4efd92d9517dae.jpg?fit=crop&h=300&w=300,2026-09-23T13:49:13
agua,Mercadona,Agua mineral grande Liviana,6 botellas x 2 Litros,"5,10 €",/pack,5.1,https://prod-mercadona.imgix.net/images/960b5087e375b7043eb54287f033c4df.jpg?fit=crop&h=300&w=300,2026-09-23T13:49:13
agua,Mercadona,Agua mineral con gas grande Aguadoy,"Botella 1,5 Litros","0,42 €",/ud.,0.42,https://prod-mercadona.imgix.net/images/e5efc9e5a10dea2b66198bfad9dcf7da.jpg?fit=crop&h=300&w=300,2026-09-23T13:49:13
agua,Mercadona,Agua mineral pequeña Fuente Dehesa tapón infantil,6 botellas x 330 Mililitros,"2,40 €",/pack,2.4,https://prod-mercadona.imgix.net/images/c739ac48b32492eca1ffeffb0ca8750a.jpg?fit=crop&h=300&w=300,2026-09-23T13:49:13
agua,Mercadona,Agua destilada Bosque Verde,Garrafa 2 Litros,"0,95 €",/ud.,0.95,https://prod-mercadona.imgix.net/images/97a14ac137b896e603ef688f2efccd6d.jpg?fit=crop&h=300&w=300,2026-09-23T13:49:13
agua,Mercadona,Agua mineral con gas pequeña Vichy Catalan,6 botellas x 300 Mililitros,"6,49 €",/pack,6.49,https://prod-mercadona.imgix.net/images/e3a005d4a975650af9c856bc99cce6d6.jpg?fit=crop&h=300&w=300,2026-09-23T13:49:13
agua,Mercadona,Agua mineral con gas grande San Pellegrino,Botella 1 Litro,"1,39 €",/ud.,1.39,https://prod-mercadona.imgix.net/images/e8c3b53ceea5699ad8387f0c531c6a7e.jpg?fit=crop&h=300&w=300,2026-09-23T13:49:13
agua,Mercadona,Agua oxigenada Deliplus desinfectante antiséptico,Botella 250 Mililitros,"0,70 €",/ud.,0.7,https://prod-mercadona.imgix.net/images/87da79c7a7b3c04f21b2132ad8e2948a.jpg?fit=crop&h=300&w=300,2026-09-23T13:49:13
agua,Mercadona,Agua mineral mediana Aguadoy,Botella 1 Litro,"0,40 €",/ud.,0.4,https://prod-mercadona.imgix.net/images/26d0acd8b521f529e5d4971144fcf6fe.jpeg?fit=crop&h=300&w=300,2026-09-23T13:49:13
agua,Mercadona,Agua mineral con gas grande San Pellegrino,6 botellas x 1 Litro,"8,34 €",/pack,8.34,https://prod-mercadona.imgix.net/images/bbe790c4adbbacce30a3c02205ac6f69.jpg?fit=crop&h=300&w=300,2026-09-23T13:49:13
agua,Mercadona,Agua mineral grande Nestlé Aquarel,"6 botellas x 1,5 Litros","3,84 €",/pack,3.84,https://prod-mercadona.imgix.net/images/4e8a68c0cb6798b9aae972a7538388a7.jpg?fit=crop&h=300&w=300,2026-09-23T13:49:13
agua,Mercadona,Agua micelar cara y ojos Facial Clean,Bote 400 Mililitros,"2,50 €",/ud.,2.5,https://prod-mercadona.imgix.net/images/29cdaced180cce4b9b29cbe016fd705d.jpeg?fit=crop&h=300&w=300,2026-09-23T13:49:13
agua,Mercadona,Bebida isotónica limón Aquarius zero azúcar,"Botella 1,5 Litros","2,10 €",/ud.,2.1,https://prod-mercadona.imgix.net/images/72450daac660bb2e1050dc0f91c685b4.jpg?fit=crop&h=300&w=300,2026-09-23T13:49:13
agua,Mercadona,Agua mineral grande Bezoya,"Botella 1,5 Litros","0,75 €",/ud.,0.75,https://prod-mercadona.imgix.net/images/8938d3a305c7e81970a0bb5d89e27dba.jpg?fit=crop&h=300&w=300,2026-09-23T13:49:13
agua,Mercadona,Agua mineral grande Fuente Dehesa,"Botella 1,5 Litros","0,39 €",/ud.,0.39,https://prod-mercadona.imgix.net/images/1b2dc49fbd0b37b3501b50f48153fcde.jpg?fit=crop&h=300&w=300,2026-09-23T13:49:13
agua,Mercadona,Agua de soda con sifón La Casa,"Botella 1,5 Litros","1,60 €",/ud.,1.6,https://prod-mercadona.imgix.net/images/3395f81f81e5342ad8c140b9a6b7b0cd.jpg?fit=crop&h=300&w=300,2026-09-23T13:49:13
agua,Mercadona,Agua mineral mediana Fuente Dehesa,6 botellas x 1 Litro,"3,00 €",/pack,3.0,https://prod-mercadona.imgix.net/images/0190875678d7b33415230e4b99ad5ed0.jpg?fit=crop&h=300&w=300,2026-09-23T13:49:13
agua,Mercadona,Agua mineral con gas pequeña Aguadoy,Botella 500 Mililitros,"0,26 €",/ud.,0.26,https://prod-mercadona.imgix.net/images/0fb6d546e75e19feb0ace18a46c62bc0.jpg?fit=crop&h=300&w=300,2026-09-23T13:49:13
agua,Mercadona,Atún claro al natural Hacendado,6 latas x 80 Gramos (60 Gramos escurrido),"4,20 €",/pack,4.2,https://prod-mercadona.imgix.net/images/956d1c5ec266d8ac6c94e6aa70335047.jpg?fit=crop&h=300&w=300,2026-09-23T13:49:13
agua,Mercadona,Agua mineral pequeña Fuente Dehesa,Botella 500 Mililitros,"0,29 €",/ud.,0.29,https://prod-mercadona.imgix.net/images/5e3ece6d0340ca4112ab887db30f4034.jpg?fit=crop&h=300&w=300,2026-09-23T13:49:13
agua,Mercadona,Bebida isotónica limón Aquarius,8 latas x 330 Mililitros,"7,44 €",/pack,7.44,https://prod-mercadona.imgix.net/images/f3796fdd86cf359655d10394413c5f74.jpg?fit=crop&h=300&w=300,2026-09-23T13:49:13
agua,Mercadona,Agua mineral mediana Fuente Dehesa,Botella 1 Litro,"0,50 €",/ud.,0.5,https://prod-mercadona.imgix.net/images/eb090b4a4d112cddc09d3b9156c70a1a.jpg?fit=crop&h=300&w=300,2026-09-23T13:49:13
agua,Mercadona,Bebida isotónica sabor cítrico Iso drink,"Botella 1,5 Litros","0,90 €",/ud.,0.9,https://prod-mercadona.imgix.net/images/8399efe2a9f94c7de3f8e814c2e8f898.jpg?fit=crop&h=300&w=300,2026-09-23T13:49:13
agua,Mercadona,Agua mineral pequeña Aguadoy tapón infantil,Botella 330 Mililitros,"0,28 €",/ud.,0.28,https://prod-mercadona.imgix.net/images/cf510f2aa698793b6e99cdfffdd23cb2.jpg?fit=crop&h=300&w=300,2026-09-23T13:49:13
agua,Mercadona,Gaseosa grande Hacendado,"Botella 1,5 Litros","0,55 €",/ud.,0.55,https://prod-mercadona.imgix.net/images/24c4eeaae78fda9ffb5b645c2b7a86db.jpg?fit=crop&h=300&w=300,2026-09-23T13:49:13
agua,Mercadona,Gaseosa grande La Casera,"2 botellas x 1,5 Litros","2,50 €",/pack,2.5,https://prod-mercadona.imgix.net/images/afadc927c358da882f80347e3a0ab126.jpg?fit=crop&h=300&w=300,2026-09-23T13:49:13
agua,Mercadona,Agua de colonia bebé Nenuco,Botella 500 Mililitros,"2,85 €",/ud.,2.85,https://prod-mercadona.imgix.net/images/5ff603934a45cb735217009e38ba9f20.jpg?fit=crop&h=300&w=300,2026-09-23T13:49:13
agua,Mercadona,Agua mineral pequeña Fuente Dehesa tapón infantil,Botella 330 Mililitros,"0,40 €",/ud.,0.4,https://prod-mercadona.imgix.net/images/c0d3a51f685c6d93a8c11d3f6fc3e59e.jpg?fit=crop&h=300&w=300,2026-09-23T13:49:13
agua,Mercadona,Agua mineral grande Liviana,Botella 2 Litros,"0,85 €",/ud.,0.85,https://prod-mercadona.imgix.net/images/c647843fba82524cd3b236ea35101dcb.jpg?fit=crop&h=300&w=300,2026-09-23T13:49:13
agua,Mercadona,Agua mineral grande Lanjarón,"Botella 1,5 Litros","0,75 €",/ud.,0.75,https://prod-mercadona.imgix.net/images/d78cbd348d580e41e5f944591acd1f3b.jpg?fit=crop&h=300&w=300,2026-09-23T13:49:13
agua,Mercadona,Gaseosa pequeña Hacendado,6 botellas x 500 Mililitros,"2,04 €",/pack,2.04,https://prod-mercadona.imgix.net/images/bddfe97a611cc3ed02ee9be4dbd801db.jpg?fit=crop&h=300&w=300,2026-09-23T13:49:13
agua,Mercadona,Agua de peinado cabello Aqua Styling Deliplus,Spray 200 Mililitros,"2,00 €",/ud.,2.0,https://prod-mercadona.imgix.net/images/9182a1bc5ffa4a841f5d7dbcf5e55ad8.jpg?fit=crop&h=300&w=300,2026-09-23T13:49:13
agua,Mercadona,Agua mineral grande Nestlé Aquarel,"Botella 1,5 Litros","0,64 €",/ud.,0.64,https://prod-mercadona.imgix.net/images/271842cd61ddc0fc2672b2f27411ae55.jpeg?fit=crop&h=300&w=300,2026-09-23T13:49:13
agua,Mercadona,Bebida isotónica limón Aquarius,Lata 330 Mililitros,"0,99 €",/ud.,0.99,https://prod-mercadona.imgix.net/images/78e433b9e5388fff41ee702227fb1a96.jpg?fit=crop&h=300&w=300,2026-09-23T13:49:13
agua,Mercadona,Bebida isotónica naranja Aquarius,8 latas x 330 Mililitros,"7,44 €",/pack,7.44,https://prod-mercadona.imgix.net/images/615df61d57de54f2a43306cb41413899.jpg?fit=crop&h=300&w=300,2026-09-23T13:49:13
agua,Mercadona,Bebida isotónica Zero sabor cítrico Iso drink,"Botella 1,5 Litros","0,90 €",/ud.,0.9,https://prod-mercadona.imgix.net/images/71675487e3eb4dc008c42995a03fdb87.jpg?fit=crop&h=300&w=300,2026-09-23T13:49:13
agua,Mercadona,Agua facial de avena Deliplus,Spray 300 Mililitros,"2,80 €",/ud.,2.8,https://prod-mercadona.imgix.net/images/d86e8ed6326085f3d1aa071e6443e62c.jpg?fit=crop&h=300&w=300,2026-09-23T13:49:13
agua,Mercadona,Agua para plancha Bosque Verde perfume ropa limpia,Botella 1 Litro,"1,50 €",/ud.,1.5,https://prod-mercadona.imgix.net/images/56e716e04c1c57d3bb5ab98657d35875.jpg?fit=crop&h=300&w=300,2026-09-23T13:49:13
agua,Mercadona,Refresco de limón Hacendado fresh gas,Botella 2 Litros,"0,95 €",/ud.,0.95,https://prod-mercadona.imgix.net/images/5980897555c596c0be6e8deb03b59448.jpg?fit=crop&h=300&w=300,2026-09-23T13:49:13
agua,Mercadona,Agua de colonia S3 Classic fresh,Botella 750 Mililitros,"3,90 €",/ud.,3.9,https://prod-mercadona.imgix.net/images/92b5b89f5ae5276905d53beec7f4febd.jpg?fit=crop&h=300&w=300,2026-09-23T13:49:13
agua,Mercadona,Agua de colonia fresca infantil Deliplus con notas cítricas,Bote 600 Mililitros,"1,90 €",/ud.,1.9,https://prod-mercadona.imgix.net/images/1e830ecd99cb165865cdddd85666969e.jpg?fit=crop&h=300&w=300,2026-09-23T13:49:13
agua,Mercadona,Agua perfumada bebé con notas florales Deliplus,Bote 100 Mililitros,"3,20 €",/ud.,3.2,https://prod-mercadona.imgix.net/images/d8964bd9177d4c0478d127f259dfa5dc.jpg?fit=crop&h=300&w=300,2026-09-23T13:49:13
zumo,Mercadona,Zumo pura naranja Hacendado,Brik 1 Litro,"1,85 €",/ud.,1.85,https://prod-mercadona.imgix.net/images/b6d2cecc3bad138c6020b6d7eb67ef83.jpg?fit=crop&h=300&w=300,2026-09-23T13:49:22
zumo,Mercadona,Zumo de naranja recién exprimido Hacendado,Botella 1 Litro,"5,95 €",/ud.,5.95,https://prod-mercadona.imgix.net/images/70bfb1fb2f725e0ba98259fa063e4f9f.jpg?fit=crop&h=300&w=300,2026-09-23T13:49:22
zumo,Mercadona,Zumo pura naranja con pulpa Hacendado,Brik 1 Litro,"1,85 €",/ud.,1.85,https://prod-mercadona.imgix.net/images/49c07dc6cecfe687ec6d06e6061ac967.jpg?fit=crop&h=300&w=300,2026-09-23T13:49:22
zumo,Mercadona,Zumo de piña y uva Hacendado,6 mini briks x 200 Mililitros,"1,65 €",/pack,1.65,https://prod-mercadona.imgix.net/images/ed323a439124a96f84da691c64cc48af.jpg?fit=crop&h=300&w=300,2026-09-23T13:49:22
zumo,Mercadona,Zumo de naranja Hacendado,Botella 1 Litro,"2,10 €",/ud.,2.1,https://prod-mercadona.imgix.net/images/06fa169ee8d4ab22018e6101e4f3aba5.jpg?fit=crop&h=300&w=300,2026-09-23T13:49:22
zumo,Mercadona,Zumo pura naranja Hacendado,6 mini briks x 200 Mililitros,"2,80 €",/pack,2.8,https://prod-mercadona.imgix.net/images/0ba46f93dcbcaed6ff525f877cae8a29.jpg?fit=crop&h=300&w=300,2026-09-23T13:49:22
zumo,Mercadona,Zumo de manzana Hacendado,Brik 1 Litro,"0,80 €",/ud.,0.8,https://prod-mercadona.imgix.net/images/76d998fbd9e8ebdd2c8f563908b4ed6d.jpg?fit=crop&h=300&w=300,2026-09-23T13:49:22
zumo,Mercadona,Zumo de manzana Hacendado,6 mini briks x 200 Mililitros,"1,30 €",/pack,1.3,https://prod-mercadona.imgix.net/images/c9a55af574a1324371f989bf36df87e3.jpg?fit=crop&h=300&w=300,2026-09-23T13:49:22
zumo,Mercadona,Zumo de melocotón y uva Hacendado,6 mini briks x 200 Mililitros,"1,50 €",/pack,1.5,https://prod-mercadona.imgix.net/images/66dc19715816816baec5fbf963bee7fa.jpg?fit=crop&h=300&w=300,2026-09-23T13:49:22
zumo,Mercadona,Zumo de clementina Hacendado,Botella 1 Litro,"1,80 €",/ud.,1.8,https://prod-mercadona.imgix.net/images/cd85e354252f29613f03a2f21d828ccc.jpeg?fit=crop&h=300&w=300,2026-09-23T13:49:22
zumo,Mercadona,Zumo de piña y uva Hacendado,Brik 1 Litro,"1,20 €",/ud.,1.2,https://prod-mercadona.imgix.net/images/d8dd70c608c6bf3aaebdc10b5f6c53bf.jpg?fit=crop&h=300&w=300,2026-09-23T13:49:22
zumo,Mercadona,Zumo de tomate Hacendado,Brik 1 Litro,"1,05 €",/ud.,1.05,https://prod-mercadona.imgix.net/images/41b7d0f0d220d1e6e7a30bae3399fbbb.jpg?fit=crop&h=300&w=300,2026-09-23T13:49:22
zumo,Mercadona,Zumo de naranja recién exprimido Hacendado,Botella 500 Mililitros,"3,95 €",/ud.,3.95,https://prod-mercadona.imgix.net/images/97fb8dc0e14a68511eebe04b68b3a172.jpg?fit=crop&h=300&w=300,2026-09-23T13:49:22
zumo,Mercadona,Zumo de piña selección Hacendado,Brik 1 Litro,"2,60 €",/ud.,2.6,https://prod-mercadona.imgix.net/images/c05ef36a942b580893777db0ae4af7cc.jpg?fit=crop&h=300&w=300,2026-09-23T13:49:22
zumo,Mercadona,Zumo de piña Hacendado,Brik 1 Litro,"1,75 €",/ud.,1.75,https://prod-mercadona.imgix.net/images/6c7aa9b054839aab255d1547ca3f0f3f.jpg?fit=crop&h=300&w=300,2026-09-23T13:49:22
zumo,Mercadona,Zumo de manzana Hacendado,Botella 1 Litro,"1,70 €",/ud.,1.7,https://prod-mercadona.imgix.net/images/e1c12a223516a3fb11e5d2ae7d819fac.jpg?fit=crop&h=300&w=300,2026-09-23T13:49:22
zumo,Mercadona,Zumo maracuyá y chía Hacendado,Botella 250 Mililitros,"1,65 €",/ud.,1.65,https://prod-mercadona.imgix.net/images/a2a591a0b1f504dc9a7fd9cfacf5a147.jpg?fit=crop&h=300&w=300,2026-09-23T13:49:22
zumo,Mercadona,Fruta + leche tropical Bifrutas,6 mini briks x 200 Mililitros,"2,59 €",/pack,2.59,https://prod-mercadona.imgix.net/images/912f8849edb89e0c43b0c89b63a1f1c1.jpg?fit=crop&h=300&w=300,2026-09-23T13:49:22
zumo,Mercadona,"Néctar de maracuyá Hacendado fruta de la pasión, mango, uva y manzana",Brik 1 Litro,"1,50 €",/ud.,1.5,https://prod-mercadona.imgix.net/images/3113b30c00460aa939585031fb4a53de.jpg?fit=crop&h=300&w=300,2026-09-23T13:49:22
zumo,Mercadona,Zumo de naranja recién exprimido Hacendado,Botella 250 Mililitros,"2,75 €",/ud.,2.75,https://prod-mercadona.imgix.net/images/7a5da08a9ed080770adffcced9e025f2.jpg?fit=crop&h=300&w=300,2026-09-23T13:49:22
zumo,Mercadona,Bebida Bahamas Hacendado,Brik 2 Litros,"1,25 €",/ud.,1.25,https://prod-mercadona.imgix.net/images/a2191ccc7c4c7f6db1a611d6fd746ca7.jpeg?fit=crop&h=300&w=300,2026-09-23T13:49:22
zumo,Mercadona,Bebida de piña Hacendado sin azúcares añadidos,6 mini briks x 200 Mililitros,"1,60 €",/pack,1.6,https://prod-mercadona.imgix.net/images/f824c29e5b1ce63eec029d4c34caa3ef.jpg?fit=crop&h=300&w=300,2026-09-23T13:49:22
zumo,Mercadona,"Bebida de zumo de naranja, mango y zanahoria La Verja sin azúcares añadidos","Botella 1,5 Litros","1,80 €",/ud.,1.8,https://prod-mercadona.imgix.net/images/9e831867eb7ecbe0e8516d377d919b33.jpg?fit=crop&h=300&w=300,2026-09-23T13:49:22
zumo,Mercadona,Zumo de naranja Hacendado,Botella 330 Mililitros,"1,10 €",/ud.,1.1,https://prod-mercadona.imgix.net/images/db64039b287b1a9d27b8f6a93c164f89.jpg?fit=crop&h=300&w=300,2026-09-23T13:49:22
zumo,Mercadona,Limones,Malla 1 Kilo,"2,80 €",/ud.,2.8,https://prod-mercadona.imgix.net/images/1d482fa781e179d28c83a714efe1beaa.jpg?fit=crop&h=300&w=300,2026-09-23T13:49:22
zumo,Mercadona,Limón,Pieza 200 Gramos aprox.,"0,57 €",/ud.,0.57,https://prod-mercadona.imgix.net/images/dde3a9f03e3b8abc1ebf690a29c9631d.jpg?fit=crop&h=300&w=300,2026-09-23T13:49:22
zumo,Mercadona,Bebida de melocotón Hacendado sin azúcares añadidos,Brik 1 Litro,"1,00 €",/ud.,1.0,https://prod-mercadona.imgix.net/images/f678485edb09150dee942e3f9e3ae07b.jpg?fit=crop&h=300&w=300,2026-09-23T13:49:22
zumo,Mercadona,Zumo tropical Hacendado,Botella 1 Litro,"2,40 €",/ud.,2.4,https://prod-mercadona.imgix.net/images/201f221469e606c69970bf25ef2a8764.jpg?fit=crop&h=300&w=300,2026-09-23T13:49:22
zumo,Mercadona,Bebida de piña Hacendado sin azúcares añadidos,Brik 1 Litro,"0,95 €",/ud.,0.95,https://prod-mercadona.imgix.net/images/33ca00ae12574c8e7b9833ddade5c1f8.jpg?fit=crop&h=300&w=300,2026-09-23T13:49:22
zumo,Mercadona,Néctar de guayaba Hacendado,Brik 1 Litro,"1,30 €",/ud.,1.3,https://prod-mercadona.imgix.net/images/0387601ec7043ab95b69e38a4429f276.jpg?fit=crop&h=300&w=300,2026-09-23T13:49:22
zumo,Mercadona,Bebida 5 frutas Hacendado sin azúcares añadidos,6 mini briks x 200 Mililitros,"1,75 €",/pack,1.75,https://prod-mercadona.imgix.net/images/5b8c6f98527bf34412a5653d4619f7dc.jpg?fit=crop&h=300&w=300,2026-09-23T13:49:22
zumo,Mercadona,Bebida de melocotón Hacendado sin azúcares añadidos,6 mini briks x 200 Mililitros,"1,50 €",/pack,1.5,https://prod-mercadona.imgix.net/images/1630f8437f4370ac6557d9ee7f6ee859.jpg?fit=crop&h=300&w=300,2026-09-23T13:49:22
zumo,Mercadona,Bebida de mango Hacendado sin azúcares añadidos,Brik 1 Litro,"1,25 €",/ud.,1.25,https://prod-mercadona.imgix.net/images/9e0316fca3787aeb711b8e529d778c0c.jpg?fit=crop&h=300&w=300,2026-09-23T13:49:22
zumo,Mercadona,Bebida Florida Hacendado,Brik 2 Litros,"1,40 €",/ud.,1.4,https://prod-mercadona.imgix.net/images/13e06b5d2a298309aaaff233753c1bc1.jpg?fit=crop&h=300&w=300,2026-09-23T13:49:22
zumo,Mercadona,Bebida tropical Hacendado sin azúcares añadidos,Brik 1 Litro,"1,00 €",/ud.,1.0,https://prod-mercadona.imgix.net/images/bf71396100c18cca59c72da31db9c63b.jpg?fit=crop&h=300&w=300,2026-09-23T13:49:22
zumo,Mercadona,Bebida de naranja Hacendado sin azúcares añadidos,Brik 1 Litro,"1,05 €",/ud.,1.05,https://prod-mercadona.imgix.net/images/2a1d63e837b4582f4faeddd8507054a6.jpg?fit=crop&h=300&w=300,2026-09-23T13:49:22
zumo,Mercadona,Naranjas,Malla 3 Kilos,"5,85 €",/ud.,5.85,https://prod-mercadona.imgix.net/images/57b7fbaaf28231102addf8f7eb4f14b8.jpeg?fit=crop&h=300&w=300,2026-09-23T13:49:22
zumo,Mercadona,Limonada natural sin gas light Don Simón,"Botella 1,5 Litros","1,35 €",/ud.,1.35,https://prod-mercadona.imgix.net/images/51de1809221a60b2e29ce39c59dadd52.jpg?fit=crop&h=300&w=300,2026-09-23T13:49:22
zumo,Mercadona,Lima,Pieza 70 Gramos aprox.,"0,31 €",/ud.,0.31,https://prod-mercadona.imgix.net/images/89f9d5452102413e378048f258bc0d9c.jpg?fit=crop&h=300&w=300,2026-09-23T13:49:22
zumo,Mercadona,Cerveza Radler Steinburg con zumo natural de limón,9 latas x 330 Mililitros,"3,69 €",/pack,3.69,https://prod-mercadona.imgix.net/images/9a403e55ff089dd8b4efe695cf263431.jpg?fit=crop&h=300&w=300,2026-09-23T13:49:22
zumo,Mercadona,Piña en su jugo Hacendado rodajas,3 latas x 227 Gramos (140 Gramos escurrido),"2,10 €",/pack,2.1,https://prod-mercadona.imgix.net/images/4d8bf0206b1f578973cd80fdf7d85179.jpg?fit=crop&h=300&w=300,2026-09-23T13:49:22
zumo,Mercadona,Yogur griego sabor limón Hacendado,6 Unidades x 125 Gramos,"1,65 €",/pack,1.65,https://prod-mercadona.imgix.net/images/3e73ec4d9d7165438c2e33e3c4bd9091.jpg?fit=crop&h=300&w=300,2026-09-23T13:49:22
zumo,Mercadona,Limón exprimido Hacendado,Botella 280 Mililitros,"1,40 €",/ud.,1.4,https://prod-mercadona.imgix.net/images/1910ee61299100e2bca29c2b39fab7a5.jpg?fit=crop&h=300&w=300,2026-09-23T13:49:22
zumo,Mercadona,Bebida de naranja Hacendado sin azúcares añadidos,6 mini briks x 200 Mililitros,"1,85 €",/pack,1.85,https://prod-mercadona.imgix.net/images/c8f6dbb9c354634993c77ed89cac7df4.jpg?fit=crop&h=300&w=300,2026-09-23T13:49:22
zumo,Mercadona,Bebida isotónica limón Aquarius zero azúcar,"Botella 1,5 Litros","2,10 €",/ud.,2.1,https://prod-mercadona.imgix.net/images/72450daac660bb2e1050dc0f91c685b4.jpg?fit=crop&h=300&w=300,2026-09-23T13:49:22
zumo,Mercadona,Agua de coco 100% Hacendado,Brik 1 Litro,"2,30 €",/ud.,2.3,https://prod-mercadona.imgix.net/images/c36335b1c5009321b8c4c017d7b0ee47.jpg?fit=crop&h=300&w=300,2026-09-23T13:49:22
zumo,Mercadona,Bebida multivitaminas Hacendado sin azúcares añadidos,Brik 1 Litro,"1,00 €",/ud.,1.0,https://prod-mercadona.imgix.net/images/c0aec617c3d9db1cc8ec8f99554338e6.jpg?fit=crop&h=300&w=300,2026-09-23T13:49:22
zumo,Mercadona,Bebida de frutas rojas antioxidante Hacendado sin azúcares añadidos,Brik 1 Litro,"1,95 €",/ud.,1.95,https://prod-mercadona.imgix.net/images/6c18bfdedcacf5f2fc82a289f3a8d3f1.jpg?fit=crop&h=300&w=300,2026-09-23T13:49:22
zumo,Mercadona,Refresco té sabor limón Hacendado,"Botella 1,5 Litros","1,00 €",/ud.,1.0,https://prod-mercadona.imgix.net/images/e19e213669f0982f1d8c621f214660a8.jpg?fit=crop&h=300&w=300,2026-09-23T13:49:22
zumo,Mercadona,Refresco té soluble melocotón Hacendado,Caja 12 sobres (36 g),"1,50 €",/ud.,1.5,https://prod-mercadona.imgix.net/images/f34dae85e4f62fef8f20c8fd644c4d51.jpg?fit=crop&h=300&w=300,2026-09-23T13:49:22
zumo,Mercadona,Bebida de arándanos y frutas rojas Hacendado sin azúcares añadidos,Brik 1 Litro,"1,75 €",/ud.,1.75,https://prod-mercadona.imgix.net/images/94e4c5ea515e482003816fb0c6d3f452.jpg?fit=crop&h=300&w=300,2026-09-23T13:49:22
zumo,Mercadona,Refresco té zero sabor limón Hacendado,"Botella 1,5 Litros","1,00 €",/ud.,1.0,https://prod-mercadona.imgix.net/images/4d6868f2c4aec287ab23c0cfc373945b.jpg?fit=crop&h=300&w=300,2026-09-23T13:49:22
zumo,Mercadona,Cocktail sabor caipirinha coco sin alcohol Pi.omka con zumo de lima,Botellín 250 Mililitros,"1,30 €",/ud.,1.3,https://prod-mercadona.imgix.net/images/e40129473bf72b22f6a5753230af0458.jpg?fit=crop&h=300&w=300,2026-09-23T13:49:22
zumo,Mercadona,Bebida zumo de manzana El Lagar sin alcohol,Botella 750 Mililitros,"2,50 €",/ud.,2.5,https://prod-mercadona.imgix.net/images/acfe7efe7f20ed703392a281c6849882.jpg?fit=crop&h=300&w=300,2026-09-23T13:49:22
zumo,Mercadona,Refresco té soluble limón Hacendado,Caja 12 sobres (36 g),"1,50 €",/ud.,1.5,https://prod-mercadona.imgix.net/images/473f2617f6e8af822ed6272868ba9f8b.jpg?fit=crop&h=300&w=300,2026-09-23T13:49:22
zumo,Mercadona,Cerveza Radler Steinburg con zumo natural de limón,Lata 330 Mililitros,"0,41 €",/ud.,0.41,https://prod-mercadona.imgix.net/images/32798f0a8258ef67adc9a84b940ea5f8.jpeg?fit=crop&h=300&w=300,2026-09-23T13:49:22
zumo,Mercadona,Piña en su jugo Hacendado rodajas,Bote 822 Gramos (490 Gramos escurrido),"2,10 €",/ud.,2.1,https://prod-mercadona.imgix.net/images/97966e339c1eb6e0151d67c9b4741fd4.jpg?fit=crop&h=300&w=300,2026-09-23T13:49:22
zumo,Mercadona,Piña,Pieza 2 Kilos aprox.,"4,00 €",/ud.,4.0,https://prod-mercadona.imgix.net/images/9dd42248e51d82317d3e48eaa166d56e.jpg?fit=crop&h=300&w=300,2026-09-23T13:49:22
zumo,Mercadona,Golosinas Rega Relli Hacendado rellena con zumo de fruta,Paquete 150 Gramos,"1,00 €",/ud.,1.0,https://prod-mercadona.imgix.net/images/a37b6faf18843776f449cedb50181b7c.jpg?fit=crop&h=300&w=300,2026-09-23T13:49:22
zumo,Mercadona,Refresco té verde Hacendado,"Botella 1,5 Litros","1,00 €",/ud.,1.0,https://prod-mercadona.imgix.net/images/2e4409f80f89f9b7afa0b644b8c7a5c8.jpg?fit=crop&h=300&w=300,2026-09-23T13:49:22
atún,Mercadona,Atún claro en aceite de oliva Hacendado,6 latas x 80 Gramos (60 Gramos escurrido),"4,90 €",/pack,4.9,https://prod-mercadona.imgix.net/images/003c8146e861ce8abd19032687b62da0.jpg?fit=crop&h=300&w=300,2026-09-23T13:49:31
atún,Mercadona,Atún claro al natural Hacendado,6 latas x 80 Gramos (60 Gramos escurrido),"4,20 €",/pack,4.2,https://prod-mercadona.imgix.net/images/956d1c5ec266d8ac6c94e6aa70335047.jpg?fit=crop&h=300&w=300,2026-09-23T13:49:31
atún,Mercadona,Atún claro en aceite de girasol Hacendado,6 latas x 80 Gramos (60 Gramos escurrido),"4,20 €",/pack,4.2,https://prod-mercadona.imgix.net/images/d8fdd0b8183829db2aa6f531bc008202.jpg?fit=crop&h=300&w=300,2026-09-23T13:49:31
atún,Mercadona,Atún claro en escabeche blanco Hacendado,6 latas x 80 Gramos (60 Gramos escurrido),"4,60 €",/pack,4.6,https://prod-mercadona.imgix.net/images/5204877d2125bea45a992fc002e97960.jpg?fit=crop&h=300&w=300,2026-09-23T13:49:31
atún,Mercadona,Atún en aceite de girasol Hacendado,Lata 900 Gramos (650 Gramos escurrido),"6,50 €",/ud.,6.5,https://prod-mercadona.imgix.net/images/2c06dcbb4643e6b4447d5d064c4eb6a5.jpg?fit=crop&h=300&w=300,2026-09-23T13:49:31
atún,Mercadona,Ventresca de atún claro en aceite de oliva Hacendado,Lata 111 Gramos (78 Gramos escurrido),"3,30 €",/ud.,3.3,https://prod-mercadona.imgix.net/images/5610e6403d50026b3d4ded454fc74dd7.jpg?fit=crop&h=300&w=300,2026-09-23T13:49:31
atún,Mercadona,Atún claro en aceite de oliva Hacendado,Bote 195 Gramos (140 Gramos escurrido),"3,70 €",/ud.,3.7,https://prod-mercadona.imgix.net/images/666079e35f5efa5f551aba0c2136ea8e.jpg?fit=crop&h=300&w=300,2026-09-23T13:49:31
atún,Mercadona,Atún claro en aceite de girasol Hacendado,3 latas x 80 Gramos (60 Gramos escurrido),"2,70 €",/pack,2.7,https://prod-mercadona.imgix.net/images/05c67043e6c2918b27b0d79ebfb99a7a.jpg?fit=crop&h=300&w=300,2026-09-23T13:49:31
atún,Mercadona,Atún en aceite de oliva Hacendado,Lata 900 Gramos (650 Gramos escurrido),"7,70 €",/ud.,7.7,https://prod-mercadona.imgix.net/images/890912ced7f8be4da5455ca493729892.jpeg?fit=crop&h=300&w=300,2026-09-23T13:49:31
atún,Mercadona,Atún listado al natural Hacendado,Lata 385 Gramos (270 Gramos escurrido),"3,00 €",/ud.,3.0,https://prod-mercadona.imgix.net/images/2081279781b45dc5b89ebb64a9b0b4f3.jpeg?fit=crop&h=300&w=300,2026-09-23T13:49:31
atún,Mercadona,Sardinillas en aceite de oliva Hacendado,2 latas x 90 Gramos (65 Gramos escurrido),"2,15 €",/pack,2.15,https://prod-mercadona.imgix.net/images/1f36c7f7b11b4527ca9171efdcef237a.jpg?fit=crop&h=300&w=300,2026-09-23T13:49:31
atún,Mercadona,Filetes de caballa del sur en aceite de oliva Hacendado,2 latas x 120 Gramos (85 Gramos escurrido),"2,70 €",/pack,2.7,https://prod-mercadona.imgix.net/images/a092a30536edf17460eace014bbfdfcf.jpg?fit=crop&h=300&w=300,2026-09-23T13:49:31
atún,Mercadona,Empanada de atún,Pieza 500 Gramos,"3,50 €",/ud.,3.5,https://prod-mercadona.imgix.net/images/af643679aebe19a4769c91976f9585b1.jpg?fit=crop&h=300&w=300,2026-09-23T13:49:31
atún,Mercadona,Atún claro en aceite de oliva Hacendado,Lata 111 Gramos (82 Gramos escurrido),"1,55 €",/ud.,1.55,https://prod-mercadona.imgix.net/images/ff946d98e9578c45513cbf77bbf4127d.jpg?fit=crop&h=300&w=300,2026-09-23T13:49:31
atún,Mercadona,Atún en salsa de tomate Hacendado,3 latas x 80 Gramos (52 Gramos escurrido),"2,10 €",/pack,2.1,https://prod-mercadona.imgix.net/images/c9071d53ff875259f5093059e17a732b.jpg?fit=crop&h=300&w=300,2026-09-23T13:49:31
atún,Mercadona,Empanadillas de atún Hacendado ultracongeladas,Caja 500 Gramos,"1,90 €",/ud.,1.9,https://prod-mercadona.imgix.net/images/9b146c9fe9a7f3988138b8d9626eab95.jpg?fit=crop&h=300&w=300,2026-09-23T13:49:31
atún,Mercadona,Rodajas de atún de aleta amarilla Hacendado congelado,Bandeja 250 Gramos aprox.,"4,38 €",/ud.,4.38,https://prod-mercadona.imgix.net/images/2044dea67f3208de4b6c1cc55a693b7e.jpg?fit=crop&h=300&w=300,2026-09-23T13:49:31
atún,Mercadona,Filetes de melva en aceite de oliva Hacendado,Lata 120 Gramos (80 Gramos escurrido),"1,85 €",/ud.,1.85,https://prod-mercadona.imgix.net/images/81891326085ae9267ea256fca9001d73.jpg?fit=crop&h=300&w=300,2026-09-23T13:49:31
atún,Mercadona,Pizza atún y bacón Hacendado,415 Gramos,"2,90 €",/ud.,2.9,https://prod-mercadona.imgix.net/images/2350a88000eea41111d5194750894d11.jpg?fit=crop&h=300&w=300,2026-09-23T13:49:31
atún,Mercadona,Sardinillas reducidas en sal en aceite de oliva Hacendado,2 latas x 90 Gramos (65 Gramos escurrido),"2,15 €",/pack,2.15,https://prod-mercadona.imgix.net/images/50ed9a5e452499dc949cd76af9138024.jpg?fit=crop&h=300&w=300,2026-09-23T13:49:31
atún,Mercadona,Pizza atún Hacendado ultracongelada,390 Gramos,"2,60 €",/ud.,2.6,https://prod-mercadona.imgix.net/images/2bf1995aecec3ff82c389476ae81e874.jpg?fit=crop&h=300&w=300,2026-09-23T13:49:31
atún,Mercadona,Sardinillas en tomate Hacendado,2 latas x 90 Gramos (65 Gramos escurrido),"1,75 €",/pack,1.75,https://prod-mercadona.imgix.net/images/aff82c8f60e81628279ad09c64dba7cc.jpeg?fit=crop&h=300&w=300,2026-09-23T13:49:31
atún,Mercadona,Pizza atún y bacón Hacendado,2 Unidades x 220 Gramos,"2,90 €",/pack,2.9,https://prod-mercadona.imgix.net/images/f9cd7c45b880709a4b1f001dd0ae68f5.jpg?fit=crop&h=300&w=300,2026-09-23T13:49:31
atún,Mercadona,Salmón al natural Hacendado,3 latas x 80 Gramos (50 Gramos escurrido),"3,55 €",/pack,3.55,https://prod-mercadona.imgix.net/images/132349e85d92574b06ec1ecd52a1cfa4.jpg?fit=crop&h=300&w=300,2026-09-23T13:49:31
atún,Mercadona,Pastel de atún Hacendado,Bandeja 260 Gramos,"2,90 €",/ud.,2.9,https://prod-mercadona.imgix.net/images/553311bfca2491a21960ac02722bdc46.jpg?fit=crop&h=300&w=300,2026-09-23T13:49:31
atún,Mercadona,Empanada de atún grande,"Pieza 1,12 Kilos","7,20 €",/ud.,7.2,https://prod-mercadona.imgix.net/images/7db27ca0b22ffa3d9ebf1db18bf2392e.jpg?fit=crop&h=300&w=300,2026-09-23T13:49:31
atún,Mercadona,Bonito del norte en aceite de oliva Hacendado,2 latas x 111 Gramos (73 Gramos escurrido),"3,20 €",/pack,3.2,https://prod-mercadona.imgix.net/images/ab5f6221766e916ed6f7427b29a9666c.jpg?fit=crop&h=300&w=300,2026-09-23T13:49:31
atún,Mercadona,Migas de bonito del norte en aceite de oliva Hacendado,3 latas x 80 Gramos (52 Gramos escurrido),"2,90 €",/pack,2.9,https://prod-mercadona.imgix.net/images/3b949ee5f292d0a72a9e4ecdf293499a.jpg?fit=crop&h=300&w=300,2026-09-23T13:49:31
atún,Mercadona,Calamar en tinta Hacendado,3 latas x 80 Gramos (59 Gramos escurrido),"3,10 €",/pack,3.1,https://prod-mercadona.imgix.net/images/67be86dbd75f714dc99d72bc71da27e5.jpg?fit=crop&h=300&w=300,2026-09-23T13:49:31
atún,Mercadona,Lasaña de atún Hacendado ultracongelada,Caja 2 bandejas (600 g),"3,66 €",/ud.,3.66,https://prod-mercadona.imgix.net/images/0d9f43e80c095ffae34b75a073ee5c05.jpeg?fit=crop&h=300&w=300,2026-09-23T13:49:31
atún,Mercadona,Empanadilla de atún,Pieza 125 Gramos,"1,30 €",/ud.,1.3,https://prod-mercadona.imgix.net/images/f1306bdb6ec098d1b05b7d02039e19de.jpg?fit=crop&h=300&w=300,2026-09-23T13:49:31
atún,Mercadona,Sándwich atún y huevo Hacendado,Paquete 185 Gramos,"1,80 €",/ud.,1.8,https://prod-mercadona.imgix.net/images/e2ac23455fdd4a64d98288512bb8d717.jpeg?fit=crop&h=300&w=300,2026-09-23T13:49:31
atún,Mercadona,Rodajas de atún de aleta amarilla descongelada,Bandeja 235 Gramos aprox.,"5,23 €",/ud.,5.23,https://prod-mercadona.imgix.net/images/3575d37231fa5c37125c3fd65d2d6143.jpeg?fit=crop&h=300&w=300,2026-09-23T13:49:31
atún,Mercadona,Sardinillas picantes en aceite de girasol Hacendado,2 latas x 90 Gramos (65 Gramos escurrido),"1,90 €",/pack,1.9,https://prod-mercadona.imgix.net/images/0e433275266c537dffe8c7be183ccae9.jpeg?fit=crop&h=300&w=300,2026-09-23T13:49:31
atún,Mercadona,Filetes de bonito del norte en aceite de oliva Hacendado,Tarro 400 Gramos (280 Gramos escurrido),"8,10 €",/ud.,8.1,https://prod-mercadona.imgix.net/images/b565c6df3e0976c383af67fe0d43f86a.jpg?fit=crop&h=300&w=300,2026-09-23T13:49:31
atún,Mercadona,Calamar en salsa americana Hacendado,3 latas x 80 Gramos (59 Gramos escurrido),"2,70 €",/pack,2.7,https://prod-mercadona.imgix.net/images/be78962e131f47461a624d57da86ddc9.jpg?fit=crop&h=300&w=300,2026-09-23T13:49:31
atún,Mercadona,Bonito del norte en escabeche Hacendado,Lata 190 Gramos (140 Gramos escurrido),"3,45 €",/ud.,3.45,https://prod-mercadona.imgix.net/images/10b3b536abf3bacd07e04a6b3ddd9724.jpg?fit=crop&h=300&w=300,2026-09-23T13:49:31
atún,Mercadona,Sardinillas en escabeche Hacendado,2 latas x 90 Gramos (65 Gramos escurrido),"2,05 €",/pack,2.05,https://prod-mercadona.imgix.net/images/a1e41e90d8bd21c183b579fa8b142160.jpeg?fit=crop&h=300&w=300,2026-09-23T13:49:31
atún,Mercadona,Filetes de caballa del sur contenido reducido en sal Hacendado en aceite de oliva,2 latas x 120 Gramos (85 Gramos escurrido),"3,20 €",/pack,3.2,https://prod-mercadona.imgix.net/images/a95d6e92f16721a1b18a8f918528f400.jpg?fit=crop&h=300&w=300,2026-09-23T13:49:31
atún,Mercadona,Paté de lomo de atún Hacendado,3 latas x 100 Gramos,"2,30 €",/pack,2.3,https://prod-mercadona.imgix.net/images/0428282db1384b9be1659122bd8d5590.jpg?fit=crop&h=300&w=300,2026-09-23T13:49:31
atún,Mercadona,Filetes de caballa del sur en tomate Hacendado,2 latas x 120 Gramos (82 Gramos escurrido),"2,60 €",/pack,2.6,https://prod-mercadona.imgix.net/images/1e8f32465308a61957c796d36f81054d.jpeg?fit=crop&h=300&w=300,2026-09-23T13:49:31
atún,Mercadona,"Comida con salmón, atún, frutas y verduras gato adulto Compy",Paquete 2 Kilos,"3,10 €",/ud.,3.1,https://prod-mercadona.imgix.net/images/764a33a1b6853219cb817ad773e5c3b0.jpg?fit=crop&h=300&w=300,2026-09-23T13:49:31
atún,Mercadona,"Comida con salmón, atún, frutas y verduras gato adulto Compy",Paquete 10 Kilos,"13,50 €",/ud.,13.5,https://prod-mercadona.imgix.net/images/6f1887f41173ce0384b03771a1ba57b0.jpg?fit=crop&h=300&w=300,2026-09-23T13:49:31
atún,Mercadona,Tacos de pota al ajillo Hacendado,3 latas x 80 Gramos (54 Gramos escurrido),"3,20 €",/pack,3.2,https://prod-mercadona.imgix.net/images/1dfdcb446d3e87cdbe9bb30e91a73581.jpeg?fit=crop&h=300&w=300,2026-09-23T13:49:31
atún,Mercadona,Filetes de melva canutera con pimientos del piquillo Hacendado en aceite de oliva,Lata 90 Gramos (65 Gramos escurrido),"1,80 €",/ud.,1.8,https://prod-mercadona.imgix.net/images/445a01e2f758999022716b69d4adb597.jpg?fit=crop&h=300&w=300,2026-09-23T13:49:31
atún,Mercadona,"Comida con salmón, atún, frutas y verduras perro adulto Compy",Paquete 4 Kilos,"6,75 €",/ud.,6.75,https://prod-mercadona.imgix.net/images/446cdbe46949a7e64c7569b4cfda92ec.jpg?fit=crop&h=300&w=300,2026-09-23T13:49:31
atún,Mercadona,Chipirones rellenos enteros en aceite de girasol Hacendado,Lata 115 Gramos (72 Gramos escurrido),"2,45 €",/ud.,2.45,https://prod-mercadona.imgix.net/images/32e0c0696fccdd8b73eedad6da427e5d.jpeg?fit=crop&h=300&w=300,2026-09-23T13:49:31
garbanzos,Mercadona,Garbanzo cocido Hacendado,Tarro 570 Gramos (400 Gramos escurrido),"0,80 €",/ud.,0.8,https://prod-mercadona.imgix.net/images/b8b807948038c4b64791632f799e9bd8.jpg?fit=crop&h=300&w=300,2026-09-23T13:49:39
garbanzos,Mercadona,Garbanzo cocido Pedrosillano Hacendado,Tarro 570 Gramos (400 Gramos escurrido),"0,90 €",/ud.,0.9,https://prod-mercadona.imgix.net/images/d3a3751f303595a3ff36d87de9730597.jpg?fit=crop&h=300&w=300,2026-09-23T13:49:39
garbanzos,Mercadona,Garbanzo cocido Hacendado,Tarro 295 Gramos (210 Gramos escurrido),"0,75 €",/ud.,0.75,https://prod-mercadona.imgix.net/images/66cff189ab481a314894b2ca6c1a5ff3.jpg?fit=crop&h=300&w=300,2026-09-23T13:49:39
garbanzos,Mercadona,Garbanzo pedrosillano Hacendado,Paquete 1 Kilo,"1,90 €",/ud.,1.9,https://prod-mercadona.imgix.net/images/8923c533a48d54569991db58d2571cfb.jpg?fit=crop&h=300&w=300,2026-09-23T13:49:39
garbanzos,Mercadona,Hummus de garbanzos Hacendado receta clásica,Tarrina 240 Gramos,"1,05 €",/ud.,1.05,https://prod-mercadona.imgix.net/images/b7e088db663b6315a397f75514dc4d61.jpg?fit=crop&h=300&w=300,2026-09-23T13:49:39
garbanzos,Mercadona,Garbanzo lechoso Andaluz Hacendado,Paquete 1 Kilo,"2,50 €",/ud.,2.5,https://prod-mercadona.imgix.net/images/67571a2b439d77ba4bdab208c51a5320.jpg?fit=crop&h=300&w=300,2026-09-23T13:49:39
garbanzos,Mercadona,Garbanzos a la jardinera Hacendado,Bote 420 Gramos,"1,20 €",/ud.,1.2,https://prod-mercadona.imgix.net/images/96d0a66dd959f41d8ad589e81c42bfcf.jpg?fit=crop&h=300&w=300,2026-09-23T13:49:39
garbanzos,Mercadona,Garbanzo Hacendado,Paquete 1 Kilo,"2,15 €",/ud.,2.15,https://prod-mercadona.imgix.net/images/b917e6a5deaec485bc558150c129b2a1.jpg?fit=crop&h=300&w=300,2026-09-23T13:49:39
garbanzos,Mercadona,Garbanzos a la riojana Hacendado,Bote 420 Gramos,"1,35 €",/ud.,1.35,https://prod-mercadona.imgix.net/images/a457a8d635eb1c41f1ceb5df904b0441.jpg?fit=crop&h=300&w=300,2026-09-23T13:49:39
garbanzos,Mercadona,Hummus de garbanzos Hacendado con pimiento del piquillo asado,Tarrina 240 Gramos,"1,45 €",/ud.,1.45,https://prod-mercadona.imgix.net/images/3770ffe361f92836ab96d4fa43b0b196.jpg?fit=crop&h=300&w=300,2026-09-23T13:49:39
garbanzos,Mercadona,Altramuces Hacendado,Tarro 690 Gramos (440 Gramos escurrido),"1,75 €",/ud.,1.75,https://prod-mercadona.imgix.net/images/3bd320aac32dbccb97c0ac590a74dbf2.jpg?fit=crop&h=300&w=300,2026-09-23T13:49:39
garbanzos,Mercadona,Harina de garbanzo Hacendado,Paquete 500 Gramos,"2,00 €",/ud.,2.0,https://prod-mercadona.imgix.net/images/618e741aec78f29e6da87ec913990715.jpg?fit=crop&h=300&w=300,2026-09-23T13:49:39
garbanzos,Mercadona,Garrofón Hacendado ultracongelado,Paquete 450 Gramos,"1,55 €",/ud.,1.55,https://prod-mercadona.imgix.net/images/39b7229d22631670ed2d2be1a0785d54.jpg?fit=crop&h=300&w=300,2026-09-23T13:49:39
aceite,Mercadona,Aceite de oliva virgen extra Hacendado,Botella 1 Litro,"4,70 €",/ud.,4.7,https://prod-mercadona.imgix.net/images/a5648e373920a10023a7ab6304eb0dc0.jpg?fit=crop&h=300&w=300,2026-09-23T13:49:48
aceite,Mercadona,"Aceite de girasol refinado 0,2º Hacendado",Botella 1 Litro,"1,85 €",/ud.,1.85,https://prod-mercadona.imgix.net/images/3de50b8eb0dd7aedd0c8a7da4bd2de31.jpg?fit=crop&h=300&w=300,2026-09-23T13:49:48
aceite,Mercadona,"Aceite de oliva 0,4º Hacendado",Botella 1 Litro,"3,80 €",/ud.,3.8,https://prod-mercadona.imgix.net/images/65c2349950feb1958362e06217003b10.jpg?fit=crop&h=300&w=300,2026-09-23T13:49:48
aceite,Mercadona,Aceite de oliva virgen extra Hacendado,Garrafa 3 Litros,"13,55 €",/ud.,13.55,https://prod-mercadona.imgix.net/images/cd149804838dc230dad3c2a314cf2286.jpg?fit=crop&h=300&w=300,2026-09-23T13:49:48
aceite,Mercadona,Aceite de oliva virgen extra Hacendado,Spray 200 Mililitros,"2,60 €",/ud.,2.6,https://prod-mercadona.imgix.net/images/efb4b2c1a0e2cb8d9d522a815c295fa0.jpg?fit=crop&h=300&w=300,2026-09-23T13:49:48
aceite,Mercadona,"Aceite de girasol refinado 0,2º Hacendado",Garrafa 5 Litros,"8,60 €",/ud.,8.6,https://prod-mercadona.imgix.net/images/e6398afba1d032d2e1c0489fd727d2f6.jpg?fit=crop&h=300&w=300,2026-09-23T13:49:48
aceite,Mercadona,"Aceite de oliva 0,4º Hacendado",Garrafa 5 Litros,"17,75 €",/ud.,17.75,https://prod-mercadona.imgix.net/images/3b8cde7b3cb069ee0316029012cf8562.jpg?fit=crop&h=300&w=300,2026-09-23T13:49:48
aceite,Mercadona,Aceite de oliva virgen extra Picual Casa Juncal,Botella 500 Mililitros,"4,85 €",/ud.,4.85,https://prod-mercadona.imgix.net/images/218712ed55645f7f5a0eb8f40d96aea0.jpg?fit=crop&h=300&w=300,2026-09-23T13:49:48
aceite,Mercadona,Atún claro en aceite de oliva Hacendado,6 latas x 80 Gramos (60 Gramos escurrido),"4,90 €",/pack,4.9,https://prod-mercadona.imgix.net/images/003c8146e861ce8abd19032687b62da0.jpg?fit=crop&h=300&w=300,2026-09-23T13:49:48
aceite,Mercadona,Aceite de oliva virgen extra Hacendado Gran Selección,Botella 750 Mililitros,"5,75 €",/ud.,5.75,https://prod-mercadona.imgix.net/images/c60e6e09dc2037a291515d3b15af376c.jpg?fit=crop&h=300&w=300,2026-09-23T13:49:48
aceite,Mercadona,Aceite de oliva virgen Hacendado,Botella 1 Litro,"4,20 €",/ud.,4.2,https://prod-mercadona.imgix.net/images/a6b5607809fdd257ffd5e778791bdc6a.jpg?fit=crop&h=300&w=300,2026-09-23T13:49:48
aceite,Mercadona,Guacamole Hacendado,Tarrina 200 Gramos,"1,80 €",/ud.,1.8,https://prod-mercadona.imgix.net/images/66c3481e7af13e610aa808949d18a5f3.jpg?fit=crop&h=300&w=300,2026-09-23T13:49:48
aceite,Mercadona,Aceite de oliva virgen Hacendado,Garrafa 3 Litros,"12,00 €",/ud.,12.0,https://prod-mercadona.imgix.net/images/5b2daa7ddeb496942b974d178bf3a47d.jpg?fit=crop&h=300&w=300,2026-09-23T13:49:48
aceite,Mercadona,Tomate frito Hacendado con aceite de oliva,3 mini briks x 210 Gramos,"1,40 €",/pack,1.4,https://prod-mercadona.imgix.net/images/bac47a7f2186be4ef7b42b3fbc3775d6.jpg?fit=crop&h=300&w=300,2026-09-23T13:49:48
aceite,Mercadona,Sal fina Hacendado,Paquete 1 Kilo,"0,40 €",/ud.,0.4,https://prod-mercadona.imgix.net/images/5097b3d7450edab7c2d9586299f5f3b9.jpg?fit=crop&h=300&w=300,2026-09-23T13:49:48
aceite,Mercadona,Aceite de coco virgen Hacendado,Bote 450 Mililitros,"5,25 €",/ud.,5.25,https://prod-mercadona.imgix.net/images/2fe6ba84f4e3783e1e57c42903035bd3.jpg?fit=crop&h=300&w=300,2026-09-23T13:49:48
aceite,Mercadona,Sardinillas en aceite de oliva Hacendado,2 latas x 90 Gramos (65 Gramos escurrido),"2,15 €",/pack,2.15,https://prod-mercadona.imgix.net/images/1f36c7f7b11b4527ca9171efdcef237a.jpg?fit=crop&h=300&w=300,2026-09-23T13:49:48
aceite,Mercadona,Aceite de oliva 1º Hacendado,Garrafa 5 Litros,"17,75 €",/ud.,17.75,https://prod-mercadona.imgix.net/images/340603f72b335443e93eeb027630e9ad.jpg?fit=crop&h=300&w=300,2026-09-23T13:49:48
aceite,Mercadona,Sal yodada fina Hacendado,Paquete 1 Kilo,"0,45 €",/ud.,0.45,https://prod-mercadona.imgix.net/images/409a53c0327dff2c4b91e6b4c58efa42.jpg?fit=crop&h=300&w=300,2026-09-23T13:49:48
aceite,Mercadona,Aceite de oliva 1º Hacendado,Botella 1 Litro,"4,00 €",/ud.,4.0,https://prod-mercadona.imgix.net/images/fe860edbcbb7504d90ad34af0b93b6d7.jpg?fit=crop&h=300&w=300,2026-09-23T13:49:48
aceite,Mercadona,Atún claro en aceite de girasol Hacendado,6 latas x 80 Gramos (60 Gramos escurrido),"4,20 €",/pack,4.2,https://prod-mercadona.imgix.net/images/d8fdd0b8183829db2aa6f531bc008202.jpg?fit=crop&h=300&w=300,2026-09-23T13:49:48
aceite,Mercadona,Aceite de oliva virgen extra Hacendado,Garrafa 5 Litros,"19,00 €",/ud.,19.0,https://prod-mercadona.imgix.net/images/50bf05160abdd828fa4a6f9db898b50a.jpg?fit=crop&h=300&w=300,2026-09-23T13:49:48
aceite,Mercadona,Limón exprimido Hacendado,Botella 280 Mililitros,"1,40 €",/ud.,1.4,https://prod-mercadona.imgix.net/images/1910ee61299100e2bca29c2b39fab7a5.jpg?fit=crop&h=300&w=300,2026-09-23T13:49:48
aceite,Mercadona,Vinagre de vino blanco Hacendado,Botella 1 Litro,"0,65 €",/ud.,0.65,https://prod-mercadona.imgix.net/images/44c1552cc9f3945d63d01565d313846c.jpg?fit=crop&h=300&w=300,2026-09-23T13:49:48
aceite,Mercadona,Vinagre de manzana Hacendado,Botella 1 Litro,"0,90 €",/ud.,0.9,https://prod-mercadona.imgix.net/images/6803f40bdcd3d9b3be574bcee41399f4.jpg?fit=crop&h=300&w=300,2026-09-23T13:49:48
aceite,Mercadona,Orégano Hacendado,Bote 25 Gramos,"1,00 €",/ud.,1.0,https://prod-mercadona.imgix.net/images/20a564cf97b2b9662bb7727d6008ed69.jpg?fit=crop&h=300&w=300,2026-09-23T13:49:48
aceite,Mercadona,Aliño de aceite con perejil y ajo Hacendado,Tarrina 150 Mililitros,"1,80 €",/ud.,1.8,https://prod-mercadona.imgix.net/images/7582550ed8c16126b739f1352fa53f6e.jpg?fit=crop&h=300&w=300,2026-09-23T13:49:48
aceite,Mercadona,Aceite de Ricino Deliplus,Bote 30 Mililitros,"2,95 €",/ud.,2.95,https://prod-mercadona.imgix.net/images/fc6ee2aef0e5948f98ed863f05d48ea9.jpg?fit=crop&h=300&w=300,2026-09-23T13:49:48
aceite,Mercadona,Aceite corporal aloe vera Deliplus,Bote 400 Mililitros,"1,60 €",/ud.,1.6,https://prod-mercadona.imgix.net/images/76a23c276b7c9273382d278ac4fab212.jpg?fit=crop&h=300&w=300,2026-09-23T13:49:48
aceite,Mercadona,Guacamole Hacendado,Tarrina 500 Gramos,"3,95 €",/ud.,3.95,https://prod-mercadona.imgix.net/images/5c3a7d00a6c79339f48bae00593089ed.jpg?fit=crop&h=300&w=300,2026-09-23T13:49:48
aceite,Mercadona,Bicarbonato de sódio Hacendado,Paquete 1 Kilo,"1,45 €",/ud.,1.45,https://prod-mercadona.imgix.net/images/5ae57e0348cf657e21ffa47ad36ea448.jpg?fit=crop&h=300&w=300,2026-09-23T13:49:48
aceite,Mercadona,Regañá Hacendado,Paquete 250 Gramos,"1,05 €",/ud.,1.05,https://prod-mercadona.imgix.net/images/25b45637d60017a6943cceb6ca780eb8.jpg?fit=crop&h=300&w=300,2026-09-23T13:49:48
aceite,Mercadona,Salsa Pesto con albahaca Hacendado,Tarro 190 Gramos,"1,95 €",/ud.,1.95,https://prod-mercadona.imgix.net/images/92e34ebb5311251402c7009b282835b6.jpg?fit=crop&h=300&w=300,2026-09-23T13:49:48
aceite,Mercadona,Perejil Hacendado,Bote 18 Gramos,"1,00 €",/ud.,1.0,https://prod-mercadona.imgix.net/images/b2bc740ba01dd6f5b0c62f44a5557dee.jpg?fit=crop&h=300&w=300,2026-09-23T13:49:48
aceite,Mercadona,Hoja de laurel Hacendado,Paquete 12 Gramos,"0,85 €",/ud.,0.85,https://prod-mercadona.imgix.net/images/4bce6bcc4f7a9880f0ee238f3e27003d.jpeg?fit=crop&h=300&w=300,2026-09-23T13:49:48
aceite,Mercadona,Aceite corporal de almendras Deliplus 100% natural,Bote 200 Mililitros,"3,40 €",/ud.,3.4,https://prod-mercadona.imgix.net/images/540b2c7636d8a7b332bfa47583ed71b9.jpg?fit=crop&h=300&w=300,2026-09-23T13:49:48
aceite,Mercadona,Salsa Light Hacendado,Bote 490 Mililitros,"1,35 €",/ud.,1.35,https://prod-mercadona.imgix.net/images/b5dc1f61915220fb90a23d411bede969.jpg?fit=crop&h=300&w=300,2026-09-23T13:49:48
aceite,Mercadona,Tortas de aceite Inés Rosales,Paquete 6 Unidades (180 g),"2,15 €",/ud.,2.15,https://prod-mercadona.imgix.net/images/bcb8a5cfcad3ae65cbb352ddf3ecb3f4.jpg?fit=crop&h=300&w=300,2026-09-23T13:49:48
aceite,Mercadona,Atún en aceite de girasol Hacendado,Lata 900 Gramos (650 Gramos escurrido),"6,50 €",/ud.,6.5,https://prod-mercadona.imgix.net/images/2c06dcbb4643e6b4447d5d064c4eb6a5.jpg?fit=crop&h=300&w=300,2026-09-23T13:49:48
aceite,Mercadona,Salsa fresca Pesto con albahaca Hacendado,Tarrina 150 Gramos,"1,90 €",/ud.,1.9,https://prod-mercadona.imgix.net/images/8fb9b98cc697b51cc7cd933970c9296a.jpg?fit=crop&h=300&w=300,2026-09-23T13:49:48
aceite,Mercadona,Aceite corporal rosa mosqueta Deliplus,Bote 30 Mililitros,"4,80 €",/ud.,4.8,https://prod-mercadona.imgix.net/images/cd7948cffa7ee9e056e11906b3321897.jpg?fit=crop&h=300&w=300,2026-09-23T13:49:48
aceite,Mercadona,Ajo y Perejil Hacendado,Bote 74 Gramos,"1,35 €",/ud.,1.35,https://prod-mercadona.imgix.net/images/eb87b609baabad143d6cf74cebfc589e.jpg?fit=crop&h=300&w=300,2026-09-23T13:49:48
aceite,Mercadona,Filetes de melva en aceite de oliva Hacendado,Lata 120 Gramos (80 Gramos escurrido),"1,85 €",/ud.,1.85,https://prod-mercadona.imgix.net/images/81891326085ae9267ea256fca9001d73.jpg?fit=crop&h=300&w=300,2026-09-23T13:49:48
aceite,Mercadona,Filetes de anchoa en aceite de oliva Hacendado,3 bandejas x 40 Gramos (29 Gramos escurrido),"2,80 €",/pack,2.8,https://prod-mercadona.imgix.net/images/e96b227b0623ad993f6595fe117dbca5.jpg?fit=crop&h=300&w=300,2026-09-23T13:49:48
aceite,Mercadona,Boquerones en vinagre Hacendado en aceite de girasol,Bandeja 80 Gramos (60 Gramos escurrido),"1,60 €",/ud.,1.6,https://prod-mercadona.imgix.net/images/9595020a85dd8fcd551d2f8c27493028.jpg?fit=crop&h=300&w=300,2026-09-23T13:49:48
aceite,Mercadona,Filetes de caballa del sur en aceite de oliva Hacendado,2 latas x 120 Gramos (85 Gramos escurrido),"2,70 €",/pack,2.7,https://prod-mercadona.imgix.net/images/a092a30536edf17460eace014bbfdfcf.jpg?fit=crop&h=300&w=300,2026-09-23T13:49:48
aceite,Mercadona,Atún en aceite de oliva Hacendado,Lata 900 Gramos (650 Gramos escurrido),"7,70 €",/ud.,7.7,https://prod-mercadona.imgix.net/images/890912ced7f8be4da5455ca493729892.jpeg?fit=crop&h=300&w=300,2026-09-23T13:49:48
aceite,Mercadona,Vinagre balsámico de Módena Hacendado,Botella 500 Mililitros,"2,30 €",/ud.,2.3,https://prod-mercadona.imgix.net/images/ad2f9e12b1b52d36e022e0164652021a.jpg?fit=crop&h=300&w=300,2026-09-23T13:49:48
aceite,Mercadona,Pimienta negra molida Hacendado,Bote 70 Gramos,"1,30 €",/ud.,1.3,https://prod-mercadona.imgix.net/images/905e76fd8f59b3931ae5e2c586c4a9f5.jpg?fit=crop&h=300&w=300,2026-09-23T13:49:48
aceite,Mercadona,Salsa de tomate con Albahaca Hacendado,Tarro 400 Gramos,"1,50 €",/ud.,1.5,https://prod-mercadona.imgix.net/images/0e502392ac037a1aefa8b4ed789485fb.jpg?fit=crop&h=300&w=300,2026-09-23T13:49:48
aceite,Mercadona,Pimentón dulce de la Vera Hacendado,Bote 75 Gramos,"1,85 €",/ud.,1.85,https://prod-mercadona.imgix.net/images/95891266ea34b4f24317e20b64344639.jpg?fit=crop&h=300&w=300,2026-09-23T13:49:48
aceite,Mercadona,Crema de vinagre balsámico de Módena Hacendado,Botella 250 Gramos,"1,80 €",/ud.,1.8,https://prod-mercadona.imgix.net/images/883340a038ef8c74f085947925aabae5.jpg?fit=crop&h=300&w=300,2026-09-23T13:49:48
aceite,Mercadona,Aceite en crema corporal Fussion Oriental Deliplus,Bote 250 Mililitros,"3,00 €",/ud.,3.0,https://prod-mercadona.imgix.net/images/f46095d808583dc7443ef3bc3739fda1.jpg?fit=crop&h=300&w=300,2026-09-23T13:49:48
aceite,Mercadona,Tomate para untar Hacendado con aceite de oliva,Tarro 180 Gramos,"0,95 €",/ud.,0.95,https://prod-mercadona.imgix.net/images/2c1a04607508e5a28a7ec775b9558aec.jpg?fit=crop&h=300&w=300,2026-09-23T13:49:48
aceite,Mercadona,Sazonador para fajitas Hacendado sabor tex-mex,Sobre 17 Gramos,"0,90 €",/ud.,0.9,https://prod-mercadona.imgix.net/images/b20a3a1c3971641d5aa0d0014fa03c05.jpg?fit=crop&h=300&w=300,2026-09-23T13:49:48
aceite,Mercadona,Pimentón dulce Hacendado,Bote 75 Gramos,"1,30 €",/ud.,1.3,https://prod-mercadona.imgix.net/images/fa8610da91855ce1394dcac73c68220e.jpg?fit=crop&h=300&w=300,2026-09-23T13:49:48
aceite,Mercadona,Sal gruesa Hacendado,Paquete 1 Kilo,"0,40 €",/ud.,0.4,https://prod-mercadona.imgix.net/images/8b9798cc6f23201e8191711f58368727.jpg?fit=crop&h=300&w=300,2026-09-23T13:49:48
aceite,Mercadona,Ventresca de atún claro en aceite de oliva Hacendado,Lata 111 Gramos (78 Gramos escurrido),"3,30 €",/ud.,3.3,https://prod-mercadona.imgix.net/images/5610e6403d50026b3d4ded454fc74dd7.jpg?fit=crop&h=300&w=300,2026-09-23T13:49:48
aceite,Mercadona,Escamas de sal marina natural Polasal,Bote 125 Gramos,"2,00 €",/ud.,2.0,https://prod-mercadona.imgix.net/images/36bc3658a807997961ec5fda23dd948e.jpg?fit=crop&h=300&w=300,2026-09-23T13:49:48
aceite,Mercadona,Atún claro en aceite de oliva Hacendado,Bote 195 Gramos (140 Gramos escurrido),"3,70 €",/ud.,3.7,https://prod-mercadona.imgix.net/images/666079e35f5efa5f551aba0c2136ea8e.jpg?fit=crop&h=300&w=300,2026-09-23T13:49:48
detergente,Mercadona,Detergente ropa jabón natural de Marsella Bosque Verde líquido,Botella 50 lavados (3 L),"3,50 €",/ud.,3.5,https://prod-mercadona.imgix.net/images/102bbb82bf71a7846528e2d2daef4567.jpeg?fit=crop&h=300&w=300,2026-09-23T13:49:57
detergente,Mercadona,Detergente ropa Frescura Bosque Verde líquido,Botella 50 lavados (3 L),"3,50 €",/ud.,3.5,https://prod-mercadona.imgix.net/images/c07f239cc2c76fea1f2c71b1b6a60367.jpg?fit=crop&h=300&w=300,2026-09-23T13:49:57
detergente,Mercadona,Detergente ropa Blanca y de Color Bosque Verde líquido,Botella 50 lavados (3 L),"5,85 €",/ud.,5.85,https://prod-mercadona.imgix.net/images/a6b5023c46b3a1f230230cc88db78c09.jpeg?fit=crop&h=300&w=300,2026-09-23T13:49:57
detergente,Mercadona,Detergente ropa Ariel líquido,"Botella 30 lavados (1,35 L)","7,95 €",/ud.,7.95,https://prod-mercadona.imgix.net/images/0903e7cc7f3b7b746b5423037fad8865.jpg?fit=crop&h=300&w=300,2026-09-23T13:49:57
detergente,Mercadona,Detergente ropa Colonia Hipoalergénico Bosque Verde líquido,Botella 50 lavados (3 L),"3,50 €",/ud.,3.5,https://prod-mercadona.imgix.net/images/f5b64f6a4c89b0bd1fb736fb98b51952.jpg?fit=crop&h=300&w=300,2026-09-23T13:49:57
detergente,Mercadona,Detergente ropa blanca y color Bosque Verde en cápsulas,Caja 24 cápsulas (528 g),"4,65 €",/ud.,4.65,https://prod-mercadona.imgix.net/images/bf4a9874d690566300dc4d9ef9582a0c.jpg?fit=crop&h=300&w=300,2026-09-23T13:49:57
detergente,Mercadona,Lejía Perfumada con detergente limón Bosque Verde,Botella 2 Litros,"1,15 €",/ud.,1.15,https://prod-mercadona.imgix.net/images/090b5f559b111d8776d31b4ef29226d4.jpg?fit=crop&h=300&w=300,2026-09-23T13:49:57
detergente,Mercadona,Lejía Perfumada con detergente Bosque Verde,Botella 2 Litros,"1,15 €",/ud.,1.15,https://prod-mercadona.imgix.net/images/1e6ba2eaf9402a42dfa4e8a053dc88e8.jpg?fit=crop&h=300&w=300,2026-09-23T13:49:57
detergente,Mercadona,Detergente ropa jabón de Marsella Bosque Verde en polvo,"Caja 50 lavados (2,75 kg)","5,90 €",/ud.,5.9,https://prod-mercadona.imgix.net/images/9bd953189306103748aaec9fe8d1097c.jpg?fit=crop&h=300&w=300,2026-09-23T13:49:57
detergente,Mercadona,Suavizante ropa Azul Bosque Verde concentrado,"Botella 80 lavados (1,6 L)","1,80 €",/ud.,1.8,https://prod-mercadona.imgix.net/images/c6cefe893cf7c03186e186e249fcb4b0.jpg?fit=crop&h=300&w=300,2026-09-23T13:49:57
detergente,Mercadona,Detergente ropa Prendas Delicadas Bosque Verde líquido,"Botella 66 lavados (1,98 L)","2,50 €",/ud.,2.5,https://prod-mercadona.imgix.net/images/f9be1d7261a02ea1689531d025e18d68.jpeg?fit=crop&h=300&w=300,2026-09-23T13:49:57
detergente,Mercadona,Detergente ropa todo en 1 frescor floral Ariel Pods en cápsulas,"Caja 19 cápsulas (463,6 g)","6,90 €",/ud.,6.9,https://prod-mercadona.imgix.net/images/ac78c0a8f08e2ff7e0d1a5f054bbcba3.jpg?fit=crop&h=300&w=300,2026-09-23T13:49:57
detergente,Mercadona,Detergente ropa Blanca y Color floral Sensation Bosque Verde en cápsulas,Caja 24 cápsulas (528 g),"4,65 €",/ud.,4.65,https://prod-mercadona.imgix.net/images/7506b9fd1605c5c43304dee2f48adf82.jpg?fit=crop&h=300&w=300,2026-09-23T13:49:57
detergente,Mercadona,Amoníaco con detergente Bosque Verde,"Botella 1,5 Litros","1,00 €",/ud.,1.0,https://prod-mercadona.imgix.net/images/afaf120d288805d92135a27848b2c9d0.jpg?fit=crop&h=300&w=300,2026-09-23T13:49:57
detergente,Mercadona,Detergente ropa de Color y Oscura Bosque Verde líquido,Botella 50 lavados (3 L),"4,90 €",/ud.,4.9,https://prod-mercadona.imgix.net/images/f3b8cbd95b177e12735f13169587232d.jpg?fit=crop&h=300&w=300,2026-09-23T13:49:57
detergente,Mercadona,Disuelve manchas Bosque Verde,Botella 750 Mililitros,"2,00 €",/ud.,2.0,https://prod-mercadona.imgix.net/images/2ebf76a31eaac950e24d0b407493bf0d.jpg?fit=crop&h=300&w=300,2026-09-23T13:49:57
detergente,Mercadona,Detergente ropa blanca y de color Bosque Verde en polvo,"Caja 50 lavados (2,75 kg)","6,90 €",/ud.,6.9,https://prod-mercadona.imgix.net/images/c75203fbc5e74f0715cf4be74bf8707e.jpg?fit=crop&h=300&w=300,2026-09-23T13:49:57
detergente,Mercadona,Detergente ropa Pieles Sensibles Bosque Verde líquido,"Botella 66 lavados (1,98 L)","4,80 €",/ud.,4.8,https://prod-mercadona.imgix.net/images/8d5bea0bf5aff7faf2f494a29bb14336.jpg?fit=crop&h=300&w=300,2026-09-23T13:49:57
detergente,Mercadona,Lavavajillas Ultra concentrado Bosque Verde,"Botella 1,3 Litros","1,90 €",/ud.,1.9,https://prod-mercadona.imgix.net/images/f2b178c69f78ca14481ff08ffa3ff9c6.jpg?fit=crop&h=300&w=300,2026-09-23T13:49:57
detergente,Mercadona,Suavizante ropa Talco Bosque Verde concentrado,"Botella 80 lavados (1,6 L)","1,80 €",/ud.,1.8,https://prod-mercadona.imgix.net/images/d2ff070519163e2e1bb174f18664dbeb.jpg?fit=crop&h=300&w=300,2026-09-23T13:49:57
detergente,Mercadona,Suavizante ropa Floral Bosque Verde concentrado,"Botella 80 lavados (1,6 L)","1,80 €",/ud.,1.8,https://prod-mercadona.imgix.net/images/6f4be460eb58af300285fcfa0e6f8039.jpeg?fit=crop&h=300&w=300,2026-09-23T13:49:57
detergente,Mercadona,Suavizante ropa Violets Bosque Verde concentrado,"Botella 80 lavados (1,6 L)","1,80 €",/ud.,1.8,https://prod-mercadona.imgix.net/images/a7cff3784c0169942d55686a9f54ec5d.jpg?fit=crop&h=300&w=300,2026-09-23T13:49:57
detergente,Mercadona,Desinfectante Tejidos y Lavadora Bosque Verde sin lejía,Botella 1 Litro,"2,20 €",/ud.,2.2,https://prod-mercadona.imgix.net/images/e12b22b9d1d9c4b77dc2741d17a92166.jpg?fit=crop&h=300&w=300,2026-09-23T13:49:57
detergente,Mercadona,Detergente ropa todo en 1 Ariel Pods en cápsulas,"Caja 19 cápsulas (347,7 g)","6,90 €",/ud.,6.9,https://prod-mercadona.imgix.net/images/ba919332f9144e6089d057b6c799e080.jpg?fit=crop&h=300&w=300,2026-09-23T13:49:57
detergente,Mercadona,Percarbonato blanqueante con bicarbonato Bosque Verde,Paquete 750 Gramos,"1,65 €",/ud.,1.65,https://prod-mercadona.imgix.net/images/2052eb8d2643a013163ac8a65da479d7.jpg?fit=crop&h=300&w=300,2026-09-23T13:49:57
detergente,Mercadona,Friegasuelos Pino Bosque Verde líquido,"Botella 1,5 Litros","0,95 €",/ud.,0.95,https://prod-mercadona.imgix.net/images/b946935fc274cc46ed201a950d600fbb.jpg?fit=crop&h=300&w=300,2026-09-23T13:49:57
detergente,Mercadona,Perfumador ropa Bosque Verde intensificador de fragancia,Botella 36 lavados (720 ml),"3,25 €",/ud.,3.25,https://prod-mercadona.imgix.net/images/eafe95f619a08f57d0e050eecf824710.jpeg?fit=crop&h=300&w=300,2026-09-23T13:49:57
detergente,Mercadona,Lavavajillas Ultra Original Fairy líquido,Botella 900 Mililitros,"3,95 €",/ud.,3.95,https://prod-mercadona.imgix.net/images/5edbbd0a4e91886aa71a3c1f622cbcb7.jpg?fit=crop&h=300&w=300,2026-09-23T13:49:57
detergente,Mercadona,Toallitas lavadora Bosque Verde anti-transferencia de color,Paquete 20 Unidades,"1,85 €",/ud.,1.85,https://prod-mercadona.imgix.net/images/cac1a7c079067259c478c509671ceead.jpg?fit=crop&h=300&w=300,2026-09-23T13:49:57
detergente,Mercadona,Lavavajillas Todo en 1 Bosque Verde en pastillas,Paquete 30 pastillas (510 g),"2,95 €",/ud.,2.95,https://prod-mercadona.imgix.net/images/89edc27400d512e8214cd9c731f59f44.jpg?fit=crop&h=300&w=300,2026-09-23T13:49:57
detergente,Mercadona,Detergente ropa Blanca y de Color Bosque Verde en gel concentrado,Botella 27 lavados (810 ml),"3,65 €",/ud.,3.65,https://prod-mercadona.imgix.net/images/d7d3cf05c5162a35ed107bc310f505a0.jpg?fit=crop&h=300&w=300,2026-09-23T13:49:57
detergente,Mercadona,Quitagrasas Bosque Verde perfume Marsella,Botella 750 Mililitros,"1,50 €",/ud.,1.5,https://prod-mercadona.imgix.net/images/6a855e64ebdb0f85dfd88939bb43c336.jpg?fit=crop&h=300&w=300,2026-09-23T13:49:57
detergente,Mercadona,Suavizante ropa Hipoalergénico Colonia Bosque Verde concentrado,"Botella 80 lavados (1,6 L)","1,80 €",/ud.,1.8,https://prod-mercadona.imgix.net/images/8f7ed307ef370a2a5644bbe756eae5e2.jpg?fit=crop&h=300&w=300,2026-09-23T13:49:57
detergente,Mercadona,Lejía ropa blanca denso Bosque Verde,Botella 2 Litros,"1,25 €",/ud.,1.25,https://prod-mercadona.imgix.net/images/1a77195801caea881c82609d92741f45.jpg?fit=crop&h=300&w=300,2026-09-23T13:49:57
detergente,Mercadona,Quitagrasas Bosque Verde perfumado,Botella 750 Mililitros,"1,50 €",/ud.,1.5,https://prod-mercadona.imgix.net/images/d476f9f165cb09e39a7ce9d9ef99fd9d.jpg?fit=crop&h=300&w=300,2026-09-23T13:49:57
detergente,Mercadona,Lavavajillas Ultra concentrado Bosque Verde,Botella 600 Mililitros,"1,10 €",/ud.,1.1,https://prod-mercadona.imgix.net/images/e007a31aafd31ada0a654f0350e52530.jpg?fit=crop&h=300&w=300,2026-09-23T13:49:57
detergente,Mercadona,Lavavajillas Todo en 1 Fairy en pastillas,Paquete 35 cápsulas (473 g),"5,85 €",/ud.,5.85,https://prod-mercadona.imgix.net/images/a16d1bd70b91f533925dd3b3cc2e0303.jpg?fit=crop&h=300&w=300,2026-09-23T13:49:57
detergente,Mercadona,Detergente Lavado a Mano Bosque Verde en polvo,Caja 650 Gramos,"1,90 €",/ud.,1.9,https://prod-mercadona.imgix.net/images/aaeaf34a357f844bb096a7b6ce32767e.jpg?fit=crop&h=300&w=300,2026-09-23T13:49:57
detergente,Mercadona,Lavavajillas Bosque Verde en gel,Botella 36 lavados (720 ml),"3,65 €",/ud.,3.65,https://prod-mercadona.imgix.net/images/5e088b30edbe7f6f70920172db6fda8f.jpg?fit=crop&h=300&w=300,2026-09-23T13:49:57
detergente,Mercadona,Lavavajillas a mano Bosque Verde,"Botella 1,3 Litros","1,15 €",/ud.,1.15,https://prod-mercadona.imgix.net/images/3e62ec30bdde1f0ec0cb84da981affcd.jpg?fit=crop&h=300&w=300,2026-09-23T13:49:57
detergente,Mercadona,Lavavajillas Power Essential limón Finish en pastillas,Caja 26 pastillas (338 g),"3,75 €",/ud.,3.75,https://prod-mercadona.imgix.net/images/667b3a38b2f8367477e9b16c3b619810.jpg?fit=crop&h=300&w=300,2026-09-23T13:49:57
detergente,Mercadona,Agua destilada Bosque Verde,Garrafa 2 Litros,"0,95 €",/ud.,0.95,https://prod-mercadona.imgix.net/images/97a14ac137b896e603ef688f2efccd6d.jpg?fit=crop&h=300&w=300,2026-09-23T13:49:57
detergente,Mercadona,Limpia lavadoras Bosque Verde líquido,Botella 250 Mililitros,"1,95 €",/ud.,1.95,https://prod-mercadona.imgix.net/images/e2737bcf7ddb5930298c8471f7081a2d.jpg?fit=crop&h=300&w=300,2026-09-23T13:49:57
detergente,Mercadona,Friegasuelos Classic Bosque Verde concentrado,Botella 1 Litro,"1,70 €",/ud.,1.7,https://prod-mercadona.imgix.net/images/31818fcee6b7543e69c5a417c5d70e42.jpg?fit=crop&h=300&w=300,2026-09-23T13:49:57
detergente,Mercadona,Recarga jabón de manos dermoprotector Deliplus,Paquete 1 Litro,"1,40 €",/ud.,1.4,https://prod-mercadona.imgix.net/images/e3bad8747a8252d290579833cc6e62ea.jpg?fit=crop&h=300&w=300,2026-09-23T13:49:57
detergente,Mercadona,Perfumador ropa Dahlía Bosque Verde,Botella 36 lavados (720 ml),"3,25 €",/ud.,3.25,https://prod-mercadona.imgix.net/images/9fc0be4bb2b83e4a278ab9c484d602f8.jpg?fit=crop&h=300&w=300,2026-09-23T13:49:57
detergente,Mercadona,Activador Blanqueante ropa blanca Oxi Active Bosque Verde en gel,Botella 2 Litros,"1,90 €",/ud.,1.9,https://prod-mercadona.imgix.net/images/0d72ee50b60eb533e07f2d5e80c0fa83.jpg?fit=crop&h=300&w=300,2026-09-23T13:49:57
detergente,Mercadona,Lavavajillas Aloe Bosque Verde concentrado,Botella 1 Litro,"1,80 €",/ud.,1.8,https://prod-mercadona.imgix.net/images/687795500e63d9effd25ec16e423d78d.jpg?fit=crop&h=300&w=300,2026-09-23T13:49:57
detergente,Mercadona,Limpiamáquinas lavavajillas líquido Bosque Verde,Botella 250 Mililitros,"1,55 €",/ud.,1.55,https://prod-mercadona.imgix.net/images/eae06924feb4b33c7a3645dc928ceebc.jpg?fit=crop&h=300&w=300,2026-09-23T13:49:57
detergente,Mercadona,Amoníaco concentrado Bosque Verde con detergente,Botella 750 Mililitros,"1,25 €",/ud.,1.25,https://prod-mercadona.imgix.net/images/f3a8f0b1cb5013b73110e045a88d4db5.jpeg?fit=crop&h=300&w=300,2026-09-23T13:49:57
detergente,Mercadona,Sal lavavajillas Bosque Verde en grano,Paquete 2 Kilos,"0,95 €",/ud.,0.95,https://prod-mercadona.imgix.net/images/2561ed0e8a1ddc85955b781f5b1299b0.jpg?fit=crop&h=300&w=300,2026-09-23T13:49:57
detergente,Mercadona,Planchado fácil Bosque Verde,Botella 750 Mililitros,"2,20 €",/ud.,2.2,https://prod-mercadona.imgix.net/images/d1ef88df67282223ca7f07085a0d5413.jpg?fit=crop&h=300&w=300,2026-09-23T13:49:57
detergente,Mercadona,Activador Quitamanchas ropa de color Oxi Active Bosque Verde en gel,Botella 2 Litros,"1,90 €",/ud.,1.9,https://prod-mercadona.imgix.net/images/798ccd91e149a2f3ee414871b3178c9e.jpg?fit=crop&h=300&w=300,2026-09-23T13:49:57
detergente,Mercadona,Limpiador concentrado Las 3 Brujas,Botella 1 Litro,"2,85 €",/ud.,2.85,https://prod-mercadona.imgix.net/images/f439dcdb4e24ef2af2a9639aeec91eaf.jpeg?fit=crop&h=300&w=300,2026-09-23T13:49:57
detergente,Mercadona,Activador Blanqueante ropa blanca Oxi Active Bosque Verde en polvo,Bote 1 Kilo,"3,25 €",/ud.,3.25,https://prod-mercadona.imgix.net/images/9beeaafc75d836d9621d939ebf93a97e.jpg?fit=crop&h=300&w=300,2026-09-23T13:49:57
detergente,Mercadona,Eliminador de olores tejidos Bosque Verde,Botella 500 Mililitros,"2,00 €",/ud.,2.0,https://prod-mercadona.imgix.net/images/a6623927ae2dd17358d7472870a30b80.jpg?fit=crop&h=300&w=300,2026-09-23T13:49:57
detergente,Mercadona,Lavavajillas Ultra Todo en 1 Fairy en pastillas,Paquete 20 cápsulas (298 g),"3,95 €",/ud.,3.95,https://prod-mercadona.imgix.net/images/5d8e5bc6293ca1e62168466a9951c141.jpg?fit=crop&h=300&w=300,2026-09-23T13:49:57
detergente,Mercadona,Jabón Natural con glicerina Bosque Verde,Paquete 2 pastillas (400 g),"1,85 €",/ud.,1.85,https://prod-mercadona.imgix.net/images/49889e4d79b71f6c50be183b72b20810.jpg?fit=crop&h=300&w=300,2026-09-23T13:49:57
detergente,Mercadona,Multiusos pH Neutro Las 3 Brujas,Botella 750 Mililitros,"2,55 €",/ud.,2.55,https://prod-mercadona.imgix.net/images/dc5419b16ed79b9e7ffad60c96aa80b2.jpeg?fit=crop&h=300&w=300,2026-09-23T13:49:57
detergente,Mercadona,Activador Quitamanchas ropa de color Oxi Active Bosque Verde en polvo,Bote 1 Kilo,"3,25 €",/ud.,3.25,https://prod-mercadona.imgix.net/images/897dec3caf09f976da529c45a3b7ea90.jpg?fit=crop&h=300&w=300,2026-09-23T13:49:57
papel higiénico,Mercadona,Papel higiénico Doble Rollo Bosque Verde,Paquete 12 rollos,"4,60 €",/ud.,4.6,https://prod-mercadona.imgix.net/images/2114d726e660470b9eea54e72125280a.jpg?fit=crop&h=300&w=300,2026-09-23T13:50:06
papel higiénico,Mercadona,Papel higiénico Suave Bosque Verde,Paquete 8 rollos,"3,70 €",/ud.,3.7,https://prod-mercadona.imgix.net/images/c101fb054823f64dfbece29949dd8e23.jpg?fit=crop&h=300&w=300,2026-09-23T13:50:06
papel higiénico,Mercadona,Papel hogar Compacto Absorbente Bosque Verde,Paquete 300 servicios (3 ud.),"2,25 €",/ud.,2.25,https://prod-mercadona.imgix.net/images/c2b185d672f992dd957400a4f39d1f5b.jpg?fit=crop&h=300&w=300,2026-09-23T13:50:06
papel higiénico,Mercadona,Papel higiénico Doble Rollo Bosque Verde,Paquete 6 rollos,"2,35 €",/ud.,2.35,https://prod-mercadona.imgix.net/images/7dceeae4ce17bf0c89c9e02330457a4a.jpg?fit=crop&h=300&w=300,2026-09-23T13:50:06
papel higiénico,Mercadona,Papel higiénico húmedo WC Bosque Verde,Paquete 100 Unidades,"1,55 €",/ud.,1.55,https://prod-mercadona.imgix.net/images/c68d2b5eab2731c6dd548946adabb1d1.jpg?fit=crop&h=300&w=300,2026-09-23T13:50:06
papel higiénico,Mercadona,Papel Multiusos Resistente Bosque Verde,Paquete 600 servicios,"3,70 €",/ud.,3.7,https://prod-mercadona.imgix.net/images/68a9193c73346578a71a679044434f6f.jpg?fit=crop&h=300&w=300,2026-09-23T13:50:06
papel higiénico,Mercadona,Servilleta papel Bosque Verde,Paquete 200 Unidades,"1,15 €",/ud.,1.15,https://prod-mercadona.imgix.net/images/bfcc81e168ee5a8e58f26e2ba67dfb40.jpeg?fit=crop&h=300&w=300,2026-09-23T13:50:06
papel higiénico,Mercadona,Papel cocina Gigante Absorbente Bosque Verde,Paquete 375 servicios,"2,95 €",/ud.,2.95,https://prod-mercadona.imgix.net/images/1754c20c79fab74549f3b7f5a05bfb80.jpg?fit=crop&h=300&w=300,2026-09-23T13:50:06
papel higiénico,Mercadona,Pañuelos de papel Extra Suaves Bosque Verde,Caja 200 Unidades,"1,30 €",/ud.,1.3,https://prod-mercadona.imgix.net/images/ee570e175d6894f08bb89c0c35c2e6ee.jpg?fit=crop&h=300&w=300,2026-09-23T13:50:06
papel higiénico,Mercadona,Servilleta papel suave Bosque Verde,Paquete 100 Unidades,"1,65 €",/ud.,1.65,https://prod-mercadona.imgix.net/images/8b47fff99894d468256430fb5afb856b.jpg?fit=crop&h=300&w=300,2026-09-23T13:50:06
papel higiénico,Mercadona,Pañuelos de papel Extra Suaves Bosque Verde,Paquete 10 Unidades,"1,10 €",/ud.,1.1,https://prod-mercadona.imgix.net/images/b001c95167feeae760dbd0449be877e8.jpg?fit=crop&h=300&w=300,2026-09-23T13:50:06
papel higiénico,Mercadona,Papel higiénico húmedo WC Bosque Verde,Paquete 15 Unidades,"0,80 €",/ud.,0.8,https://prod-mercadona.imgix.net/images/b28e83f87f4061d7092638225b942bdf.jpg?fit=crop&h=300&w=300,2026-09-23T13:50:06
papel higiénico,Mercadona,Papel higiénico doble hoja Bosque Verde,Paquete 12 rollos,"2,35 €",/ud.,2.35,https://prod-mercadona.imgix.net/images/8629429b287c46d53db4df0f83fee72a.jpg?fit=crop&h=300&w=300,2026-09-23T13:50:06
papel higiénico,Mercadona,Pañuelos de papel Aloe Vera Bosque Verde,Paquete 10 Unidades,"1,60 €",/ud.,1.6,https://prod-mercadona.imgix.net/images/7511317815798a118d92064761a95d4b.jpg?fit=crop&h=300&w=300,2026-09-23T13:50:06
papel higiénico,Mercadona,Servilleta papel decorada Resistente Bosque Verde,Paquete 100 Unidades,"2,05 €",/ud.,2.05,https://prod-mercadona.imgix.net/images/be92c287be9f035ad4938c6280743b42.jpg?fit=crop&h=300&w=300,2026-09-23T13:50:06
papel higiénico,Mercadona,Servilleta papel Cocktail Bosque Verde,Paquete 200 Unidades,"2,10 €",/ud.,2.1,https://prod-mercadona.imgix.net/images/b1f0583de198e0fe8a5699f056e7255a.jpg?fit=crop&h=300&w=300,2026-09-23T13:50:06
papel higiénico,Mercadona,Pañuelos de papel Mentol Bosque Verde,Paquete 10 Unidades,"1,80 €",/ud.,1.8,https://prod-mercadona.imgix.net/images/a9d46a080d602b04ce55132552ad4875.jpg?fit=crop&h=300&w=300,2026-09-23T13:50:06
papel higiénico,Mercadona,Toallitas Dermo higiene corporal Deliplus tamaño gigantes,Paquete 60 Unidades,"4,00 €",/ud.,4.0,https://prod-mercadona.imgix.net/images/fc04ecfb53badda995548b003b341c69.jpg?fit=crop&h=300&w=300,2026-09-23T13:50:06
papel higiénico,Mercadona,Toallitas refrescantes Deliplus,Paquete 15 Unidades,"0,90 €",/ud.,0.9,https://prod-mercadona.imgix.net/images/6a41b4a39861787c46212837d5068648.jpeg?fit=crop&h=300&w=300,2026-09-23T13:50:06
papel higiénico,Mercadona,Toallitas refrescantes Deliplus monodosis,Caja 10 sobres,"1,00 €",/ud.,1.0,https://prod-mercadona.imgix.net/images/f48b7b31c5afd53bd5cac9a02eaa06be.jpg?fit=crop&h=300&w=300,2026-09-23T13:50:06
